date,coin,open,high,low,close,next_day_low,next_day_high,next_day_close,next_day_max_downside_deviation,next_day_max_upside_deviation,next_day_max_abs_deviation,depeg_today,depeg_downside_1pct,depeg_symmetric_1pct,depeg_downside_2pct,depeg_downside_3pct,depeg_onset_next_day,depeg_next_day
2022-01-01,BUSD,1.000777006149292,1.001435041427612,0.998494029045105,1.000517010688782,0.9984610080718994,1.001512050628662,0.9994639754295348,0.001538991928100586,0.0015120506286621094,0.001538991928100586,0,0,0,0,0,0,0
2022-01-02,BUSD,1.000504970550537,1.001512050628662,0.9984610080718994,0.9994639754295348,0.9982619881629944,1.001490950584412,0.9992660284042358,0.0017380118370056152,0.0014909505844120652,0.0017380118370056152,0,0,0,0,0,0,0
2022-01-03,BUSD,0.9994800090789796,1.001490950584412,0.9982619881629944,0.9992660284042358,0.9981250166893004,1.001544952392578,0.9991520047187804,0.001874983310699574,0.001544952392577903,0.001874983310699574,0,0,0,0,0,0,0
2022-01-04,BUSD,0.9992820024490356,1.001544952392578,0.9981250166893004,0.9991520047187804,0.9985299706459044,1.001490950584412,1.001073956489563,0.00147002935409557,0.0014909505844120652,0.0014909505844120652,0,0,0,0,0,0,0
2022-01-05,BUSD,0.999189019203186,1.001490950584412,0.9985299706459044,1.001073956489563,0.9986029863357544,1.002714037895203,1.0015629529953,0.0013970136642456055,0.002714037895203081,0.002714037895203081,0,0,0,0,0,0,0
2022-01-06,BUSD,1.00102698802948,1.002714037895203,0.9986029863357544,1.0015629529953,0.9985479712486268,1.001721978187561,0.9996349811553956,0.00145202875137318,0.0017219781875610352,0.0017219781875610352,0,0,0,0,0,0,0
2022-01-07,BUSD,1.00144898891449,1.001721978187561,0.9985479712486268,0.9996349811553956,0.9986050128936768,1.003224015235901,1.000022053718567,0.0013949871063232422,0.003224015235901101,0.003224015235901101,0,0,0,0,0,0,0
2022-01-08,BUSD,0.9996560215950012,1.003224015235901,0.9986050128936768,1.000022053718567,0.9986609816551208,1.001642942428589,1.000787973403931,0.0013390183448791504,0.0016429424285890892,0.0016429424285890892,0,0,0,0,0,0,0
2022-01-09,BUSD,0.999987006187439,1.001642942428589,0.9986609816551208,1.000787973403931,0.9980649948120116,1.002208948135376,1.002035975456238,0.0019350051879883923,0.0022089481353759766,0.0022089481353759766,0,0,0,0,0,0,0
2022-01-10,BUSD,1.000764966011047,1.002208948135376,0.9980649948120116,1.002035975456238,0.99856299161911,1.002032041549683,0.9995729923248292,0.0014370083808900036,0.0020320415496830613,0.0020320415496830613,0,0,0,0,0,0,0
2022-01-11,BUSD,1.002019047737122,1.002032041549683,0.99856299161911,0.9995729923248292,0.9982089996337892,1.001474022865295,0.9996870160102844,0.0017910003662108265,0.001474022865294966,0.0017910003662108265,0,0,0,0,0,0,0
2022-01-12,BUSD,0.9995930194854736,1.001474022865295,0.9982089996337892,0.9996870160102844,0.99822598695755,1.001526951789856,1.000154972076416,0.0017740130424499512,0.001526951789855957,0.0017740130424499512,0,0,0,0,0,0,0
2022-01-13,BUSD,0.9997010231018066,1.001526951789856,0.99822598695755,1.000154972076416,0.9980639815330504,1.001682043075562,1.000097036361694,0.001936018466949574,0.0016820430755619675,0.001936018466949574,0,0,0,0,0,0,0
2022-01-14,BUSD,1.000218033790588,1.001682043075562,0.9980639815330504,1.000097036361694,0.9985659718513488,1.001535058021545,0.9990820288658142,0.001434028148651234,0.001535058021544966,0.001535058021544966,0,0,0,0,0,0,0
2022-01-15,BUSD,1.0001540184021,1.001535058021545,0.9985659718513488,0.9990820288658142,0.9981070160865784,1.001592040061951,0.9995350241661072,0.0018929839134216309,0.0015920400619509056,0.0018929839134216309,0,0,0,0,0,0,0
2022-01-16,BUSD,0.9991000294685364,1.001592040061951,0.9981070160865784,0.9995350241661072,0.9982069730758668,1.001894950866699,1.001598000526428,0.0017930269241331898,0.0018949508666989967,0.0018949508666989967,0,0,0,0,0,0,0
2022-01-17,BUSD,0.9995930194854736,1.001894950866699,0.9982069730758668,1.001598000526428,0.998179018497467,1.001608967781067,0.999426007270813,0.001820981502532959,0.0016089677810668945,0.001820981502532959,0,0,0,0,0,0,0
2022-01-18,BUSD,1.001608967781067,1.001608967781067,0.998179018497467,0.999426007270813,0.99755197763443,1.001710057258606,0.9991469979286194,0.0024480223655699573,0.001710057258605957,0.0024480223655699573,0,0,0,0,0,0,0
2022-01-19,BUSD,0.9994009733200072,1.001710057258606,0.99755197763443,0.9991469979286194,0.9971160292625428,1.002243041992188,1.000084042549133,0.0028839707374571644,0.002243041992187944,0.0028839707374571644,0,0,0,0,0,0,0
2022-01-20,BUSD,0.9991819858551024,1.002243041992188,0.9971160292625428,1.000084042549133,0.9973909854888916,1.001750946044922,1.001075983047485,0.0026090145111083984,0.001750946044922097,0.0026090145111083984,0,0,0,0,0,0,0
2022-01-21,BUSD,1.000097036361694,1.001750946044922,0.9973909854888916,1.001075983047485,0.9977579712867736,1.001346945762634,1.000476956367493,0.0022420287132264294,0.0013469457626340553,0.0022420287132264294,0,0,0,0,0,0,0
2022-01-22,BUSD,1.001011967658997,1.001346945762634,0.9977579712867736,1.000476956367493,0.9982389807701112,1.001996040344238,1.00105094909668,0.001761019229888805,0.001996040344238059,0.001996040344238059,0,0,0,0,0,0,0
2022-01-23,BUSD,1.000512957572937,1.001996040344238,0.9982389807701112,1.00105094909668,0.9977890253067015,1.001423001289368,1.000473022460938,0.002210974693298451,0.0014230012893678978,0.002210974693298451,0,0,0,0,0,0,0
2022-01-24,BUSD,1.00102698802948,1.001423001289368,0.9977890253067015,1.000473022460938,0.998054027557373,1.001252055168152,0.9993590116500854,0.0019459724426269531,0.0012520551681520775,0.0019459724426269531,0,0,0,0,0,0,0
2022-01-25,BUSD,1.00049102306366,1.001252055168152,0.998054027557373,0.9993590116500854,0.9981650114059448,1.001737952232361,1.000249981880188,0.0018349885940551758,0.0017379522323610619,0.0018349885940551758,0,0,0,0,0,0,0
2022-01-26,BUSD,0.99932199716568,1.001737952232361,0.9981650114059448,1.000249981880188,0.9979140162467957,1.001803994178772,0.9996359944343568,0.0020859837532043457,0.0018039941787719727,0.0020859837532043457,0,0,0,0,0,0,0
2022-01-27,BUSD,1.00020694732666,1.001803994178772,0.9979140162467957,0.9996359944343568,0.9981799721717834,1.00206995010376,1.000733971595764,0.0018200278282165527,0.0020699501037599877,0.0020699501037599877,0,0,0,0,0,0,0
2022-01-28,BUSD,0.9996839761734008,1.00206995010376,0.9981799721717834,1.000733971595764,0.9983239769935608,1.001860976219177,1.000843048095703,0.001676023006439209,0.001860976219177024,0.001860976219177024,0,0,0,0,0,0,0
2022-01-29,BUSD,1.00075101852417,1.001860976219177,0.9983239769935608,1.000843048095703,0.9979990124702454,1.001196980476379,1.000982046127319,0.0020009875297546387,0.0011969804763789504,0.0020009875297546387,0,0,0,0,0,0,0
2022-01-30,BUSD,1.000833988189697,1.001196980476379,0.9979990124702454,1.000982046127319,0.998196005821228,1.002056956291199,1.000100016593933,0.0018039941787719727,0.0020569562911989525,0.0020569562911989525,0,0,0,0,0,0,0
2022-01-31,BUSD,1.001024961471558,1.002056956291199,0.998196005821228,1.000100016593933,0.9980289936065674,1.00152599811554,1.00088095664978,0.001971006393432617,0.0015259981155399949,0.001971006393432617,0,0,0,0,0,0,0
2022-02-01,BUSD,1.00008499622345,1.00152599811554,0.9980289936065674,1.00088095664978,0.9982110261917114,1.001566052436829,0.9986940026283264,0.0017889738082885742,0.0015660524368290574,0.0017889738082885742,0,0,0,0,0,0,0
2022-02-02,BUSD,1.000916957855225,1.001566052436829,0.9982110261917114,0.9986940026283264,0.9985470175743104,1.001911997795105,1.001276969909668,0.0014529824256895862,0.0019119977951049805,0.0019119977951049805,0,0,0,0,0,0,0
2022-02-03,BUSD,0.9987030029296876,1.001911997795105,0.9985470175743104,1.001276969909668,0.998441994190216,1.00151801109314,0.999692976474762,0.0015580058097840466,0.0015180110931400925,0.0015580058097840466,0,0,0,0,0,0,0
2022-02-04,BUSD,1.001224040985107,1.00151801109314,0.998441994190216,0.999692976474762,0.99823397397995,1.00140905380249,0.9988399744033812,0.0017660260200500488,0.0014090538024900123,0.0017660260200500488,0,0,0,0,0,0,0
2022-02-05,BUSD,0.9997100234031676,1.00140905380249,0.99823397397995,0.9988399744033812,0.9984400272369384,1.001382946968079,0.9998980164527892,0.0015599727630616345,0.0013829469680790574,0.0015599727630616345,0,0,0,0,0,0,0
2022-02-06,BUSD,0.998778998851776,1.001382946968079,0.9984400272369384,0.9998980164527892,0.9981139898300172,1.00151801109314,0.9992759823799132,0.0018860101699827991,0.0015180110931400925,0.0018860101699827991,0,0,0,0,0,0,0
2022-02-07,BUSD,0.9999150037765504,1.00151801109314,0.9981139898300172,0.9992759823799132,0.9976760149002076,1.000857949256897,1.000583052635193,0.0023239850997923694,0.0008579492568969727,0.0023239850997923694,0,0,0,0,0,0,0
2022-02-08,BUSD,0.9993069767951964,1.000857949256897,0.9976760149002076,1.000583052635193,0.9983149766921996,1.001410007476807,1.000342011451721,0.001685023307800404,0.0014100074768070847,0.001685023307800404,0,0,0,0,0,0,0
2022-02-09,BUSD,1.000532984733582,1.001410007476807,0.9983149766921996,1.000342011451721,0.997987985610962,1.001073002815247,0.9989380240440368,0.002012014389037975,0.0010730028152470261,0.002012014389037975,0,0,0,0,0,0,0
2022-02-10,BUSD,1.000311970710754,1.001073002815247,0.997987985610962,0.9989380240440368,0.9984099864959716,1.001374006271362,0.998951017856598,0.0015900135040284313,0.0013740062713620826,0.0015900135040284313,0,0,0,0,0,0,0
2022-02-11,BUSD,0.9989429712295532,1.001374006271362,0.9984099864959716,0.998951017856598,0.9983999729156494,1.001714944839478,0.9996200203895568,0.001600027084350586,0.0017149448394779832,0.0017149448394779832,0,0,0,0,0,0,0
2022-02-12,BUSD,0.9989889860153198,1.001714944839478,0.9983999729156494,0.9996200203895568,0.9982550144195556,1.001821994781494,0.998665988445282,0.001744985580444447,0.0018219947814939186,0.0018219947814939186,0,0,0,0,0,0,0
2022-02-13,BUSD,0.9995930194854736,1.001821994781494,0.9982550144195556,0.998665988445282,0.9979469776153564,1.002238035202026,0.9986979961395264,0.0020530223846435547,0.002238035202025923,0.002238035202025923,0,0,0,0,0,0,0
2022-02-14,BUSD,0.9987319707870485,1.002238035202026,0.9979469776153564,0.9986979961395264,0.9983999729156494,1.001178979873657,1.000447988510132,0.001600027084350586,0.0011789798736570045,0.001600027084350586,0,0,0,0,0,0,0
2022-02-15,BUSD,0.9987019896507264,1.001178979873657,0.9983999729156494,1.000447988510132,0.9981290102005004,1.001163005828857,0.999200999736786,0.0018709897994996227,0.0011630058288569778,0.0018709897994996227,0,0,0,0,0,0,0
2022-02-16,BUSD,1.000488042831421,1.001163005828857,0.9981290102005004,0.999200999736786,0.9981099963188172,1.001320958137512,1.000607967376709,0.0018900036811827503,0.001320958137511985,0.0018900036811827503,0,0,0,0,0,0,0
2022-02-17,BUSD,0.9991480112075806,1.001320958137512,0.9981099963188172,1.000607967376709,0.998445987701416,1.002591013908386,0.9990609884262084,0.0015540122985839844,0.0025910139083860084,0.0025910139083860084,0,0,0,0,0,0,0
2022-02-18,BUSD,1.000586986541748,1.002591013908386,0.998445987701416,0.9990609884262084,0.9983279705047609,1.001495957374573,0.9997900128364564,0.0016720294952391468,0.001495957374572976,0.0016720294952391468,0,0,0,0,0,0,0
2022-02-19,BUSD,0.9990180134773254,1.001495957374573,0.9983279705047609,0.9997900128364564,0.9979860186576844,1.001387000083923,0.9988530278205872,0.002013981342315563,0.0013870000839228958,0.002013981342315563,0,0,0,0,0,0,0
2022-02-20,BUSD,0.999783992767334,1.001387000083923,0.9979860186576844,0.9988530278205872,0.9981849789619446,1.001355051994324,0.998494029045105,0.00181502103805542,0.0013550519943239525,0.00181502103805542,0,0,0,0,0,0,0
2022-02-21,BUSD,0.9988660216331482,1.001355051994324,0.9981849789619446,0.998494029045105,0.9977350234985352,1.001381039619446,1.000728011131287,0.0022649765014648438,0.0013810396194460228,0.0022649765014648438,0,0,0,0,0,0,0
2022-02-22,BUSD,0.9986039996147156,1.001381039619446,0.9977350234985352,1.000728011131287,0.9980959892272948,1.001642942428589,0.999737024307251,0.0019040107727051891,0.0016429424285890892,0.0019040107727051891,0,0,0,0,0,0,0
2022-02-23,BUSD,1.000723958015442,1.001642942428589,0.9980959892272948,0.999737024307251,0.9979270100593568,1.001582026481628,0.9997779726982116,0.0020729899406431995,0.0015820264816279739,0.0020729899406431995,0,0,0,0,0,0,0
2022-02-24,BUSD,0.9997490048408508,1.001582026481628,0.9979270100593568,0.9997779726982116,0.998332977294922,1.001335978507996,1.000579953193665,0.001667022705078014,0.0013359785079960496,0.001667022705078014,0,0,0,0,0,0,0
2022-02-25,BUSD,0.9997209906578064,1.001335978507996,0.998332977294922,1.000579953193665,0.9982230067253112,1.001263976097107,1.00042200088501,0.0017769932746888317,0.0012639760971069336,0.0017769932746888317,0,0,0,0,0,0,0
2022-02-26,BUSD,1.000571012496948,1.001263976097107,0.9982230067253112,1.00042200088501,0.99794602394104,1.001729965209961,0.999222993850708,0.002053976058959961,0.0017299652099609375,0.002053976058959961,0,0,0,0,0,0,0
2022-02-27,BUSD,1.000424981117249,1.001729965209961,0.99794602394104,0.999222993850708,0.9981200098991394,1.00150203704834,1.00068998336792,0.0018799901008605957,0.0015020370483400658,0.0018799901008605957,0,0,0,0,0,0,0
2022-02-28,BUSD,0.999171018600464,1.00150203704834,0.9981200098991394,1.00068998336792,0.9981650114059448,1.001508951187134,1.000331044197083,0.0018349885940551758,0.001508951187134011,0.0018349885940551758,0,0,0,0,0,0,0
2022-03-01,BUSD,1.000663995742798,1.001508951187134,0.9981650114059448,1.000331044197083,0.9980999827384948,1.001405000686646,0.9990890026092528,0.001900017261505238,0.001405000686645952,0.001900017261505238,0,0,0,0,0,0,0
2022-03-02,BUSD,1.000339984893799,1.001405000686646,0.9980999827384948,0.9990890026092528,0.9984269738197328,1.001968026161194,1.000725030899048,0.001573026180267223,0.0019680261611940697,0.0019680261611940697,0,0,0,0,0,0,0
2022-03-03,BUSD,0.999072015285492,1.001968026161194,0.9984269738197328,1.000725030899048,0.9980499744415284,1.001600027084351,1.000314950942993,0.0019500255584715687,0.00160002708435103,0.0019500255584715687,0,0,0,0,0,0,0
2022-03-04,BUSD,1.000769019126892,1.001600027084351,0.9980499744415284,1.000314950942993,0.998320996761322,1.001477003097534,0.999776005744934,0.0016790032386779785,0.0014770030975339576,0.0016790032386779785,0,0,0,0,0,0,0
2022-03-05,BUSD,1.000344038009644,1.001477003097534,0.998320996761322,0.999776005744934,0.998749017715454,1.001937985420227,1.000681042671204,0.0012509822845460095,0.0019379854202270508,0.0019379854202270508,0,0,0,0,0,0,0
2022-03-06,BUSD,0.9998210072517396,1.001937985420227,0.998749017715454,1.000681042671204,0.9981690049171448,1.00193202495575,0.9992910027503968,0.0018309950828552246,0.0019320249557499558,0.0019320249557499558,0,0,0,0,0,0,0
2022-03-07,BUSD,1.000669002532959,1.00193202495575,0.9981690049171448,0.9992910027503968,0.9985870122909546,1.001773953437805,1.000157952308655,0.0014129877090454102,0.0017739534378049537,0.0017739534378049537,0,0,0,0,0,0,0
2022-03-08,BUSD,0.999219000339508,1.001773953437805,0.9985870122909546,1.000157952308655,0.9982529878616332,1.001765966415405,1.000156998634338,0.0017470121383668102,0.0017659664154050514,0.0017659664154050514,0,0,0,0,0,0,0
2022-03-09,BUSD,1.000169038772583,1.001765966415405,0.9982529878616332,1.000156998634338,0.9980800151824952,1.001778960227966,0.9991689920425416,0.0019199848175047718,0.0017789602279660865,0.0019199848175047718,0,0,0,0,0,0,0
2022-03-10,BUSD,1.000149965286255,1.001778960227966,0.9980800151824952,0.9991689920425416,0.998420000076294,1.001595020294189,0.999364972114563,0.0015799999237060547,0.001595020294189009,0.001595020294189009,0,0,0,0,0,0,0
2022-03-11,BUSD,0.9991729855537416,1.001595020294189,0.998420000076294,0.999364972114563,0.9986140131950378,1.001773953437805,0.9990230202674866,0.0013859868049621582,0.0017739534378049537,0.0017739534378049537,0,0,0,0,0,0,0
2022-03-12,BUSD,0.9993540048599244,1.001773953437805,0.9986140131950378,0.9990230202674866,0.9983620047569276,1.001698017120361,1.000319004058838,0.0016379952430723987,0.001698017120361106,0.001698017120361106,0,0,0,0,0,0,0
2022-03-13,BUSD,0.9990530014038086,1.001698017120361,0.9983620047569276,1.000319004058838,0.9983299970626832,1.001482009887695,1.000959038734436,0.0016700029373167835,0.0014820098876950905,0.0016700029373167835,0,0,0,0,0,0,0
2022-03-14,BUSD,1.000314950942993,1.001482009887695,0.9983299970626832,1.000959038734436,0.9981380105018616,1.001633048057556,0.9990950226783752,0.0018619894981384277,0.0016330480575559303,0.0018619894981384277,0,0,0,0,0,0,0
2022-03-15,BUSD,1.000941038131714,1.001633048057556,0.9981380105018616,0.9990950226783752,0.9981499910354614,1.001309037208557,0.9994720220565796,0.0018500089645385742,0.0013090372085569069,0.0018500089645385742,0,0,0,0,0,0,0
2022-03-16,BUSD,0.9990959763526917,1.001309037208557,0.9981499910354614,0.9994720220565796,0.9982609748840332,1.00124204158783,0.9998990297317504,0.0017390251159667969,0.001242041587830034,0.0017390251159667969,0,0,0,0,0,0,0
2022-03-17,BUSD,0.9994620084762572,1.00124204158783,0.9982609748840332,0.9998990297317504,0.998511016368866,1.001466035842896,0.9991779923439026,0.0014889836311340332,0.001466035842895952,0.0014889836311340332,0,0,0,0,0,0,0
2022-03-18,BUSD,0.9998649954795836,1.001466035842896,0.998511016368866,0.9991779923439026,0.9984260201454164,1.001600027084351,1.001019954681396,0.0015739798545836292,0.00160002708435103,0.00160002708435103,0,0,0,0,0,0,0
2022-03-19,BUSD,0.9991369843482972,1.001600027084351,0.9984260201454164,1.001019954681396,0.9984930157661438,1.001546025276184,0.9993799924850464,0.0015069842338562012,0.001546025276184082,0.001546025276184082,0,0,0,0,0,0,0
2022-03-20,BUSD,1.00103497505188,1.001546025276184,0.9984930157661438,0.9993799924850464,0.998054027557373,1.001577019691467,1.000923037528992,0.0019459724426269531,0.0015770196914670631,0.0019459724426269531,0,0,0,0,0,0,0
2022-03-21,BUSD,0.9993950128555298,1.001577019691467,0.998054027557373,1.000923037528992,0.9984210133552552,1.001873970031738,1.000331044197083,0.001578986644744762,0.0018739700317380592,0.0018739700317380592,0,0,0,0,0,0,0
2022-03-22,BUSD,1.00090503692627,1.001873970031738,0.9984210133552552,1.000331044197083,0.9985769987106324,1.001755952835083,1.000686049461365,0.0014230012893675648,0.0017559528350830078,0.0017559528350830078,0,0,0,0,0,0,0
2022-03-23,BUSD,1.000327944755554,1.001755952835083,0.9985769987106324,1.000686049461365,0.9983819723129272,1.001937985420227,0.9989759922027588,0.001618027687072754,0.0019379854202270508,0.0019379854202270508,0,0,0,0,0,0,0
2022-03-24,BUSD,1.000684976577759,1.001937985420227,0.9983819723129272,0.9989759922027588,0.998108983039856,1.001703023910522,1.000900030136108,0.001891016960144043,0.0017030239105220168,0.001891016960144043,0,0,0,0,0,0,0
2022-03-25,BUSD,0.9989789724349976,1.001703023910522,0.998108983039856,1.000900030136108,0.998203992843628,1.001796960830688,1.001355051994324,0.0017960071563719593,0.0017969608306880325,0.0017969608306880325,0,0,0,0,0,0,0
2022-03-26,BUSD,1.000951051712036,1.001796960830688,0.998203992843628,1.001355051994324,0.9980459809303284,1.001816034317017,1.000911951065063,0.001954019069671631,0.0018160343170170457,0.001954019069671631,0,0,0,0,0,0,0
2022-03-27,BUSD,1.001361012458801,1.001816034317017,0.9980459809303284,1.000911951065063,0.9978520274162292,1.001817941665649,0.9998729825019836,0.002147972583770752,0.00181794166564897,0.002147972583770752,0,0,0,0,0,0,0
2022-03-28,BUSD,1.000916957855225,1.001817941665649,0.9978520274162292,0.9998729825019836,0.997704029083252,1.002625942230225,0.9986230134963988,0.002295970916748047,0.0026259422302250535,0.0026259422302250535,0,0,0,0,0,0,0
2022-03-29,BUSD,0.9998610019683838,1.002625942230225,0.997704029083252,0.9986230134963988,0.9980390071868896,1.001894950866699,0.9991999864578248,0.0019609928131103516,0.0018949508666989967,0.0019609928131103516,0,0,0,0,0,0,0
2022-03-30,BUSD,0.9986159801483154,1.001894950866699,0.9980390071868896,0.9991999864578248,0.9981799721717834,1.002153038978577,1.001186013221741,0.0018200278282165527,0.0021530389785771042,0.0021530389785771042,0,0,0,0,0,0,0
2022-03-31,BUSD,0.9992560148239136,1.002153038978577,0.9981799721717834,1.001186013221741,0.9983850121498108,1.002042055130005,0.9993889927864076,0.001614987850189209,0.002042055130005105,0.002042055130005105,0,0,0,0,0,0,0
2022-04-01,BUSD,1.001286029815674,1.002042055130005,0.9983850121498108,0.9993889927864076,0.9984250068664552,1.001968026161194,0.9994869828224182,0.0015749931335448109,0.0019680261611940697,0.0019680261611940697,0,0,0,0,0,0,0
2022-04-02,BUSD,0.9994750022888184,1.001968026161194,0.9984250068664552,0.9994869828224182,0.9980720281600952,1.002120018005371,0.9995030164718628,0.0019279718399047852,0.0021200180053710938,0.0021200180053710938,0,0,0,0,0,0,0
2022-04-03,BUSD,0.9994360208511353,1.002120018005371,0.9980720281600952,0.9995030164718628,0.9980419874191284,1.00193202495575,1.001150012016296,0.001958012580871582,0.0019320249557499558,0.001958012580871582,0,0,0,0,0,0,0
2022-04-04,BUSD,0.9994720220565796,1.00193202495575,0.9980419874191284,1.001150012016296,0.998341977596283,1.001845955848694,0.9993510246276855,0.001658022403717041,0.0018459558486940697,0.0018459558486940697,0,0,0,0,0,0,0
2022-04-05,BUSD,1.001134037971497,1.001845955848694,0.998341977596283,0.9993510246276855,0.998317003250122,1.001911997795105,0.9991689920425416,0.0016829967498780407,0.0019119977951049805,0.0019119977951049805,0,0,0,0,0,0,0
2022-04-06,BUSD,0.99931800365448,1.001911997795105,0.998317003250122,0.9991689920425416,0.9982600212097168,1.002181053161621,0.9999889731407166,0.0017399787902832031,0.0021810531616210938,0.0021810531616210938,0,0,0,0,0,0,0
2022-04-07,BUSD,0.9991499781608582,1.002181053161621,0.9982600212097168,0.9999889731407166,0.9979429841041564,1.002416014671326,0.999450981616974,0.002057015895843617,0.0024160146713259056,0.0024160146713259056,0,0,0,0,0,0,0
2022-04-08,BUSD,1.000043034553528,1.002416014671326,0.9979429841041564,0.999450981616974,0.9979429841041564,1.001850962638855,0.9988020062446594,0.002057015895843617,0.0018509626388549805,0.002057015895843617,0,0,0,0,0,0,0
2022-04-09,BUSD,0.9994580149650574,1.001850962638855,0.9979429841041564,0.9988020062446594,0.9978709816932678,1.001875996589661,1.000741004943848,0.0021290183067321777,0.0018759965896610886,0.0021290183067321777,0,0,0,0,0,0,0
2022-04-10,BUSD,0.9988200068473816,1.001875996589661,0.9978709816932678,1.000741004943848,0.9977989792823792,1.002177000045776,1.001371026039124,0.0022010207176208496,0.002177000045775923,0.0022010207176208496,0,0,0,0,0,0,0
2022-04-11,BUSD,1.000833988189697,1.002177000045776,0.9977989792823792,1.001371026039124,0.9982190132141112,1.002117037773132,1.001381039619446,0.001780986785888783,0.002117037773132102,0.002117037773132102,0,0,0,0,0,0,0
2022-04-12,BUSD,1.001513004302979,1.002117037773132,0.9982190132141112,1.001381039619446,0.9983109831809998,1.001871943473816,1.000677943229675,0.0016890168190002441,0.001871943473815918,0.001871943473815918,0,0,0,0,0,0,0
2022-04-13,BUSD,1.001405000686646,1.001871943473816,0.9983109831809998,1.000677943229675,0.9982560276985168,1.002104997634888,0.999119997024536,0.0017439723014831543,0.0021049976348879174,0.0021049976348879174,0,0,0,0,0,0,0
2022-04-14,BUSD,1.000653028488159,1.002104997634888,0.9982560276985168,0.999119997024536,0.998134970664978,1.001889944076538,0.99898099899292,0.0018650293350219727,0.001889944076538086,0.001889944076538086,0,0,0,0,0,0,0
2022-04-15,BUSD,0.9991220235824584,1.001889944076538,0.998134970664978,0.99898099899292,0.998049020767212,1.001780986785889,0.9994620084762572,0.001950979232787975,0.001780986785888894,0.001950979232787975,0,0,0,0,0,0,0
2022-04-16,BUSD,0.9989420175552368,1.001780986785889,0.998049020767212,0.9994620084762572,0.9980859756469728,1.002078056335449,0.9987919926643372,0.0019140243530272327,0.0020780563354489967,0.0020780563354489967,0,0,0,0,0,0,0
2022-04-17,BUSD,0.9994279742240906,1.002078056335449,0.9980859756469728,0.9987919926643372,0.9978839755058287,1.001921057701111,1.000702977180481,0.0021160244941712536,0.0019210577011110619,0.0021160244941712536,0,0,0,0,0,0,0
2022-04-18,BUSD,0.9988420009613036,1.001921057701111,0.9978839755058287,1.000702977180481,0.998308002948761,1.001670956611633,1.00042998790741,0.0016919970512390137,0.0016709566116330787,0.0016919970512390137,0,0,0,0,0,0,0
2022-04-19,BUSD,1.000740051269531,1.001670956611633,0.998308002948761,1.00042998790741,0.9983069896697998,1.001602053642273,1.000753998756409,0.0016930103302001953,0.0016020536422729492,0.0016930103302001953,0,0,0,0,0,0,0
2022-04-20,BUSD,1.000421047210693,1.001602053642273,0.9983069896697998,1.000753998756409,0.998341977596283,1.002007961273193,1.000499963760376,0.001658022403717041,0.0020079612731929153,0.0020079612731929153,0,0,0,0,0,0,0
2022-04-21,BUSD,1.000720977783203,1.002007961273193,0.998341977596283,1.000499963760376,0.9981930255889891,1.001626014709473,0.9992579817771912,0.0018069744110108532,0.0016260147094731003,0.0018069744110108532,0,0,0,0,0,0,0
2022-04-22,BUSD,1.000478982925415,1.001626014709473,0.9981930255889891,0.9992579817771912,0.9985250234603882,1.00179398059845,0.9986680150032043,0.0014749765396118164,0.001793980598449929,0.001793980598449929,0,0,0,0,0,0,0
2022-04-23,BUSD,0.9992930293083192,1.00179398059845,0.9985250234603882,0.9986680150032043,0.9980549812316896,1.001543998718262,1.000396966934204,0.0019450187683104359,0.0015439987182619408,0.0019450187683104359,0,0,0,0,0,0,0
2022-04-24,BUSD,0.9986159801483154,1.001543998718262,0.9980549812316896,1.000396966934204,0.9979180097579956,1.001788973808289,0.9994339942932128,0.0020819902420043945,0.0017889738082890183,0.0020819902420043945,0,0,0,0,0,0,0
2022-04-25,BUSD,1.000378012657166,1.001788973808289,0.9979180097579956,0.9994339942932128,0.9979119896888732,1.002150058746338,0.9990190267562866,0.00208801031112682,0.0021500587463378906,0.0021500587463378906,0,0,0,0,0,0,0
2022-04-26,BUSD,0.9994099736213684,1.002150058746338,0.9979119896888732,0.9990190267562866,0.998121976852417,1.001939058303833,0.9998469948768616,0.0018780231475830078,0.0019390583038330078,0.0019390583038330078,0,0,0,0,0,0,0
2022-04-27,BUSD,0.999072015285492,1.001939058303833,0.998121976852417,0.9998469948768616,0.998130977153778,1.001850962638855,1.001250982284546,0.0018690228462220349,0.0018509626388549805,0.0018690228462220349,0,0,0,0,0,0,0
2022-04-28,BUSD,0.9998409748077391,1.001850962638855,0.998130977153778,1.001250982284546,0.9981639981269836,1.002189993858337,0.9988729953765868,0.0018360018730163574,0.0021899938583369583,0.0021899938583369583,0,0,0,0,0,0,0
2022-04-29,BUSD,1.001227021217346,1.002189993858337,0.9981639981269836,0.9988729953765868,0.998192012310028,1.001840949058533,0.9993810057640076,0.0018079876899720349,0.0018409490585329369,0.0018409490585329369,0,0,0,0,0,0,0
2022-04-30,BUSD,0.998881995677948,1.001840949058533,0.998192012310028,0.9993810057640076,0.9982240200042723,1.00230598449707,1.001157999038696,0.00177597999572765,0.0023059844970700905,0.0023059844970700905,0,0,0,0,0,0,0
2022-05-01,BUSD,0.9993900060653688,1.00230598449707,0.9982240200042723,1.001157999038696,0.9980739951133728,1.002215027809143,0.9997860193252563,0.0019260048866271973,0.0022150278091430664,0.0022150278091430664,0,0,0,0,0,0,0
2022-05-02,BUSD,1.001140952110291,1.002215027809143,0.9980739951133728,0.9997860193252563,0.998324990272522,1.001888990402222,0.9987549781799316,0.0016750097274780273,0.0018889904022219017,0.0018889904022219017,0,0,0,0,0,0,0
2022-05-03,BUSD,0.9997820258140564,1.001888990402222,0.998324990272522,0.9987549781799316,0.998583972454071,1.002328038215637,0.9994680285453796,0.001416027545928955,0.002328038215636985,0.002328038215636985,0,0,0,0,0,0,0
2022-05-04,BUSD,0.998764991760254,1.002328038215637,0.998583972454071,0.9994680285453796,0.9980430006980896,1.002171039581299,0.9996190071105956,0.0019569993019104004,0.00217103958129905,0.00217103958129905,0,0,0,0,0,0,0
2022-05-05,BUSD,0.9994519948959352,1.002171039581299,0.9980430006980896,0.9996190071105956,0.9978529810905457,1.001958012580872,1.000411033630371,0.0021470189094543457,0.001958012580872026,0.0021470189094543457,0,0,0,0,0,0,0
2022-05-06,BUSD,0.99964702129364,1.001958012580872,0.9978529810905457,1.000411033630371,0.9980570077896118,1.007154941558838,0.9997249841690063,0.0019429922103881836,0.007154941558837891,0.007154941558837891,0,0,0,0,0,0,0
2022-05-07,BUSD,1.000404000282288,1.007154941558838,0.9980570077896118,0.9997249841690063,0.9979550242424012,1.001929998397827,1.000290989875793,0.002044975757598766,0.0019299983978269264,0.002044975757598766,0,0,0,0,0,0,0
2022-05-08,BUSD,0.9997360110282898,1.001929998397827,0.9979550242424012,1.000290989875793,0.9978200197219848,1.002361059188843,1.000854015350342,0.0021799802780152477,0.0023610591888429955,0.0023610591888429955,0,0,0,0,0,0,0
2022-05-09,BUSD,1.000246047973633,1.002361059188843,0.9978200197219848,1.000854015350342,0.9980379939079284,1.002231955528259,0.9997190237045288,0.0019620060920716442,0.0022319555282590553,0.0022319555282590553,0,0,0,0,0,0,0
2022-05-10,BUSD,1.000818967819214,1.002231955528259,0.9980379939079284,0.9997190237045288,0.99822598695755,1.004693984985352,1.002980947494507,0.0017740130424499512,0.004693984985352007,0.004693984985352007,0,0,0,0,0,0,0
2022-05-11,BUSD,0.9995989799499512,1.004693984985352,0.99822598695755,1.002980947494507,1.000622987747192,1.02469003200531,1.003662943840027,-0.0006229877471919387,0.02469003200531006,0.02469003200531006,0,0,1,0,0,0,0
2022-05-12,BUSD,1.002992987632751,1.02469003200531,1.000622987747192,1.003662943840027,0.999215006828308,1.004449963569641,1.001199960708618,0.0007849931716920056,0.004449963569640891,0.004449963569640891,0,0,0,0,0,0,0
2022-05-13,BUSD,1.003533005714417,1.004449963569641,0.999215006828308,1.001199960708618,0.9991919994354248,1.003504991531372,1.000329971313477,0.0008080005645751953,0.0035049915313720703,0.0035049915313720703,0,0,0,0,0,0,0
2022-05-14,BUSD,1.001222014427185,1.003504991531372,0.9991919994354248,1.000329971313477,0.9989399909973145,1.003036975860596,1.000460028648376,0.0010600090026855469,0.003036975860595925,0.003036975860595925,0,0,0,0,0,0,0
2022-05-15,BUSD,1.000339031219482,1.003036975860596,0.9989399909973145,1.000460028648376,0.9985700249671936,1.002737045288086,0.9995319843292236,0.0014299750328063965,0.0027370452880859375,0.0027370452880859375,0,0,0,0,0,0,0
2022-05-16,BUSD,1.000470995903015,1.002737045288086,0.9985700249671936,0.9995319843292236,0.99890398979187,1.002619981765747,1.001801013946533,0.0010960102081299938,0.0026199817657470703,0.0026199817657470703,0,0,0,0,0,0,0
2022-05-17,BUSD,0.9995819926261902,1.002619981765747,0.99890398979187,1.001801013946533,0.998682975769043,1.002771973609924,1.001878976821899,0.0013170242309570312,0.0027719736099240944,0.0027719736099240944,0,0,0,0,0,0,0
2022-05-18,BUSD,1.001821994781494,1.002771973609924,0.998682975769043,1.001878976821899,0.999110996723175,1.002568006515503,1.000838994979858,0.0008890032768249512,0.0025680065155029297,0.0025680065155029297,0,0,0,0,0,0,0
2022-05-19,BUSD,1.002007961273193,1.002568006515503,0.999110996723175,1.000838994979858,0.998989999294281,1.00249195098877,1.000234007835388,0.0010100007057189941,0.0024919509887699753,0.0024919509887699753,0,0,0,0,0,0,0
2022-05-20,BUSD,1.000856995582581,1.00249195098877,0.998989999294281,1.000234007835388,0.9986289739608764,1.002099990844727,1.000499963760376,0.0013710260391236462,0.0020999908447270066,0.0020999908447270066,0,0,0,0,0,0,0
2022-05-21,BUSD,1.000319957733154,1.002099990844727,0.9986289739608764,1.000499963760376,0.9989590048789978,1.002315998077393,1.001495957374573,0.0010409951210021973,0.002315998077393022,0.002315998077393022,0,0,0,0,0,0,0
2022-05-22,BUSD,1.000534057617188,1.002315998077393,0.9989590048789978,1.001495957374573,0.9988470077514648,1.002323031425476,1.00062894821167,0.0011529922485351562,0.0023230314254760742,0.0023230314254760742,0,0,0,0,0,0,0
2022-05-23,BUSD,1.001499056816101,1.002323031425476,0.9988470077514648,1.00062894821167,0.9986129999160768,1.00219202041626,0.9995669722557068,0.0013870000839232288,0.0021920204162599877,0.0021920204162599877,0,0,0,0,0,0,0
2022-05-24,BUSD,1.000640988349915,1.00219202041626,0.9986129999160768,0.9995669722557068,0.9986169934272766,1.001940011978149,0.9990339875221252,0.0013830065727233887,0.00194001197814897,0.00194001197814897,0,0,0,0,0,0,0
2022-05-25,BUSD,0.9995840191841124,1.001940011978149,0.9986169934272766,0.9990339875221252,0.9987130165100098,1.002272009849548,1.000228047370911,0.0012869834899902344,0.0022720098495478958,0.0022720098495478958,0,0,0,0,0,0,0
2022-05-26,BUSD,0.9990450143814088,1.002272009849548,0.9987130165100098,1.000228047370911,0.9987090229988098,1.001943945884705,1.000367999076843,0.0012909770011901855,0.001943945884705034,0.001943945884705034,0,0,0,0,0,0,0
2022-05-27,BUSD,1.000260949134827,1.001943945884705,0.9987090229988098,1.000367999076843,0.9987480044364928,1.002405047416687,1.001822948455811,0.001251995563507191,0.0024050474166870117,0.0024050474166870117,0,0,0,0,0,0,0
2022-05-28,BUSD,0.9999290108680724,1.002405047416687,0.9987480044364928,1.001822948455811,0.9988430142402648,1.002732992172241,1.001081943511963,0.0011569857597352184,0.002732992172240989,0.002732992172240989,0,0,0,0,0,0,0
2022-05-29,BUSD,1.001803994178772,1.002732992172241,0.9988430142402648,1.001081943511963,0.9988279938697816,1.002112984657288,1.001566052436829,0.0011720061302183948,0.0021129846572880417,0.0021129846572880417,0,0,0,0,0,0,0
2022-05-30,BUSD,1.001049995422363,1.002112984657288,0.9988279938697816,1.001566052436829,0.9984340071678162,1.002187013626099,1.000010013580322,0.0015659928321838379,0.002187013626099077,0.002187013626099077,0,0,0,0,0,0,0
2022-05-31,BUSD,1.001567959785461,1.002187013626099,0.9984340071678162,1.000010013580322,0.9986199736595154,1.002331972122192,1.00075900554657,0.0013800263404846191,0.0023319721221919387,0.0023319721221919387,0,0,0,0,0,0,0
2022-06-01,BUSD,1.000026941299438,1.002331972122192,0.9986199736595154,1.00075900554657,0.9983959794044496,1.002125978469849,1.001968026161194,0.001604020595550426,0.002125978469849077,0.002125978469849077,0,0,0,0,0,0,0
2022-06-02,BUSD,1.000761032104492,1.002125978469849,0.9983959794044496,1.001968026161194,0.9989349842071532,1.002480030059814,0.9998360276222228,0.0010650157928467907,0.002480030059814009,0.002480030059814009,0,0,0,0,0,0,0
2022-06-03,BUSD,1.001978039741516,1.002480030059814,0.9989349842071532,0.9998360276222228,0.9986969828605652,1.002647995948792,1.000861048698425,0.0013030171394348145,0.002647995948791948,0.002647995948791948,0,0,0,0,0,0,0
2022-06-04,BUSD,0.9998850226402284,1.002647995948792,0.9986969828605652,1.000861048698425,0.9987159967422484,1.002908945083618,1.002102971076965,0.0012840032577515759,0.002908945083617942,0.002908945083617942,0,0,0,0,0,0,0
2022-06-05,BUSD,1.000859975814819,1.002908945083618,0.9987159967422484,1.002102971076965,0.9985640048980712,1.002518057823181,1.001227974891663,0.001435995101928822,0.0025180578231809303,0.0025180578231809303,0,0,0,0,0,0,0
2022-06-06,BUSD,1.002125024795532,1.002518057823181,0.9985640048980712,1.001227974891663,0.9984130263328552,1.002380013465881,0.9996209740638732,0.0015869736671447754,0.0023800134658809036,0.0023800134658809036,0,0,0,0,0,0,0
2022-06-07,BUSD,1.001214981079102,1.002380013465881,0.9984130263328552,0.9996209740638732,0.9986140131950378,1.002416968345642,1.00102698802948,0.0013859868049621582,0.00241696834564209,0.00241696834564209,0,0,0,0,0,0,0
2022-06-08,BUSD,0.999512016773224,1.002416968345642,0.9986140131950378,1.00102698802948,0.998503029346466,1.002367973327637,1.001330018043518,0.0014969706535340466,0.002367973327636941,0.002367973327636941,0,0,0,0,0,0,0
2022-06-09,BUSD,1.001031994819641,1.002367973327637,0.998503029346466,1.001330018043518,0.9986069798469543,1.002771019935608,0.9991729855537416,0.0013930201530456543,0.00277101993560791,0.00277101993560791,0,0,0,0,0,0,0
2022-06-10,BUSD,1.001320958137512,1.002771019935608,0.9986069798469543,0.9991729855537416,0.9985719919204712,1.001618027687073,1.000669956207275,0.0014280080795288086,0.001618027687072976,0.001618027687072976,0,0,0,0,0,0,0
2022-06-11,BUSD,0.9991869926452636,1.001618027687073,0.9985719919204712,1.000669956207275,0.9987429976463318,1.00288999080658,1.000905990600586,0.0012570023536682129,0.002889990806580034,0.002889990806580034,0,0,0,0,0,0,0
2022-06-12,BUSD,1.000723004341125,1.00288999080658,0.9987429976463318,1.000905990600586,0.998537003993988,1.002737998962402,1.000712037086487,0.0014629960060119629,0.0027379989624018997,0.0027379989624018997,0,0,0,0,0,0,0
2022-06-13,BUSD,1.000910997390747,1.002737998962402,0.998537003993988,1.000712037086487,0.9987180233001708,1.00295102596283,1.001595020294189,0.0012819766998292126,0.002951025962830034,0.002951025962830034,0,0,0,0,0,0,0
2022-06-14,BUSD,1.000720977783203,1.00295102596283,0.9987180233001708,1.001595020294189,0.998548984527588,1.003085017204285,0.9998800158500672,0.0014510154724119984,0.00308501720428489,0.00308501720428489,0,0,0,0,0,0,0
2022-06-15,BUSD,1.0015549659729,1.003085017204285,0.998548984527588,0.9998800158500672,0.99891197681427,1.00271201133728,0.9995970129966736,0.0010880231857299805,0.0027120113372800514,0.0027120113372800514,0,0,0,0,0,0,0
2022-06-16,BUSD,0.999862015247345,1.00271201133728,0.99891197681427,0.9995970129966736,0.99890398979187,1.002956986427307,1.000491976737976,0.0010960102081299938,0.002956986427306907,0.002956986427306907,0,0,0,0,0,0,0
2022-06-17,BUSD,0.999646008014679,1.002956986427307,0.99890398979187,1.000491976737976,0.9985550045967102,1.003046989440918,1.00020694732666,0.001444995403289795,0.0030469894409179688,0.0030469894409179688,0,0,0,0,0,0,0
2022-06-18,BUSD,1.000453948974609,1.003046989440918,0.9985550045967102,1.00020694732666,0.9991289973258972,1.002856969833374,0.999891996383667,0.0008710026741027832,0.0028569698333740234,0.0028569698333740234,0,0,0,0,0,0,0
2022-06-19,BUSD,1.000187993049622,1.002856969833374,0.9991289973258972,0.999891996383667,0.9987189769744872,1.003093004226685,0.9992669820785522,0.0012810230255128063,0.0030930042266850144,0.0030930042266850144,0,0,0,0,0,0,0
2022-06-20,BUSD,0.999886989593506,1.003093004226685,0.9987189769744872,0.9992669820785522,0.9983959794044496,1.002527952194214,0.9987069964408876,0.001604020595550426,0.0025279521942140892,0.0025279521942140892,0,0,0,0,0,0,0
2022-06-21,BUSD,0.9992499947547911,1.002527952194214,0.9983959794044496,0.9987069964408876,0.9985550045967102,1.00209105014801,1.000219941139221,0.001444995403289795,0.002091050148010032,0.002091050148010032,0,0,0,0,0,0,0
2022-06-22,BUSD,0.9987300038337708,1.00209105014801,0.9985550045967102,1.000219941139221,0.9986940026283264,1.002084016799927,0.9993039965629578,0.001305997371673584,0.00208401679992698,0.00208401679992698,0,0,0,0,0,0,0
2022-06-23,BUSD,1.000224947929382,1.002084016799927,0.9986940026283264,0.9993039965629578,0.998812973499298,1.002475023269653,1.001701951026917,0.0011870265007020153,0.0024750232696530983,0.0024750232696530983,0,0,0,0,0,0,0
2022-06-24,BUSD,0.9993069767951964,1.002475023269653,0.998812973499298,1.001701951026917,0.9988240003585817,1.002118945121765,1.000149965286255,0.001175999641418346,0.0021189451217649147,0.0021189451217649147,0,0,0,0,0,0,0
2022-06-25,BUSD,1.001742005348206,1.002118945121765,0.9988240003585817,1.000149965286255,0.9981080293655396,1.002511978149414,1.000705003738403,0.0018919706344604492,0.0025119781494140625,0.0025119781494140625,0,0,0,0,0,0,0
2022-06-26,BUSD,1.000174045562744,1.002511978149414,0.9981080293655396,1.000705003738403,0.9983699917793274,1.00189197063446,0.9993969798088074,0.0016300082206726074,0.0018919706344600051,0.0018919706344600051,0,0,0,0,0,0,0
2022-06-27,BUSD,1.000684976577759,1.00189197063446,0.9983699917793274,0.9993969798088074,0.9987769722938538,1.003026008605957,0.9998070001602172,0.0012230277061462402,0.0030260086059570312,0.0030260086059570312,0,0,0,0,0,0,0
2022-06-28,BUSD,0.9993640184402466,1.003026008605957,0.9987769722938538,0.9998070001602172,0.998860001564026,1.002611994743347,1.000421047210693,0.00113999843597401,0.002611994743346946,0.002611994743346946,0,0,0,0,0,0,0
2022-06-29,BUSD,0.9997950196266174,1.002611994743347,0.998860001564026,1.000421047210693,0.9986310005187988,1.002776980400085,1.001413941383362,0.0013689994812011719,0.002776980400085005,0.002776980400085005,0,0,0,0,0,0,0
2022-06-30,BUSD,1.000437021255493,1.002776980400085,0.9986310005187988,1.001413941383362,0.9986510276794434,1.00239098072052,1.001780986785889,0.0013489723205566406,0.0023909807205200195,0.0023909807205200195,0,0,0,0,0,0,0
2022-07-01,BUSD,1.00144100189209,1.00239098072052,0.9986510276794434,1.001780986785889,0.9987959861755372,1.00272798538208,1.000318050384521,0.0012040138244627796,0.002727985382080078,0.002727985382080078,0,0,0,0,0,0,0
2022-07-02,BUSD,1.00180196762085,1.00272798538208,0.9987959861755372,1.000318050384521,0.998665988445282,1.002807021141052,0.9992870092391968,0.0013340115547180176,0.002807021141052024,0.002807021141052024,0,0,0,0,0,0,0
2022-07-03,BUSD,1.000314950942993,1.002807021141052,0.998665988445282,0.9992870092391968,0.998661994934082,1.002411961555481,1.000192046165466,0.0013380050659179688,0.002411961555480957,0.002411961555480957,0,0,0,0,0,0,0
2022-07-04,BUSD,0.9993109703063964,1.002411961555481,0.998661994934082,1.000192046165466,0.9989169836044312,1.002486944198608,1.000336050987244,0.0010830163955688477,0.0024869441986079543,0.0024869441986079543,0,0,0,0,0,0,0
2022-07-05,BUSD,1.000201940536499,1.002486944198608,0.9989169836044312,1.000336050987244,0.9987720251083374,1.002756953239441,1.000704050064087,0.0012279748916625977,0.002756953239440918,0.002756953239440918,0,0,0,0,0,0,0
2022-07-06,BUSD,1.000354051589966,1.002756953239441,0.9987720251083374,1.000704050064087,0.9985569715499878,1.002444982528687,1.000794053077698,0.001443028450012207,0.0024449825286869675,0.0024449825286869675,0,0,0,0,0,0,0
2022-07-07,BUSD,1.000695943832397,1.002444982528687,0.9985569715499878,1.000794053077698,0.9985799789428712,1.002500057220459,0.9997479915618896,0.0014200210571287952,0.0025000572204589844,0.0025000572204589844,0,0,0,0,0,0,0
2022-07-08,BUSD,1.000789999961853,1.002500057220459,0.9985799789428712,0.9997479915618896,0.9986709952354432,1.001567959785461,0.99890798330307,0.0013290047645567737,0.0015679597854609817,0.0015679597854609817,0,0,0,0,0,0,0
2022-07-09,BUSD,0.9998220205307008,1.001567959785461,0.9986709952354432,0.99890798330307,0.998528003692627,1.002460956573486,1.001678943634033,0.0014719963073730469,0.002460956573486106,0.002460956573486106,0,0,0,0,0,0,0
2022-07-10,BUSD,0.9989010095596312,1.002460956573486,0.998528003692627,1.001678943634033,0.998661994934082,1.002307057380676,1.001346945762634,0.0013380050659179688,0.0023070573806760475,0.0023070573806760475,0,0,0,0,0,0,0
2022-07-11,BUSD,1.001624941825867,1.002307057380676,0.998661994934082,1.001346945762634,0.9986630082130432,1.002748966217041,1.000082969665527,0.0013369917869567871,0.0027489662170410156,0.0027489662170410156,0,0,0,0,0,0,0
2022-07-12,BUSD,1.001384973526001,1.002748966217041,0.9986630082130432,1.000082969665527,0.9985250234603882,1.002665042877197,1.00032901763916,0.0014749765396118164,0.0026650428771970436,0.0026650428771970436,0,0,0,0,0,0,0
2022-07-13,BUSD,1.000090956687927,1.002665042877197,0.9985250234603882,1.00032901763916,0.9986029863357544,1.002606987953186,1.000193953514099,0.0013970136642456055,0.002606987953186035,0.002606987953186035,0,0,0,0,0,0,0
2022-07-14,BUSD,1.000341057777405,1.002606987953186,0.9986029863357544,1.000193953514099,0.998533010482788,1.002290010452271,0.999226987361908,0.001466989517212025,0.002290010452270952,0.002290010452270952,0,0,0,0,0,0,0
2022-07-15,BUSD,1.000211000442505,1.002290010452271,0.998533010482788,0.999226987361908,0.9981330037117004,1.001983046531677,1.000928997993469,0.0018669962882995605,0.001983046531677024,0.001983046531677024,0,0,0,0,0,0,0
2022-07-16,BUSD,0.999180018901825,1.001983046531677,0.9981330037117004,1.000928997993469,0.9980130195617676,1.00214695930481,1.000386953353882,0.001986980438232422,0.0021469593048100144,0.0021469593048100144,0,0,0,0,0,0,0
2022-07-17,BUSD,1.000929951667786,1.00214695930481,0.9980130195617676,1.000386953353882,0.9982590079307556,1.002328991889954,0.9999930262565612,0.0017409920692443848,0.0023289918899540574,0.0023289918899540574,0,0,0,0,0,0,0
2022-07-18,BUSD,1.000386953353882,1.002328991889954,0.9982590079307556,0.9999930262565612,0.998278021812439,1.001947999000549,1.001252055168152,0.0017219781875610352,0.0019479990005490944,0.0019479990005490944,0,0,0,0,0,0,0
2022-07-19,BUSD,0.9999430179595948,1.001947999000549,0.998278021812439,1.001252055168152,0.9982470273971558,1.001399040222168,1.000516057014465,0.0017529726028442383,0.0013990402221679688,0.0017529726028442383,0,0,0,0,0,0,0
2022-07-20,BUSD,1.001230955123901,1.001399040222168,0.9982470273971558,1.000516057014465,0.998170018196106,1.001296997070312,1.000043988227844,0.001829981803894043,0.001296997070312056,0.001829981803894043,0,0,0,0,0,0,0
2022-07-21,BUSD,1.000516057014465,1.001296997070312,0.998170018196106,1.000043988227844,0.995809018611908,1.002025961875916,0.9992570281028748,0.004190981388092041,0.0020259618759159714,0.004190981388092041,0,0,0,0,0,0,0
2022-07-22,BUSD,1.00006103515625,1.002025961875916,0.995809018611908,0.9992570281028748,0.9978060126304626,1.0015549659729,0.9991350173950196,0.0021939873695373535,0.0015549659728999465,0.0021939873695373535,0,0,0,0,0,0,0
2022-07-23,BUSD,0.9991480112075806,1.0015549659729,0.9978060126304626,0.9991350173950196,0.998278021812439,1.002223014831543,1.001183032989502,0.0017219781875610352,0.0022230148315429688,0.0022230148315429688,0,0,0,0,0,0,0
2022-07-24,BUSD,0.9991269707679749,1.002223014831543,0.998278021812439,1.001183032989502,0.9981719851493835,1.001693964004517,1.001206994056702,0.001828014850616455,0.0016939640045170457,0.001828014850616455,0,0,0,0,0,0,0
2022-07-25,BUSD,1.001157999038696,1.001693964004517,0.9981719851493835,1.001206994056702,0.9981080293655396,1.001520037651062,1.001513004302979,0.0018919706344604492,0.0015200376510620117,0.0018919706344604492,0,0,0,0,0,0,0
2022-07-26,BUSD,1.001274943351746,1.001520037651062,0.9981080293655396,1.001513004302979,0.9979950189590454,1.002462983131409,0.9980130195617676,0.00200498104095459,0.0024629831314089135,0.0024629831314089135,0,0,0,0,0,0,0
2022-07-27,BUSD,1.001487970352173,1.002462983131409,0.9979950189590454,0.9980130195617676,0.9979950189590454,1.001978039741516,0.9989100098609924,0.00200498104095459,0.0019780397415158912,0.00200498104095459,0,0,0,0,0,0,0
2022-07-28,BUSD,0.9980289936065674,1.001978039741516,0.9979950189590454,0.9989100098609924,0.9981989860534668,1.001567006111145,0.999210000038147,0.0018010139465332031,0.0015670061111450195,0.0018010139465332031,0,0,0,0,0,0,0
2022-07-29,BUSD,0.9989029765129088,1.001567006111145,0.9981989860534668,0.999210000038147,0.998005986213684,1.001481056213379,0.9998739957809448,0.001994013786316029,0.0014810562133789062,0.001994013786316029,0,0,0,0,0,0,0
2022-07-30,BUSD,0.9992169737815856,1.001481056213379,0.998005986213684,0.9998739957809448,0.997992992401123,1.001760959625244,0.9993209838867188,0.002007007598876953,0.0017609596252439186,0.002007007598876953,0,0,0,0,0,0,0
2022-07-31,BUSD,0.9998800158500672,1.001760959625244,0.997992992401123,0.9993209838867188,0.998117983341217,1.001708984375,1.001188039779663,0.001882016658782959,0.001708984375,0.001882016658782959,0,0,0,0,0,0,0
2022-08-01,BUSD,0.9993450045585632,1.001708984375,0.998117983341217,1.001188039779663,0.9981729984283448,1.001320004463196,0.9999200105667114,0.0018270015716551624,0.0013200044631960228,0.0018270015716551624,0,0,0,0,0,0,0
2022-08-02,BUSD,1.001183986663818,1.001320004463196,0.9981729984283448,0.9999200105667114,0.9995750188827516,1.000385046005249,0.9999489784240724,0.00042498111724842413,0.00038504600524902344,0.00042498111724842413,0,0,0,0,0,0,0
2022-08-03,BUSD,0.9999639987945556,1.000385046005249,0.9995750188827516,0.9999489784240724,0.9995309710502625,1.000782012939453,1.000102996826172,0.00046902894973754883,0.000782012939452903,0.000782012939452903,0,0,0,0,0,0,0
2022-08-04,BUSD,0.9999189972877502,1.000782012939453,0.9995309710502625,1.000102996826172,0.999347984790802,1.000604033470154,0.9999759793281556,0.000652015209197998,0.0006040334701540306,0.000652015209197998,0,0,0,0,0,0,0
2022-08-05,BUSD,1.000008940696716,1.000604033470154,0.999347984790802,0.9999759793281556,0.9992200136184692,1.000605940818787,0.9999790191650392,0.0007799863815307617,0.0006059408187870652,0.0007799863815307617,0,0,0,0,0,0,0
2022-08-06,BUSD,1.00018298625946,1.000605940818787,0.9992200136184692,0.9999790191650392,0.999455988407135,1.000856995582581,0.9998570084571838,0.0005440115928649902,0.0008569955825810105,0.0008569955825810105,0,0,0,0,0,0,0
2022-08-07,BUSD,1.000074982643127,1.000856995582581,0.999455988407135,0.9998570084571838,0.9992979764938354,1.00076699256897,1.000259041786194,0.0007020235061645508,0.0007669925689699486,0.0007669925689699486,0,0,0,0,0,0,0
2022-08-08,BUSD,0.9999150037765504,1.00076699256897,0.9992979764938354,1.000259041786194,0.9994980096817015,1.001122951507568,1.000028967857361,0.0005019903182984509,0.0011229515075679153,0.0011229515075679153,0,0,0,0,0,0,0
2022-08-09,BUSD,1.000319957733154,1.001122951507568,0.9994980096817015,1.000028967857361,0.999417006969452,1.000576972961426,1.000012040138245,0.0005829930305479847,0.0005769729614260033,0.0005829930305479847,0,0,0,0,0,0,0
2022-08-10,BUSD,1.000051975250244,1.000576972961426,0.999417006969452,1.000012040138245,0.999351978302002,1.000478029251099,0.9998480081558228,0.0006480216979980469,0.0004780292510990769,0.0006480216979980469,0,0,0,0,0,0,0
2022-08-11,BUSD,0.9999989867210388,1.000478029251099,0.999351978302002,0.9998480081558228,0.999339997768402,1.000383973121643,0.9998390078544616,0.0006600022315980114,0.0003839731216430664,0.0006600022315980114,0,0,0,0,0,0,0
2022-08-12,BUSD,0.999849021434784,1.000383973121643,0.999339997768402,0.9998390078544616,0.9994869828224182,1.000265002250671,1.000262975692749,0.0005130171775817871,0.00026500225067094263,0.0005130171775817871,0,0,0,0,0,0,0
2022-08-13,BUSD,0.9998639822006226,1.000265002250671,0.9994869828224182,1.000262975692749,0.9994570016860962,1.00036096572876,0.999858021736145,0.0005429983139038086,0.00036096572875998767,0.0005429983139038086,0,0,0,0,0,0,0
2022-08-14,BUSD,1.000210046768188,1.00036096572876,0.9994570016860962,0.999858021736145,0.9995650053024292,1.00046694278717,0.9998559951782228,0.0004349946975708008,0.00046694278716996607,0.00046694278716996607,0,0,0,0,0,0,0
2022-08-15,BUSD,0.9999300241470336,1.00046694278717,0.9995650053024292,0.9998559951782228,0.999460995197296,1.000486969947815,0.9999930262565612,0.0005390048027039684,0.0004869699478149414,0.0005390048027039684,0,0,0,0,0,0,0
2022-08-16,BUSD,0.999858021736145,1.000486969947815,0.999460995197296,0.9999930262565612,0.9994840025901794,1.000622034072876,1.000079035758972,0.0005159974098205566,0.0006220340728759766,0.0006220340728759766,0,0,0,0,0,0,0
2022-08-17,BUSD,1.0000159740448,1.000622034072876,0.9994840025901794,1.000079035758972,0.9995700120925904,1.000916004180908,1.000257968902588,0.00042998790740955695,0.0009160041809079811,0.0009160041809079811,0,0,0,0,0,0,0
2022-08-18,BUSD,1.000105977058411,1.000916004180908,0.9995700120925904,1.000257968902588,0.99863201379776,1.001314043998718,1.000174999237061,0.0013679862022399902,0.0013140439987180397,0.0013679862022399902,0,0,0,0,0,0,0
2022-08-19,BUSD,1.000301003456116,1.001314043998718,0.99863201379776,1.000174999237061,0.9998599886894226,1.000823020935059,1.000105023384094,0.00014001131057739258,0.0008230209350590378,0.0008230209350590378,0,0,0,0,0,0,0
2022-08-20,BUSD,1.0001620054245,1.000823020935059,0.9998599886894226,1.000105023384094,0.9996989965438844,1.000561952590942,1.000074982643127,0.00030100345611561163,0.0005619525909419387,0.0005619525909419387,0,0,0,0,0,0,0
2022-08-21,BUSD,1.000064015388489,1.000561952590942,0.9996989965438844,1.000074982643127,0.9994869828224182,1.000754952430725,1.000265955924988,0.0005130171775817871,0.0007549524307250977,0.0007549524307250977,0,0,0,0,0,0,0
2022-08-22,BUSD,1.000018954277039,1.000754952430725,0.9994869828224182,1.000265955924988,0.999464988708496,1.00081205368042,0.9998469948768616,0.0005350112915040173,0.0008120536804199219,0.0008120536804199219,0,0,0,0,0,0,0
2022-08-23,BUSD,1.00025200843811,1.00081205368042,0.999464988708496,0.9998469948768616,0.9994540214538574,1.000977039337158,1.0001380443573,0.0005459785461425781,0.000977039337157981,0.000977039337157981,0,0,0,0,0,0,0
2022-08-24,BUSD,0.999862015247345,1.000977039337158,0.9994540214538574,1.0001380443573,0.9994760155677797,1.00066602230072,1.000151038169861,0.000523984432220348,0.0006660223007199928,0.0006660223007199928,0,0,0,0,0,0,0
2022-08-25,BUSD,1.0001460313797,1.00066602230072,0.9994760155677797,1.000151038169861,0.9996979832649232,1.000892996788025,1.000071048736572,0.0003020167350767933,0.0008929967880249023,0.0008929967880249023,0,0,0,0,0,0,0
2022-08-26,BUSD,1.00019896030426,1.000892996788025,0.9996979832649232,1.000071048736572,0.9995399713516236,1.000720977783203,1.000244975090027,0.0004600286483763538,0.000720977783202903,0.000720977783202903,0,0,0,0,0,0,0
2022-08-27,BUSD,1.000048995018005,1.000720977783203,0.9995399713516236,1.000244975090027,0.9997230172157288,1.000877022743225,1.000509023666382,0.00027698278427124023,0.0008770227432250977,0.0008770227432250977,0,0,0,0,0,0,0
2022-08-28,BUSD,1.00019896030426,1.000877022743225,0.9997230172157288,1.000509023666382,0.9994149804115297,1.000885009765625,1.000105977058411,0.000585019588470348,0.000885009765625,0.000885009765625,0,0,0,0,0,0,0
2022-08-29,BUSD,1.000247001647949,1.000885009765625,0.9994149804115297,1.000105977058411,0.99964702129364,1.000918030738831,0.9999529719352722,0.0003529787063599743,0.0009180307388310105,0.0009180307388310105,0,0,0,0,0,0,0
2022-08-30,BUSD,1.000036954879761,1.000918030738831,0.99964702129364,0.9999529719352722,0.9996349811553956,1.000831961631775,1.000280976295471,0.00036501884460438117,0.0008319616317749023,0.0008319616317749023,0,0,0,0,0,0,0
2022-08-31,BUSD,1.000136971473694,1.000831961631775,0.9996349811553956,1.000280976295471,0.999296009540558,1.000918984413147,1.000440001487732,0.0007039904594420276,0.0009189844131469727,0.0009189844131469727,0,0,0,0,0,0,0
2022-09-01,BUSD,1.00027596950531,1.000918984413147,0.999296009540558,1.000440001487732,0.9997130036354064,1.000648975372314,1.000231027603149,0.0002869963645936169,0.000648975372314009,0.000648975372314009,0,0,0,0,0,0,0
2022-09-02,BUSD,1.000378012657166,1.000648975372314,0.9997130036354064,1.000231027603149,0.999642014503479,1.000548005104065,1.000038981437683,0.0003579854965209961,0.0005480051040649414,0.0005480051040649414,0,0,0,0,0,0,0
2022-09-03,BUSD,1.000190019607544,1.000548005104065,0.999642014503479,1.000038981437683,0.9998279809951782,1.000728011131287,1.000247955322266,0.00017201900482177734,0.0007280111312870652,0.0007280111312870652,0,0,0,0,0,0,0
2022-09-04,BUSD,1.000064015388489,1.000728011131287,0.9998279809951782,1.000247955322266,0.9996830224990844,1.00082004070282,1.000054001808167,0.00031697750091563837,0.0008200407028200463,0.0008200407028200463,0,0,0,0,0,0,0
2022-09-05,BUSD,1.00025200843811,1.00082004070282,0.9996830224990844,1.000054001808167,0.9996539950370787,1.000790953636169,0.9999750256538392,0.0003460049629212536,0.0007909536361689895,0.0007909536361689895,0,0,0,0,0,0,0
2022-09-06,BUSD,1.000056982040405,1.000790953636169,0.9996539950370787,0.9999750256538392,0.9995930194854736,1.000913977622986,1.000205039978027,0.0004069805145263672,0.0009139776229860619,0.0009139776229860619,0,0,0,0,0,0,0
2022-09-07,BUSD,0.99992698431015,1.000913977622986,0.9995930194854736,1.000205039978027,0.9996200203895568,1.001474022865295,0.999888002872467,0.00037997961044322626,0.001474022865294966,0.001474022865294966,0,0,0,0,0,0,0
2022-09-08,BUSD,1.000164985656738,1.001474022865295,0.9996200203895568,0.999888002872467,0.9993379712104796,1.00108802318573,0.9999570250511168,0.0006620287895203747,0.0010880231857299805,0.0010880231857299805,0,0,0,0,0,0,0
2022-09-09,BUSD,1.000123977661133,1.00108802318573,0.9993379712104796,0.9999570250511168,0.9996749758720398,1.000488042831421,0.999978005886078,0.0003250241279602051,0.00048804283142089844,0.00048804283142089844,0,0,0,0,0,0,0
2022-09-10,BUSD,0.9999229907989502,1.000488042831421,0.9996749758720398,0.999978005886078,0.9994109869003296,1.00041401386261,0.9998599886894226,0.0005890130996704102,0.0004140138626100853,0.0005890130996704102,0,0,0,0,0,0,0
2022-09-11,BUSD,0.9999150037765504,1.00041401386261,0.9994109869003296,0.9998599886894226,0.9994270205497742,1.000481009483337,1.00024402141571,0.0005729794502258301,0.00048100948333695825,0.0005729794502258301,0,0,0,0,0,0,0
2022-09-12,BUSD,0.9998930096626282,1.000481009483337,0.9994270205497742,1.00024402141571,0.9994329810142516,1.000476956367493,1.00024402141571,0.000567018985748402,0.0004769563674928978,0.000567018985748402,0,0,0,0,0,0,0
2022-09-13,BUSD,1.000239968299866,1.000476956367493,0.9994329810142516,1.00024402141571,0.9988399744033812,1.001168012619019,0.9998959898948668,0.0011600255966187634,0.0011680126190189988,0.0011680126190189988,0,0,0,0,0,0,0
2022-09-14,BUSD,1.000013947486877,1.001168012619019,0.9988399744033812,0.9998959898948668,0.9989780187606812,1.001366972923279,1.000128030776978,0.0010219812393188477,0.0013669729232790306,0.0013669729232790306,0,0,0,0,0,0,0
2022-09-15,BUSD,0.9997749924659728,1.001366972923279,0.9989780187606812,1.000128030776978,0.998764991760254,1.001387000083923,1.000381946563721,0.0012350082397459827,0.0013870000839228958,0.0013870000839228958,0,0,0,0,0,0,0
2022-09-16,BUSD,0.9996970295906068,1.001387000083923,0.998764991760254,1.000381946563721,0.9990429878234864,1.001255989074707,0.9998800158500672,0.0009570121765135609,0.0012559890747070312,0.0012559890747070312,0,0,0,0,0,0,0
2022-09-17,BUSD,0.9994699954986572,1.001255989074707,0.9990429878234864,0.9998800158500672,0.9993000030517578,1.001111030578613,1.000522971153259,0.0006999969482421875,0.0011110305786130592,0.0011110305786130592,0,0,0,0,0,0,0
2022-09-18,BUSD,1.000967025756836,1.001111030578613,0.9993000030517578,1.000522971153259,0.9991120100021362,1.001065015792847,0.99965900182724,0.0008879899978637695,0.0010650157928469017,0.0010650157928469017,0,0,0,0,0,0,0
2022-09-19,BUSD,1.000766038894653,1.001065015792847,0.9991120100021362,0.99965900182724,0.9989420175552368,1.001042008399963,0.9990260004997252,0.0010579824447631836,0.0010420083999629348,0.0010579824447631836,0,0,0,0,0,0,0
2022-09-20,BUSD,1.00070595741272,1.001042008399963,0.9989420175552368,0.9990260004997252,0.9989799857139589,1.001387000083923,1.000296950340271,0.0010200142860411487,0.0013870000839228958,0.0013870000839228958,0,0,0,0,0,0,0
2022-09-21,BUSD,0.9996100068092346,1.001387000083923,0.9989799857139589,1.000296950340271,0.9992889761924744,1.001294016838074,0.9997209906578064,0.0007110238075256348,0.0012940168380739525,0.0012940168380739525,0,0,0,0,0,0,0
2022-09-22,BUSD,1.000733017921448,1.001294016838074,0.9992889761924744,0.9997209906578064,0.9990040063858032,1.001495003700256,1.00018298625946,0.0009959936141967773,0.0014950037002559036,0.0014950037002559036,0,0,0,0,0,0,0
2022-09-23,BUSD,0.9997180104255676,1.001495003700256,0.9990040063858032,1.00018298625946,0.9988589882850648,1.001317977905273,1.000007033348083,0.0011410117149351917,0.0013179779052729934,0.0013179779052729934,0,0,0,0,0,0,0
2022-09-24,BUSD,1.000095009803772,1.001317977905273,0.9988589882850648,1.000007033348083,0.999081015586853,1.001029014587402,1.000645995140076,0.0009189844131469727,0.0010290145874018997,0.0010290145874018997,0,0,0,0,0,0,0
2022-09-25,BUSD,0.9997950196266174,1.001029014587402,0.999081015586853,1.000645995140076,0.9991400241851808,1.002787947654724,0.9997749924659728,0.0008599758148192249,0.002787947654723899,0.002787947654723899,0,0,0,0,0,0,0
2022-09-26,BUSD,0.9996690154075624,1.002787947654724,0.9991400241851808,0.9997749924659728,0.999176025390625,1.003644943237305,1.001188039779663,0.000823974609375,0.0036449432373049095,0.0036449432373049095,0,0,0,0,0,0,0
2022-09-27,BUSD,0.9998589754104614,1.003644943237305,0.999176025390625,1.001188039779663,0.9990450143814088,1.001374959945679,0.999779999256134,0.0009549856185911976,0.001374959945678933,0.001374959945678933,0,0,0,0,0,0,0
2022-09-28,BUSD,1.000617980957031,1.001374959945679,0.9990450143814088,0.999779999256134,0.9989169836044312,1.001325011253357,1.000105023384094,0.0010830163955688477,0.0013250112533569336,0.0013250112533569336,0,0,0,0,0,0,0
2022-09-29,BUSD,0.9998419880867004,1.001325011253357,0.9989169836044312,1.000105023384094,0.9990209937095642,1.001253962516785,1.000002980232239,0.000979006290435791,0.00125396251678489,0.00125396251678489,0,0,0,0,0,0,0
2022-09-30,BUSD,1.000285029411316,1.001253962516785,0.9990209937095642,1.000002980232239,0.999010980129242,1.001574993133545,1.000321984291077,0.0009890198707579456,0.0015749931335449219,0.0015749931335449219,0,0,0,0,0,0,0
2022-10-01,BUSD,0.9997869729995728,1.001574993133545,0.999010980129242,1.000321984291077,0.9986550211906432,1.001515984535217,0.9995250105857848,0.0013449788093568005,0.0015159845352170631,0.0015159845352170631,0,0,0,0,0,0,0
2022-10-02,BUSD,0.9999799728393556,1.001515984535217,0.9986550211906432,0.9995250105857848,0.9988759756088256,1.001122951507568,1.000025033950806,0.0011240243911744274,0.0011229515075679153,0.0011240243911744274,0,0,0,0,0,0,0
2022-10-03,BUSD,1.000095009803772,1.001122951507568,0.9988759756088256,1.000025033950806,0.999239981174469,1.001124978065491,1.0001460313797,0.0007600188255310059,0.0011249780654909447,0.0011249780654909447,0,0,0,0,0,0,0
2022-10-04,BUSD,1.000200033187866,1.001124978065491,0.999239981174469,1.0001460313797,0.9991660118103028,1.002202033996582,0.9999359846115112,0.0008339881896971546,0.0022020339965820312,0.0022020339965820312,0,0,0,0,0,0,0
2022-10-05,BUSD,0.9998850226402284,1.002202033996582,0.9991660118103028,0.9999359846115112,0.996383011341095,1.00271201133728,1.000030994415283,0.0036169886589050293,0.0027120113372800514,0.0036169886589050293,0,0,0,0,0,0,0
2022-10-06,BUSD,1.000218987464905,1.00271201133728,0.996383011341095,1.000030994415283,0.998889982700348,1.001247048377991,1.000170946121216,0.0011100172996519886,0.0012470483779909447,0.0012470483779909447,0,0,0,0,0,0,0
2022-10-07,BUSD,1.0000159740448,1.001247048377991,0.998889982700348,1.000170946121216,0.9988120198249816,1.001001000404358,0.9998199939727784,0.0011879801750184216,0.0010010004043579102,0.0011879801750184216,0,0,0,0,0,0,0
2022-10-08,BUSD,1.000197052955627,1.001001000404358,0.9988120198249816,0.9998199939727784,0.999153971672058,1.001245021820068,1.000118970870972,0.0008460283279420056,0.0012450218200679153,0.0012450218200679153,0,0,0,0,0,0,0
2022-10-09,BUSD,0.9999510049819946,1.001245021820068,0.999153971672058,1.000118970870972,0.9991819858551024,1.001021027565002,1.000367999076843,0.000818014144897572,0.0010210275650019973,0.0010210275650019973,0,0,0,0,0,0,0
2022-10-10,BUSD,1.000131011009216,1.001021027565002,0.9991819858551024,1.000367999076843,0.999284029006958,1.001113057136536,0.9999039769172668,0.0007159709930419922,0.0011130571365360886,0.0011130571365360886,0,0,0,0,0,0,0
2022-10-11,BUSD,1.000331044197083,1.001113057136536,0.999284029006958,0.9999039769172668,0.9993510246276855,1.001067996025085,1.000357031822205,0.0006489753723144531,0.0010679960250850051,0.0010679960250850051,0,0,0,0,0,0,0
2022-10-12,BUSD,0.999904990196228,1.001067996025085,0.9993510246276855,1.000357031822205,0.9990379810333252,1.000942945480347,0.999809980392456,0.0009620189666748047,0.0009429454803469017,0.0009620189666748047,0,0,0,0,0,0,0
2022-10-13,BUSD,1.00036096572876,1.000942945480347,0.9990379810333252,0.999809980392456,0.9992330074310304,1.001314997673035,1.000442028045654,0.0007669925689696155,0.00131499767303489,0.00131499767303489,0,0,0,0,0,0,0
2022-10-14,BUSD,0.9998019933700562,1.001314997673035,0.9992330074310304,1.000442028045654,0.9993900060653688,1.001304984092712,1.000319004058838,0.0006099939346312366,0.0013049840927119583,0.0013049840927119583,0,0,0,0,0,0,0
2022-10-15,BUSD,1.000417947769165,1.001304984092712,0.9993900060653688,1.000319004058838,0.9993669986724854,1.001207947731018,1.000527024269104,0.0006330013275146484,0.0012079477310180664,0.0012079477310180664,0,0,0,0,0,0,0
2022-10-16,BUSD,1.000342011451721,1.001207947731018,0.9993669986724854,1.000527024269104,0.9990379810333252,1.001283049583435,0.9997609853744508,0.0009620189666748047,0.0012830495834350586,0.0012830495834350586,0,0,0,0,0,0,0
2022-10-17,BUSD,1.000502943992615,1.001283049583435,0.9990379810333252,0.9997609853744508,0.99904602766037,1.001153945922852,1.000601053237915,0.0009539723396300159,0.0011539459228520066,0.0011539459228520066,0,0,0,0,0,0,0
2022-10-18,BUSD,0.9998019933700562,1.001153945922852,0.99904602766037,1.000601053237915,0.9990969896316528,1.001039028167725,0.9998559951782228,0.000903010368347168,0.0010390281677250535,0.0010390281677250535,0,0,0,0,0,0,0
2022-10-19,BUSD,1.000599026679993,1.001039028167725,0.9990969896316528,0.9998559951782228,0.999373972415924,1.001060962677002,0.9997789859771729,0.0006260275840760388,0.0010609626770019531,0.0010609626770019531,0,0,0,0,0,0,0
2022-10-20,BUSD,0.999787986278534,1.001060962677002,0.999373972415924,0.9997789859771729,0.999422013759613,1.004098057746887,1.000216960906982,0.0005779862403869629,0.004098057746886985,0.004098057746886985,0,0,0,0,0,0,0
2022-10-21,BUSD,1.00020694732666,1.004098057746887,0.999422013759613,1.000216960906982,0.999439001083374,1.001250028610229,1.000054001808167,0.0005609989166259766,0.001250028610229048,0.001250028610229048,0,0,0,0,0,0,0
2022-10-22,BUSD,1.00021505355835,1.001250028610229,0.999439001083374,1.000054001808167,0.9991229772567748,1.000972032546997,1.000571966171265,0.0008770227432252087,0.0009720325469970703,0.0009720325469970703,0,0,0,0,0,0,0
2022-10-23,BUSD,1.000066041946411,1.000972032546997,0.9991229772567748,1.000571966171265,0.9991629719734192,1.000933051109314,1.000193953514099,0.0008370280265808105,0.0009330511093139648,0.0009330511093139648,0,0,0,0,0,0,0
2022-10-24,BUSD,0.9999750256538392,1.000933051109314,0.9991629719734192,1.000193953514099,0.999180018901825,1.001142978668213,0.999948024749756,0.0008199810981750488,0.0011429786682128906,0.0011429786682128906,0,0,0,0,0,0,0
2022-10-25,BUSD,1.000172972679138,1.001142978668213,0.999180018901825,0.999948024749756,0.9990699887275696,1.00146496295929,1.00035297870636,0.0009300112724304199,0.0014649629592899949,0.0014649629592899949,0,0,0,0,0,0,0
2022-10-26,BUSD,1.000036954879761,1.00146496295929,0.9990699887275696,1.00035297870636,0.999127984046936,1.001212954521179,0.9999549984931946,0.0008720159530639648,0.0012129545211789772,0.0012129545211789772,0,0,0,0,0,0,0
2022-10-27,BUSD,1.000342965126038,1.001212954521179,0.999127984046936,0.9999549984931946,0.999305009841919,1.002650022506714,0.9998270273208618,0.0006949901580810547,0.0026500225067140892,0.0026500225067140892,0,0,0,0,0,0,0
2022-10-28,BUSD,0.9999409914016724,1.002650022506714,0.999305009841919,0.9998270273208618,0.9991120100021362,1.000995993614197,1.000108957290649,0.0008879899978637695,0.0009959936141969994,0.0009959936141969994,0,0,0,0,0,0,0
2022-10-29,BUSD,0.9998260140419006,1.000995993614197,0.9991120100021362,1.000108957290649,0.9991840124130248,1.001026034355164,1.000095963478088,0.0008159875869752087,0.0010260343551640183,0.0010260343551640183,0,0,0,0,0,0,0
2022-10-30,BUSD,1.000087022781372,1.001026034355164,0.9991840124130248,1.000095963478088,0.9990590214729308,1.00107204914093,1.000571012496948,0.0009409785270692028,0.0010720491409299537,0.0010720491409299537,0,0,0,0,0,0,0
2022-10-31,BUSD,1.000056982040405,1.00107204914093,0.9990590214729308,1.000571012496948,0.9994450211524964,1.001047015190125,1.000005960464478,0.0005549788475035511,0.0010470151901249558,0.0010470151901249558,0,0,0,0,0,0,0
2022-11-01,BUSD,1.000556945800781,1.001047015190125,0.9994450211524964,1.000005960464478,0.9993780255317688,1.000996947288513,1.000344038009644,0.0006219744682312012,0.0009969472885129615,0.0009969472885129615,0,0,0,0,0,0,0
2022-11-02,BUSD,0.999983012676239,1.000996947288513,0.9993780255317688,1.000344038009644,0.9994149804115297,1.003087997436523,1.000599980354309,0.000585019588470348,0.0030879974365229934,0.0030879974365229934,0,0,0,0,0,0,0
2022-11-03,BUSD,1.000349998474121,1.003087997436523,0.9994149804115297,1.000599980354309,0.9985730051994324,1.002066969871521,1.000144004821777,0.001426994800567627,0.002066969871520996,0.002066969871520996,0,0,0,0,0,0,0
2022-11-04,BUSD,1.000280976295471,1.002066969871521,0.9985730051994324,1.000144004821777,0.9991559982299804,1.001286029815674,0.9997860193252563,0.0008440017700196423,0.0012860298156740502,0.0012860298156740502,0,0,0,0,0,0,0
2022-11-05,BUSD,1.00054395198822,1.001286029815674,0.9991559982299804,0.9997860193252563,0.9993619918823242,1.001155972480774,0.9999639987945556,0.0006380081176757812,0.0011559724807739258,0.0011559724807739258,0,0,0,0,0,0,0
2022-11-06,BUSD,0.9999529719352722,1.001155972480774,0.9993619918823242,0.9999639987945556,0.9993090033531188,1.001134991645813,0.9998180270195008,0.0006909966468812145,0.0011349916458129883,0.0011349916458129883,0,0,0,0,0,0,0
2022-11-07,BUSD,0.9998890161514282,1.001134991645813,0.9993090033531188,0.9998180270195008,0.9989410042762756,1.001122951507568,1.000175952911377,0.0010589957237243652,0.0011229515075679153,0.0011229515075679153,0,0,0,0,0,0,0
2022-11-08,BUSD,0.9997979998588562,1.001122951507568,0.9989410042762756,1.000175952911377,0.9993849992752076,1.001667022705078,1.00080394744873,0.0006150007247923694,0.001667022705077903,0.001667022705077903,0,0,0,0,0,0,0
2022-11-09,BUSD,1.000355958938599,1.001667022705078,0.9993849992752076,1.00080394744873,1.000200986862183,1.012637972831726,1.001443028450012,-0.00020098686218306128,0.012637972831726074,0.012637972831726074,0,0,1,0,0,0,0
2022-11-10,BUSD,1.00099503993988,1.012637972831726,1.000200986862183,1.001443028450012,1.000082969665527,1.002661943435669,1.000903010368347,-8.296966552689966e-05,0.0026619434356689453,0.0026619434356689453,0,0,0,0,0,0,0
2022-11-11,BUSD,1.001196980476379,1.002661943435669,1.000082969665527,1.000903010368347,0.9962769746780396,1.019845962524414,1.00075101852417,0.0037230253219604492,0.019845962524414062,0.019845962524414062,0,0,1,0,0,0,0
2022-11-12,BUSD,1.001345038414001,1.019845962524414,0.9962769746780396,1.00075101852417,0.9996309876441956,1.00213098526001,1.001095056533813,0.00036901235580444336,0.0021309852600099877,0.0021309852600099877,0,0,0,0,0,0,0
2022-11-13,BUSD,1.000684022903442,1.00213098526001,0.9996309876441956,1.001095056533813,0.9998180270195008,1.001806974411011,1.000936031341553,0.00018197298049915656,0.0018069744110109642,0.0018069744110109642,0,0,0,0,0,0,0
2022-11-14,BUSD,1.00092601776123,1.001806974411011,0.9998180270195008,1.000936031341553,0.9995790123939514,1.001698017120361,1.000260949134827,0.000420987606048584,0.001698017120361106,0.001698017120361106,0,0,0,0,0,0,0
2022-11-15,BUSD,1.000957012176514,1.001698017120361,0.9995790123939514,1.000260949134827,0.999530017375946,1.002020955085754,1.000385999679565,0.0004699826240539551,0.0020209550857539504,0.0020209550857539504,0,0,0,0,0,0,0
2022-11-16,BUSD,1.000462055206299,1.002020955085754,0.999530017375946,1.000385999679565,0.999230980873108,1.001590013504028,1.000242948532104,0.0007690191268919788,0.0015900135040280983,0.0015900135040280983,0,0,0,0,0,0,0
2022-11-17,BUSD,1.000345945358276,1.001590013504028,0.999230980873108,1.000242948532104,0.9995620250701904,1.001659035682678,1.001127004623413,0.0004379749298095703,0.0016590356826780006,0.0016590356826780006,0,0,0,0,0,0,0
2022-11-18,BUSD,1.001129031181335,1.001659035682678,0.9995620250701904,1.001127004623413,0.99964702129364,1.00143301486969,1.000589966773987,0.0003529787063599743,0.0014330148696899414,0.0014330148696899414,0,0,0,0,0,0,0
2022-11-19,BUSD,1.001101970672607,1.00143301486969,0.99964702129364,1.000589966773987,0.9997910261154176,1.00163996219635,1.001229047775269,0.0002089738845824085,0.0016399621963500977,0.0016399621963500977,0,0,0,0,0,0,0
2022-11-20,BUSD,1.00060498714447,1.00163996219635,0.9997910261154176,1.001229047775269,0.9997410178184508,1.001628041267395,1.000710010528564,0.0002589821815491833,0.0016280412673950195,0.0016280412673950195,0,0,0,0,0,0,0
2022-11-21,BUSD,1.000450015068054,1.001628041267395,0.9997410178184508,1.000710010528564,0.9997559785842896,1.0017329454422,1.000658988952637,0.00024402141571044922,0.001732945442199929,0.001732945442199929,0,0,0,0,0,0,0
2022-11-22,BUSD,1.000615954399109,1.0017329454422,0.9997559785842896,1.000658988952637,0.9995200037956238,1.001600027084351,1.000802993774414,0.0004799962043762207,0.00160002708435103,0.00160002708435103,0,0,0,0,0,0,0
2022-11-23,BUSD,1.000602006912231,1.001600027084351,0.9995200037956238,1.000802993774414,0.9994739890098572,1.001458048820496,1.001031994819641,0.0005260109901428223,0.0014580488204960496,0.0014580488204960496,0,0,0,0,0,0,0
2022-11-24,BUSD,1.000597953796387,1.001458048820496,0.9994739890098572,1.001031994819641,0.9987009763717652,1.001386046409607,1.000254034996033,0.0012990236282347523,0.0013860464096069336,0.0013860464096069336,0,0,0,0,0,0,0
2022-11-25,BUSD,1.000977039337158,1.001386046409607,0.9987009763717652,1.000254034996033,0.9995139837265016,1.001289963722229,1.000118970870972,0.00048601627349842413,0.001289963722229004,0.001289963722229004,0,0,0,0,0,0,0
2022-11-26,BUSD,1.000542044639587,1.001289963722229,0.9995139837265016,1.000118970870972,0.9995309710502625,1.001214027404785,1.00031304359436,0.00046902894973754883,0.0012140274047849342,0.0012140274047849342,0,0,0,0,0,0,0
2022-11-27,BUSD,0.9999499917030334,1.001214027404785,0.9995309710502625,1.00031304359436,0.9993630051612854,1.001083016395569,1.000754952430725,0.0006369948387145996,0.0010830163955690697,0.0010830163955690697,0,0,0,0,0,0,0
2022-11-28,BUSD,1.000311017036438,1.001083016395569,0.9993630051612854,1.000754952430725,0.9994410276412964,1.001191973686218,1.000090003013611,0.0005589723587036133,0.0011919736862180397,0.0011919736862180397,0,0,0,0,0,0,0
2022-11-29,BUSD,1.000766038894653,1.001191973686218,0.9994410276412964,1.000090003013611,0.9992870092391968,1.001075983047485,1.0,0.0007129907608032227,0.0010759830474849075,0.0010759830474849075,0,0,0,0,0,0,0
2022-11-30,BUSD,1.000115036964417,1.001075983047485,0.9992870092391968,1.0,0.9991899728775024,1.001142024993896,1.000005960464478,0.0008100271224975586,0.0011420249938960403,0.0011420249938960403,0,0,0,0,0,0,0
2022-12-01,BUSD,0.9999909996986388,1.001142024993896,0.9991899728775024,1.000005960464478,0.9995219707489014,1.002820014953613,1.000517964363098,0.0004780292510986328,0.002820014953613059,0.002820014953613059,0,0,0,0,0,0,0
2022-12-02,BUSD,1.000054001808167,1.002820014953613,0.9995219707489014,1.000517964363098,0.9993579983711244,1.000691056251526,1.000236034393311,0.0006420016288756214,0.000691056251526101,0.000691056251526101,0,0,0,0,0,0,0
2022-12-03,BUSD,1.000450015068054,1.000691056251526,0.9993579983711244,1.000236034393311,0.9995459914207458,1.000725984573364,0.9998840093612672,0.0004540085792541504,0.0007259845733640358,0.0007259845733640358,0,0,0,0,0,0,0
2022-12-04,BUSD,1.000234961509705,1.000725984573364,0.9995459914207458,0.9998840093612672,0.9992139935493468,1.000998020172119,1.00006103515625,0.0007860064506531872,0.0009980201721189186,0.0009980201721189186,0,0,0,0,0,0,0
2022-12-05,BUSD,1.000326991081238,1.000998020172119,0.9992139935493468,1.00006103515625,0.9993910193443298,1.001003980636597,1.000046968460083,0.000608980655670166,0.0010039806365969017,0.0010039806365969017,0,0,0,0,0,0,0
2022-12-06,BUSD,1.000061988830566,1.001003980636597,0.9993910193443298,1.000046968460083,0.9991949796676636,1.000867962837219,1.000066041946411,0.0008050203323364258,0.0008679628372190162,0.0008679628372190162,0,0,0,0,0,0,0
2022-12-07,BUSD,1.000336050987244,1.000867962837219,0.9991949796676636,1.000066041946411,0.9992520213127136,1.000954031944275,1.000087022781372,0.000747978687286377,0.0009540319442749023,0.0009540319442749023,0,0,0,0,0,0,0
2022-12-08,BUSD,1.000074982643127,1.000954031944275,0.9992520213127136,1.000087022781372,0.9991809725761414,1.000792026519775,0.999845027923584,0.0008190274238586426,0.0007920265197749465,0.0008190274238586426,0,0,0,0,0,0,0
2022-12-09,BUSD,1.000090003013611,1.000792026519775,0.9991809725761414,0.999845027923584,0.9994630217552184,1.001023054122925,1.000090956687927,0.0005369782447816052,0.0010230541229250267,0.0010230541229250267,0,0,0,0,0,0,0
2022-12-10,BUSD,0.9998480081558228,1.001023054122925,0.9994630217552184,1.000090956687927,0.99938702583313,1.000782012939453,0.9999570250511168,0.0006129741668700062,0.000782012939452903,0.000782012939452903,0,0,0,0,0,0,0
2022-12-11,BUSD,1.000102043151855,1.000782012939453,0.99938702583313,0.9999570250511168,0.9990969896316528,1.000887989997864,0.9999499917030334,0.000903010368347168,0.0008879899978639916,0.000903010368347168,0,0,0,0,0,0,0
2022-12-12,BUSD,0.9999790191650392,1.000887989997864,0.9990969896316528,0.9999499917030334,0.9987229704856871,1.000923991203308,1.000064015388489,0.0012770295143128552,0.0009239912033081055,0.0012770295143128552,0,0,0,0,0,0,0
2022-12-13,BUSD,1.000095963478088,1.000923991203308,0.9987229704856871,1.000064015388489,0.9988570213317872,1.000931978225708,1.00025200843811,0.0011429786682127796,0.0009319782257080078,0.0011429786682127796,0,0,0,0,0,0,0
2022-12-14,BUSD,1.000532031059265,1.000931978225708,0.9988570213317872,1.00025200843811,0.9990140199661256,1.000851035118103,0.9998250007629396,0.0009859800338744007,0.0008510351181030273,0.0009859800338744007,0,0,0,0,0,0,0
2022-12-15,BUSD,1.000233054161072,1.000851035118103,0.9990140199661256,0.9998250007629396,0.9988729953765868,1.00122594833374,1.000257968902588,0.001127004623413197,0.0012259483337400123,0.0012259483337400123,0,0,0,0,0,0,0
2022-12-16,BUSD,0.999809980392456,1.00122594833374,0.9988729953765868,1.000257968902588,0.9991980195045472,1.001700043678284,0.9995800256729126,0.0008019804954527698,0.0017000436782839135,0.0017000436782839135,0,0,0,0,0,0,0
2022-12-17,BUSD,1.000246047973633,1.001700043678284,0.9991980195045472,0.9995800256729126,0.999185025691986,1.001358985900879,1.000097036361694,0.000814974308014027,0.0013589859008789062,0.0013589859008789062,0,0,0,0,0,0,0
2022-12-18,BUSD,1.000216007232666,1.001358985900879,0.999185025691986,1.000097036361694,0.9991869926452636,1.001289963722229,0.99993497133255,0.0008130073547364391,0.001289963722229004,0.001289963722229004,0,0,0,0,0,0,0
2022-12-19,BUSD,1.000136971473694,1.001289963722229,0.9991869926452636,0.99993497133255,0.9991869926452636,1.000964999198914,1.000062942504883,0.0008130073547364391,0.0009649991989140183,0.0009649991989140183,0,0,0,0,0,0,0
2022-12-20,BUSD,0.9999690055847168,1.000964999198914,0.9991869926452636,1.000062942504883,0.9993119835853576,1.000710010528564,0.9996129870414734,0.000688016414642445,0.000710010528564009,0.000710010528564009,0,0,0,0,0,0,0
2022-12-21,BUSD,1.000048995018005,1.000710010528564,0.9993119835853576,0.9996129870414734,0.9992240071296692,1.000861048698425,1.000607013702393,0.0007759928703308105,0.0008610486984250709,0.0008610486984250709,0,0,0,0,0,0,0
2022-12-22,BUSD,0.999776005744934,1.000861048698425,0.9992240071296692,1.000607013702393,0.9994879961013794,1.000998973846436,1.000169038772583,0.0005120038986206055,0.000998973846435991,0.000998973846435991,0,0,0,0,0,0,0
2022-12-23,BUSD,1.000583052635193,1.000998973846436,0.9994879961013794,1.000169038772583,0.999422013759613,1.000748991966248,1.000264048576355,0.0005779862403869629,0.0007489919662480027,0.0007489919662480027,0,0,0,0,0,0,0
2022-12-24,BUSD,1.000143051147461,1.000748991966248,0.999422013759613,1.000264048576355,0.999369978904724,1.001001954078674,1.00025999546051,0.0006300210952759899,0.0010019540786740944,0.0010019540786740944,0,0,0,0,0,0,0
2022-12-25,BUSD,1.000269055366516,1.001001954078674,0.999369978904724,1.00025999546051,0.9993069767951964,1.000707983970642,1.000247001647949,0.0006930232048035778,0.0007079839706420898,0.0007079839706420898,0,0,0,0,0,0,0
2022-12-26,BUSD,1.000316023826599,1.000707983970642,0.9993069767951964,1.000247001647949,0.9992709755897522,1.001180052757263,1.000128030776978,0.0007290244102478027,0.0011800527572629615,0.0011800527572629615,0,0,0,0,0,0,0
2022-12-27,BUSD,1.000190019607544,1.001180052757263,0.9992709755897522,1.000128030776978,0.9992719888687134,1.000851988792419,1.000193953514099,0.0007280111312866211,0.0008519887924189895,0.0008519887924189895,0,0,0,0,0,0,0
2022-12-28,BUSD,1.000359058380127,1.000851988792419,0.9992719888687134,1.000193953514099,0.9993240237236024,1.001060009002686,1.000707030296326,0.0006759762763975941,0.001060009002685991,0.001060009002685991,0,0,0,0,0,0,0
2022-12-29,BUSD,1.000192999839783,1.001060009002686,0.9993240237236024,1.000707030296326,0.9993079900741576,1.000998020172119,1.000102043151855,0.0006920099258423962,0.0009980201721189186,0.0009980201721189186,0,0,0,0,0,0,0
2022-12-30,BUSD,1.000699996948242,1.000998020172119,0.9993079900741576,1.000102043151855,0.9997519850730896,1.001224994659424,1.000224947929382,0.0002480149269104004,0.0012249946594240502,0.0012249946594240502,0,0,0,0,0,0,0
2022-12-31,BUSD,1.00020694732666,1.001224994659424,0.9997519850730896,1.000224947929382,0.9997990131378174,1.001018047332764,1.000339984893799,0.0002009868621826172,0.001018047332763894,0.001018047332763894,0,0,0,0,0,0,0
2023-01-01,BUSD,1.000229001045227,1.001018047332764,0.9997990131378174,1.000339984893799,0.9995589852333068,1.001245975494385,1.000103950500488,0.00044101476669322626,0.0012459754943849877,0.0012459754943849877,0,0,0,0,0,0,0
2023-01-02,BUSD,1.000350952148438,1.001245975494385,0.9995589852333068,1.000103950500488,0.9995160102844238,1.000877022743225,1.000282049179077,0.0004839897155761719,0.0008770227432250977,0.0008770227432250977,0,0,0,0,0,0,0
2023-01-03,BUSD,1.000154972076416,1.000877022743225,0.9995160102844238,1.000282049179077,0.9994990229606628,1.001420021057129,1.000349044799805,0.0005009770393371582,0.0014200210571289062,0.0014200210571289062,0,0,0,0,0,0,0
2023-01-04,BUSD,1.000283002853394,1.001420021057129,0.9994990229606628,1.000349044799805,0.9995139837265016,1.002400040626526,1.000030994415283,0.00048601627349842413,0.002400040626526101,0.002400040626526101,0,0,0,0,0,0,0
2023-01-05,BUSD,1.000465035438538,1.002400040626526,0.9995139837265016,1.000030994415283,0.9994019865989684,1.001106023788452,1.000287055969238,0.0005980134010316052,0.0011060237884519264,0.0011060237884519264,0,0,0,0,0,0,0
2023-01-06,BUSD,1.000059008598328,1.001106023788452,0.9994019865989684,1.000287055969238,0.9995610117912292,1.000982046127319,1.000277042388916,0.00043898820877075195,0.0009820461273188918,0.0009820461273188918,0,0,0,0,0,0,0
2023-01-07,BUSD,1.000404953956604,1.000982046127319,0.9995610117912292,1.000277042388916,0.999567985534668,1.001389980316162,1.000977993011475,0.00043201446533203125,0.0013899803161621094,0.0013899803161621094,0,0,0,0,0,0,0
2023-01-08,BUSD,1.000180959701538,1.001389980316162,0.999567985534668,1.000977993011475,0.9993389844894408,1.001337051391602,0.9997860193252563,0.000661015510559193,0.0013370513916020066,0.0013370513916020066,0,0,0,0,0,0,0
2023-01-09,BUSD,1.000885963439941,1.001337051391602,0.9993389844894408,0.9997860193252563,0.9993119835853576,1.001170992851257,1.000234961509705,0.000688016414642445,0.0011709928512571022,0.0011709928512571022,0,0,0,0,0,0,0
2023-01-10,BUSD,1.000237941741943,1.001170992851257,0.9993119835853576,1.000234961509705,0.9991940259933472,1.00099503993988,1.000028967857361,0.000805974006652832,0.000995039939879927,0.000995039939879927,0,0,0,0,0,0,0
2023-01-11,BUSD,1.000257015228271,1.00099503993988,0.9991940259933472,1.000028967857361,0.9993379712104796,1.001198053359985,1.000319004058838,0.0006620287895203747,0.0011980533599849075,0.0011980533599849075,0,0,0,0,0,0,0
2023-01-12,BUSD,0.9998070001602172,1.001198053359985,0.9993379712104796,1.000319004058838,0.9993529915809632,1.001106977462769,1.00031304359436,0.0006470084190367542,0.0011069774627689988,0.0011069774627689988,0,0,0,0,0,0,0
2023-01-13,BUSD,1.000316023826599,1.001106977462769,0.9993529915809632,1.00031304359436,0.9992939829826356,1.001121044158936,1.000465989112854,0.0007060170173643909,0.001121044158935991,0.001121044158935991,0,0,0,0,0,0,0
2023-01-14,BUSD,1.000337958335876,1.001121044158936,0.9992939829826356,1.000465989112854,0.9992870092391968,1.000869035720825,1.0000239610672,0.0007129907608032227,0.0008690357208249733,0.0008690357208249733,0,0,0,0,0,0,0
2023-01-15,BUSD,1.000455975532532,1.000869035720825,0.9992870092391968,1.0000239610672,0.9992740154266356,1.001117944717407,1.000154972076416,0.0007259845733643688,0.0011179447174070045,0.0011179447174070045,0,0,0,0,0,0,0
2023-01-16,BUSD,1.000005006790161,1.001117944717407,0.9992740154266356,1.000154972076416,0.99938702583313,1.001263976097107,1.000537991523743,0.0006129741668700062,0.0012639760971069336,0.0012639760971069336,0,0,0,0,0,0,0
2023-01-17,BUSD,1.000177979469299,1.001263976097107,0.99938702583313,1.000537991523743,0.9994570016860962,1.001319050788879,0.999987006187439,0.0005429983139038086,0.0013190507888789504,0.0013190507888789504,0,0,0,0,0,0,0
2023-01-18,BUSD,1.000113010406494,1.001319050788879,0.9994570016860962,0.999987006187439,0.9995920062065125,1.000944018363953,1.000118970870972,0.00040799379348754883,0.0009440183639530808,0.0009440183639530808,0,0,0,0,0,0,0
2023-01-19,BUSD,0.9996349811553956,1.000944018363953,0.9995920062065125,1.000118970870972,0.9990950226783752,1.001217007637024,0.999550998210907,0.0009049773216247559,0.0012170076370239258,0.0012170076370239258,0,0,0,0,0,0,0
2023-01-20,BUSD,1.000182032585144,1.001217007637024,0.9990950226783752,0.999550998210907,0.9990699887275696,1.001127004623413,0.9996259808540344,0.0009300112724304199,0.001127004623413086,0.001127004623413086,0,0,0,0,0,0,0
2023-01-21,BUSD,0.999580979347229,1.001127004623413,0.9990699887275696,0.9996259808540344,0.9991880059242249,1.000946044921875,1.000561952590942,0.0008119940757751465,0.000946044921875,0.000946044921875,0,0,0,0,0,0,0
2023-01-22,BUSD,0.9999819993972778,1.000946044921875,0.9991880059242249,1.000561952590942,0.9994329810142516,1.001041054725647,0.9999099969863892,0.000567018985748402,0.0010410547256469727,0.0010410547256469727,0,0,0,0,0,0,0
2023-01-23,BUSD,1.000666975975037,1.001041054725647,0.9994329810142516,0.9999099969863892,0.9991919994354248,1.001361966133118,0.9997299909591676,0.0008080005645751953,0.0013619661331178978,0.0013619661331178978,0,0,0,0,0,0,0
2023-01-24,BUSD,0.999978005886078,1.001361966133118,0.9991919994354248,0.9997299909591676,0.9993489980697632,1.001070022583008,1.000208973884583,0.0006510019302368164,0.0010700225830080345,0.0010700225830080345,0,0,0,0,0,0,0
2023-01-25,BUSD,1.000108957290649,1.001070022583008,0.9993489980697632,1.000208973884583,0.999559998512268,1.000939011573792,1.000161051750183,0.0004400014877320446,0.000939011573791948,0.000939011573791948,0,0,0,0,0,0,0
2023-01-26,BUSD,1.000012040138245,1.000939011573792,0.999559998512268,1.000161051750183,0.9994339942932128,1.000921010971069,1.000126004219055,0.0005660057067872204,0.0009210109710688918,0.0009210109710688918,0,0,0,0,0,0,0
2023-01-27,BUSD,1.000236034393311,1.000921010971069,0.9994339942932128,1.000126004219055,0.9993209838867188,1.000766038894653,1.000074982643127,0.00067901611328125,0.0007660388946530983,0.0007660388946530983,0,0,0,0,0,0,0
2023-01-28,BUSD,0.9999079704284668,1.000766038894653,0.9993209838867188,1.000074982643127,0.9994289875030518,1.001073956489563,1.000133991241455,0.0005710124969482422,0.0010739564895629883,0.0010739564895629883,0,0,0,0,0,0,0
2023-01-29,BUSD,1.000084042549133,1.001073956489563,0.9994289875030518,1.000133991241455,0.9992539882659912,1.001060009002686,1.000378966331482,0.0007460117340087891,0.001060009002685991,0.001060009002685991,0,0,0,0,0,0,0
2023-01-30,BUSD,1.000151038169861,1.001060009002686,0.9992539882659912,1.000378966331482,0.9995740056037904,1.001212954521179,1.000447034835815,0.0004259943962096058,0.0012129545211789772,0.0012129545211789772,0,0,0,0,0,0,0
2023-01-31,BUSD,1.000491976737976,1.001212954521179,0.9995740056037904,1.000447034835815,0.9992830157279968,1.001209020614624,1.000205993652344,0.0007169842720031738,0.0012090206146240234,0.0012090206146240234,0,0,0,0,0,0,0
2023-02-01,BUSD,1.000444054603577,1.001209020614624,0.9992830157279968,1.000205993652344,0.9992930293083192,1.001199007034302,1.000625967979431,0.0007069706916807972,0.0011990070343019799,0.0011990070343019799,0,0,0,0,0,0,0
2023-02-02,BUSD,1.000159025192261,1.001199007034302,0.9992930293083192,1.000625967979431,0.99930602312088,1.001135945320129,1.000506043434143,0.0006939768791199841,0.0011359453201289504,0.0011359453201289504,0,0,0,0,0,0,0
2023-02-03,BUSD,1.000102996826172,1.001135945320129,0.99930602312088,1.000506043434143,0.9995149970054626,1.001001000404358,0.9998149871826172,0.0004850029945373535,0.0010010004043579102,0.0010010004043579102,0,0,0,0,0,0,0
2023-02-04,BUSD,1.000252962112427,1.001001000404358,0.9995149970054626,0.9998149871826172,0.9991729855537416,1.001307964324951,0.999908983707428,0.0008270144462584339,0.0013079643249509498,0.0013079643249509498,0,0,0,0,0,0,0
2023-02-05,BUSD,1.000097990036011,1.001307964324951,0.9991729855537416,0.999908983707428,0.999541997909546,1.000782012939453,1.0001380443573,0.00045800209045399054,0.000782012939452903,0.000782012939452903,0,0,0,0,0,0,0
2023-02-06,BUSD,1.000219941139221,1.000782012939453,0.999541997909546,1.0001380443573,0.99964702129364,1.000915050506592,1.000040054321289,0.0003529787063599743,0.0009150505065920189,0.0009150505065920189,0,0,0,0,0,0,0
2023-02-07,BUSD,1.00008499622345,1.000915050506592,0.99964702129364,1.000040054321289,0.9995779991149902,1.000710010528564,1.000251054763794,0.0004220008850097656,0.000710010528564009,0.000710010528564009,0,0,0,0,0,0,0
2023-02-08,BUSD,1.000048041343689,1.000710010528564,0.9995779991149902,1.000251054763794,0.999576985836029,1.000591039657593,0.999948024749756,0.00042301416397094727,0.0005910396575929955,0.0005910396575929955,0,0,0,0,0,0,0
2023-02-09,BUSD,1.000218987464905,1.000591039657593,0.999576985836029,0.999948024749756,0.999547004699707,1.000583052635193,1.000144004821777,0.00045299530029296875,0.0005830526351930931,0.0005830526351930931,0,0,0,0,0,0,0
2023-02-10,BUSD,1.000036954879761,1.000583052635193,0.999547004699707,1.000144004821777,0.9997249841690063,1.000499963760376,1.000131011009216,0.00027501583099365234,0.0004999637603759766,0.0004999637603759766,0,0,0,0,0,0,0
2023-02-11,BUSD,1.000054001808167,1.000499963760376,0.9997249841690063,1.000131011009216,0.999455988407135,1.000641942024231,1.000149965286255,0.0005440115928649902,0.000641942024230957,0.000641942024230957,0,0,0,0,0,0,0
2023-02-12,BUSD,1.000313997268677,1.000641942024231,0.999455988407135,1.000149965286255,0.9987890124320984,1.000571966171265,0.9993839859962464,0.0012109875679016113,0.0005719661712650925,0.0012109875679016113,0,0,0,0,0,0,0
2023-02-13,BUSD,1.000288963317871,1.000571966171265,0.9987890124320984,0.9993839859962464,0.9991490244865416,1.000481009483337,0.9999110102653505,0.000850975513458363,0.00048100948333695825,0.000850975513458363,0,0,0,0,0,0,0
2023-02-14,BUSD,0.9993299841880798,1.000481009483337,0.9991490244865416,0.9999110102653505,0.9994320273399352,1.000956058502197,1.000082969665527,0.0005679726600648083,0.0009560585021970436,0.0009560585021970436,0,0,0,0,0,0,0
2023-02-15,BUSD,0.9998850226402284,1.000956058502197,0.9994320273399352,1.000082969665527,0.9993900060653688,1.000584959983826,0.9998390078544616,0.0006099939346312366,0.0005849599838259056,0.0006099939346312366,0,0,0,0,0,0,0
2023-02-16,BUSD,1.00022304058075,1.000584959983826,0.9993900060653688,0.9998390078544616,0.9996070265769958,1.000970005989075,1.000367045402527,0.0003929734230041504,0.0009700059890749291,0.0009700059890749291,0,0,0,0,0,0,0
2023-02-17,BUSD,0.9999039769172668,1.000970005989075,0.9996070265769958,1.000367045402527,0.9995399713516236,1.000733971595764,1.000107049942017,0.0004600286483763538,0.0007339715957639381,0.0007339715957639381,0,0,0,0,0,0,0
2023-02-18,BUSD,1.000380992889404,1.000733971595764,0.9995399713516236,1.000107049942017,0.9995070099830629,1.000851035118103,1.000175952911377,0.0004929900169371448,0.0008510351181030273,0.0008510351181030273,0,0,0,0,0,0,0
2023-02-19,BUSD,1.000048995018005,1.000851035118103,0.9995070099830629,1.000175952911377,0.999637007713318,1.001044988632202,1.000265955924988,0.0003629922866820179,0.0010449886322019264,0.0010449886322019264,0,0,0,0,0,0,0
2023-02-20,BUSD,1.000107049942017,1.001044988632202,0.999637007713318,1.000265955924988,0.9998319745063782,1.000558972358704,1.000264048576355,0.00016802549362182617,0.0005589723587040574,0.0005589723587040574,0,0,0,0,0,0,0
2023-02-21,BUSD,1.000175952911377,1.000558972358704,0.9998319745063782,1.000264048576355,0.9996730089187622,1.000910043716431,1.000246047973633,0.00032699108123779297,0.0009100437164311082,0.0009100437164311082,0,0,0,0,0,0,0
2023-02-22,BUSD,1.000169992446899,1.000910043716431,0.9996730089187622,1.000246047973633,0.9996399879455566,1.000916004180908,1.000295996665955,0.0003600120544433594,0.0009160041809079811,0.0009160041809079811,0,0,0,0,0,0,0
2023-02-23,BUSD,1.000391960144043,1.000916004180908,0.9996399879455566,1.000295996665955,0.9997130036354064,1.000635981559753,1.000300049781799,0.0002869963645936169,0.0006359815597529739,0.0006359815597529739,0,0,0,0,0,0,0
2023-02-24,BUSD,1.000265002250671,1.000635981559753,0.9997130036354064,1.000300049781799,0.999763011932373,1.000668048858643,1.000028967857361,0.00023698806762695312,0.0006680488586430222,0.0006680488586430222,0,0,0,0,0,0,0
2023-02-25,BUSD,1.000301957130432,1.000668048858643,0.999763011932373,1.000028967857361,0.9995329976081848,1.001098036766052,1.000367045402527,0.00046700239181518555,0.001098036766052024,0.001098036766052024,0,0,0,0,0,0,0
2023-02-26,BUSD,1.000085949897766,1.001098036766052,0.9995329976081848,1.000367045402527,0.999459981918335,1.001021981239319,1.000455975532532,0.0005400180816650391,0.0010219812393190697,0.0010219812393190697,0,0,0,0,0,0,0
2023-02-27,BUSD,1.000439047813416,1.001021981239319,0.999459981918335,1.000455975532532,0.9997249841690063,1.001049041748047,1.000193953514099,0.00027501583099365234,0.001049041748047097,0.001049041748047097,0,0,0,0,0,0,0
2023-02-28,BUSD,1.000558018684387,1.001049041748047,0.9997249841690063,1.000193953514099,0.9997389912605286,1.000821948051453,1.000308036804199,0.00026100873947143555,0.0008219480514530808,0.0008219480514530808,0,0,0,0,0,0,0
2023-03-01,BUSD,1.000277996063232,1.000821948051453,0.9997389912605286,1.000308036804199,0.999671995639801,1.000856041908264,1.000141024589539,0.0003280043601989746,0.0008560419082639381,0.0008560419082639381,0,0,0,0,0,0,0
2023-03-02,BUSD,1.000267028808594,1.000856041908264,0.999671995639801,1.000141024589539,0.9990910291671752,1.000630021095276,1.00049901008606,0.000908970832824818,0.000630021095276101,0.000908970832824818,0,0,0,0,0,0,0
2023-03-03,BUSD,1.000442981719971,1.000630021095276,0.9990910291671752,1.00049901008606,0.9995909929275512,1.00078296661377,1.000198006629944,0.0004090070724488415,0.0007829666137699753,0.0007829666137699753,0,0,0,0,0,0,0
2023-03-04,BUSD,1.000445008277893,1.00078296661377,0.9995909929275512,1.000198006629944,0.999796986579895,1.00103497505188,1.000182032585144,0.00020301342010498047,0.0010349750518801049,0.0010349750518801049,0,0,0,0,0,0,0
2023-03-05,BUSD,1.000309944152832,1.00103497505188,0.999796986579895,1.000182032585144,0.9997730255126952,1.000798940658569,1.000290036201477,0.00022697448730479852,0.0007989406585688918,0.0007989406585688918,0,0,0,0,0,0,0
2023-03-06,BUSD,1.000177025794983,1.000798940658569,0.9997730255126952,1.000290036201477,0.999576985836029,1.001178979873657,1.00053596496582,0.00042301416397094727,0.0011789798736570045,0.0011789798736570045,0,0,0,0,0,0,0
2023-03-07,BUSD,1.000255942344666,1.001178979873657,0.999576985836029,1.00053596496582,0.999556005001068,1.001405954360962,1.000375986099243,0.0004439949989319958,0.001405954360961914,0.001405954360961914,0,0,0,0,0,0,0
2023-03-08,BUSD,1.000512957572937,1.001405954360962,0.999556005001068,1.000375986099243,0.9995830059051514,1.001134991645813,1.000231981277466,0.0004169940948486328,0.0011349916458129883,0.0011349916458129883,0,0,0,0,0,0,0
2023-03-09,BUSD,1.000481009483337,1.001134991645813,0.9995830059051514,1.000231981277466,0.9982759952545166,1.001320958137512,0.9989280104637146,0.0017240047454833984,0.001320958137511985,0.0017240047454833984,0,0,0,0,0,0,0
2023-03-10,BUSD,1.000270962715149,1.001320958137512,0.9982759952545166,0.9989280104637146,0.9947649836540222,1.004132986068726,1.000571012496948,0.005235016345977783,0.00413298606872603,0.005235016345977783,0,0,0,0,0,0,0
2023-03-11,BUSD,0.998757004737854,1.004132986068726,0.9947649836540222,1.000571012496948,1.000077962875366,1.010745048522949,1.00346302986145,-7.796287536598889e-05,0.010745048522948997,0.010745048522948997,0,0,1,0,0,0,0
2023-03-12,BUSD,1.000506043434143,1.010745048522949,1.000077962875366,1.00346302986145,0.9983140230178832,1.00599205493927,1.000898003578186,0.0016859769821168102,0.0059920549392700195,0.0059920549392700195,0,0,0,0,0,0,0
2023-03-13,BUSD,1.003553986549377,1.00599205493927,0.9983140230178832,1.000898003578186,0.9982280135154724,1.004577040672302,0.9998220205307008,0.0017719864845275879,0.004577040672302024,0.004577040672302024,0,0,0,0,0,0,0
2023-03-14,BUSD,1.000852942466736,1.004577040672302,0.9982280135154724,0.9998220205307008,0.9982399940490724,1.001422047615051,1.00040602684021,0.0017600059509276234,0.0014220476150510475,0.0017600059509276234,0,0,0,0,0,0,0
2023-03-15,BUSD,0.9996449947357178,1.001422047615051,0.9982399940490724,1.00040602684021,0.9990659952163696,1.001204967498779,1.000200986862183,0.0009340047836303711,0.0012049674987790748,0.0012049674987790748,0,0,0,0,0,0,0
2023-03-16,BUSD,1.000430941581726,1.001204967498779,0.9990659952163696,1.000200986862183,0.9991490244865416,1.002403974533081,1.00101101398468,0.000850975513458363,0.0024039745330810547,0.0024039745330810547,0,0,0,0,0,0,0
2023-03-17,BUSD,1.000293970108032,1.002403974533081,0.9991490244865416,1.00101101398468,0.9987670183181764,1.002627015113831,0.999504029750824,0.0012329816818236194,0.0026270151138310105,0.0026270151138310105,0,0,0,0,0,0,0
2023-03-18,BUSD,1.001031994819641,1.002627015113831,0.9987670183181764,0.999504029750824,0.999185025691986,1.001342058181763,0.9999960064888,0.000814974308014027,0.0013420581817629174,0.0013420581817629174,0,0,0,0,0,0,0
2023-03-19,BUSD,0.9994779825210572,1.001342058181763,0.999185025691986,0.9999960064888,0.9985309839248656,1.001703977584839,0.9989789724349976,0.0014690160751343884,0.0017039775848390892,0.0017039775848390892,0,0,0,0,0,0,0
2023-03-20,BUSD,1.000167012214661,1.001703977584839,0.9985309839248656,0.9989789724349976,0.998058021068573,1.00133204460144,0.9997119903564452,0.001941978931427002,0.0013320446014399856,0.001941978931427002,0,0,0,0,0,0,0
2023-03-21,BUSD,0.9989280104637146,1.00133204460144,0.998058021068573,0.9997119903564452,0.9975910186767578,1.001422047615051,0.9996820092201232,0.0024089813232421875,0.0014220476150510475,0.0024089813232421875,0,0,0,0,0,0,0
2023-03-22,BUSD,0.9999340176582336,1.001422047615051,0.9975910186767578,0.9996820092201232,0.998610019683838,1.001209020614624,0.9994570016860962,0.0013899803161619984,0.0012090206146240234,0.0013899803161619984,0,0,0,0,0,0,0
2023-03-23,BUSD,0.999512016773224,1.001209020614624,0.998610019683838,0.9994570016860962,0.9920589923858644,1.000329971313477,0.9999020099639891,0.007941007614135631,0.0003299713134770066,0.007941007614135631,0,0,0,0,0,0,0
2023-03-24,BUSD,0.999541997909546,1.000329971313477,0.9920589923858644,0.9999020099639891,0.9987040162086488,1.000583052635193,0.9995890259742736,0.0012959837913512073,0.0005830526351930931,0.0012959837913512073,0,0,0,0,0,0,0
2023-03-25,BUSD,1.000056028366089,1.000583052635193,0.9987040162086488,0.9995890259742736,0.9990090131759644,1.000301003456116,0.9999290108680724,0.0009909868240356445,0.0003010034561159447,0.0009909868240356445,0,0,0,0,0,0,0
2023-03-26,BUSD,0.9996280074119568,1.000301003456116,0.9990090131759644,0.9999290108680724,0.9984970092773438,1.000342965126038,0.9997119903564452,0.00150299072265625,0.00034296512603804175,0.00150299072265625,0,0,0,0,0,0,0
2023-03-27,BUSD,0.9999629855155944,1.000342965126038,0.9984970092773438,0.9997119903564452,0.9985010027885436,1.000278949737549,0.9999719858169556,0.0014989972114564099,0.00027894973754905017,0.0014989972114564099,0,0,0,0,0,0,0
2023-03-28,BUSD,0.9996320009231568,1.000278949737549,0.9985010027885436,0.9999719858169556,0.9993829727172852,1.00082004070282,0.9998660087585448,0.0006170272827148438,0.0008200407028200463,0.0008200407028200463,0,0,0,0,0,0,0
2023-03-29,BUSD,0.999925971031189,1.00082004070282,0.9993829727172852,0.9998660087585448,0.9990580081939696,1.000733971595764,0.9997389912605286,0.0009419918060303845,0.0007339715957639381,0.0009419918060303845,0,0,0,0,0,0,0
2023-03-30,BUSD,0.999888002872467,1.000733971595764,0.9990580081939696,0.9997389912605286,0.998544991016388,1.000758051872253,0.9999750256538392,0.0014550089836119495,0.0007580518722529739,0.0014550089836119495,0,0,0,0,0,0,0
2023-03-31,BUSD,0.9998080134391784,1.000758051872253,0.998544991016388,0.9999750256538392,0.9991790056228638,1.000239968299866,0.9994789958000184,0.0008209943771362305,0.0002399682998659447,0.0008209943771362305,0,0,0,0,0,0,0
2023-04-01,BUSD,0.99993097782135,1.000239968299866,0.9991790056228638,0.9994789958000184,0.998773992061615,1.000012040138245,0.9997180104255676,0.0012260079383850098,1.2040138245072995e-05,0.0012260079383850098,0,0,0,0,0,0,0
2023-04-02,BUSD,0.9997550249099731,1.000012040138245,0.998773992061615,0.9997180104255676,0.9990440011024476,1.000195980072021,0.9996169805526732,0.0009559988975523792,0.00019598007202104029,0.0009559988975523792,0,0,0,0,0,0,0
2023-04-03,BUSD,0.9997310042381288,1.000195980072021,0.9990440011024476,0.9996169805526732,0.9992499947547911,1.000288009643555,0.999737024307251,0.0007500052452088513,0.00028800964355490954,0.0007500052452088513,0,0,0,0,0,0,0
2023-04-04,BUSD,0.9996730089187622,1.000288009643555,0.9992499947547911,0.999737024307251,0.9990540146827698,1.00048303604126,0.9996169805526732,0.0009459853172302246,0.00048303604125998767,0.0009459853172302246,0,0,0,0,0,0,0
2023-04-05,BUSD,0.9998990297317504,1.00048303604126,0.9990540146827698,0.9996169805526732,0.9991509914398192,1.000378012657166,1.000200986862183,0.0008490085601807751,0.00037801265716597143,0.0008490085601807751,0,0,0,0,0,0,0
2023-04-06,BUSD,0.9996410012245178,1.000378012657166,0.9991509914398192,1.000200986862183,0.9992089867591858,1.000453948974609,1.000058054924011,0.000791013240814209,0.0004539489746089309,0.000791013240814209,0,0,0,0,0,0,0
2023-04-07,BUSD,1.000017046928406,1.000453948974609,0.9992089867591858,1.000058054924011,0.9993900060653688,1.000342965126038,0.9997779726982116,0.0006099939346312366,0.00034296512603804175,0.0006099939346312366,0,0,0,0,0,0,0
2023-04-08,BUSD,0.9999070167541504,1.000342965126038,0.9993900060653688,0.9997779726982116,0.9993429780006408,1.000313997268677,0.999891996383667,0.0006570219993592419,0.00031399726867697986,0.0006570219993592419,0,0,0,0,0,0,0
2023-04-09,BUSD,0.9998019933700562,1.000313997268677,0.9993429780006408,0.999891996383667,0.9992420077323914,1.002182006835938,1.000015020370483,0.0007579922676086426,0.002182006835937944,0.002182006835937944,0,0,0,0,0,0,0
2023-04-10,BUSD,0.9997469782829284,1.002182006835938,0.9992420077323914,1.000015020370483,0.9995409846305848,1.000568032264709,1.00029194355011,0.0004590153694151722,0.0005680322647090286,0.0005680322647090286,0,0,0,0,0,0,0
2023-04-11,BUSD,1.000028014183044,1.000568032264709,0.9995409846305848,1.00029194355011,0.9987810254096984,1.000838041305542,1.00031304359436,0.0012189745903016247,0.0008380413055419922,0.0012189745903016247,0,0,0,0,0,0,0
2023-04-12,BUSD,1.00039005279541,1.000838041305542,0.9987810254096984,1.00031304359436,0.9997529983520508,1.00096595287323,1.000561952590942,0.00024700164794921875,0.0009659528732299805,0.0009659528732299805,0,0,0,0,0,0,0
2023-04-13,BUSD,0.9997529983520508,1.00096595287323,0.9997529983520508,1.000561952590942,0.9998630285263062,1.001077055931091,1.000553011894226,0.00013697147369384766,0.0010770559310910865,0.0010770559310910865,0,0,0,0,0,0,0
2023-04-14,BUSD,1.000617027282715,1.001077055931091,0.9998630285263062,1.000553011894226,0.9999510049819946,1.000974059104919,1.000493049621582,4.8995018005371094e-05,0.0009740591049189895,0.0009740591049189895,0,0,0,0,0,0,0
2023-04-15,BUSD,1.00052797794342,1.000974059104919,0.9999510049819946,1.000493049621582,0.9995539784431458,1.000885009765625,1.000233054161072,0.00044602155685424805,0.000885009765625,0.000885009765625,0,0,0,0,0,0,0
2023-04-16,BUSD,1.000516057014465,1.000885009765625,0.9995539784431458,1.000233054161072,0.9993090033531188,1.000849008560181,0.9999979734420776,0.0006909966468812145,0.0008490085601811082,0.0008490085601811082,0,0,0,0,0,0,0
2023-04-17,BUSD,1.000201940536499,1.000849008560181,0.9993090033531188,0.9999979734420776,0.9993829727172852,1.000648975372314,1.00025999546051,0.0006170272827148438,0.000648975372314009,0.000648975372314009,0,0,0,0,0,0,0
2023-04-18,BUSD,1.000084042549133,1.000648975372314,0.9993829727172852,1.00025999546051,0.999081015586853,1.000722050666809,0.9997680187225342,0.0009189844131469727,0.000722050666809082,0.0009189844131469727,0,0,0,0,0,0,0
2023-04-19,BUSD,1.00026798248291,1.000722050666809,0.999081015586853,0.9997680187225342,0.9989839792251588,1.001026034355164,0.9997770190238952,0.0010160207748411976,0.0010260343551640183,0.0010260343551640183,0,0,0,0,0,0,0
2023-04-20,BUSD,0.9998480081558228,1.001026034355164,0.9989839792251588,0.9997770190238952,0.9981330037117004,1.000939011573792,1.000200033187866,0.0018669962882995605,0.000939011573791948,0.0018669962882995605,0,0,0,0,0,0,0
2023-04-21,BUSD,0.9998769760131836,1.000939011573792,0.9981330037117004,1.000200033187866,0.9994819760322572,1.001726031303406,0.9999399781227112,0.0005180239677428089,0.0017260313034059838,0.0017260313034059838,0,0,0,0,0,0,0
2023-04-22,BUSD,1.000193953514099,1.001726031303406,0.9994819760322572,0.9999399781227112,0.9995049834251404,1.001083970069885,0.9997410178184508,0.0004950165748596191,0.0010839700698850319,0.0010839700698850319,0,0,0,0,0,0,0
2023-04-23,BUSD,0.9999470114707948,1.001083970069885,0.9995049834251404,0.9997410178184508,0.9991419911384584,1.000509023666382,1.0,0.000858008861541637,0.000509023666382058,0.000858008861541637,0,0,0,0,0,0,0
2023-04-24,BUSD,0.9997220039367676,1.000509023666382,0.9991419911384584,1.0,0.999530017375946,1.000676989555359,0.99993497133255,0.0004699826240539551,0.0006769895553591088,0.0006769895553591088,0,0,0,0,0,0,0
2023-04-25,BUSD,0.9999849796295166,1.000676989555359,0.999530017375946,0.99993497133255,0.99864399433136,1.00069797039032,1.000216007232666,0.0013560056686400257,0.0006979703903200463,0.0013560056686400257,0,0,0,0,0,0,0
2023-04-26,BUSD,0.9999570250511168,1.00069797039032,0.99864399433136,1.000216007232666,0.9993510246276855,1.001206994056702,0.9998229742050172,0.0006489753723144531,0.0012069940567021042,0.0012069940567021042,0,0,0,0,0,0,0
2023-04-27,BUSD,1.000169038772583,1.001206994056702,0.9993510246276855,0.9998229742050172,0.999422013759613,1.000785946846008,1.000421047210693,0.0005779862403869629,0.0007859468460080787,0.0007859468460080787,0,0,0,0,0,0,0
2023-04-28,BUSD,0.9997900128364564,1.000785946846008,0.999422013759613,1.000421047210693,0.9999719858169556,1.000748991966248,1.000236034393311,2.8014183044433594e-05,0.0007489919662480027,0.0007489919662480027,0,0,0,0,0,0,0
2023-04-29,BUSD,1.00042998790741,1.000748991966248,0.9999719858169556,1.000236034393311,0.999680995941162,1.001158952713013,1.000177979469299,0.00031900405883800165,0.0011589527130129174,0.0011589527130129174,0,0,0,0,0,0,0
2023-04-30,BUSD,1.00022304058075,1.001158952713013,0.999680995941162,1.000177979469299,0.9988420009613036,1.001309037208557,0.999701976776123,0.0011579990386964,0.0013090372085569069,0.0013090372085569069,0,0,0,0,0,0,0
2023-05-01,BUSD,1.000208020210266,1.001309037208557,0.9988420009613036,0.999701976776123,0.9992420077323914,1.000910997390747,0.9999570250511168,0.0007579922676086426,0.0009109973907470703,0.0009109973907470703,0,0,0,0,0,0,0
2023-05-02,BUSD,0.9997659921646118,1.000910997390747,0.9992420077323914,0.9999570250511168,0.9997190237045288,1.001108050346375,1.000437021255493,0.0002809762954711914,0.0011080503463749558,0.0011080503463749558,0,0,0,0,0,0,0
2023-05-03,BUSD,0.9999840259552002,1.001108050346375,0.9997190237045288,1.000437021255493,0.99993097782135,1.000771045684814,1.000416994094849,6.902217865001337e-05,0.000771045684814009,0.000771045684814009,0,0,0,0,0,0,0
2023-05-04,BUSD,1.000444054603577,1.000771045684814,0.99993097782135,1.000416994094849,1.0001620054245,1.001587986946106,1.000920057296753,-0.0001620054244999558,0.001587986946105957,0.001587986946105957,0,0,0,0,0,0,0
2023-05-05,BUSD,1.000411033630371,1.001587986946106,1.0001620054245,1.000920057296753,1.000334024429321,1.002025008201599,1.00117301940918,-0.000334024429321067,0.002025008201598899,0.002025008201598899,0,0,0,0,0,0,0
2023-05-06,BUSD,1.000920057296753,1.002025008201599,1.000334024429321,1.00117301940918,0.9999949932098388,1.001644968986511,1.001147031784058,5.006790161243835e-06,0.0016449689865110084,0.0016449689865110084,0,0,0,0,0,0,0
2023-05-07,BUSD,1.001145005226135,1.001644968986511,0.9999949932098388,1.001147031784058,0.9997929930686952,1.001536011695862,1.000648021697998,0.00020700693130482062,0.0015360116958620385,0.0015360116958620385,0,0,0,0,0,0,0
2023-05-08,BUSD,1.000978946685791,1.001536011695862,0.9997929930686952,1.000648021697998,0.9999210238456726,1.001036047935486,1.000375032424927,7.897615432739258e-05,0.0010360479354860619,0.0010360479354860619,0,0,0,0,0,0,0
2023-05-09,BUSD,1.000692009925842,1.001036047935486,0.9999210238456726,1.000375032424927,0.9991030097007751,1.001976013183594,1.000412940979004,0.0008969902992248535,0.001976013183593972,0.001976013183593972,0,0,0,0,0,0,0
2023-05-10,BUSD,1.000444054603577,1.001976013183594,0.9991030097007751,1.000412940979004,0.9993249773979188,1.001024961471558,1.000257015228271,0.0006750226020811878,0.0010249614715580613,0.0010249614715580613,0,0,0,0,0,0,0
2023-05-11,BUSD,1.000463008880615,1.001024961471558,0.9993249773979188,1.000257015228271,0.9996039867401124,1.001029014587402,1.00036096572876,0.0003960132598875843,0.0010290145874018997,0.0010290145874018997,0,0,0,0,0,0,0
2023-05-12,BUSD,1.000298023223877,1.001029014587402,0.9996039867401124,1.00036096572876,1.000092029571533,1.000924944877625,1.000502943992615,-9.202957153298108e-05,0.0009249448776249558,0.0009249448776249558,0,0,0,0,0,0,0
2023-05-13,BUSD,1.000295996665955,1.000924944877625,1.000092029571533,1.000502943992615,0.9998520016670228,1.000723004341125,1.000308990478516,0.0001479983329771839,0.0007230043411250442,0.0007230043411250442,0,0,0,0,0,0,0
2023-05-14,BUSD,1.000517964363098,1.000723004341125,0.9998520016670228,1.000308990478516,0.999504029750824,1.001062035560608,0.9998310208320618,0.0004959702491760254,0.0010620355606079102,0.0010620355606079102,0,0,0,0,0,0,0
2023-05-15,BUSD,1.000287055969238,1.001062035560608,0.999504029750824,0.9998310208320618,0.9994300007820128,1.000643968582153,1.0000079870224,0.0005699992179871716,0.0006439685821530983,0.0006439685821530983,0,0,0,0,0,0,0
2023-05-16,BUSD,0.9998769760131836,1.000643968582153,0.9994300007820128,1.0000079870224,0.9994800090789796,1.00061297416687,1.000195980072021,0.0005199909210203968,0.0006129741668698951,0.0006129741668698951,0,0,0,0,0,0,0
2023-05-17,BUSD,1.000020027160645,1.00061297416687,0.9994800090789796,1.000195980072021,0.9994969964027404,1.000661015510559,0.9997599720954896,0.0005030035972596325,0.000661015510559082,0.000661015510559082,0,0,0,0,0,0,0
2023-05-18,BUSD,1.000200033187866,1.000661015510559,0.9994969964027404,0.9997599720954896,0.9994249939918518,1.000416040420532,1.000002026557922,0.0005750060081481934,0.0004160404205320045,0.0005750060081481934,0,0,0,0,0,0,0
2023-05-19,BUSD,0.999809980392456,1.000416040420532,0.9994249939918518,1.000002026557922,0.9997360110282898,1.000416994094849,1.000216960906982,0.0002639889717102051,0.0004169940948490769,0.0004169940948490769,0,0,0,0,0,0,0
2023-05-20,BUSD,1.000058054924011,1.000416994094849,0.9997360110282898,1.000216960906982,0.999809980392456,1.000440955162048,0.9999849796295166,0.0001900196075439453,0.00044095516204789575,0.00044095516204789575,0,0,0,0,0,0,0
2023-05-21,BUSD,1.000237941741943,1.000440955162048,0.999809980392456,0.9999849796295166,0.9995179772377014,1.000396013259888,0.9999859929084778,0.000482022762298584,0.00039601325988791736,0.000482022762298584,0,0,0,0,0,0,0
2023-05-22,BUSD,0.9999359846115112,1.000396013259888,0.9995179772377014,0.9999859929084778,0.9994480013847352,1.00061297416687,0.9998959898948668,0.0005519986152647816,0.0006129741668698951,0.0006129741668698951,0,0,0,0,0,0,0
2023-05-23,BUSD,0.9999589920043944,1.00061297416687,0.9994480013847352,0.9998959898948668,0.99925297498703,1.000161051750183,0.9997159838676452,0.0007470250129699707,0.00016105175018310547,0.0007470250129699707,0,0,0,0,0,0,0
2023-05-24,BUSD,0.999904990196228,1.000161051750183,0.99925297498703,0.9997159838676452,0.9991580247879028,1.000051021575928,0.999891996383667,0.000841975212097168,5.102157592795642e-05,0.000841975212097168,0,0,0,0,0,0,0
2023-05-25,BUSD,0.999710977077484,1.000051021575928,0.9991580247879028,0.999891996383667,0.9995520114898682,1.000556945800781,1.000211954116821,0.00044798851013183594,0.000556945800781028,0.000556945800781028,0,0,0,0,0,0,0
2023-05-26,BUSD,0.9998909831047058,1.000556945800781,0.9995520114898682,1.000211954116821,0.999970018863678,1.000542044639587,1.000355958938599,2.9981136322021484e-05,0.0005420446395869583,0.0005420446395869583,0,0,0,0,0,0,0
2023-05-27,BUSD,1.000201940536499,1.000542044639587,0.999970018863678,1.000355958938599,0.9996880292892456,1.000874996185303,1.000148057937622,0.00031197071075439453,0.0008749961853029564,0.0008749961853029564,0,0,0,0,0,0,0
2023-05-28,BUSD,1.000332951545715,1.000874996185303,0.9996880292892456,1.000148057937622,0.9994940161705016,1.00075101852417,0.999974012374878,0.000505983829498402,0.0007510185241699219,0.0007510185241699219,0,0,0,0,0,0,0
2023-05-29,BUSD,1.000195026397705,1.00075101852417,0.9994940161705016,0.999974012374878,0.99965500831604,1.00075101852417,1.000161051750183,0.00034499168395996094,0.0007510185241699219,0.0007510185241699219,0,0,0,0,0,0,0
2023-05-30,BUSD,0.9999619722366332,1.00075101852417,0.99965500831604,1.000161051750183,0.999226987361908,1.000478029251099,1.000167012214661,0.000773012638092041,0.0004780292510990769,0.000773012638092041,0,0,0,0,0,0,0
2023-05-31,BUSD,1.000177979469299,1.000478029251099,0.999226987361908,1.000167012214661,0.9996280074119568,1.000501036643982,1.000066995620728,0.0003719925880432129,0.0005010366439819336,0.0005010366439819336,0,0,0,0,0,0,0
2023-06-01,BUSD,1.000195026397705,1.000501036643982,0.9996280074119568,1.000066995620728,0.9997900128364564,1.000504970550537,1.000296950340271,0.00020998716354359015,0.0005049705505371094,0.0005049705505371094,0,0,0,0,0,0,0
2023-06-02,BUSD,1.000049948692322,1.000504970550537,0.9997900128364564,1.000296950340271,0.9992460012435912,1.000555038452148,1.000180959701538,0.0007539987564088024,0.0005550384521479934,0.0007539987564088024,0,0,0,0,0,0,0
2023-06-03,BUSD,1.000301003456116,1.000555038452148,0.9992460012435912,1.000180959701538,0.9998700022697448,1.000434041023254,1.000156998634338,0.00012999773025523798,0.00043404102325395044,0.00043404102325395044,0,0,0,0,0,0,0
2023-06-04,BUSD,1.000211954116821,1.000434041023254,0.9998700022697448,1.000156998634338,0.9988510012626648,1.000332951545715,0.999783992767334,0.001148998737335205,0.00033295154571511,0.001148998737335205,0,0,0,0,0,0,0
2023-06-05,BUSD,1.000125050544739,1.000332951545715,0.9988510012626648,0.999783992767334,0.9992899894714355,1.000574946403503,0.9997910261154176,0.0007100105285644531,0.0005749464035029739,0.0007100105285644531,0,0,0,0,0,0,0
2023-06-06,BUSD,0.9997329711914062,1.000574946403503,0.9992899894714355,0.9997910261154176,0.9991310238838196,1.000321984291077,0.9998430013656616,0.0008689761161804199,0.00032198429107710425,0.0008689761161804199,0,0,0,0,0,0,0
2023-06-07,BUSD,0.999770998954773,1.000321984291077,0.9991310238838196,0.9998430013656616,0.9993759989738464,1.00029194355011,0.9998850226402284,0.0006240010261535645,0.0002919435501100853,0.0006240010261535645,0,0,0,0,0,0,0
2023-06-08,BUSD,0.9998760223388672,1.00029194355011,0.9993759989738464,0.9998850226402284,0.9992660284042358,1.000409007072449,0.9999679923057556,0.0007339715957641602,0.0004090070724489525,0.0007339715957641602,0,0,0,0,0,0,0
2023-06-09,BUSD,0.9999150037765504,1.000409007072449,0.9992660284042358,0.9999679923057556,0.9972730278968812,1.000550985336304,0.9996150135993958,0.0027269721031187855,0.000550985336303933,0.0027269721031187855,0,0,0,0,0,0,0
2023-06-10,BUSD,0.999966025352478,1.000550985336304,0.9972730278968812,0.9996150135993958,0.9993919730186462,1.00019896030426,0.9997640252113342,0.0006080269813537598,0.00019896030426003186,0.0006080269813537598,0,0,0,0,0,0,0
2023-06-11,BUSD,0.9996529817581176,1.00019896030426,0.9993919730186462,0.9997640252113342,0.9988330006599426,1.000277042388916,0.999758005142212,0.001166999340057373,0.0002770423889160156,0.001166999340057373,0,0,0,0,0,0,0
2023-06-12,BUSD,0.9996110200881958,1.000277042388916,0.9988330006599426,0.999758005142212,0.9989449977874756,1.000695943832397,0.999813973903656,0.001055002212524414,0.0006959438323970168,0.001055002212524414,0,0,0,0,0,0,0
2023-06-13,BUSD,0.9997439980506896,1.000695943832397,0.9989449977874756,0.999813973903656,0.9983590245246888,1.000133037567139,0.9996579885482788,0.0016409754753111683,0.00013303756713889392,0.0016409754753111683,0,0,0,0,0,0,0
2023-06-14,BUSD,0.999809980392456,1.000133037567139,0.9983590245246888,0.9996579885482788,0.9970329999923706,1.000450015068054,0.9997069835662842,0.0029670000076293945,0.0004500150680539772,0.0029670000076293945,0,0,0,0,0,0,0
2023-06-15,BUSD,0.9996740221977234,1.000450015068054,0.9970329999923706,0.9997069835662842,0.9993339776992798,1.001358985900879,1.000079035758972,0.0006660223007202148,0.0013589859008789062,0.0013589859008789062,0,0,0,0,0,0,0
2023-06-16,BUSD,0.999684989452362,1.001358985900879,0.9993339776992798,1.000079035758972,0.9997130036354064,1.000730037689209,1.000082969665527,0.0002869963645936169,0.0007300376892089844,0.0007300376892089844,0,0,0,0,0,0,0
2023-06-17,BUSD,1.000090003013611,1.000730037689209,0.9997130036354064,1.000082969665527,0.9985129833221436,1.000563025474548,0.9999960064888,0.0014870166778564453,0.0005630254745478958,0.0014870166778564453,0,0,0,0,0,0,0
2023-06-18,BUSD,1.000046968460083,1.000563025474548,0.9985129833221436,0.9999960064888,0.999468982219696,1.000430941581726,1.000200033187866,0.0005310177803039551,0.0004309415817260742,0.0005310177803039551,0,0,0,0,0,0,0
2023-06-19,BUSD,1.000008940696716,1.000430941581726,0.999468982219696,1.000200033187866,0.9996950030326844,1.001667022705078,1.000728011131287,0.0003049969673155628,0.001667022705077903,0.001667022705077903,0,0,0,0,0,0,0
2023-06-20,BUSD,1.000128030776978,1.001667022705078,0.9996950030326844,1.000728011131287,0.9993939995765686,1.001402020454407,1.000098943710327,0.0006060004234313965,0.0014020204544069603,0.0014020204544069603,0,0,0,0,0,0,0
2023-06-21,BUSD,1.000735998153687,1.001402020454407,0.9993939995765686,1.000098943710327,0.9992669820785522,1.000774025917053,0.9998469948768616,0.0007330179214477539,0.0007740259170530006,0.0007740259170530006,0,0,0,0,0,0,0
2023-06-22,BUSD,1.000074028968811,1.000774025917053,0.9992669820785522,0.9998469948768616,0.9993659853935242,1.001065015792847,1.00049102306366,0.0006340146064758301,0.0010650157928469017,0.0010650157928469017,0,0,0,0,0,0,0
2023-06-23,BUSD,0.9998499751091005,1.001065015792847,0.9993659853935242,1.00049102306366,0.9998549818992616,1.000784993171692,1.000216960906982,0.00014501810073841437,0.0007849931716918945,0.0007849931716918945,0,0,0,0,0,0,0
2023-06-24,BUSD,1.000463008880615,1.000784993171692,0.9998549818992616,1.000216960906982,0.999737024307251,1.000623941421509,1.00029194355011,0.00026297569274902344,0.0006239414215090111,0.0006239414215090111,0,0,0,0,0,0,0
2023-06-25,BUSD,1.000216960906982,1.000623941421509,0.999737024307251,1.00029194355011,0.9988920092582704,1.000570058822632,1.000008940696716,0.0011079907417296253,0.000570058822632058,0.0011079907417296253,0,0,0,0,0,0,0
2023-06-26,BUSD,1.000249981880188,1.000570058822632,0.9988920092582704,1.000008940696716,0.9994339942932128,1.000568032264709,0.9999030232429504,0.0005660057067872204,0.0005680322647090286,0.0005680322647090286,0,0,0,0,0,0,0
2023-06-27,BUSD,1.000054001808167,1.000568032264709,0.9994339942932128,0.9999030232429504,0.9988009929656982,1.000270962715149,0.9996389746665956,0.0011990070343017578,0.0002709627151489258,0.0011990070343017578,0,0,0,0,0,0,0
2023-06-28,BUSD,0.9999489784240724,1.000270962715149,0.9988009929656982,0.9996389746665956,0.9994289875030518,1.00098705291748,0.999853014945984,0.0005710124969482422,0.0009870529174800247,0.0009870529174800247,0,0,0,0,0,0,0
2023-06-29,BUSD,0.9996910095214844,1.00098705291748,0.9994289875030518,0.999853014945984,0.9972789883613586,1.001778960227966,1.000370025634766,0.0027210116386413574,0.0017789602279660865,0.0027210116386413574,0,0,0,0,0,0,0
2023-06-30,BUSD,0.9997779726982116,1.001778960227966,0.9972789883613586,1.000370025634766,0.9996560215950012,1.000604033470154,1.000169992446899,0.0003439784049987793,0.0006040334701540306,0.0006040334701540306,0,0,0,0,0,0,0
2023-07-01,BUSD,1.000377058982849,1.000604033470154,0.9996560215950012,1.000169992446899,0.9984899759292604,1.000687956809998,1.000131964683533,0.001510024070739635,0.0006879568099980027,0.001510024070739635,0,0,0,0,0,0,0
2023-07-02,BUSD,1.000254988670349,1.000687956809998,0.9984899759292604,1.000131964683533,0.9996820092201232,1.00066602230072,1.000177979469299,0.00031799077987682,0.0006660223007199928,0.0006660223007199928,0,0,0,0,0,0,0
2023-07-03,BUSD,1.000201940536499,1.00066602230072,0.9996820092201232,1.000177979469299,0.9995329976081848,1.000687956809998,1.000059962272644,0.00046700239181518555,0.0006879568099980027,0.0006879568099980027,0,0,0,0,0,0,0
2023-07-04,BUSD,1.000064015388489,1.000687956809998,0.9995329976081848,1.000059962272644,0.9995999932289124,1.000520944595337,1.000061988830566,0.0004000067710876465,0.0005209445953369141,0.0005209445953369141,0,0,0,0,0,0,0
2023-07-05,BUSD,1.000149965286255,1.000520944595337,0.9995999932289124,1.000061988830566,0.999550998210907,1.000615954399109,0.999862015247345,0.0004490017890930176,0.0006159543991091088,0.0006159543991091088,0,0,0,0,0,0,0
2023-07-06,BUSD,1.000008940696716,1.000615954399109,0.999550998210907,0.999862015247345,0.9995089769363404,1.000717043876648,1.000188946723938,0.000491023063659557,0.0007170438766479492,0.0007170438766479492,0,0,0,0,0,0,0
2023-07-07,BUSD,0.9999529719352722,1.000717043876648,0.9995089769363404,1.000188946723938,0.9998250007629396,1.000645041465759,1.000144004821777,0.00017499923706043585,0.0006450414657590553,0.0006450414657590553,0,0,0,0,0,0,0
2023-07-08,BUSD,1.000146985054016,1.000645041465759,0.9998250007629396,1.000144004821777,0.9998250007629396,1.000676989555359,1.000038981437683,0.00017499923706043585,0.0006769895553591088,0.0006769895553591088,0,0,0,0,0,0,0
2023-07-09,BUSD,1.000174999237061,1.000676989555359,0.9998250007629396,1.000038981437683,0.9995750188827516,1.000529050827026,1.000074028968811,0.00042498111724842413,0.0005290508270259231,0.0005290508270259231,0,0,0,0,0,0,0
2023-07-10,BUSD,1.000064015388489,1.000529050827026,0.9995750188827516,1.000074028968811,0.9997559785842896,1.000509977340698,1.000151991844177,0.00024402141571044922,0.0005099773406980201,0.0005099773406980201,0,0,0,0,0,0,0
2023-07-11,BUSD,1.000090003013611,1.000509977340698,0.9997559785842896,1.000151991844177,0.9995999932289124,1.000959992408752,0.9999489784240724,0.0004000067710876465,0.0009599924087519973,0.0009599924087519973,0,0,0,0,0,0,0
2023-07-12,BUSD,1.000076055526733,1.000959992408752,0.9995999932289124,0.9999489784240724,0.9997649788856506,1.001548051834106,1.000669956207275,0.00023502111434936523,0.0015480518341060012,0.0015480518341060012,0,0,0,0,0,0,0
2023-07-13,BUSD,0.9999600052833556,1.001548051834106,0.9997649788856506,1.000669956207275,0.9997820258140564,1.000761985778809,1.000602006912231,0.00021797418594360352,0.0007619857788090378,0.0007619857788090378,0,0,0,0,0,0,0
2023-07-14,BUSD,1.000684022903442,1.000761985778809,0.9997820258140564,1.000602006912231,0.9998030066490172,1.000779986381531,1.0001300573349,0.00019699335098277704,0.0007799863815309838,0.0007799863815309838,0,0,0,0,0,0,0
2023-07-15,BUSD,1.000556945800781,1.000779986381531,0.9998030066490172,1.0001300573349,0.999215006828308,1.000677943229675,1.00009298324585,0.0007849931716920056,0.0006779432296750709,0.0007849931716920056,0,0,0,0,0,0,0
2023-07-16,BUSD,1.000067949295044,1.000677943229675,0.999215006828308,1.00009298324585,0.9996680021286012,1.000427007675171,0.9999809861183168,0.00033199787139881476,0.00042700767517089844,0.00042700767517089844,0,0,0,0,0,0,0
2023-07-17,BUSD,1.0001460313797,1.000427007675171,0.9996680021286012,0.9999809861183168,0.999550998210907,1.000547051429749,1.000177979469299,0.0004490017890930176,0.0005470514297489792,0.0005470514297489792,0,0,0,0,0,0,0
2023-07-18,BUSD,0.9999629855155944,1.000547051429749,0.999550998210907,1.000177979469299,0.9995030164718628,1.000437021255493,1.000025987625122,0.000496983528137207,0.000437021255492942,0.000496983528137207,0,0,0,0,0,0,0
2023-07-19,BUSD,1.000156044960022,1.000437021255493,0.9995030164718628,1.000025987625122,0.9996479749679564,1.00046694278717,1.000108957290649,0.00035202503204356805,0.00046694278716996607,0.00046694278716996607,0,0,0,0,0,0,0
2023-07-20,BUSD,1.000044941902161,1.00046694278717,0.9996479749679564,1.000108957290649,0.9997509717941284,1.00047504901886,1.000190019607544,0.00024902820587158203,0.0004750490188600853,0.0004750490188600853,0,0,0,0,0,0,0
2023-07-21,BUSD,1.000108003616333,1.00047504901886,0.9997509717941284,1.000190019607544,0.9998720288276672,1.000687003135681,1.000072002410889,0.00012797117233276367,0.0006870031356809303,0.0006870031356809303,0,0,0,0,0,0,0
2023-07-22,BUSD,1.000161051750183,1.000687003135681,0.9998720288276672,1.000072002410889,0.9996539950370787,1.000524997711182,0.9999409914016724,0.0003460049629212536,0.0005249977111820847,0.0005249977111820847,0,0,0,0,0,0,0
2023-07-23,BUSD,1.000085949897766,1.000524997711182,0.9996539950370787,0.9999409914016724,0.9993420243263244,1.000502943992615,1.000005006790161,0.0006579756736756481,0.0005029439926149681,0.0006579756736756481,0,0,0,0,0,0,0
2023-07-24,BUSD,0.999886989593506,1.000502943992615,0.9993420243263244,1.000005006790161,0.9997940063476562,1.000493049621582,0.9999819993972778,0.00020599365234375,0.0004930496215820312,0.0004930496215820312,0,0,0,0,0,0,0
2023-07-25,BUSD,1.000044941902161,1.000493049621582,0.9997940063476562,0.9999819993972778,0.9996190071105956,1.000566005706787,0.9999679923057556,0.0003809928894044079,0.0005660057067871094,0.0005660057067871094,0,0,0,0,0,0,0
2023-07-26,BUSD,0.9999960064888,1.000566005706787,0.9996190071105956,0.9999679923057556,0.9996950030326844,1.000331044197083,0.9999610185623168,0.0003049969673155628,0.0003310441970829636,0.0003310441970829636,0,0,0,0,0,0,0
2023-07-27,BUSD,0.9999549984931946,1.000331044197083,0.9996950030326844,0.9999610185623168,0.9994909763336182,1.000504016876221,1.000290989875793,0.0005090236663818359,0.0005040168762209252,0.0005090236663818359,0,0,0,0,0,0,0
2023-07-28,BUSD,0.9999629855155944,1.000504016876221,0.9994909763336182,1.000290989875793,0.9998329877853394,1.000594973564148,1.000167012214661,0.00016701221466064453,0.0005949735641479492,0.0005949735641479492,0,0,0,0,0,0,0
2023-07-29,BUSD,1.000221967697144,1.000594973564148,0.9998329877853394,1.000167012214661,0.9998509883880616,1.000655055046082,0.9999939799308776,0.00014901161193836554,0.0006550550460819871,0.0006550550460819871,0,0,0,0,0,0,0
2023-07-30,BUSD,1.000180959701538,1.000655055046082,0.9998509883880616,0.9999939799308776,0.999439001083374,1.000442028045654,1.000026941299438,0.0005609989166259766,0.00044202804565407483,0.0005609989166259766,0,0,0,0,0,0,0
2023-07-31,BUSD,0.9999669790267944,1.000442028045654,0.999439001083374,1.000026941299438,0.999351978302002,1.001091003417969,1.000347018241882,0.0006480216979980469,0.001091003417968972,0.001091003417968972,0,0,0,0,0,0,0
2023-08-01,BUSD,0.9999769926071168,1.001091003417969,0.999351978302002,1.000347018241882,0.9996790289878844,1.000576019287109,0.9998769760131836,0.00032097101211558954,0.0005760192871089309,0.0005760192871089309,0,0,0,0,0,0,0
2023-08-02,BUSD,1.000296950340271,1.000576019287109,0.9996790289878844,0.9998769760131836,0.9993460178375244,1.000408053398132,1.000201940536499,0.0006539821624755859,0.0004080533981321022,0.0006539821624755859,0,0,0,0,0,0,0
2023-08-03,BUSD,0.9998800158500672,1.000408053398132,0.9993460178375244,1.000201940536499,0.998203992843628,1.000491976737976,0.9999610185623168,0.0017960071563719593,0.0004919767379760742,0.0017960071563719593,0,0,0,0,0,0,0
2023-08-04,BUSD,1.000159025192261,1.000491976737976,0.998203992843628,0.9999610185623168,0.9997180104255676,1.000465989112854,1.000197052955627,0.00028198957443237305,0.0004659891128540039,0.0004659891128540039,0,0,0,0,0,0,0
2023-08-05,BUSD,0.9999849796295166,1.000465989112854,0.9997180104255676,1.000197052955627,0.9995160102844238,1.000512003898621,0.9996219873428344,0.0004839897155761719,0.0005120038986210496,0.0005120038986210496,0,0,0,0,0,0,0
2023-08-06,BUSD,1.000187993049622,1.000512003898621,0.9995160102844238,0.9996219873428344,0.9993159770965576,1.000354051589966,1.000164985656738,0.0006840229034423828,0.00035405158996604236,0.0006840229034423828,0,0,0,0,0,0,0
2023-08-07,BUSD,0.9996179938316344,1.000354051589966,0.9993159770965576,1.000164985656738,0.999891996383667,1.001559972763062,1.000646948814392,0.00010800361633300781,0.0015599727630619675,0.0015599727630619675,0,0,0,0,0,0,0
2023-08-08,BUSD,1.000126957893372,1.001559972763062,0.999891996383667,1.000646948814392,1.000030994415283,1.001041054725647,1.000218987464905,-3.099441528298108e-05,0.0010410547256469727,0.0010410547256469727,0,0,0,0,0,0,0
2023-08-09,BUSD,1.00068199634552,1.001041054725647,1.000030994415283,1.000218987464905,0.999571979045868,1.000473976135254,1.000113964080811,0.00042802095413196906,0.00047397613525390625,0.00047397613525390625,0,0,0,0,0,0,0
2023-08-10,BUSD,1.000234007835388,1.000473976135254,0.999571979045868,1.000113964080811,0.9996989965438844,1.00055205821991,1.000087022781372,0.00030100345611561163,0.00055205821990989,0.00055205821990989,0,0,0,0,0,0,0
2023-08-11,BUSD,1.000118970870972,1.00055205821991,0.9996989965438844,1.000087022781372,0.9999949932098388,1.000568032264709,1.000174045562744,5.006790161243835e-06,0.0005680322647090286,0.0005680322647090286,0,0,0,0,0,0,0
2023-08-12,BUSD,1.000061988830566,1.000568032264709,0.9999949932098388,1.000174045562744,0.9997310042381288,1.00042200088501,0.9998430013656616,0.00026899576187122687,0.00042200088500998767,0.00042200088500998767,0,0,0,0,0,0,0
2023-08-13,BUSD,1.000175952911377,1.00042200088501,0.9997310042381288,0.9998430013656616,0.9995549917221068,1.000542998313904,1.000357031822205,0.00044500827789317743,0.0005429983139040306,0.0005429983139040306,0,0,0,0,0,0,0
2023-08-14,BUSD,0.999867022037506,1.000542998313904,0.9995549917221068,1.000357031822205,0.9994320273399352,1.00035297870636,0.999746024608612,0.0005679726600648083,0.0003529787063600853,0.0005679726600648083,0,0,0,0,0,0,0
2023-08-15,BUSD,1.00035297870636,1.00035297870636,0.9994320273399352,0.999746024608612,0.9993690252304076,1.000630974769592,0.9999319911003112,0.0006309747695923962,0.0006309747695920631,0.0006309747695923962,0,0,0,0,0,0,0
2023-08-16,BUSD,0.9997770190238952,1.000630974769592,0.9993690252304076,0.9999319911003112,0.9990059733390808,1.001474976539612,1.000960946083069,0.0009940266609191895,0.0014749765396120385,0.0014749765396120385,0,0,0,0,0,0,0
2023-08-17,BUSD,0.999900996685028,1.001474976539612,0.9990059733390808,1.000960946083069,0.9997379779815674,1.001458048820496,1.000538945198059,0.0002620220184326172,0.0014580488204960496,0.0014580488204960496,0,0,0,0,0,0,0
2023-08-18,BUSD,1.00110399723053,1.001458048820496,0.9997379779815674,1.000538945198059,1.000026941299438,1.001067042350769,1.000339984893799,-2.6941299438032473e-05,0.001067042350769043,0.001067042350769043,0,0,0,0,0,0,0
2023-08-19,BUSD,1.000620007514954,1.001067042350769,1.000026941299438,1.000339984893799,0.9998769760131836,1.000694990158081,1.000213980674744,0.00012302398681640625,0.0006949901580810547,0.0006949901580810547,0,0,0,0,0,0,0
2023-08-20,BUSD,1.000377058982849,1.000694990158081,0.9998769760131836,1.000213980674744,0.999714970588684,1.000974059104919,0.9999859929084778,0.000285029411316029,0.0009740591049189895,0.0009740591049189895,0,0,0,0,0,0,0
2023-08-21,BUSD,1.000172972679138,1.000974059104919,0.999714970588684,0.9999859929084778,0.999123990535736,1.000967025756836,1.000038981437683,0.000876009464264027,0.0009670257568359375,0.0009670257568359375,0,0,0,0,0,0,0
2023-08-22,BUSD,0.9999729990959167,1.000967025756836,0.999123990535736,1.000038981437683,0.99965900182724,1.000815033912659,1.000578045845032,0.00034099817276000977,0.0008150339126589135,0.0008150339126589135,0,0,0,0,0,0,0
2023-08-23,BUSD,1.000146985054016,1.000815033912659,0.99965900182724,1.000578045845032,0.999908983707428,1.001248002052307,1.000661015510559,9.101629257202148e-05,0.0012480020523069069,0.0012480020523069069,0,0,0,0,0,0,0
2023-08-24,BUSD,1.000592947006226,1.001248002052307,0.999908983707428,1.000661015510559,0.999800980091095,1.000921964645386,1.000342965126038,0.0001990199089050293,0.0009219646453859642,0.0009219646453859642,0,0,0,0,0,0,0
2023-08-25,BUSD,1.000669002532959,1.000921964645386,0.999800980091095,1.000342965126038,0.9998570084571838,1.000579953193665,1.000342011451721,0.0001429915428161621,0.0005799531936649949,0.0005799531936649949,0,0,0,0,0,0,0
2023-08-26,BUSD,1.000324964523315,1.000579953193665,0.9998570084571838,1.000342011451721,1.000090003013611,1.000764966011047,1.000450968742371,-9.000301361106189e-05,0.0007649660110469192,0.0007649660110469192,0,0,0,0,0,0,0
2023-08-27,BUSD,1.00032901763916,1.000764966011047,1.000090003013611,1.000450968742371,0.9997270107269288,1.000679016113281,1.00018298625946,0.00027298927307117804,0.000679016113281028,0.000679016113281028,0,0,0,0,0,0,0
2023-08-28,BUSD,1.000439047813416,1.000679016113281,0.9997270107269288,1.00018298625946,0.9997950196266174,1.002195000648499,1.000452995300293,0.00020498037338256836,0.0021950006484989792,0.0021950006484989792,0,0,0,0,0,0,0
2023-08-29,BUSD,1.000169992446899,1.002195000648499,0.9997950196266174,1.000452995300293,0.9996870160102844,1.000601053237915,1.000236988067627,0.00031298398971557617,0.0006010532379150391,0.0006010532379150391,0,0,0,0,0,0,0
2023-08-30,BUSD,1.000450015068054,1.000601053237915,0.9996870160102844,1.000236988067627,0.9995920062065125,1.001355051994324,1.000005960464478,0.00040799379348754883,0.0013550519943239525,0.0013550519943239525,0,0,0,0,0,0,0
2023-08-31,BUSD,1.000257968902588,1.001355051994324,0.9995920062065125,1.000005960464478,0.9994699954986572,1.000691056251526,1.000288963317871,0.0005300045013427734,0.000691056251526101,0.000691056251526101,0,0,0,0,0,0,0
2023-09-01,BUSD,1.000041007995605,1.000691056251526,0.9994699954986572,1.000288963317871,1.000157952308655,1.001044988632202,1.000900030136108,-0.0001579523086550072,0.0010449886322019264,0.0010449886322019264,0,0,0,0,0,0,0
2023-09-02,BUSD,1.000336050987244,1.001044988632202,1.000157952308655,1.000900030136108,0.9999579787254332,1.000929951667786,1.000272989273071,4.202127456676141e-05,0.0009299516677860886,0.0009299516677860886,0,0,0,0,0,0,0
2023-09-03,BUSD,1.000929951667786,1.000929951667786,0.9999579787254332,1.000272989273071,0.9996790289878844,1.000520944595337,0.999987006187439,0.00032097101211558954,0.0005209445953369141,0.0005209445953369141,0,0,0,0,0,0,0
2023-09-04,BUSD,1.000249028205872,1.000520944595337,0.9996790289878844,0.999987006187439,0.999373972415924,1.000179052352905,0.9998030066490172,0.0006260275840760388,0.0001790523529050514,0.0006260275840760388,0,0,0,0,0,0,0
2023-09-05,BUSD,1.000025033950806,1.000179052352905,0.999373972415924,0.9998030066490172,0.9995070099830629,1.000694990158081,1.000123977661133,0.0004929900169371448,0.0006949901580810547,0.0006949901580810547,0,0,0,0,0,0,0
2023-09-06,BUSD,0.9998540282249452,1.000694990158081,0.9995070099830629,1.000123977661133,0.9994950294494628,1.000974059104919,1.000753998756409,0.0005049705505372204,0.0009740591049189895,0.0009740591049189895,0,0,0,0,0,0,0
2023-09-07,BUSD,1.000128984451294,1.000974059104919,0.9994950294494628,1.000753998756409,0.9999570250511168,1.000977993011475,1.000236034393311,4.297494888316766e-05,0.0009779930114750535,0.0009779930114750535,0,0,0,0,0,0,0
2023-09-08,BUSD,1.000671029090881,1.000977993011475,0.9999570250511168,1.000236034393311,0.9999369978904724,1.000669002532959,1.000161051750183,6.300210952758789e-05,0.0006690025329589844,0.0006690025329589844,0,0,0,0,0,0,0
2023-09-09,BUSD,1.000254988670349,1.000669002532959,0.9999369978904724,1.000161051750183,0.999737024307251,1.000517964363098,0.9998509883880616,0.00026297569274902344,0.0005179643630979225,0.0005179643630979225,0,0,0,0,0,0,0
2023-09-10,BUSD,1.000174045562744,1.000517964363098,0.999737024307251,0.9998509883880616,0.9994419813156128,1.000594973564148,1.000100016593933,0.000558018684387207,0.0005949735641479492,0.0005949735641479492,0,0,0,0,0,0,0
2023-09-11,BUSD,0.9998900294303894,1.000594973564148,0.9994419813156128,1.000100016593933,0.9996880292892456,1.001173973083496,1.000131011009216,0.00031197071075439453,0.0011739730834960938,0.0011739730834960938,0,0,0,0,0,0,0
2023-09-12,BUSD,1.0001300573349,1.001173973083496,0.9996880292892456,1.000131011009216,0.999767005443573,1.000975012779236,1.000609993934631,0.00023299455642700195,0.0009750127792360619,0.0009750127792360619,0,0,0,0,0,0,0
2023-09-13,BUSD,1.000169992446899,1.000975012779236,0.999767005443573,1.000609993934631,0.9998000264167786,1.001587986946106,1.000133037567139,0.00019997358322143555,0.001587986946105957,0.001587986946105957,0,0,0,0,0,0,0
2023-09-14,BUSD,1.000617027282715,1.001587986946106,0.9998000264167786,1.000133037567139,0.9998090267181396,1.000800967216492,1.000524044036865,0.00019097328186035156,0.0008009672164919213,0.0008009672164919213,0,0,0,0,0,0,0
2023-09-15,BUSD,1.000167012214661,1.000800967216492,0.9998090267181396,1.000524044036865,0.9999979734420776,1.000960946083069,1.000501036643982,2.0265579223632812e-06,0.0009609460830690697,0.0009609460830690697,0,0,0,0,0,0,0
2023-09-16,BUSD,1.000447988510132,1.000960946083069,0.9999979734420776,1.000501036643982,1.000120043754578,1.00076699256897,1.000520944595337,-0.00012004375457808081,0.0007669925689699486,0.0007669925689699486,0,0,0,0,0,0,0
2023-09-17,BUSD,1.000453948974609,1.00076699256897,1.000120043754578,1.000520944595337,0.9998369812965392,1.00075101852417,1.0001540184021,0.00016301870346080438,0.0007510185241699219,0.0007510185241699219,0,0,0,0,0,0,0
2023-09-18,BUSD,1.000453948974609,1.00075101852417,0.9998369812965392,1.0001540184021,0.9999300241470336,1.000733971595764,1.00029194355011,6.997585296641962e-05,0.0007339715957639381,0.0007339715957639381,0,0,0,0,0,0,0
2023-09-19,BUSD,1.000144958496094,1.000733971595764,0.9999300241470336,1.00029194355011,0.9997159838676452,1.000622034072876,1.000272035598755,0.00028401613235484735,0.0006220340728759766,0.0006220340728759766,0,0,0,0,0,0,0
2023-09-20,BUSD,1.000277996063232,1.000622034072876,0.9997159838676452,1.000272035598755,0.9995229840278624,1.000509977340698,1.000213980674744,0.0004770159721375622,0.0005099773406980201,0.0005099773406980201,0,0,0,0,0,0,0
2023-09-21,BUSD,1.00025999546051,1.000509977340698,0.9995229840278624,1.000213980674744,0.999772012233734,1.000689029693604,1.000481009483337,0.00022798776626598016,0.0006890296936039597,0.0006890296936039597,0,0,0,0,0,0,0
2023-09-22,BUSD,1.000188946723938,1.000689029693604,0.999772012233734,1.000481009483337,1.000076055526733,1.000712037086487,1.000550031661987,-7.605552673295435e-05,0.0007120370864870385,0.0007120370864870385,0,0,0,0,0,0,0
2023-09-23,BUSD,1.000462055206299,1.000712037086487,1.000076055526733,1.000550031661987,0.999908983707428,1.001369953155518,1.000350952148438,9.101629257202148e-05,0.0013699531555180222,0.0013699531555180222,0,0,0,0,0,0,0
2023-09-24,BUSD,1.000498056411743,1.001369953155518,0.999908983707428,1.000350952148438,0.999701976776123,1.00086498260498,1.000486016273499,0.0002980232238769531,0.0008649826049800247,0.0008649826049800247,0,0,0,0,0,0,0
2023-09-25,BUSD,1.00031304359436,1.00086498260498,0.999701976776123,1.000486016273499,0.9999300241470336,1.000887989997864,1.000327944755554,6.997585296641962e-05,0.0008879899978639916,0.0008879899978639916,0,0,0,0,0,0,0
2023-09-26,BUSD,1.000458002090454,1.000887989997864,0.9999300241470336,1.000327944755554,0.9997569918632508,1.000715017318726,1.000395059585571,0.00024300813674915656,0.00071501731872603,0.00071501731872603,0,0,0,0,0,0,0
2023-09-27,BUSD,1.00032901763916,1.000715017318726,0.9997569918632508,1.000395059585571,0.9999930262565612,1.001350045204163,1.000342965126038,6.9737434388317254e-06,0.0013500452041630417,0.0013500452041630417,0,0,0,0,0,0,0
2023-09-28,BUSD,1.000385046005249,1.001350045204163,0.9999930262565612,1.000342965126038,0.999888002872467,1.001368045806885,1.000538945198059,0.00011199712753295898,0.0013680458068849877,0.0013680458068849877,0,0,0,0,0,0,0
2023-09-29,BUSD,1.000373959541321,1.001368045806885,0.999888002872467,1.000538945198059,1.000167012214661,1.000787973403931,1.000447988510132,-0.00016701221466108862,0.0007879734039311082,0.0007879734039311082,0,0,0,0,0,0,0
2023-09-30,BUSD,1.000511050224304,1.000787973403931,1.000167012214661,1.000447988510132,0.9999250173568726,1.000849962234497,1.000334978103638,7.49826431274414e-05,0.0008499622344970703,0.0008499622344970703,0,0,0,0,0,0,0
2023-10-01,BUSD,1.00040602684021,1.000849962234497,0.9999250173568726,1.000334978103638,0.9996939897537231,1.001109957695007,1.000264048576355,0.00030601024627685547,0.0011099576950071022,0.0011099576950071022,0,0,0,0,0,0,0
2023-10-02,BUSD,1.000318050384521,1.001109957695007,0.9996939897537231,1.000264048576355,0.999684989452362,1.000615000724792,0.9999560117721558,0.0003150105476380505,0.0006150007247920364,0.0006150007247920364,0,0,0,0,0,0,0
2023-10-03,BUSD,1.000295042991638,1.000615000724792,0.999684989452362,0.9999560117721558,0.9997239708900452,1.000828981399536,1.000334978103638,0.000276029109954834,0.0008289813995359108,0.0008289813995359108,0,0,0,0,0,0,0
2023-10-04,BUSD,0.999987006187439,1.000828981399536,0.9997239708900452,1.000334978103638,0.999813973903656,1.000831007957458,0.9998980164527892,0.00018602609634399414,0.000831007957458052,0.000831007957458052,0,0,0,0,0,0,0
2023-10-05,BUSD,1.000363945960999,1.000831007957458,0.999813973903656,0.9998980164527892,0.9996110200881958,1.000823974609375,1.000506043434143,0.0003889799118041992,0.000823974609375,0.000823974609375,0,0,0,0,0,0,0
2023-10-06,BUSD,0.999897003173828,1.000823974609375,0.9996110200881958,1.000506043434143,1.000180006027222,1.000939965248108,1.000534057617188,-0.00018000602722190173,0.0009399652481079102,0.0009399652481079102,0,0,0,0,0,0,0
2023-10-07,BUSD,1.000506043434143,1.000939965248108,1.000180006027222,1.000534057617188,1.00012195110321,1.000843048095703,1.000373959541321,-0.00012195110321000513,0.000843048095702903,0.000843048095702903,0,0,0,0,0,0,0
2023-10-08,BUSD,1.000591039657593,1.000843048095703,1.00012195110321,1.000373959541321,0.9996650218963624,1.000710964202881,1.000072956085205,0.0003349781036375843,0.0007109642028810814,0.0007109642028810814,0,0,0,0,0,0,0
2023-10-09,BUSD,1.000347018241882,1.000710964202881,0.9996650218963624,1.000072956085205,0.999858021736145,1.001036047935486,1.000453948974609,0.00014197826385498047,0.0010360479354860619,0.0010360479354860619,0,0,0,0,0,0,0
2023-10-10,BUSD,1.000095963478088,1.001036047935486,0.999858021736145,1.000453948974609,0.999767005443573,1.000975966453552,1.000265955924988,0.00023299455642700195,0.000975966453552024,0.000975966453552024,0,0,0,0,0,0,0
2023-10-11,BUSD,1.000463008880615,1.000975966453552,0.999767005443573,1.000265955924988,0.9996359944343568,1.000722050666809,1.000264048576355,0.0003640055656431995,0.000722050666809082,0.000722050666809082,0,0,0,0,0,0,0
2023-10-12,BUSD,1.000234961509705,1.000722050666809,0.9996359944343568,1.000264048576355,0.9997659921646118,1.001011967658997,1.000671029090881,0.0002340078353881836,0.0010119676589970261,0.0010119676589970261,0,0,0,0,0,0,0
2023-10-13,BUSD,1.000254034996033,1.001011967658997,0.9997659921646118,1.000671029090881,1.00025200843811,1.000939011573792,1.000656008720398,-0.0002520084381099075,0.000939011573791948,0.000939011573791948,0,0,0,0,0,0,0
2023-10-14,BUSD,1.000695943832397,1.000939011573792,1.00025200843811,1.000656008720398,0.9999390244483948,1.001095056533813,1.000548005104065,6.097555160522461e-05,0.0010950565338130325,0.0010950565338130325,0,0,0,0,0,0,0
2023-10-15,BUSD,1.000622987747192,1.001095056533813,0.9999390244483948,1.000548005104065,0.9997029900550842,1.002871036529541,1.000679969787598,0.0002970099449157715,0.0028710365295410156,0.0028710365295410156,0,0,0,0,0,0,0
2023-10-16,BUSD,1.000584959983826,1.002871036529541,0.9997029900550842,1.000679969787598,0.9999250173568726,1.001027941703796,1.00053596496582,7.49826431274414e-05,0.0010279417037959426,0.0010279417037959426,0,0,0,0,0,0,0
2023-10-17,BUSD,1.00062894821167,1.001027941703796,0.9999250173568726,1.00053596496582,1.000080943107605,1.001901984214783,1.000236988067627,-8.094310760498047e-05,0.0019019842147829369,0.0019019842147829369,0,0,0,0,0,0,0
2023-10-18,BUSD,1.000527024269104,1.001901984214783,1.000080943107605,1.000236988067627,0.9997940063476562,1.000800013542175,1.000777959823608,0.00020599365234375,0.0008000135421750709,0.0008000135421750709,0,0,0,0,0,0,0
2023-10-19,BUSD,1.00024402141571,1.000800013542175,0.9997940063476562,1.000777959823608,0.9998570084571838,1.001281023025513,1.000396013259888,0.0001429915428161621,0.0012810230255129174,0.0012810230255129174,0,0,0,0,0,0,0
2023-10-20,BUSD,1.000763058662415,1.001281023025513,0.9998570084571838,1.000396013259888,1.000079035758972,1.001047015190125,1.000625967979431,-7.903575897194592e-05,0.0010470151901249558,0.0010470151901249558,0,0,0,0,0,0,0
2023-10-21,BUSD,1.000342011451721,1.001047015190125,1.000079035758972,1.000625967979431,0.9998549818992616,1.000949025154114,1.000383973121643,0.00014501810073841437,0.0009490251541139916,0.0009490251541139916,0,0,0,0,0,0,0
2023-10-22,BUSD,1.00067400932312,1.000949025154114,0.9998549818992616,1.000383973121643,0.9996740221977234,1.001299023628235,1.000717997550964,0.00032597780227661133,0.0012990236282350853,0.0012990236282350853,0,0,0,0,0,0,0
2023-10-23,BUSD,1.000671029090881,1.001299023628235,0.9996740221977234,1.000717997550964,0.9993799924850464,1.00111997127533,1.000221967697144,0.0006200075149536133,0.001119971275330034,0.001119971275330034,0,0,0,0,0,0,0
2023-10-24,BUSD,1.000700950622559,1.00111997127533,0.9993799924850464,1.000221967697144,0.9995520114898682,1.001029014587402,1.000236034393311,0.00044798851013183594,0.0010290145874018997,0.0010290145874018997,0,0,0,0,0,0,0
2023-10-25,BUSD,1.000298976898193,1.001029014587402,0.9995520114898682,1.000236034393311,0.9995099902153016,1.000828981399536,1.000254988670349,0.0004900097846983753,0.0008289813995359108,0.0008289813995359108,0,0,0,0,0,0,0
2023-10-26,BUSD,1.000273942947388,1.000828981399536,0.9995099902153016,1.000254988670349,0.9996430277824402,1.001557946205139,1.000998020172119,0.00035697221755981445,0.0015579462051389381,0.0015579462051389381,0,0,0,0,0,0,0
2023-10-27,BUSD,1.000239968299866,1.001557946205139,0.9996430277824402,1.000998020172119,1.000795006752014,1.002622961997986,1.001811981201172,-0.0007950067520139381,0.002622961997986062,0.002622961997986062,0,0,0,0,0,0,0
2023-10-28,BUSD,1.000980019569397,1.002622961997986,1.000795006752014,1.001811981201172,1.001381039619446,1.002784967422485,1.00220799446106,-0.0013810396194460228,0.0027849674224849075,0.0027849674224849075,0,0,0,0,0,0,0
2023-10-29,BUSD,1.001888036727905,1.002784967422485,1.001381039619446,1.00220799446106,1.000164985656738,1.002536058425903,1.000777959823608,-0.0001649856567380592,0.0025360584259030983,0.0025360584259030983,0,0,0,0,0,0,0
2023-10-30,BUSD,1.002225041389465,1.002536058425903,1.000164985656738,1.000777959823608,0.99992698431015,1.001013994216919,1.000493049621582,7.301568984996454e-05,0.0010139942169189453,0.0010139942169189453,0,0,0,0,0,0,0
2023-10-31,BUSD,1.000789999961853,1.001013994216919,0.99992698431015,1.000493049621582,0.9997069835662842,1.001584053039551,1.000975012779236,0.0002930164337158203,0.0015840530395510033,0.0015840530395510033,0,0,0,0,0,0,0
2023-11-01,BUSD,1.000465035438538,1.001584053039551,0.9997069835662842,1.000975012779236,0.9997069835662842,1.001680016517639,1.000401973724365,0.0002930164337158203,0.0016800165176389381,0.0016800165176389381,0,0,0,0,0,0,0
2023-11-02,BUSD,1.00102698802948,1.001680016517639,0.9997069835662842,1.000401973724365,0.999710977077484,1.001345992088318,1.000818014144897,0.00028902292251598016,0.0013459920883180931,0.0013459920883180931,0,0,0,0,0,0,0
2023-11-03,BUSD,1.000365018844604,1.001345992088318,0.999710977077484,1.000818014144897,1.000360012054443,1.001407027244568,1.000821948051453,-0.0003600120544429153,0.0014070272445680931,0.0014070272445680931,0,0,0,0,0,0,0
2023-11-04,BUSD,1.000843048095703,1.001407027244568,1.000360012054443,1.000821948051453,0.9999210238456726,1.001595973968506,1.000537991523743,7.897615432739258e-05,0.0015959739685060814,0.0015959739685060814,0,0,0,0,0,0,0
2023-11-05,BUSD,1.000839948654175,1.001595973968506,0.9999210238456726,1.000537991523743,0.9999470114707948,1.00134801864624,1.000743985176086,5.298852920521124e-05,0.0013480186462400123,0.0013480186462400123,0,0,0,0,0,0,0
2023-11-06,BUSD,1.00043797492981,1.00134801864624,0.9999470114707948,1.000743985176086,0.9997940063476562,1.001507997512817,1.000522017478943,0.00020599365234375,0.0015079975128169387,0.0015079975128169387,0,0,0,0,0,0,0
2023-11-07,BUSD,1.000709056854248,1.001507997512817,0.9997940063476562,1.000522017478943,0.9997649788856506,1.001000046730042,1.000352025032043,0.00023502111434936523,0.001000046730041948,0.001000046730041948,0,0,0,0,0,0,0
2023-11-08,BUSD,1.000583052635193,1.001000046730042,0.9997649788856506,1.000352025032043,0.9994440078735352,1.001198053359985,1.000323057174683,0.0005559921264648438,0.0011980533599849075,0.0011980533599849075,0,0,0,0,0,0,0
2023-11-09,BUSD,1.000385999679565,1.001198053359985,0.9994440078735352,1.000323057174683,0.9992640018463136,1.000833034515381,0.9999619722366332,0.0007359981536864124,0.0008330345153810814,0.0008330345153810814,0,0,0,0,0,0,0
2023-11-10,BUSD,1.000277996063232,1.000833034515381,0.9992640018463136,0.9999619722366332,0.9991999864578248,1.000846028327942,0.9998250007629396,0.000800013542175182,0.0008460283279418945,0.0008460283279418945,0,0,0,0,0,0,0
2023-11-11,BUSD,0.9998440146446228,1.000846028327942,0.9991999864578248,0.9998250007629396,0.9991679787635804,1.000414967536926,0.999983012676239,0.0008320212364195667,0.0004149675369260475,0.0008320212364195667,0,0,0,0,0,0,0
2023-11-12,BUSD,0.9997990131378174,1.000414967536926,0.9991679787635804,0.999983012676239,0.9996119737625122,1.000805974006653,1.00022304058075,0.00038802623748779297,0.0008059740066530541,0.0008059740066530541,0,0,0,0,0,0,0
2023-11-13,BUSD,0.9999549984931946,1.000805974006653,0.9996119737625122,1.00022304058075,0.9992380142211914,1.000849008560181,1.00036096572876,0.0007619857788085938,0.0008490085601811082,0.0008490085601811082,0,0,0,0,0,0,0
2023-11-14,BUSD,1.000259041786194,1.000849008560181,0.9992380142211914,1.00036096572876,0.9997990131378174,1.001106977462769,1.00065803527832,0.0002009868621826172,0.0011069774627689988,0.0011069774627689988,0,0,0,0,0,0,0
2023-11-15,BUSD,1.000324964523315,1.001106977462769,0.9997990131378174,1.00065803527832,0.9991210103034972,1.00092601776123,1.000066995620728,0.0008789896965027966,0.0009260177612300247,0.0009260177612300247,0,0,0,0,0,0,0
2023-11-16,BUSD,1.000615954399109,1.00092601776123,0.9991210103034972,1.000066995620728,0.9989050030708312,1.001906037330627,1.000331997871399,0.0010949969291688122,0.0019060373306269973,0.0019060373306269973,0,0,0,0,0,0,0
2023-11-17,BUSD,1.000123023986816,1.001906037330627,0.9989050030708312,1.000331997871399,0.9994530081748962,1.001140952110291,1.00058901309967,0.0005469918251037598,0.0011409521102909714,0.0011409521102909714,0,0,0,0,0,0,0
2023-11-18,BUSD,1.000437021255493,1.001140952110291,0.9994530081748962,1.00058901309967,0.9998149871826172,1.000882029533386,1.000267028808594,0.0001850128173828125,0.0008820295333860084,0.0008820295333860084,0,0,0,0,0,0,0
2023-11-19,BUSD,1.000578045845032,1.000882029533386,0.9998149871826172,1.000267028808594,0.9997190237045288,1.00193202495575,0.999912977218628,0.0002809762954711914,0.0019320249557499558,0.0019320249557499558,0,0,0,0,0,0,0
2023-11-20,BUSD,1.00025999546051,1.00193202495575,0.9997190237045288,0.999912977218628,0.9981420040130616,1.001278042793274,0.9990590214729308,0.0018579959869383655,0.0012780427932739258,0.0018579959869383655,0,0,0,0,0,0,0
2023-11-21,BUSD,0.9999179840087892,1.001278042793274,0.9981420040130616,0.9990590214729308,0.9989259839057922,1.001191020011902,1.000025033950806,0.0010740160942077637,0.0011910200119020775,0.0011910200119020775,0,0,0,0,0,0,0
2023-11-22,BUSD,0.9989830255508424,1.001191020011902,0.9989259839057922,1.000025033950806,0.9994549751281738,1.00068998336792,1.000074028968811,0.0005450248718261719,0.0006899833679199219,0.0006899833679199219,0,0,0,0,0,0,0
2023-11-23,BUSD,1.0000079870224,1.00068998336792,0.9994549751281738,1.000074028968811,0.9994549751281738,1.000903964042664,1.000264048576355,0.0005450248718261719,0.0009039640426640183,0.0009039640426640183,0,0,0,0,0,0,0
2023-11-24,BUSD,1.000066041946411,1.000903964042664,0.9994549751281738,1.000264048576355,0.9998109936714172,1.000625014305115,1.00025999546051,0.00018900632858276367,0.0006250143051149681,0.0006250143051149681,0,0,0,0,0,0,0
2023-11-25,BUSD,1.000161051750183,1.000625014305115,0.9998109936714172,1.00025999546051,0.9992930293083192,1.000476002693176,0.9996899962425232,0.0007069706916807972,0.0004760026931760475,0.0007069706916807972,0,0,0,0,0,0,0
2023-11-26,BUSD,1.000352025032043,1.000476002693176,0.9992930293083192,0.9996899962425232,0.9994000196456908,1.000915050506592,1.000247955322266,0.000599980354309193,0.0009150505065920189,0.0009150505065920189,0,0,0,0,0,0,0
2023-11-27,BUSD,0.9996410012245178,1.000915050506592,0.9994000196456908,1.000247955322266,0.9998639822006226,1.001000046730042,1.00048303604126,0.0001360177993774414,0.001000046730041948,0.001000046730041948,0,0,0,0,0,0,0
2023-11-28,BUSD,1.00025999546051,1.001000046730042,0.9998639822006226,1.00048303604126,0.999770998954773,1.000964999198914,1.00010097026825,0.00022900104522705078,0.0009649991989140183,0.0009649991989140183,0,0,0,0,0,0,0
2023-11-29,BUSD,1.000442981719971,1.000964999198914,0.999770998954773,1.00010097026825,0.9994549751281738,1.000455975532532,0.9999610185623168,0.0005450248718261719,0.0004559755325319603,0.0005450248718261719,0,0,0,0,0,0,0
2023-11-30,BUSD,1.000146985054016,1.000455975532532,0.9994549751281738,0.9999610185623168,0.999547004699707,1.000553965568542,0.9998520016670228,0.00045299530029296875,0.0005539655685420364,0.0005539655685420364,0,0,0,0,0,0,0
2023-12-01,BUSD,0.9999889731407166,1.000553965568542,0.999547004699707,0.9998520016670228,0.999460995197296,1.000427961349487,1.0001380443573,0.0005390048027039684,0.00042796134948708264,0.0005390048027039684,0,0,0,0,0,0,0
2023-12-02,BUSD,0.9998070001602172,1.000427961349487,0.999460995197296,1.0001380443573,0.9993039965629578,1.000771999359131,0.9999470114707948,0.0006960034370422363,0.0007719993591310814,0.0007719993591310814,0,0,0,0,0,0,0
2023-12-03,BUSD,1.000157952308655,1.000771999359131,0.9993039965629578,0.9999470114707948,0.9989150166511536,1.000630021095276,1.000249981880188,0.0010849833488464355,0.000630021095276101,0.0010849833488464355,0,0,0,0,0,0,0
2023-12-04,BUSD,0.9999120235443116,1.000630021095276,0.9989150166511536,1.000249981880188,0.9989309906959534,1.000501990318298,1.000136017799377,0.0010690093040466309,0.0005019903182978958,0.0010690093040466309,0,0,0,0,0,0,0
2023-12-05,BUSD,1.000201940536499,1.000501990318298,0.9989309906959534,1.000136017799377,0.9986649751663208,1.000851988792419,0.999114990234375,0.0013350248336791992,0.0008519887924189895,0.0013350248336791992,0,0,0,0,0,0,0
2023-12-06,BUSD,1.000138998031616,1.000851988792419,0.9986649751663208,0.999114990234375,0.9985520243644714,1.000849962234497,1.000131011009216,0.0014479756355285645,0.0008499622344970703,0.0014479756355285645,0,0,0,0,0,0,0
2023-12-07,BUSD,0.9991040229797364,1.000849962234497,0.9985520243644714,1.000131011009216,0.9993770122528076,1.000766038894653,0.9998030066490172,0.0006229877471923828,0.0007660388946530983,0.0007660388946530983,0,0,0,0,0,0,0
2023-12-08,BUSD,1.000035047531128,1.000766038894653,0.9993770122528076,0.9998030066490172,0.9988660216331482,1.000583052635193,0.9996970295906068,0.0011339783668518066,0.0005830526351930931,0.0011339783668518066,0,0,0,0,0,0,0
2023-12-09,BUSD,0.9999030232429504,1.000583052635193,0.9988660216331482,0.9996970295906068,0.9993919730186462,1.000447034835815,0.9997559785842896,0.0006080269813537598,0.0004470348358149856,0.0006080269813537598,0,0,0,0,0,0,0
2023-12-10,BUSD,0.999783992767334,1.000447034835815,0.9993919730186462,0.9997559785842896,0.9978830218315125,1.002022981643677,1.001222968101501,0.002116978168487549,0.00202298164367698,0.002116978168487549,0,0,0,0,0,0,0
2023-12-11,BUSD,0.9998090267181396,1.002022981643677,0.9978830218315125,1.001222968101501,0.9995440244674684,1.004695057868958,1.0035719871521,0.00045597553253162726,0.004695057868957964,0.004695057868957964,0,0,0,0,0,0,0
2023-12-12,BUSD,1.001075983047485,1.004695057868958,0.9995440244674684,1.0035719871521,1.001975059509277,1.006906032562256,1.002653956413269,-0.0019750595092768997,0.006906032562256081,0.006906032562256081,0,0,0,0,0,0,0
2023-12-13,BUSD,1.003476023674011,1.006906032562256,1.001975059509277,1.002653956413269,0.9998499751091005,1.003535985946655,1.001299977302551,0.00015002489089954718,0.0035359859466550514,0.0035359859466550514,0,0,0,0,0,0,0
2023-12-14,BUSD,1.002555966377258,1.003535985946655,0.9998499751091005,1.001299977302551,0.9994239807128906,1.001687049865723,1.000607013702393,0.000576019287109375,0.0016870498657231003,0.0016870498657231003,0,0,0,0,0,0,0
2023-12-15,BUSD,1.00134003162384,1.001687049865723,0.9994239807128906,1.000607013702393,0.999330997467041,1.001260042190552,1.000187993049622,0.0006690025329589844,0.0012600421905519799,0.0012600421905519799,0,0,0,0,0,0,0
2023-12-16,BUSD,1.000612020492554,1.001260042190552,0.999330997467041,1.000187993049622,0.9987009763717652,1.001075029373169,0.9998019933700562,0.0012990236282347523,0.0010750293731689453,0.0012990236282347523,0,0,0,0,0,0,0
2023-12-17,BUSD,1.000282049179077,1.001075029373169,0.9987009763717652,0.9998019933700562,0.9983140230178832,1.0018390417099,1.001469016075134,0.0016859769821168102,0.0018390417098999023,0.0018390417098999023,0,0,0,0,0,0,0
2023-12-18,BUSD,0.9997730255126952,1.0018390417099,0.9983140230178832,1.001469016075134,0.9997209906578064,1.002243995666504,1.001297950744629,0.0002790093421936035,0.0022439956665039062,0.0022439956665039062,0,0,0,0,0,0,0
2023-12-19,BUSD,1.001219987869263,1.002243995666504,0.9997209906578064,1.001297950744629,1.000318050384521,1.003268003463745,1.002086997032166,-0.0003180503845210403,0.003268003463744895,0.003268003463744895,0,0,0,0,0,0,0
2023-12-20,BUSD,1.001291036605835,1.003268003463745,1.000318050384521,1.002086997032166,1.000687956809998,1.003613948822021,1.001749038696289,-0.0006879568099980027,0.0036139488220210403,0.0036139488220210403,0,0,0,0,0,0,0
2023-12-21,BUSD,1.002300977706909,1.003613948822021,1.000687956809998,1.001749038696289,1.000141024589539,1.003769040107727,1.001068949699402,-0.0001410245895390183,0.0037690401077270508,0.0037690401077270508,0,0,0,0,0,0,0
2023-12-22,BUSD,1.001847982406616,1.003769040107727,1.000141024589539,1.001068949699402,0.9998649954795836,1.001644015312195,1.000403046607971,0.0001350045204163708,0.0016440153121950463,0.0016440153121950463,0,0,0,0,0,0,0
2023-12-23,BUSD,1.001075029373169,1.001644015312195,0.9998649954795836,1.000403046607971,0.9992650151252748,1.001706004142761,1.000581026077271,0.0007349848747252308,0.0017060041427610084,0.0017060041427610084,0,0,0,0,0,0,0
2023-12-24,BUSD,1.000442028045654,1.001706004142761,0.9992650151252748,1.000581026077271,0.9989029765129088,1.001397013664246,1.000030994415283,0.0010970234870911755,0.0013970136642460496,0.0013970136642460496,0,0,0,0,0,0,0
2023-12-25,BUSD,1.000545024871826,1.001397013664246,0.9989029765129088,1.000030994415283,0.9975690245628356,1.002159953117371,1.001605033874512,0.0024309754371644177,0.0021599531173710496,0.0024309754371644177,0,0,0,0,0,0,0
2023-12-26,BUSD,1.000213027000427,1.002159953117371,0.9975690245628356,1.001605033874512,0.9976500272750854,1.003394961357117,1.002611041069031,0.0023499727249145508,0.0033949613571169213,0.0033949613571169213,0,0,0,0,0,0,0
2023-12-27,BUSD,1.001778960227966,1.003394961357117,0.9976500272750854,1.002611041069031,0.998885989189148,1.00348699092865,1.001093983650208,0.0011140108108520508,0.0034869909286499023,0.0034869909286499023,0,0,0,0,0,0,0
2023-12-28,BUSD,1.002907037734985,1.00348699092865,0.998885989189148,1.001093983650208,0.9989140033721924,1.002285003662109,1.001672029495239,0.0010859966278076172,0.002285003662108931,0.002285003662108931,0,0,0,0,0,0,0
2023-12-29,BUSD,1.001127958297729,1.002285003662109,0.9989140033721924,1.001672029495239,0.999055027961731,1.001947045326233,1.000236034393311,0.000944972038269043,0.0019470453262329102,0.0019470453262329102,0,0,0,0,0,0,0
2023-12-30,BUSD,1.001716017723083,1.001947045326233,0.999055027961731,1.000236034393311,0.9985600113868712,1.001191973686218,0.9998109936714172,0.0014399886131287731,0.0011919736862180397,0.0014399886131287731,0,0,0,0,0,0,0
2022-01-01,DAI,0.9990959763526917,1.000367999076843,0.9985499978065492,0.9998589754104614,0.9984610080718994,1.000887036323547,1.00042200088501,0.001538991928100586,0.0008870363235469192,0.001538991928100586,0,0,0,0,0,0,0
2022-01-02,DAI,0.9998679757118224,1.000887036323547,0.9984610080718994,1.00042200088501,0.9980639815330504,1.001168012619019,0.9997490048408508,0.001936018466949574,0.0011680126190189988,0.001936018466949574,0,0,0,0,0,0,0
2022-01-03,DAI,1.000422954559326,1.001168012619019,0.9980639815330504,0.9997490048408508,0.9983220100402832,1.000730991363525,0.9990990161895752,0.0016779899597167969,0.0007309913635249465,0.0016779899597167969,0,0,0,0,0,0,0
2022-01-04,DAI,0.9997550249099731,1.000730991363525,0.9983220100402832,0.9990990161895752,0.9980840086936952,1.001021027565002,0.9999300241470336,0.0019159913063048206,0.0010210275650019973,0.0019159913063048206,0,0,0,0,0,0,0
2022-01-05,DAI,0.9991390109062196,1.001021027565002,0.9980840086936952,0.9999300241470336,0.998404026031494,1.001194000244141,0.999460995197296,0.0015959739685059704,0.001194000244141069,0.0015959739685059704,0,0,0,0,0,0,0
2022-01-06,DAI,0.9999030232429504,1.001194000244141,0.998404026031494,0.999460995197296,0.9971699714660645,1.000946044921875,0.9995579719543456,0.002830028533935547,0.000946044921875,0.002830028533935547,0,0,0,0,0,0,0
2022-01-07,DAI,0.9993849992752076,1.000946044921875,0.9971699714660645,0.9995579719543456,0.9986900091171264,1.00137996673584,0.9996749758720398,0.0013099908828736462,0.0013799667358400658,0.0013799667358400658,0,0,0,0,0,0,0
2022-01-08,DAI,0.999541997909546,1.00137996673584,0.9986900091171264,0.9996749758720398,0.9988539814949036,1.001456022262573,0.9997140169143676,0.0011460185050964355,0.0014560222625730201,0.0014560222625730201,0,0,0,0,0,0,0
2022-01-09,DAI,0.9997419714927672,1.001456022262573,0.9988539814949036,0.9997140169143676,0.998274028301239,1.001479029655457,1.000316023826599,0.0017259716987609863,0.001479029655456987,0.0017259716987609863,0,0,0,0,0,0,0
2022-01-10,DAI,0.9997410178184508,1.001479029655457,0.998274028301239,1.000316023826599,0.9987580180168152,1.002712965011597,1.000296950340271,0.0012419819831848145,0.0027129650115969017,0.0027129650115969017,0,0,0,0,0,0,0
2022-01-11,DAI,1.000198006629944,1.002712965011597,0.9987580180168152,1.000296950340271,0.9992600083351136,1.001904964447021,1.001124024391174,0.0007399916648863636,0.0019049644470210403,0.0019049644470210403,0,0,0,0,0,0,0
2022-01-12,DAI,1.000319004058838,1.001904964447021,0.9992600083351136,1.001124024391174,0.9977530241012572,1.001590967178345,0.9989320039749146,0.002246975898742787,0.0015909671783449486,0.002246975898742787,0,0,0,0,0,0,0
2022-01-13,DAI,1.001121997833252,1.001590967178345,0.9977530241012572,0.9989320039749146,0.9983869791030884,1.001070022583008,1.000069975852966,0.001613020896911621,0.0010700225830080345,0.001613020896911621,0,0,0,0,0,0,0
2022-01-14,DAI,0.9989870190620422,1.001070022583008,0.9983869791030884,1.000069975852966,0.9985899925231934,1.000885009765625,0.9993929862976074,0.0014100074768066406,0.000885009765625,0.0014100074768066406,0,0,0,0,0,0,0
2022-01-15,DAI,1.000054955482483,1.000885009765625,0.9985899925231934,0.9993929862976074,0.9981859922409058,1.000854015350342,1.000283002853394,0.0018140077590942383,0.0008540153503420189,0.0018140077590942383,0,0,0,0,0,0,0
2022-01-16,DAI,0.9994019865989684,1.000854015350342,0.9981859922409058,1.000283002853394,0.9985659718513488,1.001073956489563,0.999888002872467,0.001434028148651234,0.0010739564895629883,0.001434028148651234,0,0,0,0,0,0,0
2022-01-17,DAI,1.000260949134827,1.001073956489563,0.9985659718513488,0.999888002872467,0.9986770153045654,1.000890016555786,0.9997439980506896,0.0013229846954345703,0.0008900165557859108,0.0013229846954345703,0,0,0,0,0,0,0
2022-01-18,DAI,0.9998859763145448,1.000890016555786,0.9986770153045654,0.9997439980506896,0.9985169768333436,1.001315951347351,0.9995980262756348,0.0014830231666563831,0.0013159513473510742,0.0014830231666563831,0,0,0,0,0,0,0
2022-01-19,DAI,0.9997429847717284,1.001315951347351,0.9985169768333436,0.9995980262756348,0.998682975769043,1.001606941223145,0.9996780157089232,0.0013170242309570312,0.0016069412231449753,0.0016069412231449753,0,0,0,0,0,0,0
2022-01-20,DAI,0.999633014202118,1.001606941223145,0.998682975769043,0.9996780157089232,0.997389018535614,1.001667022705078,1.000290989875793,0.0026109814643859863,0.001667022705077903,0.0026109814643859863,0,0,0,0,0,0,0
2022-01-21,DAI,0.9996910095214844,1.001667022705078,0.997389018535614,1.000290989875793,0.998503029346466,1.001760959625244,0.9999510049819946,0.0014969706535340466,0.0017609596252439186,0.0017609596252439186,0,0,0,0,0,0,0
2022-01-22,DAI,1.000285983085632,1.001760959625244,0.998503029346466,0.9999510049819946,0.9986730217933656,1.001827001571655,1.000553011894226,0.0013269782066344105,0.0018270015716550514,0.0018270015716550514,0,0,0,0,0,0,0
2022-01-23,DAI,0.99992698431015,1.001827001571655,0.9986730217933656,1.000553011894226,0.9984620213508606,1.001975059509277,1.000684976577759,0.0015379786491394043,0.0019750595092768997,0.0019750595092768997,0,0,0,0,0,0,0
2022-01-24,DAI,1.000529050827026,1.001975059509277,0.9984620213508606,1.000684976577759,0.9992039799690248,1.001451015472412,1.000375032424927,0.0007960200309752308,0.0014510154724121094,0.0014510154724121094,0,0,0,0,0,0,0
2022-01-25,DAI,1.000633955001831,1.001451015472412,0.9992039799690248,1.000375032424927,0.9988030195236206,1.001016020774841,1.000789046287537,0.0011969804763793945,0.0010160207748410865,0.0011969804763793945,0,0,0,0,0,0,0
2022-01-26,DAI,1.000378012657166,1.001016020774841,0.9988030195236206,1.000789046287537,0.9984970092773438,1.000913977622986,1.000388979911804,0.00150299072265625,0.0009139776229860619,0.00150299072265625,0,0,0,0,0,0,0
2022-01-27,DAI,1.00069797039032,1.000913977622986,0.9984970092773438,1.000388979911804,0.9986839890480042,1.000900030136108,1.000285983085632,0.0013160109519958496,0.0009000301361079543,0.0013160109519958496,0,0,0,0,0,0,0
2022-01-28,DAI,1.000363945960999,1.000900030136108,0.9986839890480042,1.000285983085632,0.9990649819374084,1.001248955726624,1.000015020370483,0.0009350180625915527,0.0012489557266239792,0.0012489557266239792,0,0,0,0,0,0,0
2022-01-29,DAI,1.000285983085632,1.001248955726624,0.9990649819374084,1.000015020370483,0.9989969730377196,1.00069797039032,0.999813973903656,0.0010030269622803845,0.0006979703903200463,0.0010030269622803845,0,0,0,0,0,0,0
2022-01-30,DAI,1.000023007392883,1.00069797039032,0.9989969730377196,0.999813973903656,0.998993992805481,1.000887036323547,1.000169992446899,0.001006007194519043,0.0008870363235469192,0.001006007194519043,0,0,0,0,0,0,0
2022-01-31,DAI,0.9998170137405396,1.000887036323547,0.998993992805481,1.000169992446899,0.9990490078926086,1.000774025917053,1.000216960906982,0.0009509921073913574,0.0007740259170530006,0.0009509921073913574,0,0,0,0,0,0,0
2022-02-01,DAI,1.000170946121216,1.000774025917053,0.9990490078926086,1.000216960906982,0.9987549781799316,1.000789046287537,0.9998360276222228,0.0012450218200683594,0.0007890462875370652,0.0012450218200683594,0,0,0,0,0,0,0
2022-02-02,DAI,1.000211000442505,1.000789046287537,0.9987549781799316,0.9998360276222228,0.9988719820976256,1.000857949256897,1.000262022018433,0.0011280179023743786,0.0008579492568969727,0.0011280179023743786,0,0,0,0,0,0,0
2022-02-03,DAI,0.9997659921646118,1.000857949256897,0.9988719820976256,1.000262022018433,0.9992849826812744,1.001340985298157,1.000370979309082,0.0007150173187255859,0.0013409852981569603,0.0013409852981569603,0,0,0,0,0,0,0
2022-02-04,DAI,1.00012195110321,1.001340985298157,0.9992849826812744,1.000370979309082,0.9988679885864258,1.001041054725647,0.999459981918335,0.0011320114135742188,0.0010410547256469727,0.0011320114135742188,0,0,0,0,0,0,0
2022-02-05,DAI,1.000395059585571,1.001041054725647,0.9988679885864258,0.999459981918335,0.9991580247879028,1.000970959663391,1.000620007514954,0.000841975212097168,0.0009709596633908912,0.0009709596633908912,0,0,0,0,0,0,0
2022-02-06,DAI,0.9994500279426576,1.000970959663391,0.9991580247879028,1.000620007514954,0.9992030262947084,1.001014947891235,0.9999290108680724,0.000796973705291637,0.0010149478912349075,0.0010149478912349075,0,0,0,0,0,0,0
2022-02-07,DAI,1.000538945198059,1.001014947891235,0.9992030262947084,0.9999290108680724,0.998438000679016,1.001466989517212,0.9996259808540344,0.0015619993209839977,0.001466989517211914,0.0015619993209839977,0,0,0,0,0,0,0
2022-02-08,DAI,0.9999629855155944,1.001466989517212,0.998438000679016,0.9996259808540344,0.9990860223770142,1.001049995422363,0.9998540282249452,0.0009139776229858398,0.0010499954223630592,0.0010499954223630592,0,0,0,0,0,0,0
2022-02-09,DAI,0.9995589852333068,1.001049995422363,0.9990860223770142,0.9998540282249452,0.9985740184783936,1.000771999359131,0.9990630149841307,0.0014259815216064453,0.0007719993591310814,0.0014259815216064453,0,0,0,0,0,0,0
2022-02-10,DAI,0.9998279809951782,1.000771999359131,0.9985740184783936,0.9990630149841307,0.9982680082321168,1.000388026237488,1.000139951705933,0.0017319917678831898,0.000388026237488015,0.0017319917678831898,0,0,0,0,0,0,0
2022-02-11,DAI,0.9990599751472472,1.000388026237488,0.9982680082321168,1.000139951705933,0.9987459778785706,1.000671982765198,0.9999200105667114,0.0012540221214294434,0.000671982765197976,0.0012540221214294434,0,0,0,0,0,0,0
2022-02-12,DAI,1.0001620054245,1.000671982765198,0.9987459778785706,0.9999200105667114,0.9988020062446594,1.000501990318298,0.9993730187416076,0.0011979937553405762,0.0005019903182978958,0.0011979937553405762,0,0,0,0,0,0,0
2022-02-13,DAI,0.9998819828033448,1.000501990318298,0.9988020062446594,0.9993730187416076,0.998753011226654,1.000614047050476,0.9997339844703674,0.0012469887733459473,0.0006140470504760742,0.0012469887733459473,0,0,0,0,0,0,0
2022-02-14,DAI,0.9993929862976074,1.000614047050476,0.998753011226654,0.9997339844703674,0.9992120265960692,1.000944018363953,1.000105023384094,0.0007879734039307751,0.0009440183639530808,0.0009440183639530808,0,0,0,0,0,0,0
2022-02-15,DAI,0.9997320175170898,1.000944018363953,0.9992120265960692,1.000105023384094,0.9990010261535645,1.000725984573364,0.9991480112075806,0.0009989738464355469,0.0007259845733640358,0.0009989738464355469,0,0,0,0,0,0,0
2022-02-16,DAI,1.000043034553528,1.000725984573364,0.9990010261535645,0.9991480112075806,0.9982249736785888,1.000229954719543,0.9990689754486084,0.0017750263214112438,0.00022995471954301294,0.0017750263214112438,0,0,0,0,0,0,0
2022-02-17,DAI,0.9991390109062196,1.000229954719543,0.9982249736785888,0.9990689754486084,0.9983710050582886,1.000218987464905,0.9994940161705016,0.0016289949417114258,0.0002189874649050072,0.0016289949417114258,0,0,0,0,0,0,0
2022-02-18,DAI,0.9990929961204528,1.000218987464905,0.9983710050582886,0.9994940161705016,0.998727023601532,1.000496029853821,0.9997490048408508,0.0012729763984680176,0.0004960298538210228,0.0012729763984680176,0,0,0,0,0,0,0
2022-02-19,DAI,0.9994620084762572,1.000496029853821,0.998727023601532,0.9997490048408508,0.9976080060005188,1.000627040863037,0.9993659853935242,0.002391993999481201,0.0006270408630371094,0.002391993999481201,0,0,0,0,0,0,0
2022-02-20,DAI,0.9996650218963624,1.000627040863037,0.9976080060005188,0.9993659853935242,0.9984570145606996,1.001052975654602,0.9992510080337524,0.001542985439300426,0.0010529756546020508,0.001542985439300426,0,0,0,0,0,0,0
2022-02-21,DAI,0.9993579983711244,1.001052975654602,0.9984570145606996,0.9992510080337524,0.9983189702033995,1.001019954681396,1.0001300573349,0.0016810297966004528,0.0010199546813960403,0.0016810297966004528,0,0,0,0,0,0,0
2022-02-22,DAI,0.9993669986724854,1.001019954681396,0.9983189702033995,1.0001300573349,0.9985399842262268,1.00073504447937,0.9994630217552184,0.0014600157737731934,0.0007350444793698951,0.0014600157737731934,0,0,0,0,0,0,0
2022-02-23,DAI,1.000097990036011,1.00073504447937,0.9985399842262268,0.9994630217552184,0.9979940056800842,1.001049041748047,1.000246047973633,0.0020059943199157715,0.001049041748047097,0.0020059943199157715,0,0,0,0,0,0,0
2022-02-24,DAI,0.9994570016860962,1.001049041748047,0.9979940056800842,1.000246047973633,0.998993992805481,1.001333951950073,0.9996529817581176,0.001006007194519043,0.0013339519500730201,0.0013339519500730201,0,0,0,0,0,0,0
2022-02-25,DAI,1.000295042991638,1.001333951950073,0.998993992805481,0.9996529817581176,0.9990360140800476,1.001430034637451,1.000192046165466,0.0009639859199523926,0.0014300346374509498,0.0014300346374509498,0,0,0,0,0,0,0
2022-02-26,DAI,0.9996899962425232,1.001430034637451,0.9990360140800476,1.000192046165466,0.9986889958381652,1.000818967819214,0.9994890093803406,0.0013110041618348278,0.0008189678192140892,0.0013110041618348278,0,0,0,0,0,0,0
2022-02-27,DAI,1.000146985054016,1.000818967819214,0.9986889958381652,0.9994890093803406,0.9982789754867554,1.001888036727905,1.000300049781799,0.001721024513244629,0.0018880367279050514,0.0018880367279050514,0,0,0,0,0,0,0
2022-02-28,DAI,0.999508023262024,1.001888036727905,0.9982789754867554,1.000300049781799,0.9990919828414916,1.001358032226562,1.000061988830566,0.0009080171585084118,0.001358032226562056,0.001358032226562056,0,0,0,0,0,0,0
2022-03-01,DAI,1.000347971916199,1.001358032226562,0.9990919828414916,1.000061988830566,0.998757004737854,1.000561952590942,0.9996359944343568,0.001242995262145996,0.0005619525909419387,0.001242995262145996,0,0,0,0,0,0,0
2022-03-02,DAI,1.000048041343689,1.000561952590942,0.998757004737854,0.9996359944343568,0.998606026172638,1.000363945960999,0.9998279809951782,0.0013939738273619495,0.00036394596099897925,0.0013939738273619495,0,0,0,0,0,0,0
2022-03-03,DAI,0.9996140003204346,1.000363945960999,0.998606026172638,0.9998279809951782,0.998769998550415,1.000496983528137,0.9997190237045288,0.001230001449584961,0.000496983528136985,0.001230001449584961,0,0,0,0,0,0,0
2022-03-04,DAI,0.999845027923584,1.000496983528137,0.998769998550415,0.9997190237045288,0.999176025390625,1.001188993453979,1.000046014785767,0.000823974609375,0.001188993453979048,0.001188993453979048,0,0,0,0,0,0,0
2022-03-05,DAI,0.999688982963562,1.001188993453979,0.999176025390625,1.000046014785767,0.999171018600464,1.000687003135681,0.999439001083374,0.0008289813995360218,0.0006870031356809303,0.0008289813995360218,0,0,0,0,0,0,0
2022-03-06,DAI,1.000105977058411,1.000687003135681,0.999171018600464,0.999439001083374,0.9987279772758484,1.000928997993469,0.9998250007629396,0.0012720227241516113,0.0009289979934690162,0.0012720227241516113,0,0,0,0,0,0,0
2022-03-07,DAI,0.999446988105774,1.000928997993469,0.9987279772758484,0.9998250007629396,0.9992200136184692,1.000848054885864,1.000306963920593,0.0007799863815307617,0.0008480548858640358,0.0008480548858640358,0,0,0,0,0,0,0
2022-03-08,DAI,0.9997910261154176,1.000848054885864,0.9992200136184692,1.000306963920593,0.999081015586853,1.000736951828003,1.000205039978027,0.0009189844131469727,0.0007369518280029297,0.0009189844131469727,0,0,0,0,0,0,0
2022-03-09,DAI,1.000301003456116,1.000736951828003,0.999081015586853,1.000205039978027,0.9990090131759644,1.00062894821167,1.000141024589539,0.0009909868240356445,0.0006289482116699219,0.0009909868240356445,0,0,0,0,0,0,0
2022-03-10,DAI,1.000159978866577,1.00062894821167,0.9990090131759644,1.000141024589539,0.9989240169525146,1.000563979148865,0.9994639754295348,0.0010759830474853516,0.0005639791488649681,0.0010759830474853516,0,0,0,0,0,0,0
2022-03-11,DAI,1.000087022781372,1.000563979148865,0.9989240169525146,0.9994639754295348,0.999409019947052,1.000764012336731,0.999805986881256,0.000590980052947998,0.000764012336730957,0.000764012336730957,0,0,0,0,0,0,0
2022-03-12,DAI,0.9995930194854736,1.000764012336731,0.999409019947052,0.999805986881256,0.9994180202484132,1.000843048095703,0.9994969964027404,0.000581979751586803,0.000843048095702903,0.000843048095702903,0,0,0,0,0,0,0
2022-03-13,DAI,0.999888002872467,1.000843048095703,0.9994180202484132,0.9994969964027404,0.9991509914398192,1.000946044921875,1.00067400932312,0.0008490085601807751,0.000946044921875,0.000946044921875,0,0,0,0,0,0,0
2022-03-14,DAI,0.9994750022888184,1.000946044921875,0.9991509914398192,1.00067400932312,0.9991070032119752,1.000694990158081,0.999576985836029,0.0008929967880247913,0.0006949901580810547,0.0008929967880247913,0,0,0,0,0,0,0
2022-03-15,DAI,1.000694990158081,1.000694990158081,0.9991070032119752,0.999576985836029,0.9991580247879028,1.000532984733582,0.9997959733009338,0.000841975212097168,0.0005329847335819871,0.000841975212097168,0,0,0,0,0,0,0
2022-03-16,DAI,0.999567985534668,1.000532984733582,0.9991580247879028,0.9997959733009338,0.9990879893302916,1.00070595741272,0.9995999932289124,0.000912010669708363,0.0007059574127199486,0.000912010669708363,0,0,0,0,0,0,0
2022-03-17,DAI,0.9998480081558228,1.00070595741272,0.9990879893302916,0.9995999932289124,0.9990000128746032,1.000720024108887,0.9998379945755004,0.0009999871253968395,0.0007200241088869408,0.0009999871253968395,0,0,0,0,0,0,0
2022-03-18,DAI,0.9995610117912292,1.000720024108887,0.9990000128746032,0.9998379945755004,0.9991400241851808,1.000615000724792,0.9996179938316344,0.0008599758148192249,0.0006150007247920364,0.0008599758148192249,0,0,0,0,0,0,0
2022-03-19,DAI,0.9998300075531006,1.000615000724792,0.9991400241851808,0.9996179938316344,0.9986270070075988,1.000012040138245,0.9992600083351136,0.001372992992401234,1.2040138245072995e-05,0.001372992992401234,0,0,0,0,0,0,0
2022-03-20,DAI,0.9996200203895568,1.000012040138245,0.9986270070075988,0.9992600083351136,0.998951017856598,1.000367045402527,0.9990010261535645,0.0010489821434019886,0.0003670454025270775,0.0010489821434019886,0,0,0,0,0,0,0
2022-03-21,DAI,0.9992510080337524,1.000367045402527,0.998951017856598,0.9990010261535645,0.9986389875411988,1.000154972076416,0.9990350008010864,0.0013610124588011585,0.00015497207641601562,0.0013610124588011585,0,0,0,0,0,0,0
2022-03-22,DAI,0.998960018157959,1.000154972076416,0.9986389875411988,0.9990350008010864,0.998878002166748,1.000157952308655,0.9998340010643004,0.0011219978332519531,0.0001579523086550072,0.0011219978332519531,0,0,0,0,0,0,0
2022-03-23,DAI,0.9990599751472472,1.000157952308655,0.998878002166748,0.9998340010643004,0.9989680051803588,1.0001300573349,0.999556005001068,0.0010319948196412243,0.00013005733489990234,0.0010319948196412243,0,0,0,0,0,0,0
2022-03-24,DAI,0.9998630285263062,1.0001300573349,0.9989680051803588,0.999556005001068,0.9986270070075988,1.000272989273071,0.9992420077323914,0.001372992992401234,0.000272989273071067,0.001372992992401234,0,0,0,0,0,0,0
2022-03-25,DAI,0.9995409846305848,1.000272989273071,0.9986270070075988,0.9992420077323914,0.9989799857139589,1.000381946563721,0.9999330043792723,0.0010200142860411487,0.00038194656372092517,0.0010200142860411487,0,0,0,0,0,0,0
2022-03-26,DAI,0.9992740154266356,1.000381946563721,0.9989799857139589,0.9999330043792723,0.999110996723175,1.000429034233093,0.999970018863678,0.0008890032768249512,0.0004290342330930397,0.0008890032768249512,0,0,0,0,0,0,0
2022-03-27,DAI,0.9999420046806335,1.000429034233093,0.999110996723175,0.999970018863678,0.9986379742622375,1.000476002693176,0.9992129802703856,0.0013620257377624512,0.0004760026931760475,0.0013620257377624512,0,0,0,0,0,0,0
2022-03-28,DAI,1.000020027160645,1.000476002693176,0.9986379742622375,0.9992129802703856,0.9985399842262268,1.000311017036438,0.999763011932373,0.0014600157737731934,0.0003110170364379883,0.0014600157737731934,0,0,0,0,0,0,0
2022-03-29,DAI,0.999110996723175,1.000311017036438,0.9985399842262268,0.999763011932373,0.9989050030708312,1.000555038452148,0.9996359944343568,0.0010949969291688122,0.0005550384521479934,0.0010949969291688122,0,0,0,0,0,0,0
2022-03-30,DAI,0.9998070001602172,1.000555038452148,0.9989050030708312,0.9996359944343568,0.9988219738006592,1.000507950782776,0.9998329877853394,0.0011780261993408203,0.000507950782776101,0.0011780261993408203,0,0,0,0,0,0,0
2022-03-31,DAI,0.9996079802513124,1.000507950782776,0.9988219738006592,0.9998329877853394,0.9988870024681092,1.000432014465332,1.000303030014038,0.0011129975318907581,0.00043201446533203125,0.0011129975318907581,0,0,0,0,0,0,0
2022-04-01,DAI,0.9999570250511168,1.000432014465332,0.9988870024681092,1.000303030014038,0.9989150166511536,1.000969052314758,0.9989929795265198,0.0010849833488464355,0.0009690523147580787,0.0010849833488464355,0,0,0,0,0,0,0
2022-04-02,DAI,1.00026798248291,1.000969052314758,0.9989150166511536,0.9989929795265198,0.9988909959793092,1.000506997108459,0.9994789958000184,0.001109004020690807,0.0005069971084590286,0.001109004020690807,0,0,0,0,0,0,0
2022-04-03,DAI,0.99898499250412,1.000506997108459,0.9988909959793092,0.9994789958000184,0.9986680150032043,1.000566005706787,0.9999409914016724,0.0013319849967956543,0.0005660057067871094,0.0013319849967956543,0,0,0,0,0,0,0
2022-04-04,DAI,0.9994419813156128,1.000566005706787,0.9986680150032043,0.9999409914016724,0.9987519979476928,1.000558972358704,0.9991070032119752,0.00124800205230724,0.0005589723587040574,0.00124800205230724,0,0,0,0,0,0,0
2022-04-05,DAI,0.99993097782135,1.000558972358704,0.9987519979476928,0.9991070032119752,0.9981529712677002,1.000437021255493,0.9994930028915404,0.0018470287322998047,0.000437021255492942,0.0018470287322998047,0,0,0,0,0,0,0
2022-04-06,DAI,0.999193012714386,1.000437021255493,0.9981529712677002,0.9994930028915404,0.9988420009613036,1.000736951828003,0.9996899962425232,0.0011579990386964,0.0007369518280029297,0.0011579990386964,0,0,0,0,0,0,0
2022-04-07,DAI,0.999460995197296,1.000736951828003,0.9988420009613036,0.9996899962425232,0.9987279772758484,1.000488042831421,0.9993879795074464,0.0012720227241516113,0.00048804283142089844,0.0012720227241516113,0,0,0,0,0,0,0
2022-04-08,DAI,0.9996979832649232,1.000488042831421,0.9987279772758484,0.9993879795074464,0.9990910291671752,1.000563979148865,1.000359058380127,0.000908970832824818,0.0005639791488649681,0.000908970832824818,0,0,0,0,0,0,0
2022-04-09,DAI,0.9994029998779296,1.000563979148865,0.9990910291671752,1.000359058380127,0.999068021774292,1.000583052635193,0.9994400143623352,0.0009319782257080078,0.0005830526351930931,0.0009319782257080078,0,0,0,0,0,0,0
2022-04-10,DAI,1.000386953353882,1.000583052635193,0.999068021774292,0.9994400143623352,0.998445987701416,1.000327944755554,0.998874008655548,0.0015540122985839844,0.0003279447555539772,0.0015540122985839844,0,0,0,0,0,0,0
2022-04-11,DAI,0.9995499849319458,1.000327944755554,0.998445987701416,0.998874008655548,0.9984760284423828,1.00068998336792,1.000234961509705,0.0015239715576171875,0.0006899833679199219,0.0015239715576171875,0,0,0,0,0,0,0
2022-04-12,DAI,0.9989050030708312,1.00068998336792,0.9984760284423828,1.000234961509705,0.9989820122718812,1.000887036323547,1.000169992446899,0.0010179877281187855,0.0008870363235469192,0.0010179877281187855,0,0,0,0,0,0,0
2022-04-13,DAI,1.000262022018433,1.000887036323547,0.9989820122718812,1.000169992446899,0.9991120100021362,1.000545024871826,1.00009298324585,0.0008879899978637695,0.0005450248718259498,0.0008879899978637695,0,0,0,0,0,0,0
2022-04-14,DAI,1.0001380443573,1.000545024871826,0.9991120100021362,1.00009298324585,0.9989929795265198,1.000234961509705,1.000002026557922,0.0010070204734802246,0.00023496150970503393,0.0010070204734802246,0,0,0,0,0,0,0
2022-04-15,DAI,1.000064015388489,1.000234961509705,0.9989929795265198,1.000002026557922,0.999119997024536,1.000298976898193,0.9997000098228456,0.0008800029754639782,0.0002989768981929153,0.0008800029754639782,0,0,0,0,0,0,0
2022-04-16,DAI,0.9999160170555116,1.000298976898193,0.999119997024536,0.9997000098228456,0.9990919828414916,1.000175952911377,0.9997400045394896,0.0009080171585084118,0.00017595291137695312,0.0009080171585084118,0,0,0,0,0,0,0
2022-04-17,DAI,0.9997000098228456,1.000175952911377,0.9990919828414916,0.9997400045394896,0.9990040063858032,1.000623941421509,0.9998810291290284,0.0009959936141967773,0.0006239414215090111,0.0009959936141967773,0,0,0,0,0,0,0
2022-04-18,DAI,0.9997929930686952,1.000623941421509,0.9990040063858032,0.9998810291290284,0.999110996723175,1.000602960586548,0.9999120235443116,0.0008890032768249512,0.0006029605865480736,0.0008890032768249512,0,0,0,0,0,0,0
2022-04-19,DAI,0.9998850226402284,1.000602960586548,0.999110996723175,0.9999120235443116,0.9989280104637146,1.00034499168396,0.999646008014679,0.0010719895362854004,0.00034499168395996094,0.0010719895362854004,0,0,0,0,0,0,0
2022-04-20,DAI,0.999904990196228,1.00034499168396,0.9989280104637146,0.999646008014679,0.9988549947738647,1.000496983528137,0.9996110200881958,0.001145005226135254,0.000496983528136985,0.001145005226135254,0,0,0,0,0,0,0
2022-04-21,DAI,0.9996520280838012,1.000496983528137,0.9988549947738647,0.9996110200881958,0.998540997505188,1.000380992889404,0.9997689723968506,0.0014590024948120117,0.00038099288940407483,0.0014590024948120117,0,0,0,0,0,0,0
2022-04-22,DAI,0.9995729923248292,1.000380992889404,0.998540997505188,0.9997689723968506,0.9988309741020204,1.000174045562744,0.9989029765129088,0.0011690258979796253,0.00017404556274391858,0.0011690258979796253,0,0,0,0,0,0,0
2022-04-23,DAI,0.999770998954773,1.000174045562744,0.9988309741020204,0.9989029765129088,0.9984930157661438,1.000026941299438,0.99938702583313,0.0015069842338562012,2.6941299438032473e-05,0.0015069842338562012,0,0,0,0,0,0,0
2022-04-24,DAI,0.9988920092582704,1.000026941299438,0.9984930157661438,0.99938702583313,0.9983440041542052,1.000720977783203,0.999882996082306,0.0016559958457947888,0.000720977783202903,0.0016559958457947888,0,0,0,0,0,0,0
2022-04-25,DAI,0.9993579983711244,1.000720977783203,0.9983440041542052,0.999882996082306,0.9982810020446776,1.000599980354309,0.9999709725379944,0.0017189979553223766,0.000599980354309082,0.0017189979553223766,0,0,0,0,0,0,0
2022-04-26,DAI,0.9998160004615784,1.000599980354309,0.9982810020446776,0.9999709725379944,0.99891197681427,1.000496029853821,0.9997910261154176,0.0010880231857299805,0.0004960298538210228,0.0010880231857299805,0,0,0,0,0,0,0
2022-04-27,DAI,0.9999390244483948,1.000496029853821,0.99891197681427,0.9997910261154176,0.998619019985199,1.000578999519348,0.9996690154075624,0.0013809800148010254,0.0005789995193479225,0.0013809800148010254,0,0,0,0,0,0,0
2022-04-28,DAI,0.9998430013656616,1.000578999519348,0.998619019985199,0.9996690154075624,0.9982929825782776,1.000280022621155,0.9998289942741394,0.0017070174217224121,0.0002800226211550072,0.0017070174217224121,0,0,0,0,0,0,0
2022-04-29,DAI,0.9997190237045288,1.000280022621155,0.9982929825782776,0.9998289942741394,0.9984620213508606,1.001206994056702,0.9996160268783568,0.0015379786491394043,0.0012069940567021042,0.0015379786491394043,0,0,0,0,0,0,0
2022-04-30,DAI,0.9997869729995728,1.001206994056702,0.9984620213508606,0.9996160268783568,0.9989789724349976,1.001250028610229,1.000404953956604,0.0010210275650024414,0.001250028610229048,0.001250028610229048,0,0,0,0,0,0,0
2022-05-01,DAI,0.9995089769363404,1.001250028610229,0.9989789724349976,1.000404953956604,0.998889982700348,1.000720977783203,0.9992709755897522,0.0011100172996519886,0.000720977783202903,0.0011100172996519886,0,0,0,0,0,0,0
2022-05-02,DAI,1.000381946563721,1.000720977783203,0.998889982700348,0.9992709755897522,0.9986749887466432,1.000537991523743,0.9999629855155944,0.0013250112533568226,0.0005379915237428978,0.0013250112533568226,0,0,0,0,0,0,0
2022-05-03,DAI,0.9993690252304076,1.000537991523743,0.9986749887466432,0.9999629855155944,0.9989920258522034,1.001240015029907,1.00020694732666,0.0010079741477966309,0.0012400150299070045,0.0012400150299070045,0,0,0,0,0,0,0
2022-05-04,DAI,1.000005960464478,1.001240015029907,0.9989920258522034,1.00020694732666,0.99856299161911,1.000648975372314,0.9997519850730896,0.0014370083808900036,0.000648975372314009,0.0014370083808900036,0,0,0,0,0,0,0
2022-05-05,DAI,1.000197052955627,1.000648975372314,0.99856299161911,0.9997519850730896,0.998583972454071,1.000450968742371,1.000061988830566,0.001416027545928955,0.00045096874237104956,0.001416027545928955,0,0,0,0,0,0,0
2022-05-06,DAI,0.9997079968452454,1.000450968742371,0.998583972454071,1.000061988830566,0.99897301197052,1.00049901008606,0.9995309710502625,0.0010269880294799805,0.0004990100860600144,0.0010269880294799805,0,0,0,0,0,0,0
2022-05-07,DAI,1.000040054321289,1.00049901008606,0.99897301197052,0.9995309710502625,0.9986720085144044,1.000602006912231,0.9995650053024292,0.001327991485595592,0.0006020069122310012,0.001327991485595592,0,0,0,0,0,0,0
2022-05-08,DAI,0.9994909763336182,1.000602006912231,0.9986720085144044,0.9995650053024292,0.996537983417511,1.00074303150177,0.9983389973640442,0.0034620165824890137,0.0007430315017700195,0.0034620165824890137,0,0,0,0,0,0,0
2022-05-09,DAI,0.9994549751281738,1.00074303150177,0.996537983417511,0.9983389973640442,0.9981300234794616,1.001389980316162,0.9999200105667114,0.001869976520538441,0.0013899803161621094,0.001869976520538441,0,0,0,0,0,0,0
2022-05-10,DAI,0.9987750053405762,1.001389980316162,0.9981300234794616,0.9999200105667114,0.9941930174827576,1.001654028892517,1.001273989677429,0.005806982517242432,0.0016540288925170898,0.005806982517242432,0,0,0,0,0,0,0
2022-05-11,DAI,0.9999319911003112,1.001654028892517,0.9941930174827576,1.001273989677429,0.9956820011138916,1.013774037361145,1.001055002212524,0.0043179988861083984,0.01377403736114502,0.01377403736114502,0,0,1,0,0,0,0
2022-05-12,DAI,1.001294016838074,1.013774037361145,0.9956820011138916,1.001055002212524,0.998753011226654,1.002959966659546,0.999710977077484,0.0012469887733459473,0.0029599666595458984,0.0029599666595458984,0,0,0,0,0,0,0
2022-05-13,DAI,1.001067042350769,1.002959966659546,0.998753011226654,0.999710977077484,0.9980700016021729,1.001937985420227,1.001531958580017,0.0019299983978271484,0.0019379854202270508,0.0019379854202270508,0,0,0,0,0,0,0
2022-05-14,DAI,0.999638020992279,1.001937985420227,0.9980700016021729,1.001531958580017,0.999343991279602,1.002287030220032,1.000813007354736,0.0006560087203979492,0.0022870302200319603,0.0022870302200319603,0,0,0,0,0,0,0
2022-05-15,DAI,1.001430034637451,1.002287030220032,0.999343991279602,1.000813007354736,0.9985340237617492,1.001291036605835,0.9997069835662842,0.0014659762382508434,0.001291036605834961,0.0014659762382508434,0,0,0,0,0,0,0
2022-05-16,DAI,1.000874042510986,1.001291036605835,0.9985340237617492,0.9997069835662842,0.9988399744033812,1.001796007156372,1.000615000724792,0.0011600255966187634,0.0017960071563720703,0.0017960071563720703,0,0,0,0,0,0,0
2022-05-17,DAI,0.9998440146446228,1.001796007156372,0.9988399744033812,1.000615000724792,0.9988449811935424,1.001461982727051,0.9990410208702089,0.0011550188064576306,0.0014619827270510033,0.0014619827270510033,0,0,0,0,0,0,0
2022-05-18,DAI,1.000653028488159,1.001461982727051,0.9988449811935424,0.9990410208702089,0.9989299774169922,1.001878023147583,1.001178026199341,0.0010700225830078125,0.0018780231475830078,0.0018780231475830078,0,0,0,0,0,0,0
2022-05-19,DAI,0.999110996723175,1.001878023147583,0.9989299774169922,1.001178026199341,0.999435007572174,1.001849055290222,0.9999589920043944,0.0005649924278260388,0.001849055290221946,0.001849055290221946,0,0,0,0,0,0,0
2022-05-20,DAI,1.001198053359985,1.001849055290222,0.999435007572174,0.9999589920043944,0.9995160102844238,1.001453995704651,1.000745058059692,0.0004839897155761719,0.001453995704651101,0.001453995704651101,0,0,0,0,0,0,0
2022-05-21,DAI,0.999970018863678,1.001453995704651,0.9995160102844238,1.000745058059692,0.9996230006217957,1.001875042915344,1.001013040542603,0.0003769993782043457,0.0018750429153440162,0.0018750429153440162,0,0,0,0,0,0,0
2022-05-22,DAI,1.000725030899048,1.001875042915344,0.9996230006217957,1.001013040542603,0.9990990161895752,1.002171039581299,0.999796986579895,0.0009009838104248047,0.00217103958129905,0.00217103958129905,0,0,0,0,0,0,0
2022-05-23,DAI,1.000951051712036,1.002171039581299,0.9990990161895752,0.999796986579895,0.9980980157852172,1.001649022102356,1.000771045684814,0.0019019842147828259,0.001649022102355957,0.0019019842147828259,0,0,0,0,0,0,0
2022-05-24,DAI,0.9996979832649232,1.001649022102356,0.9980980157852172,1.000771045684814,0.9991130232810974,1.001374006271362,0.9996169805526732,0.0008869767189025879,0.0013740062713620826,0.0013740062713620826,0,0,0,0,0,0,0
2022-05-25,DAI,1.000797986984253,1.001374006271362,0.9991130232810974,0.9996169805526732,0.9989699721336364,1.002035975456238,0.9996870160102844,0.0010300278663636364,0.002035975456238015,0.002035975456238015,0,0,0,0,0,0,0
2022-05-26,DAI,0.9997180104255676,1.002035975456238,0.9989699721336364,0.9996870160102844,0.998960018157959,1.001945972442627,0.9994909763336182,0.0010399818420410156,0.0019459724426269531,0.0019459724426269531,0,0,0,0,0,0,0
2022-05-27,DAI,0.99965500831604,1.001945972442627,0.998960018157959,0.9994909763336182,0.9992120265960692,1.001575946807861,1.000566005706787,0.0007879734039307751,0.001575946807861106,0.001575946807861106,0,0,0,0,0,0,0
2022-05-28,DAI,1.00068199634552,1.001575946807861,0.9992120265960692,1.000566005706787,0.9993079900741576,1.001588940620422,1.000715970993042,0.0006920099258423962,0.0015889406204219192,0.0015889406204219192,0,0,0,0,0,0,0
2022-05-29,DAI,1.000573039054871,1.001588940620422,0.9993079900741576,1.000715970993042,0.9995329976081848,1.0016770362854,1.000298976898193,0.00046700239181518555,0.0016770362853999465,0.0016770362853999465,0,0,0,0,0,0,0
2022-05-30,DAI,1.000720024108887,1.0016770362854,0.9995329976081848,1.000298976898193,0.9990739822387696,1.000983953475952,1.000303030014038,0.0009260177612303577,0.0009839534759519264,0.0009839534759519264,0,0,0,0,0,0,0
2022-05-31,DAI,1.000264048576355,1.000983953475952,0.9990739822387696,1.000303030014038,0.998121976852417,1.001358032226562,1.000380992889404,0.0018780231475830078,0.001358032226562056,0.0018780231475830078,0,0,0,0,0,0,0
2022-06-01,DAI,1.00027596950531,1.001358032226562,0.998121976852417,1.000380992889404,0.9993339776992798,1.000875949859619,1.000056028366089,0.0006660223007202148,0.0008759498596189186,0.0008759498596189186,0,0,0,0,0,0,0
2022-06-02,DAI,1.000287055969238,1.000875949859619,0.9993339776992798,1.000056028366089,0.9990569949150084,1.00100302696228,0.9998660087585448,0.0009430050849915661,0.0010030269622800514,0.0010030269622800514,0,0,0,0,0,0,0
2022-06-03,DAI,1.000044941902161,1.00100302696228,0.9990569949150084,0.9998660087585448,0.999171018600464,1.001068949699402,1.000344038009644,0.0008289813995360218,0.0010689496994020775,0.0010689496994020775,0,0,0,0,0,0,0
2022-06-04,DAI,0.999978005886078,1.001068949699402,0.999171018600464,1.000344038009644,0.999530017375946,1.001181960105896,1.000062942504883,0.0004699826240539551,0.001181960105895996,0.001181960105895996,0,0,0,0,0,0,0
2022-06-05,DAI,1.000360012054443,1.001181960105896,0.999530017375946,1.000062942504883,0.9994040131568908,1.001250982284546,0.9998729825019836,0.0005959868431092419,0.0012509822845458984,0.0012509822845458984,0,0,0,0,0,0,0
2022-06-06,DAI,1.000102996826172,1.001250982284546,0.9994040131568908,0.9998729825019836,0.9985910058021544,1.001009941101074,0.9999359846115112,0.00140899419784557,0.0010099411010739967,0.00140899419784557,0,0,0,0,0,0,0
2022-06-07,DAI,0.9998540282249452,1.001009941101074,0.9985910058021544,0.9999359846115112,0.999064028263092,1.000841975212097,1.000040054321289,0.000935971736907959,0.0008419752120969459,0.000935971736907959,0,0,0,0,0,0,0
2022-06-08,DAI,0.9999340176582336,1.000841975212097,0.999064028263092,1.000040054321289,0.9992219805717468,1.000944018363953,1.000200033187866,0.0007780194282531738,0.0009440183639530808,0.0009440183639530808,0,0,0,0,0,0,0
2022-06-09,DAI,0.999970018863678,1.000944018363953,0.9992219805717468,1.000200033187866,0.9989920258522034,1.000887036323547,0.9993789792060852,0.0010079741477966309,0.0008870363235469192,0.0010079741477966309,0,0,0,0,0,0,0
2022-06-10,DAI,0.9999709725379944,1.000887036323547,0.9989920258522034,0.9993789792060852,0.9984859824180604,1.000988006591797,0.9997640252113342,0.0015140175819395862,0.000988006591797097,0.0015140175819395862,0,0,0,0,0,0,0
2022-06-11,DAI,0.9994320273399352,1.000988006591797,0.9984859824180604,0.9997640252113342,0.9986649751663208,1.001649022102356,0.999897003173828,0.0013350248336791992,0.001649022102355957,0.001649022102355957,0,0,0,0,0,0,0
2022-06-12,DAI,0.99966698884964,1.001649022102356,0.9986649751663208,0.999897003173828,0.9986379742622375,1.001577019691467,1.000766038894653,0.0013620257377624512,0.0015770196914670631,0.0015770196914670631,0,0,0,0,0,0,0
2022-06-13,DAI,0.9999489784240724,1.001577019691467,0.9986379742622375,1.000766038894653,0.9989479780197144,1.001940965652466,1.000401973724365,0.0010520219802856445,0.0019409656524660424,0.0019409656524660424,0,0,0,0,0,0,0
2022-06-14,DAI,1.00077497959137,1.001940965652466,0.9989479780197144,1.000401973724365,0.9987519979476928,1.002766013145447,1.000977993011475,0.00124800205230724,0.0027660131454469994,0.0027660131454469994,0,0,0,0,0,0,0
2022-06-15,DAI,1.000363945960999,1.002766013145447,0.9987519979476928,1.000977993011475,0.9987549781799316,1.001896023750305,1.000120043754578,0.0012450218200683594,0.0018960237503049537,0.0018960237503049537,0,0,0,0,0,0,0
2022-06-16,DAI,1.00100302696228,1.001896023750305,0.9987549781799316,1.000120043754578,0.9994400143623352,1.001649975776672,1.000393986701965,0.0005599856376647949,0.0016499757766719192,0.0016499757766719192,0,0,0,0,0,0,0
2022-06-17,DAI,1.000126957893372,1.001649975776672,0.9994400143623352,1.000393986701965,0.9984470009803772,1.001911044120789,1.001194000244141,0.0015529990196228027,0.0019110441207890183,0.0019110441207890183,0,0,0,0,0,0,0
2022-06-18,DAI,1.00033700466156,1.001911044120789,0.9984470009803772,1.001194000244141,0.9990670084953308,1.001693964004517,1.000064969062805,0.0009329915046691895,0.0016939640045170457,0.0016939640045170457,0,0,0,0,0,0,0
2022-06-19,DAI,1.001163005828857,1.001693964004517,0.9990670084953308,1.000064969062805,0.9987069964408876,1.001736998558044,1.000699043273926,0.0012930035591124378,0.0017369985580439895,0.0017369985580439895,0,0,0,0,0,0,0
2022-06-20,DAI,0.9999949932098388,1.001736998558044,0.9987069964408876,1.000699043273926,0.9990450143814088,1.001636028289795,0.9998419880867004,0.0009549856185911976,0.0016360282897949219,0.0016360282897949219,0,0,0,0,0,0,0
2022-06-21,DAI,1.000745058059692,1.001636028289795,0.9990450143814088,0.9998419880867004,0.9982939958572388,1.001621007919312,0.999110996723175,0.0017060041427612305,0.0016210079193119675,0.0017060041427612305,0,0,0,0,0,0,0
2022-06-22,DAI,0.9998890161514282,1.001621007919312,0.9982939958572388,0.999110996723175,0.9990699887275696,1.001428961753845,1.000558018684387,0.0009300112724304199,0.0014289617538449928,0.0014289617538449928,0,0,0,0,0,0,0
2022-06-23,DAI,0.999090015888214,1.001428961753845,0.9990699887275696,1.000558018684387,0.9990370273590088,1.001260042190552,1.000386953353882,0.0009629726409912109,0.0012600421905519799,0.0012600421905519799,0,0,0,0,0,0,0
2022-06-24,DAI,1.00049102306366,1.001260042190552,0.9990370273590088,1.000386953353882,0.9992499947547911,1.001343011856079,1.00089704990387,0.0007500052452088513,0.0013430118560791016,0.0013430118560791016,0,0,0,0,0,0,0
2022-06-25,DAI,1.000458955764771,1.001343011856079,0.9992499947547911,1.00089704990387,0.9991509914398192,1.001474976539612,0.9996039867401124,0.0008490085601807751,0.0014749765396120385,0.0014749765396120385,0,0,0,0,0,0,0
2022-06-26,DAI,1.000810980796814,1.001474976539612,0.9991509914398192,0.9996039867401124,0.998986005783081,1.001147985458374,0.999234974384308,0.0010139942169189453,0.0011479854583740234,0.0011479854583740234,0,0,0,0,0,0,0
2022-06-27,DAI,0.9996610283851624,1.001147985458374,0.998986005783081,0.999234974384308,0.9988960027694702,1.001284003257751,0.9998909831047058,0.0011039972305297852,0.0012840032577510208,0.0012840032577510208,0,0,0,0,0,0,0
2022-06-28,DAI,0.9992340207099916,1.001284003257751,0.9988960027694702,0.9998909831047058,0.9994630217552184,1.001121044158936,1.000347971916199,0.0005369782447816052,0.001121044158935991,0.001121044158935991,0,0,0,0,0,0,0
2022-06-29,DAI,0.9998739957809448,1.001121044158936,0.9994630217552184,1.000347971916199,0.9989709854125975,1.00120997428894,1.000162959098816,0.0010290145874024548,0.0012099742889399856,0.0012099742889399856,0,0,0,0,0,0,0
2022-06-30,DAI,1.000359058380127,1.00120997428894,0.9989709854125975,1.000162959098816,0.9990370273590088,1.001682996749878,0.999970018863678,0.0009629726409912109,0.0016829967498779297,0.0016829967498779297,0,0,0,0,0,0,0
2022-07-01,DAI,1.000229001045227,1.001682996749878,0.9990370273590088,0.999970018863678,0.9991369843482972,1.001309990882874,1.000123977661133,0.0008630156517027698,0.0013099908828739792,0.0013099908828739792,0,0,0,0,0,0,0
2022-07-02,DAI,0.9998980164527892,1.001309990882874,0.9991369843482972,1.000123977661133,0.999351978302002,1.001271963119507,1.000218033790588,0.0006480216979980469,0.001271963119507058,0.001271963119507058,0,0,0,0,0,0,0
2022-07-03,DAI,1.000149011611938,1.001271963119507,0.999351978302002,1.000218033790588,0.9993420243263244,1.001608967781067,1.000787973403931,0.0006579756736756481,0.0016089677810668945,0.0016089677810668945,0,0,0,0,0,0,0
2022-07-04,DAI,1.000180959701538,1.001608967781067,0.9993420243263244,1.000787973403931,0.9990559816360474,1.00120997428894,0.9998769760131836,0.0009440183639526367,0.0012099742889399856,0.0012099742889399856,0,0,0,0,0,0,0
2022-07-05,DAI,1.000712037086487,1.00120997428894,0.9990559816360474,0.9998769760131836,0.9993540048599244,1.00116503238678,1.00069797039032,0.0006459951400755726,0.0011650323867800072,0.0011650323867800072,0,0,0,0,0,0,0
2022-07-06,DAI,0.9999160170555116,1.00116503238678,0.9993540048599244,1.00069797039032,0.999688982963562,1.001324057579041,1.00042998790741,0.0003110170364379883,0.0013240575790409714,0.0013240575790409714,0,0,0,0,0,0,0
2022-07-07,DAI,1.000578045845032,1.001324057579041,0.999688982963562,1.00042998790741,0.9990419745445251,1.001145958900452,0.9995909929275512,0.0009580254554748535,0.0011459589004521042,0.0011459589004521042,0,0,0,0,0,0,0
2022-07-08,DAI,1.000416040420532,1.001145958900452,0.9990419745445251,0.9995909929275512,0.9991819858551024,1.001091003417969,0.9997360110282898,0.000818014144897572,0.001091003417968972,0.001091003417968972,0,0,0,0,0,0,0
2022-07-09,DAI,0.9996160268783568,1.001091003417969,0.9991819858551024,0.9997360110282898,0.9987930059432985,1.000964045524597,0.9995089769363404,0.0012069940567015491,0.0009640455245969459,0.0012069940567015491,0,0,0,0,0,0,0
2022-07-10,DAI,0.999737024307251,1.000964045524597,0.9987930059432985,0.9995089769363404,0.9987720251083374,1.000643014907837,0.9994800090789796,0.0012279748916625977,0.0006430149078369141,0.0012279748916625977,0,0,0,0,0,0,0
2022-07-11,DAI,0.9994680285453796,1.000643014907837,0.9987720251083374,0.9994800090789796,0.9990079998970032,1.000686049461365,0.999197006225586,0.0009920001029968262,0.0006860494613649681,0.0009920001029968262,0,0,0,0,0,0,0
2022-07-12,DAI,0.9994019865989684,1.000686049461365,0.9990079998970032,0.999197006225586,0.999123990535736,1.001052021980286,1.000993967056274,0.000876009464264027,0.0010520219802860886,0.0010520219802860886,0,0,0,0,0,0,0
2022-07-13,DAI,0.9991809725761414,1.001052021980286,0.999123990535736,1.000993967056274,0.999176025390625,1.001327991485596,0.9997900128364564,0.000823974609375,0.0013279914855959252,0.0013279914855959252,0,0,0,0,0,0,0
2022-07-14,DAI,1.00104296207428,1.001327991485596,0.999176025390625,0.9997900128364564,0.9991210103034972,1.000797033309937,0.999974012374878,0.0008789896965027966,0.0007970333099369675,0.0008789896965027966,0,0,0,0,0,0,0
2022-07-15,DAI,0.9997259974479676,1.000797033309937,0.9991210103034972,0.999974012374878,0.9988980293273926,1.001116991043091,0.9999600052833556,0.0011019706726074219,0.0011169910430910424,0.0011169910430910424,0,0,0,0,0,0,0
2022-07-16,DAI,0.9998940229415894,1.001116991043091,0.9988980293273926,0.9999600052833556,0.9989789724349976,1.000820994377136,0.9993429780006408,0.0010210275650024414,0.0008209943771360084,0.0010210275650024414,0,0,0,0,0,0,0
2022-07-17,DAI,1.000033020973206,1.000820994377136,0.9989789724349976,0.9993429780006408,0.9987260103225708,1.00111997127533,1.000576972961426,0.0012739896774291992,0.001119971275330034,0.0012739896774291992,0,0,0,0,0,0,0
2022-07-18,DAI,0.9993720054626464,1.00111997127533,0.9987260103225708,1.000576972961426,0.9986780285835266,1.000646948814392,1.000123023986816,0.0013219714164733887,0.0006469488143920898,0.0013219714164733887,0,0,0,0,0,0,0
2022-07-19,DAI,1.000381946563721,1.000646948814392,0.9986780285835266,1.000123023986816,0.998251974582672,1.000988960266113,0.9991480112075806,0.0017480254173279919,0.0009889602661130592,0.0017480254173279919,0,0,0,0,0,0,0
2022-07-20,DAI,1.000030994415283,1.000988960266113,0.998251974582672,0.9991480112075806,0.9984099864959716,1.000982999801636,0.9999960064888,0.0015900135040284313,0.0009829998016359642,0.0015900135040284313,0,0,0,0,0,0,0
2022-07-21,DAI,0.999185025691986,1.000982999801636,0.9984099864959716,0.9999960064888,0.9987850189208984,1.000681042671204,0.9999489784240724,0.0012149810791015625,0.0006810426712040574,0.0012149810791015625,0,0,0,0,0,0,0
2022-07-22,DAI,1.000002026557922,1.000681042671204,0.9987850189208984,0.9999489784240724,0.9990059733390808,1.000555992126465,1.000154972076416,0.0009940266609191895,0.0005559921264650658,0.0009940266609191895,0,0,0,0,0,0,0
2022-07-23,DAI,0.9999039769172668,1.000555992126465,0.9990059733390808,1.000154972076416,0.9992219805717468,1.001024961471558,0.9997869729995728,0.0007780194282531738,0.0010249614715580613,0.0010249614715580613,0,0,0,0,0,0,0
2022-07-24,DAI,1.000116944313049,1.001024961471558,0.9992219805717468,0.9997869729995728,0.998898983001709,1.000488042831421,0.9993450045585632,0.0011010169982910156,0.00048804283142089844,0.0011010169982910156,0,0,0,0,0,0,0
2022-07-25,DAI,0.9997940063476562,1.000488042831421,0.998898983001709,0.9993450045585632,0.998673975467682,1.00061297416687,1.000570058822632,0.0013260245323180042,0.0006129741668698951,0.0013260245323180042,0,0,0,0,0,0,0
2022-07-26,DAI,0.999347984790802,1.00061297416687,0.998673975467682,1.000570058822632,0.9989830255508424,1.001618981361389,0.9999619722366332,0.0010169744491576038,0.0016189813613889381,0.0016189813613889381,0,0,0,0,0,0,0
2022-07-27,DAI,1.000553965568542,1.001618981361389,0.9989830255508424,0.9999619722366332,0.9987850189208984,1.001013040542603,0.9990209937095642,0.0012149810791015625,0.0010130405426029832,0.0012149810791015625,0,0,0,0,0,0,0
2022-07-28,DAI,1.000058054924011,1.001013040542603,0.9987850189208984,0.9990209937095642,0.9984099864959716,1.000800013542175,0.999119997024536,0.0015900135040284313,0.0008000135421750709,0.0015900135040284313,0,0,0,0,0,0,0
2022-07-29,DAI,0.9990569949150084,1.000800013542175,0.9984099864959716,0.999119997024536,0.9986039996147156,1.000617027282715,0.9993690252304076,0.0013960003852844238,0.0006170272827150658,0.0013960003852844238,0,0,0,0,0,0,0
2022-07-30,DAI,0.9991549849510192,1.000617027282715,0.9986039996147156,0.9993690252304076,0.998769998550415,1.000450015068054,0.9991009831428528,0.001230001449584961,0.0004500150680539772,0.001230001449584961,0,0,0,0,0,0,0
2022-07-31,DAI,0.9993929862976074,1.000450015068054,0.998769998550415,0.9991009831428528,0.9988449811935424,1.00053596496582,1.000066995620728,0.0011550188064576306,0.0005359649658200905,0.0011550188064576306,0,0,0,0,0,0,0
2022-08-01,DAI,0.9991779923439026,1.00053596496582,0.9988449811935424,1.000066995620728,0.998317003250122,1.00094997882843,0.9996740221977234,0.0016829967498780407,0.0009499788284299537,0.0016829967498780407,0,0,0,0,0,0,0
2022-08-02,DAI,1.000079989433289,1.00094997882843,0.998317003250122,0.9996740221977234,0.9988049864768982,1.000676035881042,0.9996640086174012,0.0011950135231018066,0.0006760358810420364,0.0011950135231018066,0,0,0,0,0,0,0
2022-08-03,DAI,0.9994930028915404,1.000676035881042,0.9988049864768982,0.9996640086174012,0.9985389709472656,1.00069797039032,1.000170946121216,0.001461029052734375,0.0006979703903200463,0.001461029052734375,0,0,0,0,0,0,0
2022-08-04,DAI,0.9996179938316344,1.00069797039032,0.9985389709472656,1.000170946121216,0.9990140199661256,1.000900030136108,1.000417947769165,0.0009859800338744007,0.0009000301361079543,0.0009859800338744007,0,0,0,0,0,0,0
2022-08-05,DAI,1.000095963478088,1.000900030136108,0.9990140199661256,1.000417947769165,0.9990249872207642,1.00046694278717,0.999405026435852,0.0009750127792358398,0.00046694278716996607,0.0009750127792358398,0,0,0,0,0,0,0
2022-08-06,DAI,1.00046694278717,1.00046694278717,0.9990249872207642,0.999405026435852,0.9988449811935424,1.000414967536926,0.999114990234375,0.0011550188064576306,0.0004149675369260475,0.0011550188064576306,0,0,0,0,0,0,0
2022-08-07,DAI,0.9995189905166626,1.000414967536926,0.9988449811935424,0.999114990234375,0.9989629983901978,1.000754952430725,0.9997259974479676,0.001037001609802246,0.0007549524307250977,0.001037001609802246,0,0,0,0,0,0,0
2022-08-08,DAI,0.9990540146827698,1.000754952430725,0.9989629983901978,0.9997259974479676,0.998511016368866,1.001055955886841,1.000370979309082,0.0014889836311340332,0.0010559558868410424,0.0014889836311340332,0,0,0,0,0,0,0
2022-08-09,DAI,0.9997910261154176,1.001055955886841,0.998511016368866,1.000370979309082,0.9988229870796204,1.001610040664673,1.000272035598755,0.0011770129203796387,0.0016100406646730736,0.0016100406646730736,0,0,0,0,0,0,0
2022-08-10,DAI,1.000357031822205,1.001610040664673,0.9988229870796204,1.000272035598755,0.9984430074691772,1.000638961791992,0.9995539784431458,0.001556992530822754,0.0006389617919919655,0.001556992530822754,0,0,0,0,0,0,0
2022-08-11,DAI,1.00030505657196,1.000638961791992,0.9984430074691772,0.9995539784431458,0.9984390139579772,1.00042200088501,0.999746024608612,0.001560986042022816,0.00042200088500998767,0.001560986042022816,0,0,0,0,0,0,0
2022-08-12,DAI,0.9995229840278624,1.00042200088501,0.9984390139579772,0.999746024608612,0.9986330270767212,1.000326991081238,0.9996100068092346,0.0013669729232788086,0.000326991081238015,0.0013669729232788086,0,0,0,0,0,0,0
2022-08-13,DAI,0.9997979998588562,1.000326991081238,0.9986330270767212,0.9996100068092346,0.9980779886245728,1.000430941581726,0.999426007270813,0.001922011375427246,0.0004309415817260742,0.001922011375427246,0,0,0,0,0,0,0
2022-08-14,DAI,0.999637007713318,1.000430941581726,0.9980779886245728,0.999426007270813,0.9979249835014344,1.001201987266541,0.999563992023468,0.002075016498565563,0.0012019872665409714,0.002075016498565563,0,0,0,0,0,0,0
2022-08-15,DAI,0.9994850158691406,1.001201987266541,0.9979249835014344,0.999563992023468,0.9980859756469728,1.000347018241882,0.9998459815979004,0.0019140243530272327,0.0003470182418821022,0.0019140243530272327,0,0,0,0,0,0,0
2022-08-16,DAI,0.9995189905166626,1.000347018241882,0.9980859756469728,0.9998459815979004,0.9969170093536376,1.000944018363953,0.999446988105774,0.0030829906463624157,0.0009440183639530808,0.0030829906463624157,0,0,0,0,0,0,0
2022-08-17,DAI,0.9998409748077391,1.000944018363953,0.9969170093536376,0.999446988105774,0.9984970092773438,1.000646948814392,0.9986600279808044,0.00150299072265625,0.0006469488143920898,0.00150299072265625,0,0,0,0,0,0,0
2022-08-18,DAI,0.999530017375946,1.000646948814392,0.9984970092773438,0.9986600279808044,0.9976990222930908,1.000764012336731,0.9989290237426758,0.0023009777069091797,0.000764012336730957,0.0023009777069091797,0,0,0,0,0,0,0
2022-08-19,DAI,0.9985340237617492,1.000764012336731,0.9976990222930908,0.9989290237426758,0.9969670176506042,1.001049041748047,1.000619053840637,0.003032982349395752,0.001049041748047097,0.003032982349395752,0,0,0,0,0,0,0
2022-08-20,DAI,0.9989359974861144,1.001049041748047,0.9969670176506042,1.000619053840637,0.9986640214920044,1.001217007637024,0.9997310042381288,0.0013359785079956055,0.0012170076370239258,0.0013359785079956055,0,0,0,0,0,0,0
2022-08-21,DAI,1.000592947006226,1.001217007637024,0.9986640214920044,0.9997310042381288,0.9976670145988464,1.001376986503601,1.000293970108032,0.0023329854011535645,0.0013769865036010742,0.0023329854011535645,0,0,0,0,0,0,0
2022-08-22,DAI,0.9998890161514282,1.001376986503601,0.9976670145988464,1.000293970108032,0.9986379742622375,1.001247048377991,0.9998959898948668,0.0013620257377624512,0.0012470483779909447,0.0013620257377624512,0,0,0,0,0,0,0
2022-08-23,DAI,1.000363945960999,1.001247048377991,0.9986379742622375,0.9998959898948668,0.9986900091171264,1.000795006752014,0.9994980096817015,0.0013099908828736462,0.0007950067520139381,0.0013099908828736462,0,0,0,0,0,0,0
2022-08-24,DAI,0.9998739957809448,1.000795006752014,0.9986900091171264,0.9994980096817015,0.999090015888214,1.001021981239319,1.000223994255066,0.0009099841117859997,0.0010219812393190697,0.0010219812393190697,0,0,0,0,0,0,0
2022-08-25,DAI,0.9994999766349792,1.001021981239319,0.999090015888214,1.000223994255066,0.9980279803276062,1.001132965087891,0.9993500113487244,0.001972019672393799,0.001132965087891069,0.001972019672393799,0,0,0,0,0,0,0
2022-08-26,DAI,1.000265955924988,1.001132965087891,0.9980279803276062,0.9993500113487244,0.997376024723053,1.000797986984253,1.000156998634338,0.0026239752769470215,0.0007979869842529297,0.0026239752769470215,0,0,0,0,0,0,0
2022-08-27,DAI,0.9994810223579408,1.000797986984253,0.997376024723053,1.000156998634338,0.9976040124893188,1.000741004943848,0.9987019896507264,0.0023959875106811523,0.0007410049438481003,0.0023959875106811523,0,0,0,0,0,0,0
2022-08-28,DAI,1.00012195110321,1.000741004943848,0.9976040124893188,0.9987019896507264,0.9987559914588928,1.001083970069885,0.9999179840087892,0.0012440085411071777,0.0010839700698850319,0.0012440085411071777,0,0,0,0,0,0,0
2022-08-29,DAI,0.998768985271454,1.001083970069885,0.9987559914588928,0.9999179840087892,0.9974300265312196,1.000972032546997,0.9990910291671752,0.0025699734687804066,0.0009720325469970703,0.0025699734687804066,0,0,0,0,0,0,0
2022-08-30,DAI,0.9999489784240724,1.000972032546997,0.9974300265312196,0.9990910291671752,0.9977740049362184,1.000818014144897,0.9996399879455566,0.0022259950637816273,0.0008180141448970168,0.0022259950637816273,0,0,0,0,0,0,0
2022-08-31,DAI,0.9992070198059082,1.000818014144897,0.9977740049362184,0.9996399879455566,0.9971129894256592,1.000990033149719,0.9998170137405396,0.0028870105743408203,0.0009900331497190162,0.0028870105743408203,0,0,0,0,0,0,0
2022-09-01,DAI,0.999680995941162,1.000990033149719,0.9971129894256592,0.9998170137405396,0.9981240034103394,1.001086950302124,1.00019097328186,0.0018759965896606445,0.0010869503021240234,0.0018759965896606445,0,0,0,0,0,0,0
2022-09-02,DAI,0.999767005443573,1.001086950302124,0.9981240034103394,1.00019097328186,0.998332977294922,1.00047504901886,1.000229001045227,0.001667022705078014,0.0004750490188600853,0.001667022705078014,0,0,0,0,0,0,0
2022-09-03,DAI,1.000143051147461,1.00047504901886,0.998332977294922,1.000229001045227,0.9991220235824584,1.000764966011047,1.000270009040833,0.0008779764175416149,0.0007649660110469192,0.0008779764175416149,0,0,0,0,0,0,0
2022-09-04,DAI,1.000216007232666,1.000764966011047,0.9991220235824584,1.000270009040833,0.99904602766037,1.001531004905701,1.000184059143066,0.0009539723396300159,0.0015310049057009056,0.0015310049057009056,0,0,0,0,0,0,0
2022-09-05,DAI,1.000277996063232,1.001531004905701,0.99904602766037,1.000184059143066,0.9977489709854126,1.001044988632202,0.9985610246658324,0.0022510290145874023,0.0010449886322019264,0.0022510290145874023,0,0,0,0,0,0,0
2022-09-06,DAI,1.000159025192261,1.001044988632202,0.9977489709854126,0.9985610246658324,0.9985479712486268,1.000745058059692,1.00029194355011,0.00145202875137318,0.0007450580596919387,0.00145202875137318,0,0,0,0,0,0,0
2022-09-07,DAI,0.9985600113868712,1.000745058059692,0.9985479712486268,1.00029194355011,0.998645007610321,1.000839948654175,1.000102996826172,0.001354992389678955,0.0008399486541750267,0.001354992389678955,0,0,0,0,0,0,0
2022-09-08,DAI,1.000236988067627,1.000839948654175,0.998645007610321,1.000102996826172,0.9990419745445251,1.00101900100708,0.999987006187439,0.0009580254554748535,0.0010190010070800781,0.0010190010070800781,0,0,0,0,0,0,0
2022-09-09,DAI,1.00010097026825,1.00101900100708,0.9990419745445251,0.999987006187439,0.9990339875221252,1.000506043434143,0.9997159838676452,0.0009660124778747559,0.0005060434341430664,0.0009660124778747559,0,0,0,0,0,0,0
2022-09-10,DAI,1.000113010406494,1.000506043434143,0.9990339875221252,0.9997159838676452,0.9984480142593384,1.000540971755981,1.000197052955627,0.001551985740661621,0.0005409717559810012,0.001551985740661621,0,0,0,0,0,0,0
2022-09-11,DAI,0.9998250007629396,1.000540971755981,0.9984480142593384,1.000197052955627,0.9973719716072084,1.000556945800781,0.9997590184211732,0.002628028392791637,0.000556945800781028,0.002628028392791637,0,0,0,0,0,0,0
2022-09-12,DAI,1.000273942947388,1.000556945800781,0.9973719716072084,0.9997590184211732,0.9965929985046388,1.000296950340271,0.999750018119812,0.003407001495361217,0.0002969503402709961,0.003407001495361217,0,0,0,0,0,0,0
2022-09-13,DAI,0.9998340010643004,1.000296950340271,0.9965929985046388,0.999750018119812,0.9981719851493835,1.000537037849426,1.000116944313049,0.001828014850616455,0.0005370378494260475,0.001828014850616455,0,0,0,0,0,0,0
2022-09-14,DAI,0.9985079765319824,1.000537037849426,0.9981719851493835,1.000116944313049,0.9982349872589112,1.000664949417114,0.9996939897537231,0.0017650127410887562,0.0006649494171140358,0.0017650127410887562,0,0,0,0,0,0,0
2022-09-15,DAI,1.000025987625122,1.000664949417114,0.9982349872589112,0.9996939897537231,0.9984660148620604,1.000648975372314,1.000118017196655,0.0015339851379395641,0.000648975372314009,0.0015339851379395641,0,0,0,0,0,0,0
2022-09-16,DAI,0.9998019933700562,1.000648975372314,0.9984660148620604,1.000118017196655,0.9989569783210754,1.000717043876648,1.000156998634338,0.0010430216789245605,0.0007170438766479492,0.0010430216789245605,0,0,0,0,0,0,0
2022-09-17,DAI,1.00020694732666,1.000717043876648,0.9989569783210754,1.000156998634338,0.9986249804496764,1.000362038612366,0.9993659853935242,0.0013750195503235974,0.0003620386123659447,0.0013750195503235974,0,0,0,0,0,0,0
2022-09-18,DAI,1.000095963478088,1.000362038612366,0.9986249804496764,0.9993659853935242,0.9980360269546508,1.000854969024658,0.9993469715118408,0.001963973045349232,0.0008549690246579811,0.001963973045349232,0,0,0,0,0,0,0
2022-09-19,DAI,0.9992219805717468,1.000854969024658,0.9980360269546508,0.9993469715118408,0.9986289739608764,1.000898003578186,0.9994519948959352,0.0013710260391236462,0.0008980035781860352,0.0013710260391236462,0,0,0,0,0,0,0
2022-09-20,DAI,0.9992219805717468,1.000898003578186,0.9986289739608764,0.9994519948959352,0.997875988483429,1.001454949378967,1.000048995018005,0.002124011516571045,0.0014549493789670631,0.002124011516571045,0,0,0,0,0,0,0
2022-09-21,DAI,0.9995459914207458,1.001454949378967,0.997875988483429,1.000048995018005,0.9986230134963988,1.001157999038696,0.9996860027313232,0.0013769865036011852,0.001157999038696067,0.0013769865036011852,0,0,0,0,0,0,0
2022-09-22,DAI,1.000157952308655,1.001157999038696,0.9986230134963988,0.9996860027313232,0.9989539980888368,1.001917004585266,1.000125050544739,0.001046001911163219,0.0019170045852658912,0.0019170045852658912,0,0,0,0,0,0,0
2022-09-23,DAI,0.9994930028915404,1.001917004585266,0.9989539980888368,1.000125050544739,0.9986249804496764,1.000820994377136,0.9995539784431458,0.0013750195503235974,0.0008209943771360084,0.0013750195503235974,0,0,0,0,0,0,0
2022-09-24,DAI,1.000180959701538,1.000820994377136,0.9986249804496764,0.9995539784431458,0.9984700083732604,1.000488042831421,0.9998270273208618,0.001529991626739613,0.00048804283142089844,0.001529991626739613,0,0,0,0,0,0,0
2022-09-25,DAI,0.9995139837265016,1.000488042831421,0.9984700083732604,0.9998270273208618,0.9986550211906432,1.000702023506165,0.9998679757118224,0.0013449788093568005,0.0007020235061649949,0.0013449788093568005,0,0,0,0,0,0,0
2022-09-26,DAI,0.999754011631012,1.000702023506165,0.9986550211906432,0.9998679757118224,0.9974340200424194,1.001523017883301,0.9998130202293396,0.0025659799575805664,0.0015230178833010033,0.0025659799575805664,0,0,0,0,0,0,0
2022-09-27,DAI,1.000270009040833,1.001523017883301,0.9974340200424194,0.9998130202293396,0.9981690049171448,1.000998973846436,0.9993879795074464,0.0018309950828552246,0.000998973846435991,0.0018309950828552246,0,0,0,0,0,0,0
2022-09-28,DAI,0.9996389746665956,1.000998973846436,0.9981690049171448,0.9993879795074464,0.9984229803085328,1.001078009605408,1.00008499622345,0.0015770196914671741,0.0010780096054079369,0.0015770196914671741,0,0,0,0,0,0,0
2022-09-29,DAI,0.999468982219696,1.001078009605408,0.9984229803085328,1.00008499622345,0.998416006565094,1.00078296661377,0.9998180270195008,0.0015839934349060059,0.0007829666137699753,0.0015839934349060059,0,0,0,0,0,0,0
2022-09-30,DAI,0.9998890161514282,1.00078296661377,0.998416006565094,0.9998180270195008,0.9989519715309144,1.00019097328186,0.9994680285453796,0.0010480284690855823,0.00019097328185990747,0.0010480284690855823,0,0,0,0,0,0,0
2022-10-01,DAI,0.999882996082306,1.00019097328186,0.9989519715309144,0.9994680285453796,0.9986220002174376,1.00033700466156,0.9996489882469176,0.0013779997825623669,0.0003370046615600586,0.0013779997825623669,0,0,0,0,0,0,0
2022-10-02,DAI,0.9994750022888184,1.00033700466156,0.9986220002174376,0.9996489882469176,0.9990209937095642,1.000980973243713,1.000059962272644,0.000979006290435791,0.0009809732437129348,0.0009809732437129348,0,0,0,0,0,0,0
2022-10-03,DAI,0.9997889995574952,1.000980973243713,0.9990209937095642,1.000059962272644,0.999167025089264,1.001358985900879,0.9998850226402284,0.000832974910735973,0.0013589859008789062,0.0013589859008789062,0,0,0,0,0,0,0
2022-10-04,DAI,1.000005960464478,1.001358985900879,0.999167025089264,0.9998850226402284,0.9989500045776368,1.00062894821167,0.99966698884964,0.0010499954223631702,0.0006289482116699219,0.0010499954223631702,0,0,0,0,0,0,0
2022-10-05,DAI,0.9998109936714172,1.00062894821167,0.9989500045776368,0.99966698884964,0.998870015144348,1.000771999359131,0.9995020031929016,0.0011299848556519665,0.0007719993591310814,0.0011299848556519665,0,0,0,0,0,0,0
2022-10-06,DAI,0.999761998653412,1.000771999359131,0.998870015144348,0.9995020031929016,0.998394012451172,1.00019896030426,0.9996269941329956,0.001605987548828014,0.00019896030426003186,0.001605987548828014,0,0,0,0,0,0,0
2022-10-07,DAI,0.9995790123939514,1.00019896030426,0.998394012451172,0.9996269941329956,0.9988449811935424,1.000229001045227,0.999763011932373,0.0011550188064576306,0.00022900104522705078,0.0011550188064576306,0,0,0,0,0,0,0
2022-10-08,DAI,0.9997029900550842,1.000229001045227,0.9988449811935424,0.999763011932373,0.9990959763526917,1.000236034393311,0.9998859763145448,0.0009040236473083496,0.00023603439331099096,0.0009040236473083496,0,0,0,0,0,0,0
2022-10-09,DAI,0.9999110102653505,1.000236034393311,0.9990959763526917,0.9998859763145448,0.99857097864151,1.000512957572937,0.9992560148239136,0.0014290213584899902,0.0005129575729370117,0.0014290213584899902,0,0,0,0,0,0,0
2022-10-10,DAI,0.9998800158500672,1.000512957572937,0.99857097864151,0.9992560148239136,0.9986519813537598,1.000324964523315,0.9996899962425232,0.0013480186462402344,0.0003249645233149856,0.0013480186462402344,0,0,0,0,0,0,0
2022-10-11,DAI,0.9992390275001526,1.000324964523315,0.9986519813537598,0.9996899962425232,0.9992259740829468,1.000295996665955,0.9992989897727966,0.0007740259170532227,0.00029599666595503393,0.0007740259170532227,0,0,0,0,0,0,0
2022-10-12,DAI,0.9996899962425232,1.000295996665955,0.9992259740829468,0.9992989897727966,0.9983760118484496,1.001039028167725,0.9996430277824402,0.001623988151550404,0.0010390281677250535,0.001623988151550404,0,0,0,0,0,0,0
2022-10-13,DAI,0.99924498796463,1.001039028167725,0.9983760118484496,0.9996430277824402,0.9987220168113708,1.001533031463623,1.000115990638733,0.0012779831886291504,0.0015330314636230469,0.0015330314636230469,0,0,0,0,0,0,0
2022-10-14,DAI,0.9996569752693176,1.001533031463623,0.9987220168113708,1.000115990638733,0.9990829825401306,1.000496029853821,0.99966698884964,0.0009170174598693848,0.0004960298538210228,0.0009170174598693848,0,0,0,0,0,0,0
2022-10-15,DAI,1.000126004219055,1.000496029853821,0.9990829825401306,0.99966698884964,0.9992160201072692,1.000627994537354,0.999805986881256,0.0007839798927308239,0.0006279945373539597,0.0007839798927308239,0,0,0,0,0,0,0
2022-10-16,DAI,0.9996160268783568,1.000627994537354,0.9992160201072692,0.999805986881256,0.9990860223770142,1.000651955604553,0.9995589852333068,0.0009139776229858398,0.0006519556045530006,0.0009139776229858398,0,0,0,0,0,0,0
2022-10-17,DAI,0.9998049736022948,1.000651955604553,0.9990860223770142,0.9995589852333068,0.9989370107650756,1.000645041465759,0.9996780157089232,0.0010629892349244274,0.0006450414657590553,0.0010629892349244274,0,0,0,0,0,0,0
2022-10-18,DAI,0.999563992023468,1.000645041465759,0.9989370107650756,0.9996780157089232,0.998782992362976,1.000491976737976,1.000107049942017,0.0012170076370240368,0.0004919767379760742,0.0012170076370240368,0,0,0,0,0,0,0
2022-10-19,DAI,0.999791979789734,1.000491976737976,0.998782992362976,1.000107049942017,0.9987890124320984,1.000578045845032,0.9997490048408508,0.0012109875679016113,0.0005780458450319603,0.0012109875679016113,0,0,0,0,0,0,0
2022-10-20,DAI,0.9997779726982116,1.000578045845032,0.9987890124320984,0.9997490048408508,0.9987109899520874,1.001211047172546,0.9999160170555116,0.0012890100479125977,0.0012110471725459426,0.0012890100479125977,0,0,0,0,0,0,0
2022-10-21,DAI,0.9996910095214844,1.001211047172546,0.9987109899520874,0.9999160170555116,0.9991390109062196,1.00060498714447,0.9999240040779114,0.0008609890937804066,0.0006049871444699928,0.0008609890937804066,0,0,0,0,0,0,0
2022-10-22,DAI,0.999948024749756,1.00060498714447,0.9991390109062196,0.9999240040779114,0.9989709854125975,1.001060009002686,1.000170946121216,0.0010290145874024548,0.001060009002685991,0.001060009002685991,0,0,0,0,0,0,0
2022-10-23,DAI,0.99993097782135,1.001060009002686,0.9989709854125975,1.000170946121216,0.9985870122909546,1.000831007957458,0.9997429847717284,0.0014129877090454102,0.000831007957458052,0.0014129877090454102,0,0,0,0,0,0,0
2022-10-24,DAI,1.000359058380127,1.000831007957458,0.9985870122909546,0.9997429847717284,0.9983739852905272,1.001919031143188,0.9999539852142334,0.0016260147094727673,0.0019190311431880325,0.0019190311431880325,0,0,0,0,0,0,0
2022-10-25,DAI,0.9997050166130066,1.001919031143188,0.9983739852905272,0.9999539852142334,0.9989380240440368,1.001029014587402,0.9997749924659728,0.0010619759559632458,0.0010290145874018997,0.0010619759559632458,0,0,0,0,0,0,0
2022-10-26,DAI,0.9998090267181396,1.001029014587402,0.9989380240440368,0.9997749924659728,0.998507022857666,1.000848054885864,0.9997199773788452,0.0014929771423339844,0.0008480548858640358,0.0014929771423339844,0,0,0,0,0,0,0
2022-10-27,DAI,0.9997349977493286,1.000848054885864,0.998507022857666,0.9997199773788452,0.9987360239028932,1.000944972038269,1.000306010246277,0.0012639760971068226,0.000944972038269043,0.0012639760971068226,0,0,0,0,0,0,0
2022-10-28,DAI,0.9997220039367676,1.000944972038269,0.9987360239028932,1.000306010246277,0.999076008796692,1.000964999198914,1.000241994857788,0.0009239912033079944,0.0009649991989140183,0.0009649991989140183,0,0,0,0,0,0,0
2022-10-29,DAI,1.000301003456116,1.000964999198914,0.999076008796692,1.000241994857788,0.9988530278205872,1.000416040420532,1.000041007995605,0.0011469721794128418,0.0004160404205320045,0.0011469721794128418,0,0,0,0,0,0,0
2022-10-30,DAI,1.000247955322266,1.000416040420532,0.9988530278205872,1.000041007995605,0.9983299970626832,1.00060498714447,0.9998800158500672,0.0016700029373167835,0.0006049871444699928,0.0016700029373167835,0,0,0,0,0,0,0
2022-10-31,DAI,1.000038981437683,1.00060498714447,0.9983299970626832,0.9998800158500672,0.9989519715309144,1.000643014907837,0.9999970197677612,0.0010480284690855823,0.0006430149078369141,0.0010480284690855823,0,0,0,0,0,0,0
2022-11-01,DAI,0.9999060034751892,1.000643014907837,0.9989519715309144,0.9999970197677612,0.9985799789428712,1.001327037811279,1.000010967254639,0.0014200210571287952,0.0013270378112790748,0.0014200210571287952,0,0,0,0,0,0,0
2022-11-02,DAI,0.9999579787254332,1.001327037811279,0.9985799789428712,1.000010967254639,0.998826026916504,1.000900983810425,1.000210046768188,0.0011739730834959827,0.0009009838104250267,0.0011739730834959827,0,0,0,0,0,0,0
2022-11-03,DAI,1.000036954879761,1.000900983810425,0.998826026916504,1.000210046768188,0.9985120296478271,1.001345992088318,0.9997699856758118,0.0014879703521728516,0.0013459920883180931,0.0014879703521728516,0,0,0,0,0,0,0
2022-11-04,DAI,1.000162959098816,1.001345992088318,0.9985120296478271,0.9997699856758118,0.9989050030708312,1.000638961791992,1.00009298324585,0.0010949969291688122,0.0006389617919919655,0.0010949969291688122,0,0,0,0,0,0,0
2022-11-05,DAI,0.9996870160102844,1.000638961791992,0.9989050030708312,1.00009298324585,0.998727023601532,1.000669002532959,0.9992250204086304,0.0012729763984680176,0.0006690025329589844,0.0012729763984680176,0,0,0,0,0,0,0
2022-11-06,DAI,0.9999629855155944,1.000669002532959,0.998727023601532,0.9992250204086304,0.9989200234413148,1.000810027122498,1.00032103061676,0.0010799765586851917,0.0008100271224980027,0.0010799765586851917,0,0,0,0,0,0,0
2022-11-07,DAI,0.9994800090789796,1.000810027122498,0.9989200234413148,1.00032103061676,0.9904500246047974,1.002660989761353,0.9996179938316344,0.009549975395202637,0.002660989761352983,0.009549975395202637,0,0,0,0,0,0,0
2022-11-08,DAI,1.000314950942993,1.002660989761353,0.9904500246047974,0.9996179938316344,0.9941239953041076,1.002331972122192,1.000244975090027,0.005876004695892445,0.0023319721221919387,0.005876004695892445,0,0,0,0,0,0,0
2022-11-09,DAI,0.9995880126953124,1.002331972122192,0.9941239953041076,1.000244975090027,0.9991430044174194,1.007892966270447,1.002257943153381,0.0008569955825805664,0.007892966270447,0.007892966270447,0,0,0,0,0,0,0
2022-11-10,DAI,1.000306010246277,1.007892966270447,0.9991430044174194,1.002257943153381,0.9984869956970216,1.00313401222229,1.001553058624268,0.0015130043029784046,0.003134012222290039,0.003134012222290039,0,0,0,0,0,0,0
2022-11-11,DAI,1.002089023590088,1.00313401222229,0.9984869956970216,1.001553058624268,0.999109983444214,1.002105951309204,1.000805020332336,0.0008900165557860218,0.0021059513092041016,0.0021059513092041016,0,0,0,0,0,0,0
2022-11-12,DAI,1.001268029212952,1.002105951309204,0.999109983444214,1.000805020332336,0.9988980293273926,1.001809000968933,1.001075029373169,0.0011019706726074219,0.0018090009689331055,0.0018090009689331055,0,0,0,0,0,0,0
2022-11-13,DAI,1.000954985618591,1.001809000968933,0.9988980293273926,1.001075029373169,0.9983369708061218,1.003028988838196,1.000857949256897,0.0016630291938781738,0.003028988838196023,0.003028988838196023,0,0,0,0,0,0,0
2022-11-14,DAI,1.000869989395142,1.003028988838196,0.9983369708061218,1.000857949256897,0.998881995677948,1.002143979072571,1.001101016998291,0.001118004322052002,0.002143979072571023,0.002143979072571023,0,0,0,0,0,0,0
2022-11-15,DAI,1.000910043716431,1.002143979072571,0.998881995677948,1.001101016998291,0.9987639784812928,1.00137197971344,1.000488996505737,0.0012360215187071644,0.0013719797134399414,0.0013719797134399414,0,0,0,0,0,0,0
2022-11-16,DAI,1.001276016235352,1.00137197971344,0.9987639784812928,1.000488996505737,0.9991260170936584,1.00102698802948,1.000254988670349,0.0008739829063415527,0.0010269880294799805,0.0010269880294799805,0,0,0,0,0,0,0
2022-11-17,DAI,1.000445008277893,1.00102698802948,0.9991260170936584,1.000254988670349,0.999114990234375,1.001405000686646,1.000416994094849,0.000885009765625,0.001405000686645952,0.001405000686645952,0,0,0,0,0,0,0
2022-11-18,DAI,1.000265955924988,1.001405000686646,0.999114990234375,1.000416994094849,0.9996659755706788,1.001243948936462,1.000480055809021,0.00033402442932117804,0.0012439489364619583,0.0012439489364619583,0,0,0,0,0,0,0
2022-11-19,DAI,1.000324010848999,1.001243948936462,0.9996659755706788,1.000480055809021,0.9987900257110596,1.001081943511963,1.000296950340271,0.0012099742889404297,0.0010819435119628906,0.0012099742889404297,0,0,0,0,0,0,0
2022-11-20,DAI,1.00048303604126,1.001081943511963,0.9987900257110596,1.000296950340271,0.9986209869384766,1.001170992851257,1.000218033790588,0.0013790130615234375,0.0011709928512571022,0.0013790130615234375,0,0,0,0,0,0,0
2022-11-21,DAI,1.000319957733154,1.001170992851257,0.9986209869384766,1.000218033790588,0.9989789724349976,1.001981019973755,1.000633955001831,0.0010210275650024414,0.001981019973755105,0.001981019973755105,0,0,0,0,0,0,0
2022-11-22,DAI,1.000136017799377,1.001981019973755,0.9989789724349976,1.000633955001831,0.9993469715118408,1.001652956008911,1.000359058380127,0.0006530284881591797,0.0016529560089109108,0.0016529560089109108,0,0,0,0,0,0,0
2022-11-23,DAI,1.000607967376709,1.001652956008911,0.9993469715118408,1.000359058380127,0.9989879727363586,1.001710057258606,1.00033700466156,0.0010120272636413574,0.001710057258605957,0.001710057258605957,0,0,0,0,0,0,0
2022-11-24,DAI,1.000486016273499,1.001710057258606,0.9989879727363586,1.00033700466156,0.9990910291671752,1.001008033752441,1.000112056732178,0.000908970832824818,0.0010080337524409622,0.0010080337524409622,0,0,0,0,0,0,0
2022-11-25,DAI,1.00029194355011,1.001008033752441,0.9990910291671752,1.000112056732178,0.999355971813202,1.001523017883301,0.9998940229415894,0.0006440281867979847,0.0015230178833010033,0.0015230178833010033,0,0,0,0,0,0,0
2022-11-26,DAI,1.000089049339294,1.001523017883301,0.999355971813202,0.9998940229415894,0.9990569949150084,1.000709056854248,0.999455988407135,0.0009430050849915661,0.0007090568542480469,0.0009430050849915661,0,0,0,0,0,0,0
2022-11-27,DAI,0.9998540282249452,1.000709056854248,0.9990569949150084,0.999455988407135,0.9980390071868896,1.001389980316162,0.9997900128364564,0.0019609928131103516,0.0013899803161621094,0.0019609928131103516,0,0,0,0,0,0,0
2022-11-28,DAI,0.9994270205497742,1.001389980316162,0.9980390071868896,0.9997900128364564,0.9992129802703856,1.001227021217346,0.9996780157089232,0.0007870197296143688,0.0012270212173459694,0.0012270212173459694,0,0,0,0,0,0,0
2022-11-29,DAI,0.999796986579895,1.001227021217346,0.9992129802703856,0.9996780157089232,0.9989830255508424,1.001958012580872,0.9994750022888184,0.0010169744491576038,0.001958012580872026,0.001958012580872026,0,0,0,0,0,0,0
2022-11-30,DAI,0.9996910095214844,1.001958012580872,0.9989830255508424,0.9994750022888184,0.9991340041160583,1.000586986541748,0.9995409846305848,0.0008659958839416504,0.0005869865417480469,0.0008659958839416504,0,0,0,0,0,0,0
2022-12-01,DAI,0.9995070099830629,1.000586986541748,0.9991340041160583,0.9995409846305848,0.9983739852905272,1.000612020492554,1.000066041946411,0.0016260147094727673,0.000612020492553933,0.0016260147094727673,0,0,0,0,0,0,0
2022-12-02,DAI,0.9997289776802064,1.000612020492554,0.9983739852905272,1.000066041946411,0.9988430142402648,1.00028395652771,0.999575972557068,0.0011569857597352184,0.00028395652770996094,0.0011569857597352184,0,0,0,0,0,0,0
2022-12-03,DAI,1.000038027763367,1.00028395652771,0.9988430142402648,0.999575972557068,0.9992219805717468,1.000695943832397,1.000020027160645,0.0007780194282531738,0.0006959438323970168,0.0007780194282531738,0,0,0,0,0,0,0
2022-12-04,DAI,0.9994320273399352,1.000695943832397,0.9992219805717468,1.000020027160645,0.9984409809112548,1.001049995422363,0.9999039769172668,0.0015590190887452282,0.0010499954223630592,0.0015590190887452282,0,0,0,0,0,0,0
2022-12-05,DAI,1.000216007232666,1.001049995422363,0.9984409809112548,0.9999039769172668,0.9988409876823424,1.00046694278717,0.9999330043792723,0.0011590123176575817,0.00046694278716996607,0.0011590123176575817,0,0,0,0,0,0,0
2022-12-06,DAI,0.9998700022697448,1.00046694278717,0.9988409876823424,0.9999330043792723,0.997635006904602,1.000203013420105,0.9996569752693176,0.0023649930953979492,0.00020301342010498047,0.0023649930953979492,0,0,0,0,0,0,0
2022-12-07,DAI,0.9999189972877502,1.000203013420105,0.997635006904602,0.9996569752693176,0.9992070198059082,1.000771999359131,0.9999520182609558,0.0007929801940917969,0.0007719993591310814,0.0007929801940917969,0,0,0,0,0,0,0
2022-12-08,DAI,0.9996799826622008,1.000771999359131,0.9992070198059082,0.9999520182609558,0.9990649819374084,1.000573039054871,0.9995819926261902,0.0009350180625915527,0.0005730390548710496,0.0009350180625915527,0,0,0,0,0,0,0
2022-12-09,DAI,0.9999229907989502,1.000573039054871,0.9990649819374084,0.9995819926261902,0.999334990978241,1.000398993492126,1.000103950500488,0.0006650090217590332,0.00039899349212602075,0.0006650090217590332,0,0,0,0,0,0,0
2022-12-10,DAI,0.9995710253715516,1.000398993492126,0.999334990978241,1.000103950500488,0.998995006084442,1.000298976898193,0.999714970588684,0.0010049939155579724,0.0002989768981929153,0.0010049939155579724,0,0,0,0,0,0,0
2022-12-11,DAI,1.000079035758972,1.000298976898193,0.998995006084442,0.999714970588684,0.9989659786224364,1.000381946563721,1.00026798248291,0.0010340213775635876,0.00038194656372092517,0.0010340213775635876,0,0,0,0,0,0,0
2022-12-12,DAI,0.9996650218963624,1.000381946563721,0.9989659786224364,1.00026798248291,0.9987229704856871,1.000975966453552,0.99993497133255,0.0012770295143128552,0.000975966453552024,0.0012770295143128552,0,0,0,0,0,0,0
2022-12-13,DAI,1.000273942947388,1.000975966453552,0.9987229704856871,0.99993497133255,0.9978269934654236,1.000756978988647,0.9995740056037904,0.002173006534576416,0.0007569789886470168,0.002173006534576416,0,0,0,0,0,0,0
2022-12-14,DAI,1.000041961669922,1.000756978988647,0.9978269934654236,0.9995740056037904,0.9983140230178832,1.000496029853821,0.9996100068092346,0.0016859769821168102,0.0004960298538210228,0.0016859769821168102,0,0,0,0,0,0,0
2022-12-15,DAI,0.9996169805526732,1.000496029853821,0.9983140230178832,0.9996100068092346,0.9969329833984376,1.000599980354309,0.9993900060653688,0.003067016601562389,0.000599980354309082,0.003067016601562389,0,0,0,0,0,0,0
2022-12-16,DAI,0.9996050000190736,1.000599980354309,0.9969329833984376,0.9993900060653688,0.998544991016388,1.000625967979431,0.9999560117721558,0.0014550089836119495,0.0006259679794309303,0.0014550089836119495,0,0,0,0,0,0,0
2022-12-17,DAI,0.9994289875030518,1.000625967979431,0.998544991016388,0.9999560117721558,0.998933970928192,1.00076699256897,0.9989889860153198,0.0010660290718079724,0.0007669925689699486,0.0010660290718079724,0,0,0,0,0,0,0
2022-12-18,DAI,0.9999520182609558,1.00076699256897,0.998933970928192,0.9989889860153198,0.9977149963378906,1.000331044197083,0.9993659853935242,0.002285003662109375,0.0003310441970829636,0.002285003662109375,0,0,0,0,0,0,0
2022-12-19,DAI,0.999010980129242,1.000331044197083,0.9977149963378906,0.9993659853935242,0.998860001564026,1.000866055488586,0.999705970287323,0.00113999843597401,0.0008660554885859817,0.00113999843597401,0,0,0,0,0,0,0
2022-12-20,DAI,0.99938702583313,1.000866055488586,0.998860001564026,0.999705970287323,0.998924970626831,1.000373005867004,0.9999470114707948,0.0010750293731689453,0.00037300586700395044,0.0010750293731689453,0,0,0,0,0,0,0
2022-12-21,DAI,0.9997100234031676,1.000373005867004,0.998924970626831,0.9999470114707948,0.9985880255699158,1.000975966453552,1.000113010406494,0.0014119744300842285,0.000975966453552024,0.0014119744300842285,0,0,0,0,0,0,0
2022-12-22,DAI,1.000041961669922,1.000975966453552,0.9985880255699158,1.000113010406494,0.9990599751472472,1.000771999359131,0.9996010065078736,0.0009400248527527966,0.0007719993591310814,0.0009400248527527966,0,0,0,0,0,0,0
2022-12-23,DAI,1.000012040138245,1.000771999359131,0.9990599751472472,0.9996010065078736,0.9991840124130248,1.000373959541321,0.9999579787254332,0.0008159875869752087,0.0003739595413210228,0.0008159875869752087,0,0,0,0,0,0,0
2022-12-24,DAI,0.999504029750824,1.000373959541321,0.9991840124130248,0.9999579787254332,0.9989359974861144,1.000673055648804,1.000043034553528,0.001064002513885609,0.000673055648803933,0.001064002513885609,0,0,0,0,0,0,0
2022-12-25,DAI,0.9999629855155944,1.000673055648804,0.9989359974861144,1.000043034553528,0.9991430044174194,1.000468015670776,0.9999319911003112,0.0008569955825805664,0.0004680156707759231,0.0008569955825805664,0,0,0,0,0,0,0
2022-12-26,DAI,1.000287055969238,1.000468015670776,0.9991430044174194,0.9999319911003112,0.9989460110664368,1.000532984733582,0.9997289776802064,0.0010539889335632324,0.0005329847335819871,0.0010539889335632324,0,0,0,0,0,0,0
2022-12-27,DAI,0.9999600052833556,1.000532984733582,0.9989460110664368,0.9997289776802064,0.9986960291862488,1.000661969184875,1.0000319480896,0.0013039708137512207,0.0006619691848750442,0.0013039708137512207,0,0,0,0,0,0,0
2022-12-28,DAI,0.99958598613739,1.000661969184875,0.9986960291862488,1.0000319480896,0.9985889792442322,1.000839948654175,1.000184059143066,0.0014110207557678223,0.0008399486541750267,0.0014110207557678223,0,0,0,0,0,0,0
2022-12-29,DAI,0.9999859929084778,1.000839948654175,0.9985889792442322,1.000184059143066,0.998786985874176,1.00039803981781,0.9999759793281556,0.0012130141258239746,0.0003980398178100586,0.0012130141258239746,0,0,0,0,0,0,0
2022-12-30,DAI,1.000167012214661,1.00039803981781,0.998786985874176,0.9999759793281556,0.9992560148239136,1.000324010848999,0.999767005443573,0.0007439851760864258,0.00032401084899902344,0.0007439851760864258,0,0,0,0,0,0,0
2022-12-31,DAI,1.000126004219055,1.000324010848999,0.9992560148239136,0.999767005443573,0.9991000294685364,1.000437021255493,0.9997900128364564,0.000899970531463623,0.000437021255492942,0.000899970531463623,0,0,0,0,0,0,0
2023-01-01,DAI,0.999791979789734,1.000437021255493,0.9991000294685364,0.9997900128364564,0.9991719722747804,1.000782012939453,0.9995399713516236,0.0008280277252196155,0.000782012939452903,0.0008280277252196155,0,0,0,0,0,0,0
2023-01-02,DAI,0.999787986278534,1.000782012939453,0.9991719722747804,0.9995399713516236,0.9991940259933472,1.000439047813416,0.9998350143432616,0.000805974006652832,0.00043904781341597143,0.000805974006652832,0,0,0,0,0,0,0
2023-01-03,DAI,0.9995589852333068,1.000439047813416,0.9991940259933472,0.9998350143432616,0.9990019798278807,1.001500010490417,1.000067949295044,0.0009980201721192516,0.0015000104904170364,0.0015000104904170364,0,0,0,0,0,0,0
2023-01-04,DAI,0.9998599886894226,1.001500010490417,0.9990019798278807,1.000067949295044,0.999010980129242,1.00042998790741,0.9995219707489014,0.0009890198707579456,0.00042998790740989,0.0009890198707579456,0,0,0,0,0,0,0
2023-01-05,DAI,0.9999589920043944,1.00042998790741,0.999010980129242,0.9995219707489014,0.9990440011024476,1.000350952148438,0.9996790289878844,0.0009559988975523792,0.0003509521484379441,0.0009559988975523792,0,0,0,0,0,0,0
2023-01-06,DAI,0.9993929862976074,1.000350952148438,0.9990440011024476,0.9996790289878844,0.9992799758911132,1.000367999076843,0.9999909996986388,0.0007200241088868298,0.0003679990768430397,0.0007200241088868298,0,0,0,0,0,0,0
2023-01-07,DAI,0.9997770190238952,1.000367999076843,0.9992799758911132,0.9999909996986388,0.9990630149841307,1.000653028488159,1.000377058982849,0.0009369850158692516,0.0006530284881589576,0.0009369850158692516,0,0,0,0,0,0,0
2023-01-08,DAI,0.9999449849128724,1.000653028488159,0.9990630149841307,1.000377058982849,0.998665988445282,1.001060009002686,0.9998999834060668,0.0013340115547180176,0.001060009002685991,0.0013340115547180176,0,0,0,0,0,0,0
2023-01-09,DAI,1.000077962875366,1.001060009002686,0.998665988445282,0.9998999834060668,0.998835027217865,1.000517964363098,0.9997220039367676,0.0011649727821350098,0.0005179643630979225,0.0011649727821350098,0,0,0,0,0,0,0
2023-01-10,DAI,0.9998810291290284,1.000517964363098,0.998835027217865,0.9997220039367676,0.9988369941711426,1.001595020294189,1.000547051429749,0.0011630058288574219,0.001595020294189009,0.001595020294189009,0,0,0,0,0,0,0
2023-01-11,DAI,0.9997199773788452,1.001595020294189,0.9988369941711426,1.000547051429749,0.9983260035514832,1.001834988594055,1.000059962272644,0.0016739964485168457,0.0018349885940549537,0.0018349885940549537,0,0,0,0,0,0,0
2023-01-12,DAI,1.00082802772522,1.001834988594055,0.9983260035514832,1.000059962272644,0.9987419843673706,1.002246975898743,1.000745058059692,0.0012580156326293945,0.002246975898742898,0.002246975898742898,0,0,0,0,0,0,0
2023-01-13,DAI,1.000059008598328,1.002246975898743,0.9987419843673706,1.000745058059692,0.9973869919776917,1.00273597240448,0.9999989867210388,0.0026130080223083496,0.0027359724044799805,0.0027359724044799805,0,0,0,0,0,0,0
2023-01-14,DAI,1.000790953636169,1.00273597240448,0.9973869919776917,0.9999989867210388,0.99870502948761,1.000970959663391,0.9996910095214844,0.0012949705123900257,0.0009709596633908912,0.0012949705123900257,0,0,0,0,0,0,0
2023-01-15,DAI,0.9999300241470336,1.000970959663391,0.99870502948761,0.9996910095214844,0.9983199834823608,1.001137018203735,0.9993839859962464,0.0016800165176391602,0.0011370182037349075,0.0016800165176391602,0,0,0,0,0,0,0
2023-01-16,DAI,0.9996119737625122,1.001137018203735,0.9983199834823608,0.9993839859962464,0.9988210201263428,1.000887989997864,0.9996359944343568,0.0011789798736572266,0.0008879899978639916,0.0011789798736572266,0,0,0,0,0,0,0
2023-01-17,DAI,0.9994029998779296,1.000887989997864,0.9988210201263428,0.9996359944343568,0.997422993183136,1.001634955406189,0.9994279742240906,0.0025770068168640137,0.0016349554061889648,0.0025770068168640137,0,0,0,0,0,0,0
2023-01-18,DAI,0.999455988407135,1.001634955406189,0.997422993183136,0.9994279742240906,0.9991070032119752,1.000702977180481,1.000203013420105,0.0008929967880247913,0.000702977180480957,0.0008929967880247913,0,0,0,0,0,0,0
2023-01-19,DAI,0.9994530081748962,1.000702977180481,0.9991070032119752,1.000203013420105,0.9990320205688475,1.002697944641113,1.000151991844177,0.0009679794311524548,0.002697944641113059,0.002697944641113059,0,0,0,0,0,0,0
2023-01-20,DAI,1.000311017036438,1.002697944641113,0.9990320205688475,1.000151991844177,0.9981060028076172,1.000758051872253,0.9991940259933472,0.0018939971923828125,0.0007580518722529739,0.0018939971923828125,0,0,0,0,0,0,0
2023-01-21,DAI,1.000301957130432,1.000758051872253,0.9981060028076172,0.9991940259933472,0.9985600113868712,1.00090503692627,0.9997000098228456,0.0014399886131287731,0.0009050369262699753,0.0014399886131287731,0,0,0,0,0,0,0
2023-01-22,DAI,0.9993659853935242,1.00090503692627,0.9985600113868712,0.9997000098228456,0.9972620010375975,1.000738024711609,0.9999390244483948,0.0027379989624024548,0.0007380247116091088,0.0027379989624024548,0,0,0,0,0,0,0
2023-01-23,DAI,0.9995329976081848,1.000738024711609,0.9972620010375975,0.9999390244483948,0.9975929856300354,1.000779986381531,0.9994819760322572,0.0024070143699645996,0.0007799863815309838,0.0024070143699645996,0,0,0,0,0,0,0
2023-01-24,DAI,0.9997310042381288,1.000779986381531,0.9975929856300354,0.9994819760322572,0.9978950023651124,1.001824975013733,0.9998779892921448,0.0021049976348875843,0.0018249750137329102,0.0021049976348875843,0,0,0,0,0,0,0
2023-01-25,DAI,0.9994819760322572,1.001824975013733,0.9978950023651124,0.9998779892921448,0.9987620115280152,1.000975966453552,0.9998859763145448,0.0012379884719847523,0.000975966453552024,0.0012379884719847523,0,0,0,0,0,0,0
2023-01-26,DAI,0.9996910095214844,1.000975966453552,0.9987620115280152,0.9998859763145448,0.998778998851776,1.000946044921875,0.999983012676239,0.001221001148223988,0.000946044921875,0.001221001148223988,0,0,0,0,0,0,0
2023-01-27,DAI,0.9998800158500672,1.000946044921875,0.998778998851776,0.999983012676239,0.9984710216522216,1.000393986701965,0.9999420046806335,0.0015289783477784313,0.00039398670196511,0.0015289783477784313,0,0,0,0,0,0,0
2023-01-28,DAI,0.9998360276222228,1.000393986701965,0.9984710216522216,0.9999420046806335,0.9988430142402648,1.000709056854248,0.999916970729828,0.0011569857597352184,0.0007090568542480469,0.0011569857597352184,0,0,0,0,0,0,0
2023-01-29,DAI,0.9999139904975892,1.000709056854248,0.9988430142402648,0.999916970729828,0.9978460073471068,1.000617980957031,1.000306963920593,0.0021539926528931774,0.000617980957031028,0.0021539926528931774,0,0,0,0,0,0,0
2023-01-30,DAI,0.9996730089187622,1.000617980957031,0.9978460073471068,1.000306963920593,0.998269021511078,1.000908017158508,0.9998019933700562,0.0017309784889220081,0.0009080171585080787,0.0017309784889220081,0,0,0,0,0,0,0
2023-01-31,DAI,1.000326991081238,1.000908017158508,0.998269021511078,0.9998019933700562,0.9988369941711426,1.001958966255188,1.000161051750183,0.0011630058288574219,0.0019589662551879883,0.0019589662551879883,0,0,0,0,0,0,0
2023-02-01,DAI,0.9996680021286012,1.001958966255188,0.9988369941711426,1.000161051750183,0.9983950257301332,1.002096056938171,0.9988750219345092,0.0016049742698668323,0.0020960569381709426,0.0020960569381709426,0,0,0,0,0,0,0
2023-02-02,DAI,0.9999859929084778,1.002096056938171,0.9983950257301332,0.9988750219345092,0.998870015144348,1.000792980194092,0.9998630285263062,0.0011299848556519665,0.0007929801940920189,0.0011299848556519665,0,0,0,0,0,0,0
2023-02-03,DAI,0.9988769888877868,1.000792980194092,0.998870015144348,0.9998630285263062,0.998955011367798,1.000962972640991,0.9996770024299622,0.0010449886322020374,0.0009629726409909889,0.0010449886322020374,0,0,0,0,0,0,0
2023-02-04,DAI,0.9998570084571838,1.000962972640991,0.998955011367798,0.9996770024299622,0.99753600358963,1.000537991523743,0.9995970129966736,0.002463996410369984,0.0005379915237428978,0.002463996410369984,0,0,0,0,0,0,0
2023-02-05,DAI,0.9996070265769958,1.000537991523743,0.99753600358963,0.9995970129966736,0.99863600730896,1.001132965087891,0.9992510080337524,0.001363992691040039,0.001132965087891069,0.001363992691040039,0,0,0,0,0,0,0
2023-02-06,DAI,0.9996410012245178,1.001132965087891,0.99863600730896,0.9992510080337524,0.9983969926834106,1.001533031463623,1.000018000602722,0.0016030073165893555,0.0015330314636230469,0.0016030073165893555,0,0,0,0,0,0,0
2023-02-07,DAI,0.999197006225586,1.001533031463623,0.9983969926834106,1.000018000602722,0.9982290267944336,1.00137197971344,0.9995200037956238,0.0017709732055664062,0.0013719797134399414,0.0017709732055664062,0,0,0,0,0,0,0
2023-02-08,DAI,1.00010097026825,1.00137197971344,0.9982290267944336,0.9995200037956238,0.9973350167274476,1.000761985778809,0.999343991279602,0.002664983272552379,0.0007619857788090378,0.002664983272552379,0,0,0,0,0,0,0
2023-02-09,DAI,0.9995369911193848,1.000761985778809,0.9973350167274476,0.999343991279602,0.9986209869384766,1.000641942024231,0.9992520213127136,0.0013790130615234375,0.000641942024230957,0.0013790130615234375,0,0,0,0,0,0,0
2023-02-10,DAI,0.9994140267372132,1.000641942024231,0.9986209869384766,0.9992520213127136,0.998924970626831,1.000692009925842,0.999680995941162,0.0010750293731689453,0.0006920099258420631,0.0010750293731689453,0,0,0,0,0,0,0
2023-02-11,DAI,0.9992859959602356,1.000692009925842,0.998924970626831,0.999680995941162,0.9987390041351318,1.000509977340698,0.9997329711914062,0.001260995864868164,0.0005099773406980201,0.001260995864868164,0,0,0,0,0,0,0
2023-02-12,DAI,0.9996179938316344,1.000509977340698,0.9987390041351318,0.9997329711914062,0.9974520206451416,1.00078296661377,0.9998949766159058,0.0025479793548583984,0.0007829666137699753,0.0025479793548583984,0,0,0,0,0,0,0
2023-02-13,DAI,0.9997770190238952,1.00078296661377,0.9974520206451416,0.9998949766159058,0.9981139898300172,1.001134991645813,1.000211000442505,0.0018860101699827991,0.0011349916458129883,0.0018860101699827991,0,0,0,0,0,0,0
2023-02-14,DAI,1.000113010406494,1.001134991645813,0.9981139898300172,1.000211000442505,0.9990770220756532,1.00226104259491,0.9999560117721558,0.0009229779243468128,0.00226104259490989,0.00226104259490989,0,0,0,0,0,0,0
2023-02-15,DAI,1.000125050544739,1.00226104259491,0.9990770220756532,0.9999560117721558,0.9973369836807252,1.001353025436401,0.9982420206069946,0.0026630163192747913,0.001353025436400923,0.0026630163192747913,0,0,0,0,0,0,0
2023-02-16,DAI,0.9998049736022948,1.001353025436401,0.9973369836807252,0.9982420206069946,0.997418999671936,1.001229047775269,0.9995949864387512,0.002581000328063965,0.0012290477752689988,0.002581000328063965,0,0,0,0,0,0,0
2023-02-17,DAI,0.9985319972038268,1.001229047775269,0.997418999671936,0.9995949864387512,0.9991120100021362,1.000622987747192,0.9997640252113342,0.0008879899978637695,0.0006229877471919387,0.0008879899978637695,0,0,0,0,0,0,0
2023-02-18,DAI,0.9995949864387512,1.000622987747192,0.9991120100021362,0.9997640252113342,0.9985979795455932,1.000746965408325,0.9992210268974304,0.0014020204544068493,0.0007469654083249733,0.0014020204544068493,0,0,0,0,0,0,0
2023-02-19,DAI,1.000000953674316,1.000746965408325,0.9985979795455932,0.9992210268974304,0.9988549947738647,1.000962018966675,0.9999489784240724,0.001145005226135254,0.0009620189666750267,0.001145005226135254,0,0,0,0,0,0,0
2023-02-20,DAI,0.9996119737625122,1.000962018966675,0.9988549947738647,0.9999489784240724,0.9980350136756896,1.000740051269531,1.000213980674744,0.0019649863243104138,0.000740051269531028,0.0019649863243104138,0,0,0,0,0,0,0
2023-02-21,DAI,1.000012993812561,1.000740051269531,0.9980350136756896,1.000213980674744,0.9978039860725404,1.000833034515381,1.000103950500488,0.0021960139274596058,0.0008330345153810814,0.0021960139274596058,0,0,0,0,0,0,0
2023-02-22,DAI,1.000229001045227,1.000833034515381,0.9978039860725404,1.000103950500488,0.9983540177345276,1.000915050506592,0.9998319745063782,0.0016459822654724121,0.0009150505065920189,0.0016459822654724121,0,0,0,0,0,0,0
2023-02-23,DAI,1.000141978263855,1.000915050506592,0.9983540177345276,0.9998319745063782,0.9973859786987304,1.000728964805603,0.9997609853744508,0.0026140213012696423,0.0007289648056030273,0.0026140213012696423,0,0,0,0,0,0,0
2023-02-24,DAI,0.9998599886894226,1.000728964805603,0.9973859786987304,0.9997609853744508,0.998678982257843,1.000674962997437,1.000674962997437,0.0013210177421569824,0.0006749629974369675,0.0013210177421569824,0,0,0,0,0,0,0
2023-02-25,DAI,0.9997779726982116,1.000674962997437,0.998678982257843,1.000674962997437,0.9989830255508424,1.001129031181335,1.000406980514526,0.0010169744491576038,0.0011290311813350051,0.0011290311813350051,0,0,0,0,0,0,0
2023-02-26,DAI,1.000141978263855,1.001129031181335,0.9989830255508424,1.000406980514526,0.998740017414093,1.000874996185303,0.999882996082306,0.0012599825859069824,0.0008749961853029564,0.0012599825859069824,0,0,0,0,0,0,0
2023-02-27,DAI,1.000188946723938,1.000874996185303,0.998740017414093,0.999882996082306,0.998332977294922,1.000728964805603,0.999090015888214,0.001667022705078014,0.0007289648056030273,0.001667022705078014,0,0,0,0,0,0,0
2023-02-28,DAI,0.999948024749756,1.000728964805603,0.998332977294922,0.999090015888214,0.998757004737854,1.001350998878479,1.000208973884583,0.001242995262145996,0.001350998878479004,0.001350998878479004,0,0,0,0,0,0,0
2023-03-01,DAI,0.9992910027503968,1.001350998878479,0.998757004737854,1.000208973884583,0.9988279938697816,1.001083970069885,0.9995629787445068,0.0011720061302183948,0.0010839700698850319,0.0011720061302183948,0,0,0,0,0,0,0
2023-03-02,DAI,1.00019097328186,1.001083970069885,0.9988279938697816,0.9995629787445068,0.9968140125274658,1.000326037406921,0.9998610019683838,0.0031859874725341797,0.00032603740692094263,0.0031859874725341797,0,0,0,0,0,0,0
2023-03-03,DAI,0.9996100068092346,1.000326037406921,0.9968140125274658,0.9998610019683838,0.998852014541626,1.000592947006226,0.9999390244483948,0.0011479854583740234,0.00059294700622603,0.0011479854583740234,0,0,0,0,0,0,0
2023-03-04,DAI,0.9998070001602172,1.000592947006226,0.998852014541626,0.9999390244483948,0.998645007610321,1.000795960426331,0.9998999834060668,0.001354992389678955,0.0007959604263310105,0.001354992389678955,0,0,0,0,0,0,0
2023-03-05,DAI,0.999925971031189,1.000795960426331,0.998645007610321,0.9998999834060668,0.998830020427704,1.000331997871399,0.9996219873428344,0.0011699795722960316,0.0003319978713989258,0.0011699795722960316,0,0,0,0,0,0,0
2023-03-06,DAI,0.9999690055847168,1.000331997871399,0.998830020427704,0.9996219873428344,0.998104989528656,1.000951051712036,1.000244975090027,0.0018950104713439941,0.0009510517120359108,0.0018950104713439941,0,0,0,0,0,0,0
2023-03-07,DAI,0.9996349811553956,1.000951051712036,0.998104989528656,1.000244975090027,0.9985970258712769,1.000421047210693,0.9987710118293762,0.0014029741287231445,0.0004210472106929153,0.0014029741287231445,0,0,0,0,0,0,0
2023-03-08,DAI,1.000200033187866,1.000421047210693,0.9985970258712769,0.9987710118293762,0.9963039755821228,1.000509023666382,0.9998599886894226,0.0036960244178771973,0.000509023666382058,0.0036960244178771973,0,0,0,0,0,0,0
2023-03-09,DAI,0.9986929893493652,1.000509023666382,0.9963039755821228,0.9998599886894226,0.9970269799232484,1.000839948654175,0.9989680051803588,0.002973020076751598,0.0008399486541750267,0.002973020076751598,0,0,0,0,0,0,0
2023-03-10,DAI,0.999900996685028,1.000839948654175,0.9970269799232484,0.9989680051803588,0.8970029950141907,0.99959397315979,0.9738690257072448,0.10299700498580933,-0.00040602684020996094,0.10299700498580933,0,1,1,1,1,1,1
2023-03-11,DAI,0.9989830255508424,0.99959397315979,0.8970029950141907,0.9738690257072448,0.949783980846405,0.9942939877510072,0.9925850033760072,0.05021601915359497,-0.005706012248992809,0.05021601915359497,1,1,1,1,1,0,1
2023-03-12,DAI,0.9728950262069702,0.9942939877510072,0.949783980846405,0.9925850033760072,0.9871730208396912,1.001144051551819,0.99891597032547,0.012826979160308838,0.0011440515518190697,0.012826979160308838,1,1,1,0,0,0,1
2023-03-13,DAI,0.99235200881958,1.001144051551819,0.9871730208396912,0.99891597032547,0.9955450296401978,1.002575039863586,0.99897700548172,0.004454970359802246,0.0025750398635859817,0.004454970359802246,1,0,0,0,0,0,0
2023-03-14,DAI,0.9986720085144044,1.002575039863586,0.9955450296401978,0.99897700548172,0.9950330257415771,1.00074303150177,0.9991649985313416,0.0049669742584228516,0.0007430315017700195,0.0049669742584228516,0,0,0,0,0,0,0
2023-03-15,DAI,0.9988240003585817,1.00074303150177,0.9950330257415771,0.9991649985313416,0.9979609847068788,1.001052021980286,0.999396026134491,0.002039015293121227,0.0010520219802860886,0.002039015293121227,0,0,0,0,0,0,0
2023-03-16,DAI,0.999144971370697,1.001052021980286,0.9979609847068788,0.999396026134491,0.9971879720687866,1.001852035522461,1.000473976135254,0.002812027931213379,0.0018520355224609375,0.002812027931213379,0,0,0,0,0,0,0
2023-03-17,DAI,0.9995840191841124,1.001852035522461,0.9971879720687866,1.000473976135254,0.9954599738121032,1.001860976219177,0.9981600046157836,0.0045400261878968395,0.001860976219177024,0.0045400261878968395,0,0,0,0,0,0,0
2023-03-18,DAI,1.000599026679993,1.001860976219177,0.9954599738121032,0.9981600046157836,0.9974899888038636,1.001374959945679,0.9983090162277222,0.0025100111961363636,0.001374959945678933,0.0025100111961363636,0,0,0,0,0,0,0
2023-03-19,DAI,0.998278021812439,1.001374959945679,0.9974899888038636,0.9983090162277222,0.9958710074424744,1.001173973083496,0.9968069791793824,0.004128992557525635,0.0011739730834960938,0.004128992557525635,0,0,0,0,0,0,0
2023-03-20,DAI,0.998438000679016,1.001173973083496,0.9958710074424744,0.9968069791793824,0.9961280226707458,1.000097990036011,0.9990440011024476,0.0038719773292541504,9.799003601096423e-05,0.0038719773292541504,0,0,0,0,0,0,0
2023-03-21,DAI,0.9968770146369934,1.000097990036011,0.9961280226707458,0.9990440011024476,0.9955639839172364,1.000208973884583,0.9988669753074646,0.004436016082763561,0.00020897388458296362,0.004436016082763561,0,0,0,0,0,0,0
2023-03-22,DAI,0.9990249872207642,1.000208973884583,0.9955639839172364,0.9988669753074646,0.99753600358963,1.001266002655029,0.9987890124320984,0.002463996410369984,0.0012660026550290748,0.002463996410369984,0,0,0,0,0,0,0
2023-03-23,DAI,0.9986990094184875,1.001266002655029,0.99753600358963,0.9987890124320984,0.9949300289154052,1.000627040863037,0.9995650053024292,0.005069971084594838,0.0006270408630371094,0.005069971084594838,0,0,0,0,0,0,0
2023-03-24,DAI,0.9986749887466432,1.000627040863037,0.9949300289154052,0.9995650053024292,0.9972689747810364,1.000511050224304,0.9994789958000184,0.002731025218963623,0.0005110502243039772,0.002731025218963623,0,0,0,0,0,0,0
2023-03-25,DAI,0.9996529817581176,1.000511050224304,0.9972689747810364,0.9994789958000184,0.9980599880218506,1.000651001930237,0.9991549849510192,0.001940011978149414,0.0006510019302370385,0.001940011978149414,0,0,0,0,0,0,0
2023-03-26,DAI,0.9995239973068236,1.000651001930237,0.9980599880218506,0.9991549849510192,0.9962260127067566,0.9998729825019836,0.9990630149841307,0.003773987293243408,-0.00012701749801635742,0.003773987293243408,0,0,0,0,0,0,0
2023-03-27,DAI,0.9991620182991028,0.9998729825019836,0.9962260127067566,0.9990630149841307,0.9979400038719176,1.001474022865295,0.9998030066490172,0.0020599961280823864,0.001474022865294966,0.0020599961280823864,0,0,0,0,0,0,0
2023-03-28,DAI,0.9989699721336364,1.001474022865295,0.9979400038719176,0.9998030066490172,0.9981589913368224,1.001222968101501,0.999210000038147,0.0018410086631776013,0.0012229681015010208,0.0018410086631776013,0,0,0,0,0,0,0
2023-03-29,DAI,0.9992600083351136,1.001222968101501,0.9981589913368224,0.999210000038147,0.9974719882011414,1.000906944274902,0.9999819993972778,0.0025280117988586426,0.0009069442749018997,0.0025280117988586426,0,0,0,0,0,0,0
2023-03-30,DAI,0.9992640018463136,1.000906944274902,0.9974719882011414,0.9999819993972778,0.998251974582672,1.001253962516785,0.9994149804115297,0.0017480254173279919,0.00125396251678489,0.0017480254173279919,0,0,0,0,0,0,0
2023-03-31,DAI,1.000185966491699,1.001253962516785,0.998251974582672,0.9994149804115297,0.998274028301239,1.000288009643555,0.999235987663269,0.0017259716987609863,0.00028800964355490954,0.0017259716987609863,0,0,0,0,0,0,0
2023-04-01,DAI,0.9994419813156128,1.000288009643555,0.998274028301239,0.999235987663269,0.9973769783973694,1.000080943107605,0.9998440146446228,0.0026230216026306152,8.094310760498047e-05,0.0026230216026306152,0,0,0,0,0,0,0
2023-04-02,DAI,0.99931401014328,1.000080943107605,0.9973769783973694,0.9998440146446228,0.9973719716072084,1.000792980194092,0.9992830157279968,0.002628028392791637,0.0007929801940920189,0.002628028392791637,0,0,0,0,0,0,0
2023-04-03,DAI,0.9997860193252563,1.000792980194092,0.9973719716072084,0.9992830157279968,0.9985349774360656,1.00061297416687,0.9993630051612854,0.0014650225639344372,0.0006129741668698951,0.0014650225639344372,0,0,0,0,0,0,0
2023-04-04,DAI,0.9993579983711244,1.00061297416687,0.9985349774360656,0.9993630051612854,0.9972220063209534,1.00110399723053,0.9992700219154358,0.002777993679046631,0.0011039972305300072,0.002777993679046631,0,0,0,0,0,0,0
2023-04-05,DAI,0.9994279742240906,1.00110399723053,0.9972220063209534,0.9992700219154358,0.9978569746017456,1.000385999679565,0.999871015548706,0.0021430253982543945,0.0003859996795649856,0.0021430253982543945,0,0,0,0,0,0,0
2023-04-06,DAI,0.9993529915809632,1.000385999679565,0.9978569746017456,0.999871015548706,0.9980250000953674,1.000740051269531,0.9997959733009338,0.0019749999046325684,0.000740051269531028,0.0019749999046325684,0,0,0,0,0,0,0
2023-04-07,DAI,0.9998800158500672,1.000740051269531,0.9980250000953674,0.9997959733009338,0.9983180165290833,1.000458002090454,0.99932199716568,0.001681983470916748,0.00045800209045410156,0.001681983470916748,0,0,0,0,0,0,0
2023-04-08,DAI,0.9996680021286012,1.000458002090454,0.9983180165290833,0.99932199716568,0.998445987701416,1.000424027442932,0.999336004257202,0.0015540122985839844,0.00042402744293190686,0.0015540122985839844,0,0,0,0,0,0,0
2023-04-09,DAI,0.9992610216140748,1.000424027442932,0.998445987701416,0.999336004257202,0.9982879757881165,1.001762986183167,1.000110030174255,0.001712024211883545,0.001762986183166948,0.001762986183166948,0,0,0,0,0,0,0
2023-04-10,DAI,0.9993000030517578,1.001762986183167,0.9982879757881165,1.000110030174255,0.9977610111236572,1.000838041305542,0.9996160268783568,0.0022389888763427734,0.0008380413055419922,0.0022389888763427734,0,0,0,0,0,0,0
2023-04-11,DAI,1.000062942504883,1.000838041305542,0.9977610111236572,0.9996160268783568,0.9971539974212646,1.001824975013733,1.000192046165466,0.0028460025787353516,0.0018249750137329102,0.0028460025787353516,0,0,0,0,0,0,0
2023-04-12,DAI,0.9996520280838012,1.001824975013733,0.9971539974212646,1.000192046165466,0.9986960291862488,1.001811981201172,1.000054001808167,0.0013039708137512207,0.001811981201172097,0.001811981201172097,0,0,0,0,0,0,0
2023-04-13,DAI,0.9994710087776184,1.001811981201172,0.9986960291862488,1.000054001808167,0.9965999722480774,1.001845002174377,0.9997050166130066,0.0034000277519226074,0.0018450021743769973,0.0034000277519226074,0,0,0,0,0,0,0
2023-04-14,DAI,1.000072956085205,1.001845002174377,0.9965999722480774,0.9997050166130066,0.998449981212616,1.000655055046082,0.9995250105857848,0.0015500187873840332,0.0006550550460819871,0.0015500187873840332,0,0,0,0,0,0,0
2023-04-15,DAI,0.9997310042381288,1.000655055046082,0.998449981212616,0.9995250105857848,0.998005986213684,1.000730991363525,0.9994990229606628,0.001994013786316029,0.0007309913635249465,0.001994013786316029,0,0,0,0,0,0,0
2023-04-16,DAI,0.9995549917221068,1.000730991363525,0.998005986213684,0.9994990229606628,0.9972609877586364,1.000638008117676,0.9992830157279968,0.0027390122413636364,0.0006380081176760033,0.0027390122413636364,0,0,0,0,0,0,0
2023-04-17,DAI,0.9994329810142516,1.000638008117676,0.9972609877586364,0.9992830157279968,0.9980469942092896,1.001023054122925,1.000280976295471,0.0019530057907104492,0.0010230541229250267,0.0019530057907104492,0,0,0,0,0,0,0
2023-04-18,DAI,0.9993720054626464,1.001023054122925,0.9980469942092896,1.000280976295471,0.9942100048065186,1.000864028930664,0.9999319911003112,0.005789995193481445,0.0008640289306640625,0.005789995193481445,0,0,0,0,0,0,0
2023-04-19,DAI,1.000269055366516,1.000864028930664,0.9942100048065186,0.9999319911003112,0.9969220161437988,1.001014947891235,0.998947024345398,0.003077983856201172,0.0010149478912349075,0.003077983856201172,0,0,0,0,0,0,0
2023-04-20,DAI,0.9996259808540344,1.001014947891235,0.9969220161437988,0.998947024345398,0.9962350130081176,1.00116503238678,0.9996230006217957,0.0037649869918824352,0.0011650323867800072,0.0037649869918824352,0,0,0,0,0,0,0
2023-04-21,DAI,0.999081015586853,1.00116503238678,0.9962350130081176,0.9996230006217957,0.9990429878234864,1.000887036323547,0.999761998653412,0.0009570121765135609,0.0008870363235469192,0.0009570121765135609,0,0,0,0,0,0,0
2023-04-22,DAI,0.99964702129364,1.000887036323547,0.9990429878234864,0.999761998653412,0.998404026031494,1.00077497959137,0.999978005886078,0.0015959739685059704,0.000774979591370073,0.0015959739685059704,0,0,0,0,0,0,0
2023-04-23,DAI,0.9996939897537231,1.00077497959137,0.998404026031494,0.999978005886078,0.9973829984664916,1.001350998878479,0.999867022037506,0.002617001533508412,0.001350998878479004,0.002617001533508412,0,0,0,0,0,0,0
2023-04-24,DAI,0.9999690055847168,1.001350998878479,0.9973829984664916,0.999867022037506,0.9984470009803772,1.0017329454422,0.9998049736022948,0.0015529990196228027,0.001732945442199929,0.001732945442199929,0,0,0,0,0,0,0
2023-04-25,DAI,0.999767005443573,1.0017329454422,0.9984470009803772,0.9998049736022948,0.9950780272483826,1.002730965614319,1.000090956687927,0.004921972751617432,0.0027309656143190697,0.004921972751617432,0,0,0,0,0,0,0
2023-04-26,DAI,0.9998739957809448,1.002730965614319,0.9950780272483826,1.000090956687927,0.998088002204895,1.002722024917603,0.9996709823608398,0.0019119977951049805,0.002722024917602983,0.002722024917602983,0,0,0,0,0,0,0
2023-04-27,DAI,1.000074028968811,1.002722024917603,0.998088002204895,0.9996709823608398,0.9974719882011414,1.000902056694031,0.999761998653412,0.0025280117988586426,0.0009020566940309838,0.0025280117988586426,0,0,0,0,0,0,0
2023-04-28,DAI,0.9996619820594788,1.000902056694031,0.9974719882011414,0.999761998653412,0.9987819790840148,1.00072705745697,0.999912977218628,0.0012180209159852184,0.0007270574569699928,0.0012180209159852184,0,0,0,0,0,0,0
2023-04-29,DAI,0.9997789859771729,1.00072705745697,0.9987819790840148,0.999912977218628,0.9984869956970216,1.001530051231384,0.9991350173950196,0.0015130043029784046,0.0015300512313840553,0.0015300512313840553,0,0,0,0,0,0,0
2023-04-30,DAI,1.000022053718567,1.001530051231384,0.9984869956970216,0.9991350173950196,0.9975889921188354,1.000465989112854,0.9996910095214844,0.0024110078811645508,0.0004659891128540039,0.0024110078811645508,0,0,0,0,0,0,0
2023-05-01,DAI,0.9990429878234864,1.000465989112854,0.9975889921188354,0.9996910095214844,0.9988200068473816,1.000926971435547,0.9996320009231568,0.0011799931526184082,0.000926971435547097,0.0011799931526184082,0,0,0,0,0,0,0
2023-05-02,DAI,0.9997649788856506,1.000926971435547,0.9988200068473816,0.9996320009231568,0.9986039996147156,1.001780986785889,0.9997959733009338,0.0013960003852844238,0.001780986785888894,0.001780986785888894,0,0,0,0,0,0,0
2023-05-03,DAI,0.999556005001068,1.001780986785889,0.9986039996147156,0.9997959733009338,0.998416006565094,1.00071394443512,0.9998499751091005,0.0015839934349060059,0.000713944435120073,0.0015839934349060059,0,0,0,0,0,0,0
2023-05-04,DAI,0.999761998653412,1.00071394443512,0.998416006565094,0.9998499751091005,0.9986069798469543,1.00220799446106,0.9999470114707948,0.0013930201530456543,0.0022079944610600144,0.0022079944610600144,0,0,0,0,0,0,0
2023-05-05,DAI,0.9998660087585448,1.00220799446106,0.9986069798469543,0.9999470114707948,0.9971479773521424,1.001369953155518,1.000288963317871,0.002852022647857555,0.0013699531555180222,0.002852022647857555,0,0,0,0,0,0,0
2023-05-06,DAI,1.000157952308655,1.001369953155518,0.9971479773521424,1.000288963317871,0.9982600212097168,1.001155018806458,0.9994180202484132,0.0017399787902832031,0.0011550188064579636,0.0017399787902832031,0,0,0,0,0,0,0
2023-05-07,DAI,1.00018298625946,1.001155018806458,0.9982600212097168,0.9994180202484132,0.9959669709205629,1.000735998153687,1.000241994857788,0.004033029079437145,0.0007359981536869675,0.004033029079437145,0,0,0,0,0,0,0
2023-05-08,DAI,0.9993190169334412,1.000735998153687,0.9959669709205629,1.000241994857788,0.9988719820976256,1.00108003616333,0.999845027923584,0.0011280179023743786,0.0010800361633300781,0.0011280179023743786,0,0,0,0,0,0,0
2023-05-09,DAI,1.000260949134827,1.00108003616333,0.9988719820976256,0.999845027923584,0.99720299243927,1.001696944236755,0.9997509717941284,0.0027970075607299805,0.001696944236754927,0.0027970075607299805,0,0,0,0,0,0,0
2023-05-10,DAI,0.9998980164527892,1.001696944236755,0.99720299243927,0.9997509717941284,0.9981570243835448,1.000588059425354,1.000136971473694,0.0018429756164551891,0.0005880594253540039,0.0018429756164551891,0,0,0,0,0,0,0
2023-05-11,DAI,0.9998040199279784,1.000588059425354,0.9981570243835448,1.000136971473694,0.9974330067634584,1.00137197971344,1.000373005867004,0.002566993236541637,0.0013719797134399414,0.002566993236541637,0,0,0,0,0,0,0
2023-05-12,DAI,1.000208020210266,1.00137197971344,0.9974330067634584,1.000373005867004,0.99891197681427,1.000959992408752,0.999625027179718,0.0010880231857299805,0.0009599924087519973,0.0010880231857299805,0,0,0,0,0,0,0
2023-05-13,DAI,1.000403046607971,1.000959992408752,0.99891197681427,0.999625027179718,0.9989889860153198,1.001176953315735,1.000010013580322,0.0010110139846801758,0.0011769533157350853,0.0011769533157350853,0,0,0,0,0,0,0
2023-05-14,DAI,0.99958598613739,1.001176953315735,0.9989889860153198,1.000010013580322,0.9986839890480042,1.00141704082489,0.9990410208702089,0.0013160109519958496,0.0014170408248899147,0.0014170408248899147,0,0,0,0,0,0,0
2023-05-15,DAI,1.000025033950806,1.00141704082489,0.9986839890480042,0.9990410208702089,0.9977020025253296,1.000679969787598,0.9996489882469176,0.00229799747467041,0.0006799697875981003,0.00229799747467041,0,0,0,0,0,0,0
2023-05-16,DAI,0.9991250038146972,1.000679969787598,0.9977020025253296,0.9996489882469176,0.9984260201454164,1.001075029373169,0.999882996082306,0.0015739798545836292,0.0010750293731689453,0.0015739798545836292,0,0,0,0,0,0,0
2023-05-17,DAI,0.9996870160102844,1.001075029373169,0.9984260201454164,0.999882996082306,0.997717022895813,1.000741004943848,0.9990509748458862,0.0022829771041870117,0.0007410049438481003,0.0022829771041870117,0,0,0,0,0,0,0
2023-05-18,DAI,0.9998250007629396,1.000741004943848,0.997717022895813,0.9990509748458862,0.998808979988098,1.001016020774841,0.9997889995574952,0.0011910200119019665,0.0010160207748410865,0.0011910200119019665,0,0,0,0,0,0,0
2023-05-19,DAI,0.9990540146827698,1.001016020774841,0.998808979988098,0.9997889995574952,0.9993069767951964,1.000870943069458,1.000339031219482,0.0006930232048035778,0.0008709430694580078,0.0008709430694580078,0,0,0,0,0,0,0
2023-05-20,DAI,0.9998729825019836,1.000870943069458,0.9993069767951964,1.000339031219482,0.9989070296287536,1.000682950019836,0.999688982963562,0.001092970371246449,0.0006829500198359817,0.001092970371246449,0,0,0,0,0,0,0
2023-05-21,DAI,1.000408053398132,1.000682950019836,0.9989070296287536,0.999688982963562,0.9988470077514648,1.000774025917053,0.9997749924659728,0.0011529922485351562,0.0007740259170530006,0.0011529922485351562,0,0,0,0,0,0,0
2023-05-22,DAI,0.9997079968452454,1.000774025917053,0.9988470077514648,0.9997749924659728,0.998951017856598,1.001201033592224,0.9997100234031676,0.0010489821434019886,0.001201033592223899,0.001201033592223899,0,0,0,0,0,0,0
2023-05-23,DAI,0.9997529983520508,1.001201033592224,0.998951017856598,0.9997100234031676,0.9974570274353028,1.000498056411743,0.9996479749679564,0.0025429725646971546,0.000498056411742942,0.0025429725646971546,0,0,0,0,0,0,0
2023-05-24,DAI,0.9996910095214844,1.000498056411743,0.9974570274353028,0.9996479749679564,0.9979169964790344,1.000524044036865,0.9998090267181396,0.002083003520965576,0.0005240440368650123,0.002083003520965576,0,0,0,0,0,0,0
2023-05-25,DAI,0.99965900182724,1.000524044036865,0.9979169964790344,0.9998090267181396,0.9991779923439026,1.000870943069458,0.9998090267181396,0.0008220076560974121,0.0008709430694580078,0.0008709430694580078,0,0,0,0,0,0,0
2023-05-26,DAI,0.9997559785842896,1.000870943069458,0.9991779923439026,0.9998090267181396,0.9992539882659912,1.00039803981781,1.000151038169861,0.0007460117340087891,0.0003980398178100586,0.0007460117340087891,0,0,0,0,0,0,0
2023-05-27,DAI,0.9997689723968506,1.00039803981781,0.9992539882659912,1.000151038169861,0.9991499781608582,1.001585006713867,1.000293970108032,0.0008500218391418457,0.0015850067138669655,0.0015850067138669655,0,0,0,0,0,0,0
2023-05-28,DAI,1.000120043754578,1.001585006713867,0.9991499781608582,1.000293970108032,0.9984139800071716,1.001392006874084,0.99964702129364,0.0015860199928283691,0.0013920068740840286,0.0015860199928283691,0,0,0,0,0,0,0
2023-05-29,DAI,1.000185012817383,1.001392006874084,0.9984139800071716,0.99964702129364,0.998735010623932,1.000373959541321,0.9993950128555298,0.0012649893760680042,0.0003739595413210228,0.0012649893760680042,0,0,0,0,0,0,0
2023-05-30,DAI,0.999504029750824,1.000373959541321,0.998735010623932,0.9993950128555298,0.9974340200424194,1.000385999679565,0.9999459981918336,0.0025659799575805664,0.0003859996795649856,0.0025659799575805664,0,0,0,0,0,0,0
2023-05-31,DAI,0.9993500113487244,1.000385999679565,0.9974340200424194,0.9999459981918336,0.9982619881629944,1.000342965126038,0.9997000098228456,0.0017380118370056152,0.00034296512603804175,0.0017380118370056152,0,0,0,0,0,0,0
2023-06-01,DAI,1.000028014183044,1.000342965126038,0.9982619881629944,0.9997000098228456,0.9985439777374268,1.000648975372314,0.9997659921646118,0.0014560222625732422,0.000648975372314009,0.0014560222625732422,0,0,0,0,0,0,0
2023-06-02,DAI,0.9996349811553956,1.000648975372314,0.9985439777374268,0.9997659921646118,0.9987819790840148,1.0000239610672,0.999754011631012,0.0012180209159852184,2.3961067199929076e-05,0.0012180209159852184,0,0,0,0,0,0,0
2023-06-03,DAI,0.9997770190238952,1.0000239610672,0.9987819790840148,0.999754011631012,0.9986960291862488,1.000385999679565,0.9992089867591858,0.0013039708137512207,0.0003859996795649856,0.0013039708137512207,0,0,0,0,0,0,0
2023-06-04,DAI,0.9997490048408508,1.000385999679565,0.9986960291862488,0.9992089867591858,0.9949259757995604,1.000103950500488,0.9997199773788452,0.005074024200439564,0.0001039505004880592,0.005074024200439564,0,0,0,0,0,0,0
2023-06-05,DAI,0.9992600083351136,1.000103950500488,0.9949259757995604,0.9997199773788452,0.9980930089950562,1.00160801410675,0.9999579787254332,0.0019069910049438477,0.0016080141067500442,0.0019069910049438477,0,0,0,0,0,0,0
2023-06-06,DAI,0.9996610283851624,1.00160801410675,0.9980930089950562,0.9999579787254332,0.997564971446991,1.000753045082092,0.9996309876441956,0.002435028553009033,0.0007530450820920631,0.002435028553009033,0,0,0,0,0,0,0
2023-06-07,DAI,0.9999650120735168,1.000753045082092,0.997564971446991,0.9996309876441956,0.9985820055007936,1.001134991645813,0.9995399713516236,0.001417994499206432,0.0011349916458129883,0.001417994499206432,0,0,0,0,0,0,0
2023-06-08,DAI,0.999692976474762,1.001134991645813,0.9985820055007936,0.9995399713516236,0.99822598695755,1.000465035438538,0.99972802400589,0.0017740130424499512,0.00046503543853804175,0.0017740130424499512,0,0,0,0,0,0,0
2023-06-09,DAI,0.9995959997177124,1.000465035438538,0.99822598695755,0.99972802400589,0.9954590201377868,1.001530051231384,0.9999409914016724,0.004540979862213246,0.0015300512313840553,0.004540979862213246,0,0,0,0,0,0,0
2023-06-10,DAI,0.9997410178184508,1.001530051231384,0.9954590201377868,0.9999409914016724,0.9981989860534668,1.000920057296753,0.9996359944343568,0.0018010139465332031,0.0009200572967529297,0.0018010139465332031,0,0,0,0,0,0,0
2023-06-11,DAI,0.9998379945755004,1.000920057296753,0.9981989860534668,0.9996359944343568,0.9970189929008484,1.000967025756836,0.9997119903564452,0.0029810070991516113,0.0009670257568359375,0.0029810070991516113,0,0,0,0,0,0,0
2023-06-12,DAI,0.999556005001068,1.000967025756836,0.9970189929008484,0.9997119903564452,0.9975460171699524,1.001041054725647,0.9999150037765504,0.0024539828300476074,0.0010410547256469727,0.0024539828300476074,0,0,0,0,0,0,0
2023-06-13,DAI,0.9997310042381288,1.001041054725647,0.9975460171699524,0.9999150037765504,0.995851993560791,1.000516057014465,0.9997850060462952,0.004148006439208984,0.00051605701446511,0.004148006439208984,0,0,0,0,0,0,0
2023-06-14,DAI,0.9998819828033448,1.000516057014465,0.995851993560791,0.9997850060462952,0.997868001461029,1.001469016075134,0.999758005142212,0.0021319985389709473,0.0014690160751340553,0.0021319985389709473,0,0,0,0,0,0,0
2023-06-15,DAI,0.999787986278534,1.001469016075134,0.997868001461029,0.999758005142212,0.9988759756088256,1.00180995464325,0.9999330043792723,0.0011240243911744274,0.0018099546432499558,0.0018099546432499558,0,0,0,0,0,0,0
2023-06-16,DAI,0.9998070001602172,1.00180995464325,0.9988759756088256,0.9999330043792723,0.999234974384308,1.001152992248535,0.9997469782829284,0.0007650256156920276,0.0011529922485349342,0.0011529922485349342,0,0,0,0,0,0,0
2023-06-17,DAI,0.999966025352478,1.001152992248535,0.999234974384308,0.9997469782829284,0.9982330203056335,1.000643014907837,0.9998319745063782,0.001766979694366455,0.0006430149078369141,0.001766979694366455,0,0,0,0,0,0,0
2023-06-18,DAI,0.9996439814567566,1.000643014907837,0.9982330203056335,0.9998319745063782,0.9980769753456116,1.001113057136536,1.00046694278717,0.0019230246543884277,0.0011130571365360886,0.0019230246543884277,0,0,0,0,0,0,0
2023-06-19,DAI,0.9998319745063782,1.001113057136536,0.9980769753456116,1.00046694278717,0.9985809922218324,1.002033948898315,1.000733971595764,0.0014190077781676136,0.0020339488983149856,0.0020339488983149856,0,0,0,0,0,0,0
2023-06-20,DAI,1.00054395198822,1.002033948898315,0.9985809922218324,1.000733971595764,0.9988510012626648,1.002853989601135,0.999705970287323,0.001148998737335205,0.002853989601135032,0.002853989601135032,0,0,0,0,0,0,0
2023-06-21,DAI,1.000633955001831,1.002853989601135,0.9988510012626648,0.999705970287323,0.9983639717102052,1.001325011253357,0.99932599067688,0.0016360282897948109,0.0013250112533569336,0.0016360282897948109,0,0,0,0,0,0,0
2023-06-22,DAI,0.9996129870414734,1.001325011253357,0.9983639717102052,0.99932599067688,0.9987260103225708,1.001796960830688,1.000319957733154,0.0012739896774291992,0.0017969608306880325,0.0017969608306880325,0,0,0,0,0,0,0
2023-06-23,DAI,0.9993460178375244,1.001796960830688,0.9987260103225708,1.000319957733154,0.9984109997749328,1.000880002975464,1.000272989273071,0.0015890002250672497,0.0008800029754640892,0.0015890002250672497,0,0,0,0,0,0,0
2023-06-24,DAI,1.000426054000854,1.000880002975464,0.9984109997749328,1.000272989273071,0.998423993587494,1.001019954681396,0.9999729990959167,0.0015760064125059925,0.0010199546813960403,0.0015760064125059925,0,0,0,0,0,0,0
2023-06-25,DAI,1.000223994255066,1.001019954681396,0.998423993587494,0.9999729990959167,0.9979339838027954,1.00121796131134,0.9998859763145448,0.00206601619720459,0.00121796131134011,0.00206601619720459,0,0,0,0,0,0,0
2023-06-26,DAI,0.9999250173568726,1.00121796131134,0.9979339838027954,0.9998859763145448,0.9988729953765868,1.001121044158936,0.9997450113296508,0.001127004623413197,0.001121044158935991,0.001127004623413197,0,0,0,0,0,0,0
2023-06-27,DAI,0.9999920129776,1.001121044158936,0.9988729953765868,0.9997450113296508,0.996142029762268,1.001108050346375,0.9993460178375244,0.0038579702377320446,0.0011080503463749558,0.0038579702377320446,0,0,0,0,0,0,0
2023-06-28,DAI,0.9998090267181396,1.001108050346375,0.996142029762268,0.9993460178375244,0.9986249804496764,1.001222968101501,0.9996179938316344,0.0013750195503235974,0.0012229681015010208,0.0013750195503235974,0,0,0,0,0,0,0
2023-06-29,DAI,0.9993469715118408,1.001222968101501,0.9986249804496764,0.9996179938316344,0.9960179924964904,1.00195300579071,1.000025033950806,0.0039820075035096325,0.0019530057907100051,0.0039820075035096325,0,0,0,0,0,0,0
2023-06-30,DAI,0.9995329976081848,1.00195300579071,0.9960179924964904,1.000025033950806,0.9987339973449708,1.000849008560181,0.9999690055847168,0.0012660026550291859,0.0008490085601811082,0.0012660026550291859,0,0,0,0,0,0,0
2023-07-01,DAI,1.000097990036011,1.000849008560181,0.9987339973449708,0.9999690055847168,0.9983829855918884,1.000931024551392,0.9998900294303894,0.0016170144081115723,0.0009310245513920457,0.0016170144081115723,0,0,0,0,0,0,0
2023-07-02,DAI,0.9999150037765504,1.000931024551392,0.9983829855918884,0.9998900294303894,0.999185025691986,1.000828981399536,1.000017046928406,0.000814974308014027,0.0008289813995359108,0.0008289813995359108,0,0,0,0,0,0,0
2023-07-03,DAI,0.999879002571106,1.000828981399536,0.999185025691986,1.000017046928406,0.9982879757881165,1.000195980072021,0.9994379878044128,0.001712024211883545,0.00019598007202104029,0.001712024211883545,0,0,0,0,0,0,0
2023-07-04,DAI,1.000010967254639,1.000195980072021,0.9982879757881165,0.9994379878044128,0.9973989725112916,1.000323057174683,0.9998239874839784,0.002601027488708385,0.0003230571746830613,0.002601027488708385,0,0,0,0,0,0,0
2023-07-05,DAI,0.9994950294494628,1.000323057174683,0.9973989725112916,0.9998239874839784,0.9973160028457642,1.001162052154541,0.998337984085083,0.00268399715423584,0.0011620521545410156,0.00268399715423584,0,0,0,0,0,0,0
2023-07-06,DAI,0.9998660087585448,1.001162052154541,0.9973160028457642,0.998337984085083,0.997672975063324,1.000764966011047,0.9998509883880616,0.0023270249366760254,0.0007649660110469192,0.0023270249366760254,0,0,0,0,0,0,0
2023-07-07,DAI,0.9985359907150269,1.000764966011047,0.997672975063324,0.9998509883880616,0.9984019994735718,1.000316977500916,1.000066041946411,0.0015980005264282227,0.00031697750091597143,0.0015980005264282227,0,0,0,0,0,0,0
2023-07-08,DAI,0.9998369812965392,1.000316977500916,0.9984019994735718,1.000066041946411,0.9988909959793092,1.000848054885864,0.9994459748268129,0.001109004020690807,0.0008480548858640358,0.001109004020690807,0,0,0,0,0,0,0
2023-07-09,DAI,1.000087022781372,1.000848054885864,0.9988909959793092,0.9994459748268129,0.9977989792823792,1.00084400177002,0.999772012233734,0.0022010207176208496,0.0008440017700199753,0.0022010207176208496,0,0,0,0,0,0,0
2023-07-10,DAI,0.9993630051612854,1.00084400177002,0.9977989792823792,0.999772012233734,0.9988049864768982,1.000537991523743,0.9997550249099731,0.0011950135231018066,0.0005379915237428978,0.0011950135231018066,0,0,0,0,0,0,0
2023-07-11,DAI,0.9997829794883728,1.000537991523743,0.9988049864768982,0.9997550249099731,0.9974809885025024,1.000568985939026,0.9995669722557068,0.0025190114974975586,0.000568985939026101,0.0025190114974975586,0,0,0,0,0,0,0
2023-07-12,DAI,0.9997529983520508,1.000568985939026,0.9974809885025024,0.9995669722557068,0.9987559914588928,1.001654982566833,1.000789999961853,0.0012440085411071777,0.001654982566833052,0.001654982566833052,0,0,0,0,0,0,0
2023-07-13,DAI,0.9995549917221068,1.001654982566833,0.9987559914588928,1.000789999961853,0.9947410225868224,1.000903964042664,1.000511050224304,0.005258977413177601,0.0009039640426640183,0.005258977413177601,0,0,0,0,0,0,0
2023-07-14,DAI,1.000733017921448,1.000903964042664,0.9947410225868224,1.000511050224304,0.999085009098053,1.000532031059265,0.9997180104255676,0.0009149909019470215,0.0005320310592649147,0.0009149909019470215,0,0,0,0,0,0,0
2023-07-15,DAI,1.000532031059265,1.000532031059265,0.999085009098053,0.9997180104255676,0.9980250000953674,1.000682950019836,0.9992210268974304,0.0019749999046325684,0.0006829500198359817,0.0019749999046325684,0,0,0,0,0,0,0
2023-07-16,DAI,0.9996960163116456,1.000682950019836,0.9980250000953674,0.9992210268974304,0.9971230030059814,1.000808954238892,1.000013947486877,0.0028769969940185547,0.0008089542388920457,0.0028769969940185547,0,0,0,0,0,0,0
2023-07-17,DAI,0.999206006526947,1.000808954238892,0.9971230030059814,1.000013947486877,0.9976029992103576,1.000385999679565,0.9999300241470336,0.002397000789642445,0.0003859996795649856,0.002397000789642445,0,0,0,0,0,0,0
2023-07-18,DAI,0.9999979734420776,1.000385999679565,0.9976029992103576,0.9999300241470336,0.9986780285835266,1.000648021697998,0.9998319745063782,0.0013219714164733887,0.0006480216979980469,0.0013219714164733887,0,0,0,0,0,0,0
2023-07-19,DAI,0.9999240040779114,1.000648021697998,0.9986780285835266,0.9998319745063782,0.9987189769744872,1.000399947166443,0.999547004699707,0.0012810230255128063,0.00039994716644309314,0.0012810230255128063,0,0,0,0,0,0,0
2023-07-20,DAI,0.9999160170555116,1.000399947166443,0.9987189769744872,0.999547004699707,0.9988830089569092,1.00065004825592,0.9999079704284668,0.0011169910430908203,0.0006500482559199661,0.0011169910430908203,0,0,0,0,0,0,0
2023-07-21,DAI,0.9995049834251404,1.00065004825592,0.9988830089569092,0.9999079704284668,0.9976540207862854,1.000246047973633,0.9992420077323914,0.0023459792137145996,0.00024604797363303454,0.0023459792137145996,0,0,0,0,0,0,0
2023-07-22,DAI,0.9999229907989502,1.000246047973633,0.9976540207862854,0.9992420077323914,0.9983670115470886,1.001008987426758,0.9997569918632508,0.001632988452911377,0.0010089874267580345,0.001632988452911377,0,0,0,0,0,0,0
2023-07-23,DAI,0.9993109703063964,1.001008987426758,0.9983670115470886,0.9997569918632508,0.9960349798202516,0.9999359846115112,0.999563992023468,0.003965020179748424,-6.401538848876953e-05,0.003965020179748424,0,0,0,0,0,0,0
2023-07-24,DAI,0.9996039867401124,0.9999359846115112,0.9960349798202516,0.999563992023468,0.9989129900932312,1.000516057014465,0.9995459914207458,0.0010870099067687988,0.00051605701446511,0.0010870099067687988,0,0,0,0,0,0,0
2023-07-25,DAI,0.9995369911193848,1.000516057014465,0.9989129900932312,0.9995459914207458,0.998898983001709,1.000972032546997,0.9994879961013794,0.0011010169982910156,0.0009720325469970703,0.0011010169982910156,0,0,0,0,0,0,0
2023-07-26,DAI,0.9995930194854736,1.000972032546997,0.998898983001709,0.9994879961013794,0.998544991016388,1.00032103061676,0.9996209740638732,0.0014550089836119495,0.00032103061676003186,0.0014550089836119495,0,0,0,0,0,0,0
2023-07-27,DAI,0.9995229840278624,1.00032103061676,0.998544991016388,0.9996209740638732,0.9987239837646484,1.000694990158081,0.9999449849128724,0.0012760162353515625,0.0006949901580810547,0.0012760162353515625,0,0,0,0,0,0,0
2023-07-28,DAI,0.999575972557068,1.000694990158081,0.9987239837646484,0.9999449849128724,0.9993550181388856,1.00031304359436,0.9996650218963624,0.0006449818611143909,0.0003130435943599075,0.0006449818611143909,0,0,0,0,0,0,0
2023-07-29,DAI,0.9999030232429504,1.00031304359436,0.9993550181388856,0.9996650218963624,0.9978740215301514,1.000300049781799,0.999882996082306,0.002125978469848633,0.00030004978179909436,0.002125978469848633,0,0,0,0,0,0,0
2023-07-30,DAI,0.9997050166130066,1.000300049781799,0.9978740215301514,0.999882996082306,0.9984009861946106,1.000337958335876,0.9997209906578064,0.0015990138053894043,0.00033795833587602075,0.0015990138053894043,0,0,0,0,0,0,0
2023-07-31,DAI,0.9997860193252563,1.000337958335876,0.9984009861946106,0.9997209906578064,0.9978110194206238,1.001001954078674,1.00080394744873,0.0021889805793762207,0.0010019540786740944,0.0021889805793762207,0,0,0,0,0,0,0
2023-08-01,DAI,0.9997379779815674,1.001001954078674,0.9978110194206238,1.00080394744873,0.9976940155029296,1.001142978668213,0.9996500015258788,0.0023059844970704235,0.0011429786682128906,0.0023059844970704235,0,0,0,0,0,0,0
2023-08-02,DAI,1.000692963600159,1.001142978668213,0.9976940155029296,0.9996500015258788,0.9978479743003844,1.000442981719971,0.999426007270813,0.0021520256996155895,0.00044298171997092517,0.0021520256996155895,0,0,0,0,0,0,0
2023-08-03,DAI,0.99965900182724,1.000442981719971,0.9978479743003844,0.999426007270813,0.9979779720306396,1.00084400177002,0.9995999932289124,0.0020220279693603516,0.0008440017700199753,0.0020220279693603516,0,0,0,0,0,0,0
2023-08-04,DAI,0.9993680119514464,1.00084400177002,0.9979779720306396,0.9995999932289124,0.9986429810523988,1.000224947929382,0.9996259808540344,0.0013570189476012073,0.00022494792938210217,0.0013570189476012073,0,0,0,0,0,0,0
2023-08-05,DAI,0.9995790123939514,1.000224947929382,0.9986429810523988,0.9996259808540344,0.9988459944725036,1.000262022018433,0.9994440078735352,0.001154005527496449,0.0002620220184330613,0.001154005527496449,0,0,0,0,0,0,0
2023-08-06,DAI,0.999701976776123,1.000262022018433,0.9988459944725036,0.9994440078735352,0.9982069730758668,1.000681042671204,1.000102996826172,0.0017930269241331898,0.0006810426712040574,0.0017930269241331898,0,0,0,0,0,0,0
2023-08-07,DAI,0.9995009899139404,1.000681042671204,0.9982069730758668,1.000102996826172,0.9991660118103028,1.001219034194946,0.999787986278534,0.0008339881896971546,0.001219034194946067,0.001219034194946067,0,0,0,0,0,0,0
2023-08-08,DAI,0.9999759793281556,1.001219034194946,0.9991660118103028,0.999787986278534,0.9987030029296876,1.000682950019836,1.000095963478088,0.001296997070312389,0.0006829500198359817,0.001296997070312389,0,0,0,0,0,0,0
2023-08-09,DAI,0.9997190237045288,1.000682950019836,0.9987030029296876,1.000095963478088,0.9989960193634032,1.00068199634552,0.9999650120735168,0.0010039806365967907,0.0006819963455200195,0.0010039806365967907,0,0,0,0,0,0,0
2023-08-10,DAI,1.000071048736572,1.00068199634552,0.9989960193634032,0.9999650120735168,0.9989179968833924,1.000234007835388,0.9997119903564452,0.001082003116607555,0.00023400783538796155,0.001082003116607555,0,0,0,0,0,0,0
2023-08-11,DAI,1.0000159740448,1.000234007835388,0.9989179968833924,0.9997119903564452,0.9991790056228638,1.000303983688354,0.9998859763145448,0.0008209943771362305,0.0003039836883540481,0.0008209943771362305,0,0,0,0,0,0,0
2023-08-12,DAI,0.9996709823608398,1.000303983688354,0.9991790056228638,0.9998859763145448,0.9991689920425416,1.000408053398132,0.999508023262024,0.0008310079574583851,0.0004080533981321022,0.0008310079574583851,0,0,0,0,0,0,0
2023-08-13,DAI,0.9998859763145448,1.000408053398132,0.9991689920425416,0.999508023262024,0.9988120198249816,1.000365018844604,1.000180959701538,0.0011879801750184216,0.0003650188446040481,0.0011879801750184216,0,0,0,0,0,0,0
2023-08-14,DAI,0.9993839859962464,1.000365018844604,0.9988120198249816,1.000180959701538,0.9977489709854126,1.000103950500488,0.99965500831604,0.0022510290145874023,0.0001039505004880592,0.0022510290145874023,0,0,0,0,0,0,0
2023-08-15,DAI,1.000103950500488,1.000103950500488,0.9977489709854126,0.99965500831604,0.998515009880066,1.000648021697998,0.9995499849319458,0.001484990119933971,0.0006480216979980469,0.001484990119933971,0,0,0,0,0,0,0
2023-08-16,DAI,0.9996770024299622,1.000648021697998,0.998515009880066,0.9995499849319458,0.9913579821586608,1.001461029052734,0.9994029998779296,0.008642017841339222,0.001461029052733931,0.008642017841339222,0,0,0,0,0,0,0
2023-08-17,DAI,0.9995329976081848,1.001461029052734,0.9913579821586608,0.9994029998779296,0.9972779750823976,1.000939965248108,0.9996839761734008,0.002722024917602428,0.0009399652481079102,0.002722024917602428,0,0,0,0,0,0,0
2023-08-18,DAI,0.999576985836029,1.000939965248108,0.9972779750823976,0.9996839761734008,0.9988009929656982,1.000887989997864,0.9998589754104614,0.0011990070343017578,0.0008879899978639916,0.0011990070343017578,0,0,0,0,0,0,0
2023-08-19,DAI,0.9996690154075624,1.000887989997864,0.9988009929656982,0.9998589754104614,0.9992799758911132,1.00089704990387,0.9997940063476562,0.0007200241088868298,0.000897049903870073,0.000897049903870073,0,0,0,0,0,0,0
2023-08-20,DAI,0.999888002872467,1.00089704990387,0.9992799758911132,0.9997940063476562,0.9979029893875122,1.000848054885864,0.9992989897727966,0.002097010612487793,0.0008480548858640358,0.002097010612487793,0,0,0,0,0,0,0
2023-08-21,DAI,0.9997050166130066,1.000848054885864,0.9979029893875122,0.9992989897727966,0.9974210262298584,1.00088095664978,0.9999579787254332,0.0025789737701416016,0.0008809566497800514,0.0025789737701416016,0,0,0,0,0,0,0
2023-08-22,DAI,0.9993990063667296,1.00088095664978,0.9974210262298584,0.9999579787254332,0.9981899857521056,1.00136399269104,1.000033974647522,0.0018100142478943981,0.001363992691040039,0.0018100142478943981,0,0,0,0,0,0,0
2023-08-23,DAI,1.000049948692322,1.00136399269104,0.9981899857521056,1.000033974647522,0.9972310066223145,1.000597953796387,1.000218987464905,0.002768993377685547,0.0005979537963869408,0.002768993377685547,0,0,0,0,0,0,0
2023-08-24,DAI,1.000043988227844,1.000597953796387,0.9972310066223145,1.000218987464905,0.998458981513977,1.000561952590942,0.9999880194664,0.0015410184860229492,0.0005619525909419387,0.0015410184860229492,0,0,0,0,0,0,0
2023-08-25,DAI,1.000100016593933,1.000561952590942,0.998458981513977,0.9999880194664,0.9988570213317872,1.000226020812988,0.9996600151062012,0.0011429786682127796,0.0002260208129880592,0.0011429786682127796,0,0,0,0,0,0,0
2023-08-26,DAI,1.000044941902161,1.000226020812988,0.9988570213317872,0.9996600151062012,0.9991769790649414,1.000349998474121,0.9999489784240724,0.0008230209350585938,0.00034999847412109375,0.0008230209350585938,0,0,0,0,0,0,0
2023-08-27,DAI,0.9997320175170898,1.000349998474121,0.9991769790649414,0.9999489784240724,0.9985380172729492,1.000488042831421,1.000004053115845,0.0014619827270507812,0.00048804283142089844,0.0014619827270507812,0,0,0,0,0,0,0
2023-08-28,DAI,0.999983012676239,1.000488042831421,0.9985380172729492,1.000004053115845,0.9984840154647828,1.002362966537476,1.000092029571533,0.0015159845352171741,0.00236296653747603,0.00236296653747603,0,0,0,0,0,0,0
2023-08-29,DAI,0.9999560117721558,1.002362966537476,0.9984840154647828,1.000092029571533,0.9986220002174376,1.000306010246277,1.000041961669922,0.0013779997825623669,0.0003060102462770775,0.0013779997825623669,0,0,0,0,0,0,0
2023-08-30,DAI,1.000103950500488,1.000306010246277,0.9986220002174376,1.000041961669922,0.9966800212860109,1.00087296962738,0.9997180104255676,0.003319978713989147,0.000872969627379927,0.003319978713989147,0,0,0,0,0,0,0
2023-08-31,DAI,1.000020980834961,1.00087296962738,0.9966800212860109,0.9997180104255676,0.9979230165481568,1.000571966171265,1.000025033950806,0.0020769834518431507,0.0005719661712650925,0.0020769834518431507,0,0,0,0,0,0,0
2023-09-01,DAI,0.9997429847717284,1.000571966171265,0.9979230165481568,1.000025033950806,0.999336004257202,1.000699043273926,1.000236034393311,0.0006639957427979626,0.0006990432739260033,0.0006990432739260033,0,0,0,0,0,0,0
2023-09-02,DAI,1.000098943710327,1.000699043273926,0.999336004257202,1.000236034393311,0.9990689754486084,1.000972986221313,1.000044941902161,0.0009310245513916016,0.0009729862213130325,0.0009729862213130325,0,0,0,0,0,0,0
2023-09-03,DAI,1.000308036804199,1.000972986221313,0.9990689754486084,1.000044941902161,0.9985349774360656,1.000669002532959,1.0000159740448,0.0014650225639344372,0.0006690025329589844,0.0014650225639344372,0,0,0,0,0,0,0
2023-09-04,DAI,1.000025033950806,1.000669002532959,0.9985349774360656,1.0000159740448,0.9985499978065492,1.000797986984253,1.000007033348083,0.0014500021934508167,0.0007979869842529297,0.0014500021934508167,0,0,0,0,0,0,0
2023-09-05,DAI,1.0,1.000797986984253,0.9985499978065492,1.000007033348083,0.9986199736595154,1.00077497959137,0.9999510049819946,0.0013800263404846191,0.000774979591370073,0.0013800263404846191,0,0,0,0,0,0,0
2023-09-06,DAI,1.0000239610672,1.00077497959137,0.9986199736595154,0.9999510049819946,0.9988309741020204,1.001001954078674,0.999970018863678,0.0011690258979796253,0.0010019540786740944,0.0011690258979796253,0,0,0,0,0,0,0
2023-09-07,DAI,0.9999319911003112,1.001001954078674,0.9988309741020204,0.999970018863678,0.9979239702224731,1.001055955886841,1.0001300573349,0.0020760297775268555,0.0010559558868410424,0.0020760297775268555,0,0,0,0,0,0,0
2023-09-08,DAI,0.999871015548706,1.001055955886841,0.9979239702224731,1.0001300573349,0.9993799924850464,1.000555038452148,1.000108957290649,0.0006200075149536133,0.0005550384521479934,0.0006200075149536133,0,0,0,0,0,0,0
2023-09-09,DAI,1.00010097026825,1.000555038452148,0.9993799924850464,1.000108957290649,0.9987750053405762,1.000849008560181,0.999360978603363,0.0012249946594238281,0.0008490085601811082,0.0012249946594238281,0,0,0,0,0,0,0
2023-09-10,DAI,1.000108003616333,1.000849008560181,0.9987750053405762,0.999360978603363,0.997367024421692,1.000712990760803,1.000205993652344,0.0026329755783079944,0.0007129907608030006,0.0026329755783079944,0,0,0,0,0,0,0
2023-09-11,DAI,0.9994249939918518,1.000712990760803,0.997367024421692,1.000205993652344,0.9984930157661438,1.001438975334167,0.9996399879455566,0.0015069842338562012,0.0014389753341670364,0.0015069842338562012,0,0,0,0,0,0,0
2023-09-12,DAI,1.000197052955627,1.001438975334167,0.9984930157661438,0.9996399879455566,0.9989680051803588,1.001165986061096,1.000170946121216,0.0010319948196412243,0.0011659860610959694,0.0011659860610959694,0,0,0,0,0,0,0
2023-09-13,DAI,0.9996520280838012,1.001165986061096,0.9989680051803588,1.000170946121216,0.9992949962615968,1.00134801864624,0.9996790289878844,0.0007050037384032093,0.0013480186462400123,0.0013480186462400123,0,0,0,0,0,0,0
2023-09-14,DAI,1.000151038169861,1.00134801864624,0.9992949962615968,0.9996790289878844,0.9987630248069764,1.000942945480347,1.000051975250244,0.0012369751930235706,0.0009429454803469017,0.0012369751930235706,0,0,0,0,0,0,0
2023-09-15,DAI,0.999763011932373,1.000942945480347,0.9987630248069764,1.000051975250244,0.9989420175552368,1.000743985176086,1.000056028366089,0.0010579824447631836,0.0007439851760859817,0.0010579824447631836,0,0,0,0,0,0,0
2023-09-16,DAI,0.9999759793281556,1.000743985176086,0.9989420175552368,1.000056028366089,0.9990490078926086,1.000648021697998,1.000471949577332,0.0009509921073913574,0.0006480216979980469,0.0009509921073913574,0,0,0,0,0,0,0
2023-09-17,DAI,1.000040054321289,1.000648021697998,0.9990490078926086,1.000471949577332,0.9980329871177672,1.001121997833252,0.999849021434784,0.001967012882232777,0.0011219978332519531,0.001967012882232777,0,0,0,0,0,0,0
2023-09-18,DAI,1.000352025032043,1.001121997833252,0.9980329871177672,0.999849021434784,0.9987419843673706,1.00103497505188,1.000051975250244,0.0012580156326293945,0.0010349750518801049,0.0012580156326293945,0,0,0,0,0,0,0
2023-09-19,DAI,0.9998400211334229,1.00103497505188,0.9987419843673706,1.000051975250244,0.9984859824180604,1.000718951225281,0.9996820092201232,0.0015140175819395862,0.0007189512252809838,0.0015140175819395862,0,0,0,0,0,0,0
2023-09-20,DAI,1.000025033950806,1.000718951225281,0.9984859824180604,0.9996820092201232,0.9975950121879578,1.000184059143066,0.9993759989738464,0.0024049878120422363,0.00018405914306596216,0.0024049878120422363,0,0,0,0,0,0,0
2023-09-21,DAI,0.9996700286865234,1.000184059143066,0.9975950121879578,0.9993759989738464,0.9986090064048768,1.000412940979004,0.999882996082306,0.00139099359512318,0.00041294097900390625,0.00139099359512318,0,0,0,0,0,0,0
2023-09-22,DAI,0.999369978904724,1.000412940979004,0.9986090064048768,0.999882996082306,0.9994580149650574,1.000476956367493,1.000180959701538,0.000541985034942627,0.0004769563674928978,0.000541985034942627,0,0,0,0,0,0,0
2023-09-23,DAI,0.9998549818992616,1.000476956367493,0.9994580149650574,1.000180959701538,0.9994620084762572,1.000627040863037,0.999912977218628,0.0005379915237427868,0.0006270408630371094,0.0006270408630371094,0,0,0,0,0,0,0
2023-09-24,DAI,1.000164031982422,1.000627040863037,0.9994620084762572,0.999912977218628,0.9988459944725036,1.000800967216492,1.000038981437683,0.001154005527496449,0.0008009672164919213,0.001154005527496449,0,0,0,0,0,0,0
2023-09-25,DAI,0.9999110102653505,1.000800967216492,0.9988459944725036,1.000038981437683,0.999010980129242,1.000565052032471,1.000141978263855,0.0009890198707579456,0.0005650520324709252,0.0009890198707579456,0,0,0,0,0,0,0
2023-09-26,DAI,1.000025987625122,1.000565052032471,0.999010980129242,1.000141978263855,0.9982579946517944,1.000900030136108,0.9999549984931946,0.0017420053482055664,0.0009000301361079543,0.0017420053482055664,0,0,0,0,0,0,0
2023-09-27,DAI,1.000089049339294,1.000900030136108,0.9982579946517944,0.9999549984931946,0.9992719888687134,1.001430034637451,1.000288009643555,0.0007280111312866211,0.0014300346374509498,0.0014300346374509498,0,0,0,0,0,0,0
2023-09-28,DAI,0.9999840259552002,1.001430034637451,0.9992719888687134,1.000288009643555,0.9988719820976256,1.001230955123901,1.000306963920593,0.0011280179023743786,0.001230955123900923,0.001230955123900923,0,0,0,0,0,0,0
2023-09-29,DAI,1.000285029411316,1.001230955123901,0.9988719820976256,1.000306963920593,0.9994660019874572,1.000887036323547,0.9996740221977234,0.0005339980125428356,0.0008870363235469192,0.0008870363235469192,0,0,0,0,0,0,0
2023-09-30,DAI,1.00028395652771,1.000887036323547,0.9994660019874572,0.9996740221977234,0.9988080263137816,1.001304030418396,1.000179052352905,0.0011919736862183727,0.001304030418395996,0.001304030418395996,0,0,0,0,0,0,0
2023-10-01,DAI,0.9996309876441956,1.001304030418396,0.9988080263137816,1.000179052352905,0.9966390132904052,1.000921010971069,0.9997010231018066,0.0033609867095948376,0.0009210109710688918,0.0033609867095948376,0,0,0,0,0,0,0
2023-10-02,DAI,1.000133991241455,1.000921010971069,0.9966390132904052,0.9997010231018066,0.9982960224151612,1.00032901763916,0.999508023262024,0.0017039775848387562,0.0003290176391599342,0.0017039775848387562,0,0,0,0,0,0,0
2023-10-03,DAI,0.9997649788856506,1.00032901763916,0.9982960224151612,0.999508023262024,0.9978539943695068,1.000766038894653,1.000200033187866,0.002146005630493164,0.0007660388946530983,0.002146005630493164,0,0,0,0,0,0,0
2023-10-04,DAI,0.9995890259742736,1.000766038894653,0.9978539943695068,1.000200033187866,0.99890398979187,1.000841975212097,0.9993270039558412,0.0010960102081299938,0.0008419752120969459,0.0010960102081299938,0,0,0,0,0,0,0
2023-10-05,DAI,1.000241041183472,1.000841975212097,0.99890398979187,0.9993270039558412,0.9991430044174194,1.001260995864868,0.9998940229415894,0.0008569955825805664,0.001260995864867942,0.001260995864867942,0,0,0,0,0,0,0
2023-10-06,DAI,0.9993330240249634,1.001260995864868,0.9991430044174194,0.9998940229415894,0.9992809891700744,1.000339984893799,0.9997889995574952,0.0007190108299256481,0.00033998489379905017,0.0007190108299256481,0,0,0,0,0,0,0
2023-10-07,DAI,0.999875009059906,1.000339984893799,0.9992809891700744,0.9997889995574952,0.999109983444214,1.000534057617188,0.9999759793281556,0.0008900165557860218,0.0005340576171879441,0.0008900165557860218,0,0,0,0,0,0,0
2023-10-08,DAI,0.9998949766159058,1.000534057617188,0.999109983444214,0.9999759793281556,0.998054027557373,1.000542044639587,0.9997079968452454,0.0019459724426269531,0.0005420446395869583,0.0019459724426269531,0,0,0,0,0,0,0
2023-10-09,DAI,0.9999639987945556,1.000542044639587,0.998054027557373,0.9997079968452454,0.9984880089759828,1.000578999519348,0.9997159838676452,0.001511991024017223,0.0005789995193479225,0.001511991024017223,0,0,0,0,0,0,0
2023-10-10,DAI,0.9997209906578064,1.000578999519348,0.9984880089759828,0.9997159838676452,0.9977669715881348,1.000664949417114,0.9997239708900452,0.0022330284118652344,0.0006649494171140358,0.0022330284118652344,0,0,0,0,0,0,0
2023-10-11,DAI,0.9996680021286012,1.000664949417114,0.9977669715881348,0.9997239708900452,0.9984170198440552,1.000534057617188,0.9999979734420776,0.0015829801559448242,0.0005340576171879441,0.0015829801559448242,0,0,0,0,0,0,0
2023-10-12,DAI,0.9996730089187622,1.000534057617188,0.9984170198440552,0.9999979734420776,0.9991419911384584,1.001559972763062,1.0,0.000858008861541637,0.0015599727630619675,0.0015599727630619675,0,0,0,0,0,0,0
2023-10-13,DAI,1.000041961669922,1.001559972763062,0.9991419911384584,1.0,0.9993529915809632,1.000661015510559,1.000082969665527,0.0006470084190367542,0.000661015510559082,0.000661015510559082,0,0,0,0,0,0,0
2023-10-14,DAI,0.9999989867210388,1.000661015510559,0.9993529915809632,1.000082969665527,0.9992889761924744,1.000648975372314,1.000012993812561,0.0007110238075256348,0.000648975372314009,0.0007110238075256348,0,0,0,0,0,0,0
2023-10-15,DAI,1.000107049942017,1.000648975372314,0.9992889761924744,1.000012993812561,0.9988009929656982,1.001392006874084,1.000298976898193,0.0011990070343017578,0.0013920068740840286,0.0013920068740840286,0,0,0,0,0,0,0
2023-10-16,DAI,1.000038027763367,1.001392006874084,0.9988009929656982,1.000298976898193,0.9985209703445436,1.00036096572876,1.000013947486877,0.001479029655456432,0.00036096572875998767,0.001479029655456432,0,0,0,0,0,0,0
2023-10-17,DAI,1.000264048576355,1.00036096572876,0.9985209703445436,1.000013947486877,0.9991289973258972,1.000609993934631,0.9999560117721558,0.0008710026741027832,0.0006099939346309036,0.0008710026741027832,0,0,0,0,0,0,0
2023-10-18,DAI,1.000043034553528,1.000609993934631,0.9991289973258972,0.9999560117721558,0.9991649985313416,1.000677943229675,1.000051021575928,0.0008350014686584473,0.0006779432296750709,0.0008350014686584473,0,0,0,0,0,0,0
2023-10-19,DAI,0.9999790191650392,1.000677943229675,0.9991649985313416,1.000051021575928,0.9991959929466248,1.00141704082489,0.9999819993972778,0.0008040070533752441,0.0014170408248899147,0.0014170408248899147,0,0,0,0,0,0,0
2023-10-20,DAI,1.00008499622345,1.00141704082489,0.9991959929466248,0.9999819993972778,0.9995880126953124,1.000828981399536,1.000054955482483,0.000411987304687611,0.0008289813995359108,0.0008289813995359108,0,0,0,0,0,0,0
2023-10-21,DAI,0.9999399781227112,1.000828981399536,0.9995880126953124,1.000054955482483,0.9992510080337524,1.000983953475952,1.000463008880615,0.0007489919662475586,0.0009839534759519264,0.0009839534759519264,0,0,0,0,0,0,0
2023-10-22,DAI,1.0,1.000983953475952,0.9992510080337524,1.000463008880615,0.9990379810333252,1.001963973045349,1.000638961791992,0.0009620189666748047,0.001963973045348899,0.001963973045348899,0,0,0,0,0,0,0
2023-10-23,DAI,1.001183032989502,1.001963973045349,0.9990379810333252,1.000638961791992,0.9974259734153748,1.001696944236755,0.999638020992279,0.002574026584625244,0.001696944236754927,0.002574026584625244,0,0,0,0,0,0,0
2023-10-24,DAI,1.000614047050476,1.001696944236755,0.9974259734153748,0.999638020992279,0.9987000226974488,1.001243948936462,0.999970018863678,0.0012999773025511585,0.0012439489364619583,0.0012999773025511585,0,0,0,0,0,0,0
2023-10-25,DAI,0.999791979789734,1.001243948936462,0.9987000226974488,0.999970018863678,0.9976969957351683,1.000846028327942,0.9999809861183168,0.002303004264831654,0.0008460283279418945,0.002303004264831654,0,0,0,0,0,0,0
2023-10-26,DAI,1.000007033348083,1.000846028327942,0.9976969957351683,0.9999809861183168,0.9983779788017272,1.000607013702393,1.000146985054016,0.001622021198272816,0.0006070137023930222,0.001622021198272816,0,0,0,0,0,0,0
2023-10-27,DAI,0.9999380111694336,1.000607013702393,0.9983779788017272,1.000146985054016,0.9990800023078918,1.000627040863037,0.99993497133255,0.0009199976921081543,0.0006270408630371094,0.0009199976921081543,0,0,0,0,0,0,0
2023-10-28,DAI,1.00010097026825,1.000627040863037,0.9990800023078918,0.99993497133255,0.9992769956588744,1.000952959060669,0.9999250173568726,0.0007230043411255993,0.0009529590606689453,0.0009529590606689453,0,0,0,0,0,0,0
2023-10-29,DAI,0.9998700022697448,1.000952959060669,0.9992769956588744,0.9999250173568726,0.9988629817962646,1.001278042793274,1.000221014022827,0.0011370182037353516,0.0012780427932739258,0.0012780427932739258,0,0,0,0,0,0,0
2023-10-30,DAI,0.9999390244483948,1.001278042793274,0.9988629817962646,1.000221014022827,0.9989029765129088,1.000815987586975,1.000781059265137,0.0010970234870911755,0.0008159875869750977,0.0010970234870911755,0,0,0,0,0,0,0
2023-10-31,DAI,1.000208020210266,1.000815987586975,0.9989029765129088,1.000781059265137,0.9984639883041382,1.001332998275757,1.000306010246277,0.0015360116958618164,0.001332998275757058,0.0015360116958618164,0,0,0,0,0,0,0
2023-11-01,DAI,1.000720024108887,1.001332998275757,0.9984639883041382,1.000306010246277,0.9975339770317078,1.001077055931091,1.000180959701538,0.0024660229682922363,0.0010770559310910865,0.0024660229682922363,0,0,0,0,0,0,0
2023-11-02,DAI,1.000357985496521,1.001077055931091,0.9975339770317078,1.000180959701538,0.998511016368866,1.000975012779236,1.000406980514526,0.0014889836311340332,0.0009750127792360619,0.0014889836311340332,0,0,0,0,0,0,0
2023-11-03,DAI,1.000112056732178,1.000975012779236,0.998511016368866,1.000406980514526,0.999521017074585,1.001109957695007,0.9997649788856506,0.00047898292541503906,0.0011099576950071022,0.0011099576950071022,0,0,0,0,0,0,0
2023-11-04,DAI,1.00056004524231,1.001109957695007,0.999521017074585,0.9997649788856506,0.998893976211548,1.00148594379425,0.9997529983520508,0.0011060237884520374,0.0014859437942500442,0.0014859437942500442,0,0,0,0,0,0,0
2023-11-05,DAI,0.9997479915618896,1.00148594379425,0.998893976211548,0.9997529983520508,0.999081015586853,1.000851988792419,1.000200033187866,0.0009189844131469727,0.0008519887924189895,0.0009189844131469727,0,0,0,0,0,0,0
2023-11-06,DAI,0.9996079802513124,1.000851988792419,0.999081015586853,1.000200033187866,0.99864399433136,1.001624941825867,1.000148057937622,0.0013560056686400257,0.0016249418258669213,0.0016249418258669213,0,0,0,0,0,0,0
2023-11-07,DAI,1.000172972679138,1.001624941825867,0.99864399433136,1.000148057937622,0.9990730285644532,1.000882029533386,0.9996579885482788,0.000926971435546764,0.0008820295333860084,0.000926971435546764,0,0,0,0,0,0,0
2023-11-08,DAI,1.000180006027222,1.000882029533386,0.9990730285644532,0.9996579885482788,0.997717022895813,1.00137996673584,1.000409960746765,0.0022829771041870117,0.0013799667358400658,0.0022829771041870117,0,0,0,0,0,0,0
2023-11-09,DAI,0.9996709823608398,1.00137996673584,0.997717022895813,1.000409960746765,0.9988470077514648,1.001070976257324,0.9996770024299622,0.0011529922485351562,0.0010709762573239967,0.0011529922485351562,0,0,0,0,0,0,0
2023-11-10,DAI,1.000365018844604,1.001070976257324,0.9988470077514648,0.9996770024299622,0.998097002506256,1.000802040100098,0.999805986881256,0.0019029974937440075,0.0008020401000981003,0.0019029974937440075,0,0,0,0,0,0,0
2023-11-11,DAI,0.9995449781417848,1.000802040100098,0.998097002506256,0.999805986881256,0.998130977153778,1.000851988792419,0.9994710087776184,0.0018690228462220349,0.0008519887924189895,0.0018690228462220349,0,0,0,0,0,0,0
2023-11-12,DAI,0.9998589754104614,1.000851988792419,0.998130977153778,0.9994710087776184,0.998386025428772,1.001489996910095,0.9987229704856871,0.0016139745712280273,0.0014899969100949928,0.0016139745712280273,0,0,0,0,0,0,0
2023-11-13,DAI,0.999576985836029,1.001489996910095,0.998386025428772,0.9987229704856871,0.9971920251846312,1.001274943351746,0.9995359778404236,0.0028079748153687634,0.0012749433517460496,0.0028079748153687634,0,0,0,0,0,0,0
2023-11-14,DAI,0.998803973197937,1.001274943351746,0.9971920251846312,0.9995359778404236,0.9989870190620422,1.002086043357849,1.000684976577759,0.0010129809379577637,0.002086043357848899,0.002086043357848899,0,0,0,0,0,0,0
2023-11-15,DAI,0.9995689988136292,1.002086043357849,0.9989870190620422,1.000684976577759,0.9965749979019164,1.001361012458801,0.9998909831047058,0.003425002098083607,0.0013610124588010475,0.003425002098083607,0,0,0,0,0,0,0
2023-11-16,DAI,1.000674962997437,1.001361012458801,0.9965749979019164,0.9998909831047058,0.9976699948310852,1.00157904624939,1.000419974327087,0.002330005168914795,0.0015790462493900925,0.002330005168914795,0,0,0,0,0,0,0
2023-11-17,DAI,0.9998229742050172,1.00157904624939,0.9976699948310852,1.000419974327087,0.9985870122909546,1.00143301486969,1.000352025032043,0.0014129877090454102,0.0014330148696899414,0.0014330148696899414,0,0,0,0,0,0,0
2023-11-18,DAI,1.000525951385498,1.00143301486969,0.9985870122909546,1.000352025032043,0.9990280270576476,1.001451015472412,1.000583052635193,0.0009719729423524059,0.0014510154724121094,0.0014510154724121094,0,0,0,0,0,0,0
2023-11-19,DAI,1.000339031219482,1.001451015472412,0.9990280270576476,1.000583052635193,0.9986680150032043,1.001212000846863,0.9995710253715516,0.0013319849967956543,0.001212000846863015,0.0013319849967956543,0,0,0,0,0,0,0
2023-11-20,DAI,1.000671029090881,1.001212000846863,0.9986680150032043,0.9995710253715516,0.997327983379364,1.001237988471985,0.9979209899902344,0.0026720166206359863,0.0012379884719850853,0.0026720166206359863,0,0,0,0,0,0,0
2023-11-21,DAI,0.9996089935302734,1.001237988471985,0.997327983379364,0.9979209899902344,0.997639000415802,1.00152599811554,0.9998940229415894,0.002360999584197998,0.0015259981155399949,0.002360999584197998,0,0,0,0,0,0,0
2023-11-22,DAI,0.9978960156440736,1.00152599811554,0.997639000415802,0.9998940229415894,0.9987589716911316,1.001127004623413,0.9996860027313232,0.0012410283088684082,0.001127004623413086,0.0012410283088684082,0,0,0,0,0,0,0
2023-11-23,DAI,0.9997329711914062,1.001127004623413,0.9987589716911316,0.9996860027313232,0.9983829855918884,1.001500010490417,1.000028014183044,0.0016170144081115723,0.0015000104904170364,0.0016170144081115723,0,0,0,0,0,0,0
2023-11-24,DAI,0.999746024608612,1.001500010490417,0.9983829855918884,1.000028014183044,0.9990190267562866,1.001186013221741,1.00010097026825,0.000980973243713379,0.0011860132217409447,0.0011860132217409447,0,0,0,0,0,0,0
2023-11-25,DAI,0.999974012374878,1.001186013221741,0.9990190267562866,1.00010097026825,0.9978640079498292,1.001039981842041,0.9996740221977234,0.0021359920501707874,0.0010399818420410156,0.0021359920501707874,0,0,0,0,0,0,0
2023-11-26,DAI,1.000100016593933,1.001039981842041,0.9978640079498292,0.9996740221977234,0.9983919858932496,1.000684022903442,1.000161051750183,0.0016080141067503773,0.0006840229034419387,0.0016080141067503773,0,0,0,0,0,0,0
2023-11-27,DAI,0.9995880126953124,1.000684022903442,0.9983919858932496,1.000161051750183,0.998394012451172,1.001358985900879,0.9995530247688292,0.001605987548828014,0.0013589859008789062,0.001605987548828014,0,0,0,0,0,0,0
2023-11-28,DAI,1.000192999839783,1.001358985900879,0.998394012451172,0.9995530247688292,0.9985640048980712,1.000818967819214,0.9997169971466064,0.001435995101928822,0.0008189678192140892,0.001435995101928822,0,0,0,0,0,0,0
2023-11-29,DAI,0.9995089769363404,1.000818967819214,0.9985640048980712,0.9997169971466064,0.9988769888877868,1.000895023345947,1.000062942504883,0.0011230111122132458,0.0008950233459470436,0.0011230111122132458,0,0,0,0,0,0,0
2023-11-30,DAI,0.9997730255126952,1.000895023345947,0.9988769888877868,1.000062942504883,0.9987409710884094,1.000748991966248,0.9997529983520508,0.0012590289115905762,0.0007489919662480027,0.0012590289115905762,0,0,0,0,0,0,0
2023-12-01,DAI,1.000123977661133,1.000748991966248,0.9987409710884094,0.9997529983520508,0.9988459944725036,1.001446962356567,1.000005006790161,0.001154005527496449,0.0014469623565669387,0.0014469623565669387,0,0,0,0,0,0,0
2023-12-02,DAI,0.9997490048408508,1.001446962356567,0.9988459944725036,1.000005006790161,0.9987369775772096,1.000754952430725,0.9996500015258788,0.0012630224227904163,0.0007549524307250977,0.0012630224227904163,0,0,0,0,0,0,0
2023-12-03,DAI,0.9999669790267944,1.000754952430725,0.9987369775772096,0.9996500015258788,0.9987630248069764,1.000838041305542,1.00055205821991,0.0012369751930235706,0.0008380413055419922,0.0012369751930235706,0,0,0,0,0,0,0
2023-12-04,DAI,0.999692976474762,1.000838041305542,0.9987630248069764,1.00055205821991,0.9972749948501588,1.001209020614624,1.000419020652771,0.0027250051498411976,0.0012090206146240234,0.0027250051498411976,0,0,0,0,0,0,0
2023-12-05,DAI,1.000465989112854,1.001209020614624,0.9972749948501588,1.000419020652771,0.9983569979667664,1.001039028167725,0.9991880059242249,0.0016430020332336426,0.0010390281677250535,0.0016430020332336426,0,0,0,0,0,0,0
2023-12-06,DAI,1.000388026237488,1.001039028167725,0.9983569979667664,0.9991880059242249,0.998192012310028,1.001145958900452,1.000061988830566,0.0018079876899720349,0.0011459589004521042,0.0018079876899720349,0,0,0,0,0,0,0
2023-12-07,DAI,0.9992579817771912,1.001145958900452,0.998192012310028,1.000061988830566,0.9990339875221252,1.001006007194519,0.9999229907989502,0.0009660124778747559,0.001006007194519043,0.001006007194519043,0,0,0,0,0,0,0
2023-12-08,DAI,0.9999729990959167,1.001006007194519,0.9990339875221252,0.9999229907989502,0.9983630180358888,1.001606941223145,0.9996730089187622,0.001636981964111217,0.0016069412231449753,0.001636981964111217,0,0,0,0,0,0,0
2023-12-09,DAI,0.999974012374878,1.001606941223145,0.9983630180358888,0.9996730089187622,0.9983459711074828,1.000645041465759,0.9998949766159058,0.0016540288925172009,0.0006450414657590553,0.0016540288925172009,0,0,0,0,0,0,0
2023-12-10,DAI,0.9996489882469176,1.000645041465759,0.9983459711074828,0.9998949766159058,0.9957759976387024,1.001034021377563,1.000195026397705,0.004224002361297607,0.0010340213775630325,0.004224002361297607,0,0,0,0,0,0,0
2023-12-11,DAI,0.9999499917030334,1.001034021377563,0.9957759976387024,1.000195026397705,0.998063027858734,1.001289963722229,1.000367999076843,0.0019369721412659802,0.001289963722229004,0.0019369721412659802,0,0,0,0,0,0,0
2023-12-12,DAI,1.000197052955627,1.001289963722229,0.998063027858734,1.000367999076843,0.998104989528656,1.002421021461487,1.000134944915771,0.0018950104713439941,0.0024210214614870385,0.0024210214614870385,0,0,0,0,0,0,0
2023-12-13,DAI,1.000336050987244,1.002421021461487,0.998104989528656,1.000134944915771,0.9984570145606996,1.001245021820068,1.000164985656738,0.001542985439300426,0.0012450218200679153,0.001542985439300426,0,0,0,0,0,0,0
2023-12-14,DAI,0.9999750256538392,1.001245021820068,0.9984570145606996,1.000164985656738,0.9977869987487792,1.000532031059265,0.9982370138168336,0.002213001251220814,0.0005320310592649147,0.002213001251220814,0,0,0,0,0,0,0
2023-12-15,DAI,1.000185012817383,1.000532031059265,0.9977869987487792,0.9982370138168336,0.9977740049362184,1.000736951828003,0.999292016029358,0.0022259950637816273,0.0007369518280029297,0.0022259950637816273,0,0,0,0,0,0,0
2023-12-16,DAI,0.9983850121498108,1.000736951828003,0.9977740049362184,0.999292016029358,0.997668981552124,1.000602960586548,0.9991379976272584,0.0023310184478759766,0.0006029605865480736,0.0023310184478759766,0,0,0,0,0,0,0
2023-12-17,DAI,0.9993289709091188,1.000602960586548,0.997668981552124,0.9991379976272584,0.99685400724411,1.001306056976318,1.000203013420105,0.0031459927558900036,0.0013060569763179153,0.0031459927558900036,0,0,0,0,0,0,0
2023-12-18,DAI,0.9991250038146972,1.001306056976318,0.99685400724411,1.000203013420105,0.9976230263710022,1.001145005226135,0.9997569918632508,0.0023769736289978027,0.0011450052261350319,0.0023769736289978027,0,0,0,0,0,0,0
2023-12-19,DAI,1.000187039375305,1.001145005226135,0.9976230263710022,0.9997569918632508,0.9979749917984008,1.001109957695007,1.000041961669922,0.002025008201599232,0.0011099576950071022,0.002025008201599232,0,0,0,0,0,0,0
2023-12-20,DAI,0.9998250007629396,1.001109957695007,0.9979749917984008,1.000041961669922,0.9982789754867554,1.000756978988647,1.000166058540344,0.001721024513244629,0.0007569789886470168,0.001721024513244629,0,0,0,0,0,0,0
2023-12-21,DAI,1.000098943710327,1.000756978988647,0.9982789754867554,1.000166058540344,0.9985600113868712,1.001114010810852,1.000326037406921,0.0014399886131287731,0.0011140108108520508,0.0014399886131287731,0,0,0,0,0,0,0
2023-12-22,DAI,1.000105023384094,1.001114010810852,0.9985600113868712,1.000326037406921,0.9983109831809998,1.00055205821991,0.9999750256538392,0.0016890168190002441,0.00055205821990989,0.0016890168190002441,0,0,0,0,0,0,0
2023-12-23,DAI,1.000233054161072,1.00055205821991,0.9983109831809998,0.9999750256538392,0.9979519844055176,1.000862002372742,0.9995089769363404,0.002048015594482422,0.0008620023727419213,0.002048015594482422,0,0,0,0,0,0,0
2023-12-24,DAI,1.000004053115845,1.000862002372742,0.9979519844055176,0.9995089769363404,0.9983590245246888,1.000797033309937,0.9996160268783568,0.0016409754753111683,0.0007970333099369675,0.0016409754753111683,0,0,0,0,0,0,0
2023-12-25,DAI,0.9994159936904908,1.000797033309937,0.9983590245246888,0.9996160268783568,0.996645987033844,1.000620007514954,1.000383973121643,0.003354012966156006,0.0006200075149540574,0.003354012966156006,0,0,0,0,0,0,0
2023-12-26,DAI,0.9997180104255676,1.000620007514954,0.996645987033844,1.000383973121643,0.9989410042762756,1.001484990119934,1.00031304359436,0.0010589957237243652,0.001484990119934082,0.001484990119934082,0,0,0,0,0,0,0
2023-12-27,DAI,1.000424027442932,1.001484990119934,0.9989410042762756,1.00031304359436,0.997704029083252,1.001127004623413,0.999737024307251,0.002295970916748047,0.001127004623413086,0.002295970916748047,0,0,0,0,0,0,0
2023-12-28,DAI,1.000069975852966,1.001127004623413,0.997704029083252,0.999737024307251,0.9973980188369752,1.000833988189697,1.000419020652771,0.0026019811630247913,0.0008339881896970436,0.0026019811630247913,0,0,0,0,0,0,0
2023-12-29,DAI,0.9998109936714172,1.000833988189697,0.9973980188369752,1.000419020652771,0.9982550144195556,1.000798940658569,0.9994549751281738,0.001744985580444447,0.0007989406585688918,0.001744985580444447,0,0,0,0,0,0,0
2023-12-30,DAI,1.000409007072449,1.000798940658569,0.9982550144195556,0.9994549751281738,0.9984440207481384,1.000584959983826,0.999413013458252,0.0015559792518615723,0.0005849599838259056,0.0015559792518615723,0,0,0,0,0,0,0
2022-01-01,USDC,1.000082969665527,1.000861048698425,0.9992169737815856,1.00008499622345,0.9992650151252748,1.00096595287323,0.9997649788856506,0.0007349848747252308,0.0009659528732299805,0.0009659528732299805,0,0,0,0,0,0,0
2022-01-02,USDC,1.000080943107605,1.00096595287323,0.9992650151252748,0.9997649788856506,0.999396026134491,1.000913977622986,0.9997079968452454,0.0006039738655090332,0.0009139776229860619,0.0009139776229860619,0,0,0,0,0,0,0
2022-01-03,USDC,0.999776005744934,1.000913977622986,0.999396026134491,0.9997079968452454,0.9991340041160583,1.00135600566864,1.000584959983826,0.0008659958839416504,0.0013560056686399147,0.0013560056686399147,0,0,0,0,0,0,0
2022-01-04,USDC,0.9998180270195008,1.00135600566864,0.9991340041160583,1.000584959983826,0.9992870092391968,1.000902056694031,0.9997569918632508,0.0007129907608032227,0.0009020566940309838,0.0009020566940309838,0,0,0,0,0,0,0
2022-01-05,USDC,1.000604033470154,1.000902056694031,0.9992870092391968,0.9997569918632508,0.9992709755897522,1.001171946525574,0.999559998512268,0.0007290244102478027,0.0011719465255739525,0.0011719465255739525,0,0,0,0,0,0,0
2022-01-06,USDC,0.9997519850730896,1.001171946525574,0.9992709755897522,0.999559998512268,0.9994019865989684,1.000869989395142,1.000476956367493,0.0005980134010316052,0.0008699893951420457,0.0008699893951420457,0,0,0,0,0,0,0
2022-01-07,USDC,0.9995250105857848,1.000869989395142,0.9994019865989684,1.000476956367493,0.9994500279426576,1.000996947288513,0.999512016773224,0.0005499720573424183,0.0009969472885129615,0.0009969472885129615,0,0,0,0,0,0,0
2022-01-08,USDC,1.000473976135254,1.000996947288513,0.9994500279426576,0.999512016773224,0.9994760155677797,1.00111997127533,0.9998360276222228,0.000523984432220348,0.001119971275330034,0.001119971275330034,0,0,0,0,0,0,0
2022-01-09,USDC,0.9995059967041016,1.00111997127533,0.9994760155677797,0.9998360276222228,0.9993039965629578,1.001127004623413,1.000380992889404,0.0006960034370422363,0.001127004623413086,0.001127004623413086,0,0,0,0,0,0,0
2022-01-10,USDC,0.9998300075531006,1.001127004623413,0.9993039965629578,1.000380992889404,0.9990749955177308,1.001160979270935,1.000216007232666,0.0009250044822691761,0.0011609792709350586,0.0011609792709350586,0,0,0,0,0,0,0
2022-01-11,USDC,1.000354051589966,1.001160979270935,0.9990749955177308,1.000216007232666,0.9991549849510192,1.000820994377136,0.9997990131378174,0.0008450150489808239,0.0008209943771360084,0.0008450150489808239,0,0,0,0,0,0,0
2022-01-12,USDC,1.000224947929382,1.000820994377136,0.9991549849510192,0.9997990131378174,0.9989969730377196,1.000977993011475,0.9990249872207642,0.0010030269622803845,0.0009779930114750535,0.0010030269622803845,0,0,0,0,0,0,0
2022-01-13,USDC,0.9997860193252563,1.000977993011475,0.9989969730377196,0.9990249872207642,0.9990950226783752,1.000754952430725,1.000033974647522,0.0009049773216247559,0.0007549524307250977,0.0009049773216247559,0,0,0,0,0,0,0
2022-01-14,USDC,0.9990950226783752,1.000754952430725,0.9990950226783752,1.000033974647522,0.9991329908370972,1.000622987747192,0.9994819760322572,0.000867009162902832,0.0006229877471919387,0.000867009162902832,0,0,0,0,0,0,0
2022-01-15,USDC,1.000054001808167,1.000622987747192,0.9991329908370972,0.9994819760322572,0.999072015285492,1.000754952430725,0.9996920228004456,0.0009279847145079456,0.0007549524307250977,0.0009279847145079456,0,0,0,0,0,0,0
2022-01-16,USDC,0.9994940161705016,1.000754952430725,0.999072015285492,0.9996920228004456,0.9992049932479858,1.000900030136108,0.9996790289878844,0.0007950067520141602,0.0009000301361079543,0.0009000301361079543,0,0,0,0,0,0,0
2022-01-17,USDC,0.999750018119812,1.000900030136108,0.9992049932479858,0.9996790289878844,0.9991599917411804,1.000952959060669,1.000105023384094,0.0008400082588195801,0.0009529590606689453,0.0009529590606689453,0,0,0,0,0,0,0
2022-01-18,USDC,0.9996690154075624,1.000952959060669,0.9991599917411804,1.000105023384094,0.9991379976272584,1.000758051872253,1.000331044197083,0.0008620023727415882,0.0007580518722529739,0.0008620023727415882,0,0,0,0,0,0,0
2022-01-19,USDC,1.000097990036011,1.000758051872253,0.9991379976272584,1.000331044197083,0.9989259839057922,1.001302003860474,1.000411987304688,0.0010740160942077637,0.001302003860474077,0.001302003860474077,0,0,0,0,0,0,0
2022-01-20,USDC,1.000336050987244,1.001302003860474,0.9989259839057922,1.000411987304688,0.9989960193634032,1.001214027404785,1.000440955162048,0.0010039806365967907,0.0012140274047849342,0.0012140274047849342,0,0,0,0,0,0,0
2022-01-21,USDC,1.000488042831421,1.001214027404785,0.9989960193634032,1.000440955162048,0.99898499250412,1.000754952430725,1.0000319480896,0.001015007495880016,0.0007549524307250977,0.001015007495880016,0,0,0,0,0,0,0
2022-01-22,USDC,1.000439047813416,1.000754952430725,0.99898499250412,1.0000319480896,0.9990890026092528,1.001132011413574,1.000144958496094,0.0009109973907471813,0.0011320114135739967,0.0011320114135739967,0,0,0,0,0,0,0
2022-01-23,USDC,1.000090003013611,1.001132011413574,0.9990890026092528,1.000144958496094,0.9991310238838196,1.000990033149719,1.00030505657196,0.0008689761161804199,0.0009900331497190162,0.0009900331497190162,0,0,0,0,0,0,0
2022-01-24,USDC,1.000169992446899,1.000990033149719,0.9991310238838196,1.00030505657196,0.9990310072898864,1.001090049743652,1.000429034233093,0.0009689927101136364,0.0010900497436518997,0.0010900497436518997,0,0,0,0,0,0,0
2022-01-25,USDC,1.000318050384521,1.001090049743652,0.9990310072898864,1.000429034233093,0.9988530278205872,1.000885963439941,0.99993497133255,0.0011469721794128418,0.0008859634399409622,0.0011469721794128418,0,0,0,0,0,0,0
2022-01-26,USDC,1.000419974327087,1.000885963439941,0.9988530278205872,0.99993497133255,0.9989230036735536,1.001183032989502,0.999776005744934,0.0010769963264464222,0.0011830329895019531,0.0011830329895019531,0,0,0,0,0,0,0
2022-01-27,USDC,0.9998499751091005,1.001183032989502,0.9989230036735536,0.999776005744934,0.99896901845932,1.001276016235352,0.99965101480484,0.0010309815406800427,0.0012760162353520066,0.0012760162353520066,0,0,0,0,0,0,0
2022-01-28,USDC,0.9997490048408508,1.001276016235352,0.99896901845932,0.99965101480484,0.9989579916000366,1.00080394744873,1.000395059585571,0.001042008399963379,0.0008039474487300247,0.001042008399963379,0,0,0,0,0,0,0
2022-01-29,USDC,0.99966299533844,1.00080394744873,0.9989579916000366,1.000395059585571,0.9991959929466248,1.00075101852417,1.000064969062805,0.0008040070533752441,0.0007510185241699219,0.0008040070533752441,0,0,0,0,0,0,0
2022-01-30,USDC,1.000404953956604,1.00075101852417,0.9991959929466248,1.000064969062805,0.9990839958190918,1.001075029373169,0.9995390176773072,0.0009160041809082031,0.0010750293731689453,0.0010750293731689453,0,0,0,0,0,0,0
2022-01-31,USDC,1.00008499622345,1.001075029373169,0.9990839958190918,0.9995390176773072,0.9990890026092528,1.00046694278717,0.9996830224990844,0.0009109973907471813,0.00046694278716996607,0.0009109973907471813,0,0,0,0,0,0,0
2022-02-01,USDC,0.9995200037956238,1.00046694278717,0.9990890026092528,0.9996830224990844,0.9991750121116638,1.000725984573364,0.9999669790267944,0.0008249878883361816,0.0007259845733640358,0.0008249878883361816,0,0,0,0,0,0,0
2022-02-02,USDC,0.999705970287323,1.000725984573364,0.9991750121116638,0.9999669790267944,0.9990599751472472,1.000627040863037,1.000231027603149,0.0009400248527527966,0.0006270408630371094,0.0009400248527527966,0,0,0,0,0,0,0
2022-02-03,USDC,0.999900996685028,1.000627040863037,0.9990599751472472,1.000231027603149,0.9992319941520692,1.000676035881042,0.9995329976081848,0.0007680058479307972,0.0006760358810420364,0.0007680058479307972,0,0,0,0,0,0,0
2022-02-04,USDC,1.000187039375305,1.000676035881042,0.9992319941520692,0.9995329976081848,0.998865008354187,1.000478982925415,1.000116944313049,0.0011349916458129883,0.00047898292541503906,0.0011349916458129883,0,0,0,0,0,0,0
2022-02-05,USDC,0.999584972858429,1.000478982925415,0.998865008354187,1.000116944313049,0.9990410208702089,1.000494003295898,1.000357031822205,0.0009589791297911487,0.0004940032958979934,0.0009589791297911487,0,0,0,0,0,0,0
2022-02-06,USDC,1.000090956687927,1.000494003295898,0.9990410208702089,1.000357031822205,0.9989979863166808,1.001152992248535,0.9990220069885254,0.0010020136833192028,0.0011529922485349342,0.0011529922485349342,0,0,0,0,0,0,0
2022-02-07,USDC,1.000311970710754,1.001152992248535,0.9989979863166808,0.9990220069885254,0.9979910254478456,1.000568032264709,0.999171018600464,0.00200897455215443,0.0005680322647090286,0.00200897455215443,0,0,0,0,0,0,0
2022-02-08,USDC,0.9990770220756532,1.000568032264709,0.9979910254478456,0.999171018600464,0.9990090131759644,1.000563979148865,0.9995869994163512,0.0009909868240356445,0.0005639791488649681,0.0009909868240356445,0,0,0,0,0,0,0
2022-02-09,USDC,0.9991130232810974,1.000563979148865,0.9990090131759644,0.9995869994163512,0.9988830089569092,1.000820994377136,1.000102996826172,0.0011169910430908203,0.0008209943771360084,0.0011169910430908203,0,0,0,0,0,0,0
2022-02-10,USDC,0.9995920062065125,1.000820994377136,0.9988830089569092,1.000102996826172,0.9986839890480042,1.000532031059265,0.9993680119514464,0.0013160109519958496,0.0005320310592649147,0.0013160109519958496,0,0,0,0,0,0,0
2022-02-11,USDC,1.000144004821777,1.000532031059265,0.9986839890480042,0.9993680119514464,0.998826026916504,1.000677943229675,1.000177025794983,0.0011739730834959827,0.0006779432296750709,0.0011739730834959827,0,0,0,0,0,0,0
2022-02-12,USDC,0.9993829727172852,1.000677943229675,0.998826026916504,1.000177025794983,0.9987679719924928,1.000622034072876,0.999983012676239,0.0012320280075072132,0.0006220340728759766,0.0012320280075072132,0,0,0,0,0,0,0
2022-02-13,USDC,1.000154972076416,1.000622034072876,0.9987679719924928,0.999983012676239,0.9989780187606812,1.000691056251526,0.999364972114563,0.0010219812393188477,0.000691056251526101,0.0010219812393188477,0,0,0,0,0,0,0
2022-02-14,USDC,0.9999849796295166,1.000691056251526,0.9989780187606812,0.999364972114563,0.9988610148429872,1.000414967536926,0.9995710253715516,0.0011389851570128284,0.0004149675369260475,0.0011389851570128284,0,0,0,0,0,0,0
2022-02-15,USDC,0.9993299841880798,1.000414967536926,0.9988610148429872,0.9995710253715516,0.9989219903945924,1.00066602230072,0.999776005744934,0.0010780096054076038,0.0006660223007199928,0.0010780096054076038,0,0,0,0,0,0,0
2022-02-16,USDC,0.9996089935302734,1.00066602230072,0.9989219903945924,0.999776005744934,0.9988840222358704,1.000455021858215,0.9994019865989684,0.0011159777641296387,0.00045502185821511,0.0011159777641296387,0,0,0,0,0,0,0
2022-02-17,USDC,0.9996970295906068,1.000455021858215,0.9988840222358704,0.9994019865989684,0.998898983001709,1.000573039054871,0.999770998954773,0.0011010169982910156,0.0005730390548710496,0.0011010169982910156,0,0,0,0,0,0,0
2022-02-18,USDC,0.9994040131568908,1.000573039054871,0.998898983001709,0.999770998954773,0.9990180134773254,1.000506997108459,0.9998700022697448,0.0009819865226745605,0.0005069971084590286,0.0009819865226745605,0,0,0,0,0,0,0
2022-02-19,USDC,0.9997339844703674,1.000506997108459,0.9990180134773254,0.9998700022697448,0.998878002166748,1.000710964202881,1.000002980232239,0.0011219978332519531,0.0007109642028810814,0.0011219978332519531,0,0,0,0,0,0,0
2022-02-20,USDC,0.9998639822006226,1.000710964202881,0.998878002166748,1.000002980232239,0.998835027217865,1.000856041908264,0.999334990978241,0.0011649727821350098,0.0008560419082639381,0.0011649727821350098,0,0,0,0,0,0,0
2022-02-21,USDC,1.000000953674316,1.000856041908264,0.998835027217865,0.999334990978241,0.9988240003585817,1.001062989234924,1.000044941902161,0.001175999641418346,0.0010629892349240944,0.001175999641418346,0,0,0,0,0,0,0
2022-02-22,USDC,0.9993590116500854,1.001062989234924,0.9988240003585817,1.000044941902161,0.9988809823989868,1.00069797039032,0.9995129704475404,0.0011190176010131836,0.0006979703903200463,0.0011190176010131836,0,0,0,0,0,0,0
2022-02-23,USDC,1.000046014785767,1.00069797039032,0.9988809823989868,0.9995129704475404,0.9988399744033812,1.000717043876648,0.9999629855155944,0.0011600255966187634,0.0007170438766479492,0.0011600255966187634,0,0,0,0,0,0,0
2022-02-24,USDC,0.999521017074585,1.000717043876648,0.9988399744033812,0.9999629855155944,0.9992820024490356,1.000911951065063,0.9999430179595948,0.0007179975509643555,0.0009119510650630325,0.0009119510650630325,0,0,0,0,0,0,0
2022-02-25,USDC,0.9999439716339112,1.000911951065063,0.9992820024490356,0.9999430179595948,0.9991350173950196,1.000396966934204,0.9999920129776,0.0008649826049803577,0.00039696693420410156,0.0008649826049803577,0,0,0,0,0,0,0
2022-02-26,USDC,0.9999039769172668,1.000396966934204,0.9991350173950196,0.9999920129776,0.998544991016388,1.000419974327087,0.9997220039367676,0.0014550089836119495,0.00041997432708695825,0.0014550089836119495,0,0,0,0,0,0,0
2022-02-27,USDC,0.99993497133255,1.000419974327087,0.998544991016388,0.9997220039367676,0.9988750219345092,1.000571012496948,0.999853014945984,0.0011249780654908337,0.0005710124969480201,0.0011249780654908337,0,0,0,0,0,0,0
2022-02-28,USDC,0.9996880292892456,1.000571012496948,0.9988750219345092,0.999853014945984,0.9985049962997437,1.000522971153259,0.999813973903656,0.0014950037002563477,0.0005229711532590553,0.0014950037002563477,0,0,0,0,0,0,0
2022-03-01,USDC,0.9998400211334229,1.000522971153259,0.9985049962997437,0.999813973903656,0.998769998550415,1.000584959983826,0.9995689988136292,0.001230001449584961,0.0005849599838259056,0.001230001449584961,0,0,0,0,0,0,0
2022-03-02,USDC,0.9998030066490172,1.000584959983826,0.998769998550415,0.9995689988136292,0.9990410208702089,1.000502943992615,0.9999340176582336,0.0009589791297911487,0.0005029439926149681,0.0009589791297911487,0,0,0,0,0,0,0
2022-03-03,USDC,0.999563992023468,1.000502943992615,0.9990410208702089,0.9999340176582336,0.999072015285492,1.000684976577759,0.9998409748077391,0.0009279847145079456,0.0006849765777590111,0.0009279847145079456,0,0,0,0,0,0,0
2022-03-04,USDC,0.9999589920043944,1.000684976577759,0.999072015285492,0.9998409748077391,0.9977449774742126,1.000887989997864,0.9993709921836852,0.0022550225257873535,0.0008879899978639916,0.0022550225257873535,0,0,0,0,0,0,0
2022-03-05,USDC,0.999921977519989,1.000887989997864,0.9977449774742126,0.9993709921836852,0.9987679719924928,1.000412940979004,0.9998509883880616,0.0012320280075072132,0.00041294097900390625,0.0012320280075072132,0,0,0,0,0,0,0
2022-03-06,USDC,0.9993799924850464,1.000412940979004,0.9987679719924928,0.9998509883880616,0.9986310005187988,1.000687003135681,0.9991340041160583,0.0013689994812011719,0.0006870031356809303,0.0013689994812011719,0,0,0,0,0,0,0
2022-03-07,USDC,0.999875009059906,1.000687003135681,0.9986310005187988,0.9991340041160583,0.9990689754486084,1.001224994659424,1.00025999546051,0.0009310245513916016,0.0012249946594240502,0.0012249946594240502,0,0,0,0,0,0,0
2022-03-08,USDC,0.9991009831428528,1.001224994659424,0.9990689754486084,1.00025999546051,0.9992210268974304,1.001520991325378,1.000450015068054,0.0007789731025695801,0.0015209913253779739,0.0015209913253779739,0,0,0,0,0,0,0
2022-03-09,USDC,1.000269055366516,1.001520991325378,0.9992210268974304,1.000450015068054,0.998993992805481,1.000705003738403,0.999800980091095,0.001006007194519043,0.0007050037384030983,0.001006007194519043,0,0,0,0,0,0,0
2022-03-10,USDC,1.000440001487732,1.000705003738403,0.998993992805481,0.999800980091095,0.9991679787635804,1.000177025794983,0.9993410110473632,0.0008320212364195667,0.00017702579498291016,0.0008320212364195667,0,0,0,0,0,0,0
2022-03-11,USDC,0.9998080134391784,1.000177025794983,0.9991679787635804,0.9993410110473632,0.9992430210113524,1.000237941741943,0.999538004398346,0.000756978988647572,0.00023794174194291529,0.000756978988647572,0,0,0,0,0,0,0
2022-03-12,USDC,0.9993469715118408,1.000237941741943,0.9992430210113524,0.999538004398346,0.9990280270576476,1.000180959701538,0.9999650120735168,0.0009719729423524059,0.00018095970153808594,0.0009719729423524059,0,0,0,0,0,0,0
2022-03-13,USDC,0.9996989965438844,1.000180959701538,0.9990280270576476,0.9999650120735168,0.9983969926834106,1.000643014907837,1.000288009643555,0.0016030073165893555,0.0006430149078369141,0.0016030073165893555,0,0,0,0,0,0,0
2022-03-14,USDC,0.9999470114707948,1.000643014907837,0.9983969926834106,1.000288009643555,0.9987019896507264,1.000797986984253,0.9993669986724854,0.0012980103492735706,0.0007979869842529297,0.0012980103492735706,0,0,0,0,0,0,0
2022-03-15,USDC,1.000269055366516,1.000797986984253,0.9987019896507264,0.9993669986724854,0.9991679787635804,1.000555038452148,0.9998959898948668,0.0008320212364195667,0.0005550384521479934,0.0008320212364195667,0,0,0,0,0,0,0
2022-03-16,USDC,0.9993619918823242,1.000555038452148,0.9991679787635804,0.9998959898948668,0.9994980096817015,1.000246047973633,0.999783992767334,0.0005019903182984509,0.00024604797363303454,0.0005019903182984509,0,0,0,0,0,0,0
2022-03-17,USDC,0.999904990196228,1.000246047973633,0.9994980096817015,0.999783992767334,0.9993230104446412,1.000102996826172,0.9998480081558228,0.0006769895553587757,0.00010299682617209704,0.0006769895553587757,0,0,0,0,0,0,0
2022-03-18,USDC,0.9997529983520508,1.000102996826172,0.9993230104446412,0.9998480081558228,0.9993370175361632,1.000169038772583,0.9997479915618896,0.0006629824638367809,0.0001690387725830078,0.0006629824638367809,0,0,0,0,0,0,0
2022-03-19,USDC,0.999805986881256,1.000169038772583,0.9993370175361632,0.9997479915618896,0.9991570115089417,1.000246047973633,0.9999319911003112,0.0008429884910583496,0.00024604797363303454,0.0008429884910583496,0,0,0,0,0,0,0
2022-03-20,USDC,0.9997550249099731,1.000246047973633,0.9991570115089417,0.9999319911003112,0.9993990063667296,1.000377058982849,0.9998279809951782,0.0006009936332703747,0.00037705898284889905,0.0006009936332703747,0,0,0,0,0,0,0
2022-03-21,USDC,0.99992698431015,1.000377058982849,0.9993990063667296,0.9998279809951782,0.9994770288467408,1.00026798248291,0.9999039769172668,0.0005229711532591663,0.0002679824829099342,0.0005229711532591663,0,0,0,0,0,0,0
2022-03-22,USDC,0.9998199939727784,1.00026798248291,0.9994770288467408,0.9999039769172668,0.9991769790649414,1.000378966331482,0.9999529719352722,0.0008230209350585938,0.0003789663314819336,0.0008230209350585938,0,0,0,0,0,0,0
2022-03-23,USDC,0.9998900294303894,1.000378966331482,0.9991769790649414,0.9999529719352722,0.9990730285644532,1.000378966331482,0.9997050166130066,0.000926971435546764,0.0003789663314819336,0.000926971435546764,0,0,0,0,0,0,0
2022-03-24,USDC,0.9999769926071168,1.000378966331482,0.9990730285644532,0.9997050166130066,0.998782992362976,1.000249028205872,0.9991530179977416,0.0012170076370240368,0.0002490282058720261,0.0012170076370240368,0,0,0,0,0,0,0
2022-03-25,USDC,0.9997029900550842,1.000249028205872,0.998782992362976,0.9991530179977416,0.9990659952163696,1.000545024871826,0.999891996383667,0.0009340047836303711,0.0005450248718259498,0.0009340047836303711,0,0,0,0,0,0,0
2022-03-26,USDC,0.9992030262947084,1.000545024871826,0.9990659952163696,0.999891996383667,0.9994950294494628,1.000434994697571,1.000038981437683,0.0005049705505372204,0.0004349946975710228,0.0005049705505372204,0,0,0,0,0,0,0
2022-03-27,USDC,0.9999200105667114,1.000434994697571,0.9994950294494628,1.000038981437683,0.999230980873108,1.000511050224304,1.000126004219055,0.0007690191268919788,0.0005110502243039772,0.0007690191268919788,0,0,0,0,0,0,0
2022-03-28,USDC,1.000044941902161,1.000511050224304,0.999230980873108,1.000126004219055,0.9993450045585632,1.000331997871399,0.9999960064888,0.0006549954414367676,0.0003319978713989258,0.0006549954414367676,0,0,0,0,0,0,0
2022-03-29,USDC,1.000064015388489,1.000331997871399,0.9993450045585632,0.9999960064888,0.9991649985313416,1.000478029251099,0.999431014060974,0.0008350014686584473,0.0004780292510990769,0.0008350014686584473,0,0,0,0,0,0,0
2022-03-30,USDC,0.9999960064888,1.000478029251099,0.9991649985313416,0.999431014060974,0.9989410042762756,1.000293970108032,0.999446988105774,0.0010589957237243652,0.0002939701080320045,0.0010589957237243652,0,0,0,0,0,0,0
2022-03-31,USDC,0.9994480013847352,1.000293970108032,0.9989410042762756,0.999446988105774,0.999023973941803,1.000417947769165,0.9999939799308776,0.0009760260581970215,0.00041794776916503906,0.0009760260581970215,0,0,0,0,0,0,0
2022-04-01,USDC,0.9995160102844238,1.000417947769165,0.999023973941803,0.9999939799308776,0.9990649819374084,1.000308990478516,0.999343991279602,0.0009350180625915527,0.0003089904785160691,0.0009350180625915527,0,0,0,0,0,0,0
2022-04-02,USDC,1.000007033348083,1.000308990478516,0.9990649819374084,0.999343991279602,0.9985049962997437,1.00043797492981,1.000094056129456,0.0014950037002563477,0.0004379749298100144,0.0014950037002563477,0,0,0,0,0,0,0
2022-04-03,USDC,0.9993039965629578,1.00043797492981,0.9985049962997437,1.000094056129456,0.9989100098609924,1.000316023826599,1.00012195110321,0.0010899901390075684,0.00031602382659889905,0.0010899901390075684,0,0,0,0,0,0,0
2022-04-04,USDC,1.000087976455688,1.000316023826599,0.9989100098609924,1.00012195110321,0.9990339875221252,1.000360012054443,0.9996960163116456,0.0009660124778747559,0.0003600120544429153,0.0009660124778747559,0,0,0,0,0,0,0
2022-04-05,USDC,1.0001380443573,1.000360012054443,0.9990339875221252,0.9996960163116456,0.9986230134963988,1.000602006912231,0.999584972858429,0.0013769865036011852,0.0006020069122310012,0.0013769865036011852,0,0,0,0,0,0,0
2022-04-06,USDC,0.99965900182724,1.000602006912231,0.9986230134963988,0.999584972858429,0.9990659952163696,1.001111030578613,1.000036954879761,0.0009340047836303711,0.0011110305786130592,0.0011110305786130592,0,0,0,0,0,0,0
2022-04-07,USDC,0.9996119737625122,1.001111030578613,0.9990659952163696,1.000036954879761,0.9973160028457642,1.001014947891235,0.9997410178184508,0.00268399715423584,0.0010149478912349075,0.00268399715423584,0,0,0,0,0,0,0
2022-04-08,USDC,1.000110030174255,1.001014947891235,0.9973160028457642,0.9997410178184508,0.9990670084953308,1.000532984733582,1.000084042549133,0.0009329915046691895,0.0005329847335819871,0.0009329915046691895,0,0,0,0,0,0,0
2022-04-09,USDC,0.999746024608612,1.000532984733582,0.9990670084953308,1.000084042549133,0.9991440176963806,1.000502943992615,0.9996259808540344,0.0008559823036193848,0.0005029439926149681,0.0008559823036193848,0,0,0,0,0,0,0
2022-04-10,USDC,1.000084042549133,1.000502943992615,0.9991440176963806,0.9996259808540344,0.9990090131759644,1.000303983688354,0.9997320175170898,0.0009909868240356445,0.0003039836883540481,0.0009909868240356445,0,0,0,0,0,0,0
2022-04-11,USDC,0.9996960163116456,1.000303983688354,0.9990090131759644,0.9997320175170898,0.9992319941520692,1.000623941421509,0.9998649954795836,0.0007680058479307972,0.0006239414215090111,0.0007680058479307972,0,0,0,0,0,0,0
2022-04-12,USDC,0.999813973903656,1.000623941421509,0.9992319941520692,0.9998649954795836,0.9991530179977416,1.00039005279541,0.9997450113296508,0.0008469820022584118,0.0003900527954099342,0.0008469820022584118,0,0,0,0,0,0,0
2022-04-13,USDC,0.9998289942741394,1.00039005279541,0.9991530179977416,0.9997450113296508,0.999081015586853,1.000332951545715,0.9998390078544616,0.0009189844131469727,0.00033295154571511,0.0009189844131469727,0,0,0,0,0,0,0
2022-04-14,USDC,0.9997249841690063,1.000332951545715,0.999081015586853,0.9998390078544616,0.9993860125541688,1.000561952590942,0.9997529983520508,0.0006139874458311878,0.0005619525909419387,0.0006139874458311878,0,0,0,0,0,0,0
2022-04-15,USDC,0.9998310208320618,1.000561952590942,0.9993860125541688,0.9997529983520508,0.9992700219154358,1.000432014465332,1.000226020812988,0.000729978084564209,0.00043201446533203125,0.000729978084564209,0,0,0,0,0,0,0
2022-04-16,USDC,0.9997339844703674,1.000432014465332,0.9992700219154358,1.000226020812988,0.9989050030708312,1.00032103061676,0.9992589950561525,0.0010949969291688122,0.00032103061676003186,0.0010949969291688122,0,0,0,0,0,0,0
2022-04-17,USDC,1.000201940536499,1.00032103061676,0.9989050030708312,0.9992589950561525,0.9988290071487428,1.000550031661987,0.9998729825019836,0.0011709928512572132,0.0005500316619870826,0.0011709928512572132,0,0,0,0,0,0,0
2022-04-18,USDC,0.9992730021476746,1.000550031661987,0.9988290071487428,0.9998729825019836,0.9993199706077576,1.00060498714447,0.999897003173828,0.0006800293922424316,0.0006049871444699928,0.0006800293922424316,0,0,0,0,0,0,0
2022-04-19,USDC,0.999882996082306,1.00060498714447,0.9993199706077576,0.999897003173828,0.9993129968643188,1.000633001327515,0.9998469948768616,0.0006870031356811523,0.0006330013275150925,0.0006870031356811523,0,0,0,0,0,0,0
2022-04-20,USDC,0.9999079704284668,1.000633001327515,0.9993129968643188,0.9998469948768616,0.999439001083374,1.001759052276611,1.000282049179077,0.0005609989166259766,0.001759052276611106,0.001759052276611106,0,0,0,0,0,0,0
2022-04-21,USDC,0.9998390078544616,1.001759052276611,0.999439001083374,1.000282049179077,0.9994630217552184,1.000676989555359,1.00019896030426,0.0005369782447816052,0.0006769895553591088,0.0006769895553591088,0,0,0,0,0,0,0
2022-04-22,USDC,1.000247001647949,1.000676989555359,0.9994630217552184,1.00019896030426,0.9994950294494628,1.000627994537354,1.000004053115845,0.0005049705505372204,0.0006279945373539597,0.0006279945373539597,0,0,0,0,0,0,0
2022-04-23,USDC,1.000236988067627,1.000627994537354,0.9994950294494628,1.000004053115845,0.9994779825210572,1.001844048500061,0.9999629855155944,0.0005220174789427601,0.0018440485000610352,0.0018440485000610352,0,0,0,0,0,0,0
2022-04-24,USDC,0.9997910261154176,1.001844048500061,0.9994779825210572,0.9999629855155944,0.9994000196456908,1.002027988433838,1.000218033790588,0.000599980354309193,0.0020279884338378906,0.0020279884338378906,0,0,0,0,0,0,0
2022-04-25,USDC,0.9999600052833556,1.002027988433838,0.9994000196456908,1.000218033790588,0.9993630051612854,1.001826047897339,1.000126957893372,0.0006369948387145996,0.0018260478973390892,0.0018260478973390892,0,0,0,0,0,0,0
2022-04-26,USDC,1.000192046165466,1.001826047897339,0.9993630051612854,1.000126957893372,0.9995350241661072,1.000838994979858,1.00032103061676,0.00046497583389282227,0.0008389949798579543,0.0008389949798579543,0,0,0,0,0,0,0
2022-04-27,USDC,1.000128984451294,1.000838994979858,0.9995350241661072,1.00032103061676,0.9995070099830629,1.000504970550537,1.000028967857361,0.0004929900169371448,0.0005049705505371094,0.0005049705505371094,0,0,0,0,0,0,0
2022-04-28,USDC,1.000309944152832,1.000504970550537,0.9995070099830629,1.000028967857361,0.999541997909546,1.000416994094849,1.000023007392883,0.00045800209045399054,0.0004169940948490769,0.00045800209045399054,0,0,0,0,0,0,0
2022-04-29,USDC,1.000007033348083,1.000416994094849,0.999541997909546,1.000023007392883,0.9992799758911132,1.000494956970215,1.000295042991638,0.0007200241088868298,0.0004949569702150658,0.0007200241088868298,0,0,0,0,0,0,0
2022-04-30,USDC,1.0000079870224,1.000494956970215,0.9992799758911132,1.000295042991638,0.9994869828224182,1.000849962234497,1.000380992889404,0.0005130171775817871,0.0008499622344970703,0.0008499622344970703,0,0,0,0,0,0,0
2022-05-01,USDC,1.000278949737549,1.000849962234497,0.9994869828224182,1.000380992889404,0.9994999766349792,1.000563979148865,1.000059962272644,0.000500023365020752,0.0005639791488649681,0.0005639791488649681,0,0,0,0,0,0,0
2022-05-02,USDC,1.00036096572876,1.000563979148865,0.9994999766349792,1.000059962272644,0.9994760155677797,1.000380992889404,1.000118970870972,0.000523984432220348,0.00038099288940407483,0.000523984432220348,0,0,0,0,0,0,0
2022-05-03,USDC,1.000056028366089,1.000380992889404,0.9994760155677797,1.000118970870972,0.9996190071105956,1.000648021697998,1.00007700920105,0.0003809928894044079,0.0006480216979980469,0.0006480216979980469,0,0,0,0,0,0,0
2022-05-04,USDC,1.000118017196655,1.000648021697998,0.9996190071105956,1.00007700920105,0.9993810057640076,1.00060498714447,0.9999579787254332,0.0006189942359924316,0.0006049871444699928,0.0006189942359924316,0,0,0,0,0,0,0
2022-05-05,USDC,1.000066041946411,1.00060498714447,0.9993810057640076,0.9999579787254332,0.9995229840278624,1.000607967376709,1.000072002410889,0.0004770159721375622,0.0006079673767089844,0.0006079673767089844,0,0,0,0,0,0,0
2022-05-06,USDC,0.9999470114707948,1.000607967376709,0.9995229840278624,1.000072002410889,0.9996169805526732,1.000427007675171,0.9999060034751892,0.0003830194473267712,0.00042700767517089844,0.00042700767517089844,0,0,0,0,0,0,0
2022-05-07,USDC,1.000064969062805,1.000427007675171,0.9996169805526732,0.9999060034751892,0.9995480179786682,1.000630974769592,1.000087022781372,0.0004519820213317871,0.0006309747695920631,0.0006309747695920631,0,0,0,0,0,0,0
2022-05-08,USDC,0.9999179840087892,1.000630974769592,0.9995480179786682,1.000087022781372,0.9993759989738464,1.00068199634552,0.9995949864387512,0.0006240010261535645,0.0006819963455200195,0.0006819963455200195,0,0,0,0,0,0,0
2022-05-09,USDC,0.9999939799308776,1.00068199634552,0.9993759989738464,0.9995949864387512,0.9992780089378356,1.000684976577759,0.9998279809951782,0.0007219910621644177,0.0006849765777590111,0.0007219910621644177,0,0,0,0,0,0,0
2022-05-10,USDC,0.999575972557068,1.000684976577759,0.9992780089378356,0.9998279809951782,0.99925297498703,1.001350045204163,1.000766038894653,0.0007470250129699707,0.0013500452041630417,0.0013500452041630417,0,0,0,0,0,0,0
2022-05-11,USDC,0.9997850060462952,1.001350045204163,0.99925297498703,1.000766038894653,0.9995309710502625,1.011433959007263,1.000658988952637,0.00046902894973754883,0.011433959007262962,0.011433959007262962,0,0,1,0,0,0,0
2022-05-12,USDC,1.000777006149292,1.011433959007263,0.9995309710502625,1.000658988952637,0.999637007713318,1.001901030540466,1.000347018241882,0.0003629922866820179,0.0019010305404660865,0.0019010305404660865,0,0,0,0,0,0,0
2022-05-13,USDC,1.000601053237915,1.001901030540466,0.999637007713318,1.000347018241882,0.9996950030326844,1.000977039337158,1.000380992889404,0.0003049969673155628,0.000977039337157981,0.000977039337157981,0,0,0,0,0,0,0
2022-05-14,USDC,1.000417947769165,1.000977039337158,0.9996950030326844,1.000380992889404,0.9998630285263062,1.001026034355164,1.00018298625946,0.00013697147369384766,0.0010260343551640183,0.0010260343551640183,0,0,0,0,0,0,0
2022-05-15,USDC,1.000367999076843,1.001026034355164,0.9998630285263062,1.00018298625946,0.9997400045394896,1.000815987586975,1.000581026077271,0.00025999546051036493,0.0008159875869750977,0.0008159875869750977,0,0,0,0,0,0,0
2022-05-16,USDC,1.000195026397705,1.000815987586975,0.9997400045394896,1.000581026077271,0.9999399781227112,1.001044988632202,1.000218987464905,6.002187728881836e-05,0.0010449886322019264,0.0010449886322019264,0,0,0,0,0,0,0
2022-05-17,USDC,1.000622987747192,1.001044988632202,0.9999399781227112,1.000218987464905,0.999770998954773,1.000798940658569,0.999770998954773,0.00022900104522705078,0.0007989406585688918,0.0007989406585688918,0,0,0,0,0,0,0
2022-05-18,USDC,1.000218987464905,1.000798940658569,0.999770998954773,0.999770998954773,0.999809980392456,1.000821948051453,1.000269055366516,0.0001900196075439453,0.0008219480514530808,0.0008219480514530808,0,0,0,0,0,0,0
2022-05-19,USDC,0.999809980392456,1.000821948051453,0.999809980392456,1.000269055366516,0.9997869729995728,1.000887036323547,0.9999070167541504,0.0002130270004272461,0.0008870363235469192,0.0008870363235469192,0,0,0,0,0,0,0
2022-05-20,USDC,1.000277996063232,1.000887036323547,0.9997869729995728,0.9999070167541504,0.9998660087585448,1.000862002372742,1.000265955924988,0.00013399124145518915,0.0008620023727419213,0.0008620023727419213,0,0,0,0,0,0,0
2022-05-21,USDC,0.9999439716339112,1.000862002372742,0.9998660087585448,1.000265955924988,0.9999369978904724,1.000833988189697,1.000092029571533,6.300210952758789e-05,0.0008339881896970436,0.0008339881896970436,0,0,0,0,0,0,0
2022-05-22,USDC,1.000254988670349,1.000833988189697,0.9999369978904724,1.000092029571533,0.99972802400589,1.000905990600586,1.000141024589539,0.0002719759941099964,0.0009059906005859375,0.0009059906005859375,0,0,0,0,0,0,0
2022-05-23,USDC,1.000115036964417,1.000905990600586,0.99972802400589,1.000141024589539,0.9997379779815674,1.000906944274902,1.000179052352905,0.0002620220184326172,0.0009069442749018997,0.0009069442749018997,0,0,0,0,0,0,0
2022-05-24,USDC,1.000149011611938,1.000906944274902,0.9997379779815674,1.000179052352905,0.9997779726982116,1.001006960868835,0.9998210072517396,0.0002220273017884411,0.0010069608688350051,0.0010069608688350051,0,0,0,0,0,0,0
2022-05-25,USDC,1.000177025794983,1.001006960868835,0.9997779726982116,0.9998210072517396,0.9997400045394896,1.001171946525574,0.9999300241470336,0.00025999546051036493,0.0011719465255739525,0.0011719465255739525,0,0,0,0,0,0,0
2022-05-26,USDC,0.9998379945755004,1.001171946525574,0.9997400045394896,0.9999300241470336,0.9997050166130066,1.001227974891663,1.000403046607971,0.0002949833869934082,0.0012279748916630417,0.0012279748916630417,0,0,0,0,0,0,0
2022-05-27,USDC,0.9999639987945556,1.001227974891663,0.9997050166130066,1.000403046607971,0.9998379945755004,1.000846982002258,1.000149965286255,0.00016200542449962274,0.0008469820022580787,0.0008469820022580787,0,0,0,0,0,0,0
2022-05-28,USDC,1.000251054763794,1.000846982002258,0.9998379945755004,1.000149965286255,0.9998279809951782,1.000826001167297,1.000586032867432,0.00017201900482177734,0.0008260011672969192,0.0008260011672969192,0,0,0,0,0,0,0
2022-05-29,USDC,1.000149011611938,1.000826001167297,0.9998279809951782,1.000586032867432,0.9995819926261902,1.000870943069458,1.000098943710327,0.00041800737380981445,0.0008709430694580078,0.0008709430694580078,0,0,0,0,0,0,0
2022-05-30,USDC,1.000568032264709,1.000870943069458,0.9995819926261902,1.000098943710327,0.9997739791870116,1.000776052474976,1.000210046768188,0.00022602081298839227,0.00077605247497603,0.00077605247497603,0,0,0,0,0,0,0
2022-05-31,USDC,1.000079989433289,1.000776052474976,0.9997739791870116,1.000210046768188,0.9997119903564452,1.000717997550964,1.0001300573349,0.0002880096435547985,0.0007179975509639114,0.0007179975509639114,0,0,0,0,0,0,0
2022-06-01,USDC,1.000216007232666,1.000717997550964,0.9997119903564452,1.0001300573349,0.9998239874839784,1.000808000564575,1.000223994255066,0.0001760125160216175,0.0008080005645749733,0.0008080005645749733,0,0,0,0,0,0,0
2022-06-02,USDC,1.000139951705933,1.000808000564575,0.9998239874839784,1.000223994255066,0.9997649788856506,1.000761032104492,1.000143051147461,0.00023502111434936523,0.0007610321044919655,0.0007610321044919655,0,0,0,0,0,0,0
2022-06-03,USDC,1.000272035598755,1.000761032104492,0.9997649788856506,1.000143051147461,0.9998279809951782,1.000725984573364,1.000242948532104,0.00017201900482177734,0.0007259845733640358,0.0007259845733640358,0,0,0,0,0,0,0
2022-06-04,USDC,1.000174999237061,1.000725984573364,0.9998279809951782,1.000242948532104,0.9998819828033448,1.000959992408752,1.000144004821777,0.00011801719665516242,0.0009599924087519973,0.0009599924087519973,0,0,0,0,0,0,0
2022-06-05,USDC,1.000205039978027,1.000959992408752,0.9998819828033448,1.000144004821777,0.9996640086174012,1.000833988189697,1.000082015991211,0.00033599138259876593,0.0008339881896970436,0.0008339881896970436,0,0,0,0,0,0,0
2022-06-06,USDC,1.000139951705933,1.000833988189697,0.9996640086174012,1.000082015991211,0.9997419714927672,1.000846982002258,1.000102996826172,0.00025802850723277704,0.0008469820022580787,0.0008469820022580787,0,0,0,0,0,0,0
2022-06-07,USDC,1.000089049339294,1.000846982002258,0.9997419714927672,1.000102996826172,0.9997940063476562,1.000830054283142,1.000218033790588,0.00020599365234375,0.0008300542831420898,0.0008300542831420898,0,0,0,0,0,0,0
2022-06-08,USDC,1.000043988227844,1.000830054283142,0.9997940063476562,1.000218033790588,0.9997469782829284,1.000632047653198,1.00024402141571,0.0002530217170716442,0.0006320476531980201,0.0006320476531980201,0,0,0,0,0,0,0
2022-06-09,USDC,1.000211954116821,1.000632047653198,0.9997469782829284,1.00024402141571,0.9996979832649232,1.000476956367493,1.000062942504883,0.0003020167350767933,0.0004769563674928978,0.0004769563674928978,0,0,0,0,0,0,0
2022-06-10,USDC,1.000208020210266,1.000476956367493,0.9996979832649232,1.000062942504883,0.9997379779815674,1.00108802318573,1.000090003013611,0.0002620220184326172,0.0010880231857299805,0.0010880231857299805,0,0,0,0,0,0,0
2022-06-11,USDC,1.000087976455688,1.00108802318573,0.9997379779815674,1.000090003013611,0.9995269775390624,1.000915050506592,1.000048995018005,0.000473022460937611,0.0009150505065920189,0.0009150505065920189,0,0,0,0,0,0,0
2022-06-12,USDC,1.000195026397705,1.000915050506592,0.9995269775390624,1.000048995018005,0.9995009899139404,1.001116991043091,1.000434041023254,0.0004990100860595703,0.0011169910430910424,0.0011169910430910424,0,0,0,0,0,0,0
2022-06-13,USDC,0.999974012374878,1.001116991043091,0.9995009899139404,1.000434041023254,0.9995920062065125,1.00122594833374,1.000728011131287,0.00040799379348754883,0.0012259483337400123,0.0012259483337400123,0,0,0,0,0,0,0
2022-06-14,USDC,1.000502943992615,1.00122594833374,0.9995920062065125,1.000728011131287,0.9997770190238952,1.00134003162384,1.000704050064087,0.00022298097610484735,0.00134003162384011,0.00134003162384011,0,0,0,0,0,0,0
2022-06-15,USDC,1.000643014907837,1.00134003162384,0.9997770190238952,1.000704050064087,0.9997889995574952,1.000908970832825,1.000367999076843,0.0002110004425047718,0.0009089708328249291,0.0009089708328249291,0,0,0,0,0,0,0
2022-06-16,USDC,1.000710964202881,1.000908970832825,0.9997889995574952,1.000367999076843,0.999921977519989,1.001063942909241,1.000208020210266,7.802248001098633e-05,0.0010639429092409447,0.0010639429092409447,0,0,0,0,0,0,0
2022-06-17,USDC,1.000448942184448,1.001063942909241,0.999921977519989,1.000208020210266,0.9995869994163512,1.001324057579041,1.000314950942993,0.00041300058364879266,0.0013240575790409714,0.0013240575790409714,0,0,0,0,0,0,0
2022-06-18,USDC,1.000151038169861,1.001324057579041,0.9995869994163512,1.000314950942993,0.9998959898948668,1.00109601020813,1.000404000282288,0.00010401010513316766,0.0010960102081301049,0.0010960102081301049,0,0,0,0,0,0,0
2022-06-19,USDC,1.000257968902588,1.00109601020813,0.9998959898948668,1.000404000282288,0.9998440146446228,1.000982999801636,1.000151991844177,0.00015598535537719727,0.0009829998016359642,0.0009829998016359642,0,0,0,0,0,0,0
2022-06-20,USDC,1.000409007072449,1.000982999801636,0.9998440146446228,1.000151991844177,0.9998390078544616,1.001109004020691,0.9999430179595948,0.0001609921455384411,0.001109004020690918,0.001109004020690918,0,0,0,0,0,0,0
2022-06-21,USDC,1.000180006027222,1.001109004020691,0.9998390078544616,0.9999430179595948,0.9996280074119568,1.000790953636169,1.000108003616333,0.0003719925880432129,0.0007909536361689895,0.0007909536361689895,0,0,0,0,0,0,0
2022-06-22,USDC,0.9999639987945556,1.000790953636169,0.9996280074119568,1.000108003616333,0.9998189806938172,1.000779032707214,1.000538945198059,0.0001810193061827503,0.0007790327072139114,0.0007790327072139114,0,0,0,0,0,0,0
2022-06-23,USDC,1.00009298324585,1.000779032707214,0.9998189806938172,1.000538945198059,0.9998070001602172,1.000620007514954,0.9998639822006226,0.00019299983978282587,0.0006200075149540574,0.0006200075149540574,0,0,0,0,0,0,0
2022-06-24,USDC,1.00056004524231,1.000620007514954,0.9998070001602172,0.9998639822006226,0.9996619820594788,1.000659942626953,1.000103950500488,0.00033801794052124023,0.000659942626952903,0.000659942626952903,0,0,0,0,0,0,0
2022-06-25,USDC,0.9999200105667114,1.000659942626953,0.9996619820594788,1.000103950500488,0.9998120069503784,1.000735998153687,0.9998130202293396,0.00018799304962158203,0.0007359981536869675,0.0007359981536869675,0,0,0,0,0,0,0
2022-06-26,USDC,1.000082969665527,1.000735998153687,0.9998120069503784,0.9998130202293396,0.9997730255126952,1.000637054443359,1.000166058540344,0.00022697448730479852,0.0006370544433589309,0.0006370544433589309,0,0,0,0,0,0,0
2022-06-27,USDC,1.000008940696716,1.000637054443359,0.9997730255126952,1.000166058540344,0.9998149871826172,1.000687003135681,1.000139951705933,0.0001850128173828125,0.0006870031356809303,0.0006870031356809303,0,0,0,0,0,0,0
2022-06-28,USDC,1.000123023986816,1.000687003135681,0.9998149871826172,1.000139951705933,0.9998369812965392,1.00068199634552,1.000365018844604,0.00016301870346080438,0.0006819963455200195,0.0006819963455200195,0,0,0,0,0,0,0
2022-06-29,USDC,1.000120997428894,1.00068199634552,0.9998369812965392,1.000365018844604,0.9997439980506896,1.000792980194092,0.9999139904975892,0.00025600194931041376,0.0007929801940920189,0.0007929801940920189,0,0,0,0,0,0,0
2022-06-30,USDC,1.000393033027649,1.000792980194092,0.9997439980506896,0.9999139904975892,0.9998120069503784,1.000658988952637,1.000177025794983,0.00018799304962158203,0.0006589889526369408,0.0006589889526369408,0,0,0,0,0,0,0
2022-07-01,USDC,1.000090003013611,1.000658988952637,0.9998120069503784,1.000177025794983,0.9996780157089232,1.000676989555359,0.9999709725379944,0.0003219842910767712,0.0006769895553591088,0.0006769895553591088,0,0,0,0,0,0,0
2022-07-02,USDC,1.000216007232666,1.000676989555359,0.9996780157089232,0.9999709725379944,0.9997730255126952,1.000655055046082,1.000372052192688,0.00022697448730479852,0.0006550550460819871,0.0006550550460819871,0,0,0,0,0,0,0
2022-07-03,USDC,0.9999600052833556,1.000655055046082,0.9997730255126952,1.000372052192688,0.9998120069503784,1.000730037689209,1.000306010246277,0.00018799304962158203,0.0007300376892089844,0.0007300376892089844,0,0,0,0,0,0,0
2022-07-04,USDC,1.000357031822205,1.000730037689209,0.9998120069503784,1.000306010246277,0.9998090267181396,1.000581979751587,1.00005304813385,0.00019097328186035156,0.0005819797515869141,0.0005819797515869141,0,0,0,0,0,0,0
2022-07-05,USDC,1.000336050987244,1.000581979751587,0.9998090267181396,1.00005304813385,0.9997349977493286,1.000781059265137,0.999879002571106,0.0002650022506713867,0.0007810592651369408,0.0007810592651369408,0,0,0,0,0,0,0
2022-07-06,USDC,1.000112056732178,1.000781059265137,0.9997349977493286,0.999879002571106,0.9997590184211732,1.000619053840637,1.000092029571533,0.00024098157882679327,0.000619053840636985,0.000619053840636985,0,0,0,0,0,0,0
2022-07-07,USDC,0.9998930096626282,1.000619053840637,0.9997590184211732,1.000092029571533,0.9996349811553956,1.000710964202881,0.9997779726982116,0.00036501884460438117,0.0007109642028810814,0.0007109642028810814,0,0,0,0,0,0,0
2022-07-08,USDC,1.000105023384094,1.000710964202881,0.9996349811553956,0.9997779726982116,0.9998120069503784,1.000524997711182,1.000046014785767,0.00018799304962158203,0.0005249977111820847,0.0005249977111820847,0,0,0,0,0,0,0
2022-07-09,USDC,0.9999150037765504,1.000524997711182,0.9998120069503784,1.000046014785767,0.999701976776123,1.000386953353882,1.000028967857361,0.0002980232238769531,0.000386953353882058,0.000386953353882058,0,0,0,0,0,0,0
2022-07-10,USDC,1.000059962272644,1.000386953353882,0.999701976776123,1.000028967857361,0.9997259974479676,1.000651955604553,1.000169038772583,0.0002740025520323597,0.0006519556045530006,0.0006519556045530006,0,0,0,0,0,0,0
2022-07-11,USDC,1.000046014785767,1.000651955604553,0.9997259974479676,1.000169038772583,0.9996860027313232,1.000573992729187,0.999853014945984,0.0003139972686767578,0.0005739927291870117,0.0005739927291870117,0,0,0,0,0,0,0
2022-07-12,USDC,1.000170946121216,1.000573992729187,0.9996860027313232,0.999853014945984,0.9995350241661072,1.000787973403931,1.000046968460083,0.00046497583389282227,0.0007879734039311082,0.0007879734039311082,0,0,0,0,0,0,0
2022-07-13,USDC,0.9999099969863892,1.000787973403931,0.9995350241661072,1.000046968460083,0.9997079968452454,1.00047504901886,0.9999970197677612,0.00029200315475463867,0.0004750490188600853,0.0004750490188600853,0,0,0,0,0,0,0
2022-07-14,USDC,1.000164031982422,1.00047504901886,0.9997079968452454,0.9999970197677612,0.9995999932289124,1.000465035438538,0.9999629855155944,0.0004000067710876465,0.00046503543853804175,0.00046503543853804175,0,0,0,0,0,0,0
2022-07-15,USDC,1.000008940696716,1.000465035438538,0.9995999932289124,0.9999629855155944,0.9995890259742736,1.00086498260498,1.000151038169861,0.0004109740257264294,0.0008649826049800247,0.0008649826049800247,0,0,0,0,0,0,0
2022-07-16,USDC,0.9999459981918336,1.00086498260498,0.9995890259742736,1.000151038169861,0.9994519948959352,1.000440001487732,1.000249028205872,0.0005480051040648304,0.0004400014877319336,0.0005480051040648304,0,0,0,0,0,0,0
2022-07-17,USDC,1.000172019004822,1.000440001487732,0.9994519948959352,1.000249028205872,0.9995189905166626,1.000769972801208,1.000077962875366,0.00048100948333740234,0.000769972801208052,0.000769972801208052,0,0,0,0,0,0,0
2022-07-18,USDC,1.000241994857788,1.000769972801208,0.9995189905166626,1.000077962875366,0.9993540048599244,1.000501036643982,0.9998930096626282,0.0006459951400755726,0.0005010366439819336,0.0006459951400755726,0,0,0,0,0,0,0
2022-07-19,USDC,0.9998720288276672,1.000501036643982,0.9993540048599244,0.9998930096626282,0.9994500279426576,1.000578999519348,0.999912977218628,0.0005499720573424183,0.0005789995193479225,0.0005789995193479225,0,0,0,0,0,0,0
2022-07-20,USDC,0.9998729825019836,1.000578999519348,0.9994500279426576,0.999912977218628,0.9994580149650574,1.000548958778381,1.000082015991211,0.000541985034942627,0.0005489587783809036,0.0005489587783809036,0,0,0,0,0,0,0
2022-07-21,USDC,0.999886989593506,1.000548958778381,0.9994580149650574,1.000082015991211,0.999219000339508,1.000447034835815,1.000017046928406,0.0007809996604920544,0.0004470348358149856,0.0007809996604920544,0,0,0,0,0,0,0
2022-07-22,USDC,1.000079035758972,1.000447034835815,0.999219000339508,1.000017046928406,0.9994969964027404,1.000408053398132,1.000013947486877,0.0005030035972596325,0.0004080533981321022,0.0005030035972596325,0,0,0,0,0,0,0
2022-07-23,USDC,0.9999520182609558,1.000408053398132,0.9994969964027404,1.000013947486877,0.9995980262756348,1.00047504901886,1.000084042549133,0.0004019737243652344,0.0004750490188600853,0.0004750490188600853,0,0,0,0,0,0,0
2022-07-24,USDC,1.000007033348083,1.00047504901886,0.9995980262756348,1.000084042549133,0.9993630051612854,1.000484943389893,0.9997419714927672,0.0006369948387145996,0.0004849433898930222,0.0006369948387145996,0,0,0,0,0,0,0
2022-07-25,USDC,1.000064015388489,1.000484943389893,0.9993630051612854,0.9997419714927672,0.999584972858429,1.000669002532959,1.000141978263855,0.0004150271415710449,0.0006690025329589844,0.0006690025329589844,0,0,0,0,0,0,0
2022-07-26,USDC,0.9997770190238952,1.000669002532959,0.999584972858429,1.000141978263855,0.9996349811553956,1.000694990158081,1.000115036964417,0.00036501884460438117,0.0006949901580810547,0.0006949901580810547,0,0,0,0,0,0,0
2022-07-27,USDC,1.000161051750183,1.000694990158081,0.9996349811553956,1.000115036964417,0.9994189739227296,1.000491976737976,1.000022053718567,0.0005810260772703968,0.0004919767379760742,0.0005810260772703968,0,0,0,0,0,0,0
2022-07-28,USDC,1.000141024589539,1.000491976737976,0.9994189739227296,1.000022053718567,0.999210000038147,1.000506043434143,0.9996780157089232,0.0007899999618530273,0.0005060434341430664,0.0007899999618530273,0,0,0,0,0,0,0
2022-07-29,USDC,1.0000239610672,1.000506043434143,0.999210000038147,0.9996780157089232,0.9993759989738464,1.000419020652771,0.9998660087585448,0.0006240010261535645,0.0004190206527709961,0.0006240010261535645,0,0,0,0,0,0,0
2022-07-30,USDC,0.9997199773788452,1.000419020652771,0.9993759989738464,0.9998660087585448,0.9993159770965576,1.000301003456116,0.999796986579895,0.0006840229034423828,0.0003010034561159447,0.0006840229034423828,0,0,0,0,0,0,0
2022-07-31,USDC,0.9997479915618896,1.000301003456116,0.9993159770965576,0.999796986579895,0.9995229840278624,1.000468969345093,0.9998369812965392,0.0004770159721375622,0.0004689693450929955,0.0004770159721375622,0,0,0,0,0,0,0
2022-08-01,USDC,0.999758005142212,1.000468969345093,0.9995229840278624,0.9998369812965392,0.999347984790802,1.000583052635193,0.9999340176582336,0.000652015209197998,0.0005830526351930931,0.000652015209197998,0,0,0,0,0,0,0
2022-08-02,USDC,0.9998559951782228,1.000583052635193,0.999347984790802,0.9999340176582336,0.9995650053024292,1.000512003898621,1.0000319480896,0.0004349946975708008,0.0005120038986210496,0.0005120038986210496,0,0,0,0,0,0,0
2022-08-03,USDC,0.9999669790267944,1.000512003898621,0.9995650053024292,1.0000319480896,0.9996119737625122,1.000686049461365,1.000036001205444,0.00038802623748779297,0.0006860494613649681,0.0006860494613649681,0,0,0,0,0,0,0
2022-08-04,USDC,1.000033974647522,1.000686049461365,0.9996119737625122,1.000036001205444,0.9994239807128906,1.000417947769165,1.000087976455688,0.000576019287109375,0.00041794776916503906,0.000576019287109375,0,0,0,0,0,0,0
2022-08-05,USDC,1.000036954879761,1.000417947769165,0.9994239807128906,1.000087976455688,0.9995660185813904,1.000288009643555,0.999705970287323,0.00043398141860961914,0.00028800964355490954,0.00043398141860961914,0,0,0,0,0,0,0
2022-08-06,USDC,1.000120997428894,1.000288009643555,0.9995660185813904,0.999705970287323,0.9994909763336182,1.000354051589966,0.9999189972877502,0.0005090236663818359,0.00035405158996604236,0.0005090236663818359,0,0,0,0,0,0,0
2022-08-07,USDC,0.9998480081558228,1.000354051589966,0.9994909763336182,0.9999189972877502,0.9994419813156128,1.000453948974609,1.000066041946411,0.000558018684387207,0.0004539489746089309,0.000558018684387207,0,0,0,0,0,0,0
2022-08-08,USDC,0.9999380111694336,1.000453948974609,0.9994419813156128,1.000066041946411,0.999144971370697,1.000298976898193,0.9997979998588562,0.0008550286293029785,0.0002989768981929153,0.0008550286293029785,0,0,0,0,0,0,0
2022-08-09,USDC,1.000079989433289,1.000298976898193,0.999144971370697,0.9997979998588562,0.9995319843292236,1.000326037406921,1.000134944915771,0.0004680156707763672,0.00032603740692094263,0.0004680156707763672,0,0,0,0,0,0,0
2022-08-10,USDC,0.999772012233734,1.000326037406921,0.9995319843292236,1.000134944915771,0.999642014503479,1.000257968902588,0.9999139904975892,0.0003579854965209961,0.0002579689025878906,0.0003579854965209961,0,0,0,0,0,0,0
2022-08-11,USDC,1.000136017799377,1.000257968902588,0.999642014503479,0.9999139904975892,0.99965101480484,1.000278949737549,1.000066995620728,0.00034898519516002313,0.00027894973754905017,0.00034898519516002313,0,0,0,0,0,0,0
2022-08-12,USDC,0.9998840093612672,1.000278949737549,0.99965101480484,1.000066995620728,0.9996709823608398,1.000159978866577,0.9999520182609558,0.00032901763916015625,0.0001599788665769264,0.00032901763916015625,0,0,0,0,0,0,0
2022-08-13,USDC,1.000041007995605,1.000159978866577,0.9996709823608398,0.9999520182609558,0.9995579719543456,1.000170946121216,0.9998480081558228,0.0004420280456544079,0.00017094612121604236,0.0004420280456544079,0,0,0,0,0,0,0
2022-08-14,USDC,0.9999520182609558,1.000170946121216,0.9995579719543456,0.9998480081558228,0.9994590282440186,1.000260949134827,0.9999489784240724,0.0005409717559814453,0.00026094913482710425,0.0005409717559814453,0,0,0,0,0,0,0
2022-08-15,USDC,0.9998819828033448,1.000260949134827,0.9994590282440186,0.9999489784240724,0.9996209740638732,1.000231981277466,1.00006103515625,0.00037902593612682,0.00023198127746604236,0.00037902593612682,0,0,0,0,0,0,0
2022-08-16,USDC,0.9999150037765504,1.000231981277466,0.9996209740638732,1.00006103515625,0.999421000480652,1.000260949134827,0.9999549984931946,0.0005789995193480335,0.00026094913482710425,0.0005789995193480335,0,0,0,0,0,0,0
2022-08-17,USDC,1.000064015388489,1.000260949134827,0.999421000480652,0.9999549984931946,0.999625027179718,1.000192046165466,0.9999070167541504,0.0003749728202819824,0.00019204616546608655,0.0003749728202819824,0,0,0,0,0,0,0
2022-08-18,USDC,0.9999750256538392,1.000192046165466,0.999625027179718,0.9999070167541504,0.9994779825210572,1.000399947166443,1.000028014183044,0.0005220174789427601,0.00039994716644309314,0.0005220174789427601,0,0,0,0,0,0,0
2022-08-19,USDC,0.9999369978904724,1.000399947166443,0.9994779825210572,1.000028014183044,0.999737024307251,1.000460982322693,1.000211000442505,0.00026297569274902344,0.00046098232269309314,0.00046098232269309314,0,0,0,0,0,0,0
2022-08-20,USDC,0.9999539852142334,1.000460982322693,0.999737024307251,1.000211000442505,0.9997590184211732,1.000396966934204,1.000141024589539,0.00024098157882679327,0.00039696693420410156,0.00039696693420410156,0,0,0,0,0,0,0
2022-08-21,USDC,1.000187993049622,1.000396966934204,0.9997590184211732,1.000141024589539,0.9997640252113342,1.000363945960999,1.0001380443573,0.00023597478866577148,0.00036394596099897925,0.00036394596099897925,0,0,0,0,0,0,0
2022-08-22,USDC,1.000113964080811,1.000363945960999,0.9997640252113342,1.0001380443573,0.9997050166130066,1.000395059585571,0.9999819993972778,0.0002949833869934082,0.000395059585571067,0.000395059585571067,0,0,0,0,0,0,0
2022-08-23,USDC,1.000136017799377,1.000395059585571,0.9997050166130066,0.9999819993972778,0.99964702129364,1.000239014625549,0.9998610019683838,0.0003529787063599743,0.00023901462554909436,0.0003529787063599743,0,0,0,0,0,0,0
2022-08-24,USDC,0.9999989867210388,1.000239014625549,0.99964702129364,0.9998610019683838,0.9996709823608398,1.000195026397705,0.9999600052833556,0.00032901763916015625,0.00019502639770507812,0.00032901763916015625,0,0,0,0,0,0,0
2022-08-25,USDC,0.9999210238456726,1.000195026397705,0.9996709823608398,0.9999600052833556,0.9995489716529846,1.000318050384521,0.999974012374878,0.00045102834701538086,0.0003180503845210403,0.00045102834701538086,0,0,0,0,0,0,0
2022-08-26,USDC,0.9999790191650392,1.000318050384521,0.9995489716529846,0.999974012374878,0.9997010231018066,1.000349998474121,1.000008940696716,0.0002989768981933594,0.00034999847412109375,0.00034999847412109375,0,0,0,0,0,0,0
2022-08-27,USDC,0.9999210238456726,1.000349998474121,0.9997010231018066,1.000008940696716,0.9997270107269288,1.000239968299866,1.000030994415283,0.00027298927307117804,0.0002399682998659447,0.00027298927307117804,0,0,0,0,0,0,0
2022-08-28,USDC,1.000013947486877,1.000239968299866,0.9997270107269288,1.000030994415283,0.999800980091095,1.000365972518921,0.9999669790267944,0.0001990199089050293,0.00036597251892089844,0.00036597251892089844,0,0,0,0,0,0,0
2022-08-29,USDC,0.99993497133255,1.000365972518921,0.999800980091095,0.9999669790267944,0.9996870160102844,1.000501990318298,1.000005960464478,0.00031298398971557617,0.0005019903182978958,0.0005019903182978958,0,0,0,0,0,0,0
2022-08-30,USDC,0.9999799728393556,1.000501990318298,0.9996870160102844,1.000005960464478,0.9996820092201232,1.000391006469727,1.000028014183044,0.00031799077987682,0.0003910064697270066,0.0003910064697270066,0,0,0,0,0,0,0
2022-08-31,USDC,0.9999790191650392,1.000391006469727,0.9996820092201232,1.000028014183044,0.9996600151062012,1.000396966934204,0.9999759793281556,0.0003399848937988281,0.00039696693420410156,0.00039696693420410156,0,0,0,0,0,0,0
2022-09-01,USDC,1.000054955482483,1.000396966934204,0.9996600151062012,0.9999759793281556,0.9997320175170898,1.000277996063232,1.00010097026825,0.00026798248291015625,0.0002779960632319778,0.0002779960632319778,0,0,0,0,0,0,0
2022-09-02,USDC,0.999970018863678,1.000277996063232,0.9997320175170898,1.00010097026825,0.9996399879455566,1.000293970108032,1.000126004219055,0.0003600120544433594,0.0002939701080320045,0.0003600120544433594,0,0,0,0,0,0,0
2022-09-03,USDC,1.000133037567139,1.000293970108032,0.9996399879455566,1.000126004219055,0.9997959733009338,1.000254988670349,1.000107049942017,0.0002040266990661621,0.00025498867034889905,0.00025498867034889905,0,0,0,0,0,0,0
2022-09-04,USDC,1.000115990638733,1.000254988670349,0.9997959733009338,1.000107049942017,0.9995920062065125,1.000290036201477,0.9998819828033448,0.00040799379348754883,0.0002900362014770508,0.00040799379348754883,0,0,0,0,0,0,0
2022-09-05,USDC,1.000120997428894,1.000290036201477,0.9995920062065125,0.9998819828033448,0.9994570016860962,1.000318050384521,0.9998779892921448,0.0005429983139038086,0.0003180503845210403,0.0005429983139038086,0,0,0,0,0,0,0
2022-09-06,USDC,0.9998999834060668,1.000318050384521,0.9994570016860962,0.9998779892921448,0.9997100234031676,1.000316023826599,0.9999930262565612,0.0002899765968323864,0.00031602382659889905,0.00031602382659889905,0,0,0,0,0,0,0
2022-09-07,USDC,0.9998049736022948,1.000316023826599,0.9997100234031676,0.9999930262565612,0.9997000098228456,1.000259041786194,0.9999139904975892,0.00029999017715443,0.0002590417861940697,0.00029999017715443,0,0,0,0,0,0,0
2022-09-08,USDC,0.9999669790267944,1.000259041786194,0.9997000098228456,0.9999139904975892,0.999633014202118,1.000219941139221,0.9999449849128724,0.00036698579788196906,0.00021994113922096936,0.00036698579788196906,0,0,0,0,0,0,0
2022-09-09,USDC,0.9999070167541504,1.000219941139221,0.999633014202118,0.9999449849128724,0.9996860027313232,1.000223994255066,0.9998630285263062,0.0003139972686767578,0.00022399425506591797,0.0003139972686767578,0,0,0,0,0,0,0
2022-09-10,USDC,0.9999449849128724,1.000223994255066,0.9996860027313232,0.9998630285263062,0.9996299743652344,1.000252962112427,0.9999510049819946,0.000370025634765625,0.00025296211242697986,0.000370025634765625,0,0,0,0,0,0,0
2022-09-11,USDC,0.9998610019683838,1.000252962112427,0.9996299743652344,0.9999510049819946,0.9995160102844238,1.000200033187866,1.000010967254639,0.0004839897155761719,0.0002000331878659889,0.0004839897155761719,0,0,0,0,0,0,0
2022-09-12,USDC,0.9999600052833556,1.000200033187866,0.9995160102844238,1.000010967254639,0.9993640184402466,1.000224947929382,1.000113964080811,0.000635981559753418,0.00022494792938210217,0.000635981559753418,0,0,0,0,0,0,0
2022-09-13,USDC,1.000022053718567,1.000224947929382,0.9993640184402466,1.000113964080811,0.9997699856758118,1.00026798248291,1.000040054321289,0.00023001432418823242,0.0002679824829099342,0.0002679824829099342,0,0,0,0,0,0,0
2022-09-14,USDC,0.9999650120735168,1.00026798248291,0.9997699856758118,1.000040054321289,0.9997439980506896,1.00042998790741,1.0001620054245,0.00025600194931041376,0.00042998790740989,0.00042998790740989,0,0,0,0,0,0,0
2022-09-15,USDC,1.000038027763367,1.00042998790741,0.9997439980506896,1.0001620054245,0.9997469782829284,1.000336050987244,1.000118017196655,0.0002530217170716442,0.00033605098724409643,0.00033605098724409643,0,0,0,0,0,0,0
2022-09-16,USDC,1.000169992446899,1.000336050987244,0.9997469782829284,1.000118017196655,0.9998559951782228,1.000283002853394,1.0000319480896,0.00014400482177723273,0.0002830028533939988,0.0002830028533939988,0,0,0,0,0,0,0
2022-09-17,USDC,1.00007700920105,1.000283002853394,0.9998559951782228,1.0000319480896,0.99965101480484,1.000239014625549,1.00007700920105,0.00034898519516002313,0.00023901462554909436,0.00034898519516002313,0,0,0,0,0,0,0
2022-09-18,USDC,1.000080943107605,1.000239014625549,0.99965101480484,1.00007700920105,0.9996680021286012,1.000450015068054,0.9998729825019836,0.00033199787139881476,0.0004500150680539772,0.0004500150680539772,0,0,0,0,0,0,0
2022-09-19,USDC,0.9999939799308776,1.000450015068054,0.9996680021286012,0.9998729825019836,0.9995999932289124,1.000308036804199,0.999948024749756,0.0004000067710876465,0.0003080368041989967,0.0004000067710876465,0,0,0,0,0,0,0
2022-09-20,USDC,0.9999020099639891,1.000308036804199,0.9995999932289124,0.999948024749756,0.9993489980697632,1.000692963600159,1.000113010406494,0.0006510019302368164,0.0006929636001589135,0.0006929636001589135,0,0,0,0,0,0,0
2022-09-21,USDC,0.9999150037765504,1.000692963600159,0.9993489980697632,1.000113010406494,0.9996129870414734,1.000488042831421,0.9999200105667114,0.00038701295852661133,0.00048804283142089844,0.00048804283142089844,0,0,0,0,0,0,0
2022-09-22,USDC,1.000133991241455,1.000488042831421,0.9996129870414734,0.9999200105667114,0.9997199773788452,1.000385999679565,0.9999930262565612,0.00028002262115478516,0.0003859996795649856,0.0003859996795649856,0,0,0,0,0,0,0
2022-09-23,USDC,0.9999459981918336,1.000385999679565,0.9997199773788452,0.9999930262565612,0.99964702129364,1.000242948532104,0.9999729990959167,0.0003529787063599743,0.0002429485321040481,0.0003529787063599743,0,0,0,0,0,0,0
2022-09-24,USDC,1.000010013580322,1.000242948532104,0.99964702129364,0.9999729990959167,0.9998170137405396,1.000301003456116,0.9999679923057556,0.00018298625946044922,0.0003010034561159447,0.0003010034561159447,0,0,0,0,0,0,0
2022-09-25,USDC,0.9999679923057556,1.000301003456116,0.9998170137405396,0.9999679923057556,0.9997410178184508,1.000421047210693,1.000164985656738,0.0002589821815491833,0.0004210472106929153,0.0004210472106929153,0,0,0,0,0,0,0
2022-09-26,USDC,1.000048995018005,1.000421047210693,0.9997410178184508,1.000164985656738,0.9997050166130066,1.000411987304688,1.000123023986816,0.0002949833869934082,0.0004119873046879441,0.0004119873046879441,0,0,0,0,0,0,0
2022-09-27,USDC,1.000213980674744,1.000411987304688,0.9997050166130066,1.000123023986816,0.999767005443573,1.000344038009644,1.000010967254639,0.00023299455642700195,0.0003440380096439988,0.0003440380096439988,0,0,0,0,0,0,0
2022-09-28,USDC,1.000054001808167,1.000344038009644,0.999767005443573,1.000010967254639,0.9996520280838012,1.000319004058838,1.000123977661133,0.0003479719161988415,0.0003190040588378906,0.0003479719161988415,0,0,0,0,0,0,0
2022-09-29,USDC,1.000054001808167,1.000319004058838,0.9996520280838012,1.000123977661133,0.999800980091095,1.000395059585571,1.000066041946411,0.0001990199089050293,0.000395059585571067,0.000395059585571067,0,0,0,0,0,0,0
2022-09-30,USDC,0.9999719858169556,1.000395059585571,0.999800980091095,1.000066041946411,0.9997979998588562,1.000170946121216,0.9999840259552002,0.00020200014114379883,0.00017094612121604236,0.00020200014114379883,0,0,0,0,0,0,0
2022-10-01,USDC,1.000041961669922,1.000170946121216,0.9997979998588562,0.9999840259552002,0.9994419813156128,1.000311017036438,0.9999909996986388,0.000558018684387207,0.0003110170364379883,0.000558018684387207,0,0,0,0,0,0,0
2022-10-02,USDC,1.000012993812561,1.000311017036438,0.9994419813156128,0.9999909996986388,0.9998160004615784,1.00021505355835,0.99992698431015,0.00018399953842163086,0.00021505355835005346,0.00021505355835005346,0,0,0,0,0,0,0
2022-10-03,USDC,1.0000319480896,1.00021505355835,0.9998160004615784,0.99992698431015,0.999787986278534,1.000200033187866,0.9999319911003112,0.00021201372146595343,0.0002000331878659889,0.00021201372146595343,0,0,0,0,0,0,0
2022-10-04,USDC,0.9999160170555116,1.000200033187866,0.999787986278534,0.9999319911003112,0.9997100234031676,1.000252962112427,0.9999380111694336,0.0002899765968323864,0.00025296211242697986,0.0002899765968323864,0,0,0,0,0,0,0
2022-10-05,USDC,0.9999430179595948,1.000252962112427,0.9997100234031676,0.9999380111694336,0.9997130036354064,1.000272035598755,0.9999690055847168,0.0002869963645936169,0.00027203559875510486,0.0002869963645936169,0,0,0,0,0,0,0
2022-10-06,USDC,1.000005960464478,1.000272035598755,0.9997130036354064,0.9999690055847168,0.9997310042381288,1.000249981880188,1.000022053718567,0.00026899576187122687,0.0002499818801879883,0.00026899576187122687,0,0,0,0,0,0,0
2022-10-07,USDC,0.9999880194664,1.000249981880188,0.9997310042381288,1.000022053718567,0.9997659921646118,1.000188946723938,1.000146985054016,0.0002340078353881836,0.00018894672393798828,0.0002340078353881836,0,0,0,0,0,0,0
2022-10-08,USDC,0.9999930262565612,1.000188946723938,0.9997659921646118,1.000146985054016,0.9998540282249452,1.000216960906982,0.9999930262565612,0.00014597177505482062,0.00021696090698197779,0.00021696090698197779,0,0,0,0,0,0,0
2022-10-09,USDC,1.000151038169861,1.000216960906982,0.9998540282249452,0.9999930262565612,0.9997379779815674,1.000242948532104,0.9999409914016724,0.0002620220184326172,0.0002429485321040481,0.0002620220184326172,0,0,0,0,0,0,0
2022-10-10,USDC,0.9999809861183168,1.000242948532104,0.9997379779815674,0.9999409914016724,0.9997100234031676,1.000272989273071,1.000025033950806,0.0002899765968323864,0.000272989273071067,0.0002899765968323864,0,0,0,0,0,0,0
2022-10-11,USDC,0.9999340176582336,1.000272989273071,0.9997100234031676,1.000025033950806,0.9998599886894226,1.000254988670349,0.9999619722366332,0.00014001131057739258,0.00025498867034889905,0.00025498867034889905,0,0,0,0,0,0,0
2022-10-12,USDC,1.0000239610672,1.000254988670349,0.9998599886894226,0.9999619722366332,0.9995459914207458,1.000350952148438,1.0000159740448,0.0004540085792541504,0.0003509521484379441,0.0004540085792541504,0,0,0,0,0,0,0
2022-10-13,USDC,0.999970018863678,1.000350952148438,0.9995459914207458,1.0000159740448,0.9997010231018066,1.000324010848999,0.9999949932098388,0.0002989768981933594,0.00032401084899902344,0.00032401084899902344,0,0,0,0,0,0,0
2022-10-14,USDC,1.000008940696716,1.000324010848999,0.9997010231018066,0.9999949932098388,0.9998379945755004,1.000234961509705,0.9999300241470336,0.00016200542449962274,0.00023496150970503393,0.00023496150970503393,0,0,0,0,0,0,0
2022-10-15,USDC,0.9999960064888,1.000234961509705,0.9998379945755004,0.9999300241470336,0.9998319745063782,1.000285983085632,0.9999529719352722,0.00016802549362182617,0.0002859830856321022,0.0002859830856321022,0,0,0,0,0,0,0
2022-10-16,USDC,0.9999060034751892,1.000285983085632,0.9998319745063782,0.9999529719352722,0.9998540282249452,1.000218033790588,0.9999849796295166,0.00014597177505482062,0.00021803379058793482,0.00021803379058793482,0,0,0,0,0,0,0
2022-10-17,USDC,0.9999610185623168,1.000218033790588,0.9998540282249452,0.9999849796295166,0.9998480081558228,1.000301957130432,0.9999979734420776,0.0001519918441772461,0.00030195713043190686,0.00030195713043190686,0,0,0,0,0,0,0
2022-10-18,USDC,0.9999909996986388,1.000301957130432,0.9998480081558228,0.9999979734420776,0.9997609853744508,1.000403046607971,1.000054955482483,0.00023901462554920538,0.00040304660797096936,0.00040304660797096936,0,0,0,0,0,0,0
2022-10-19,USDC,0.9999819993972778,1.000403046607971,0.9997609853744508,1.000054955482483,0.9997509717941284,1.000401973724365,1.0,0.00024902820587158203,0.00040197372436501233,0.00040197372436501233,0,0,0,0,0,0,0
2022-10-20,USDC,1.000038981437683,1.000401973724365,0.9997509717941284,1.0,0.9998390078544616,1.000401973724365,1.000013947486877,0.0001609921455384411,0.00040197372436501233,0.00040197372436501233,0,0,0,0,0,0,0
2022-10-21,USDC,0.9999859929084778,1.000401973724365,0.9998390078544616,1.000013947486877,0.999809980392456,1.00019097328186,1.000028967857361,0.0001900196075439453,0.00019097328185990747,0.00019097328185990747,0,0,0,0,0,0,0
2022-10-22,USDC,1.000018954277039,1.00019097328186,0.999809980392456,1.000028967857361,0.9997820258140564,1.000316023826599,1.000030040740967,0.00021797418594360352,0.00031602382659889905,0.00031602382659889905,0,0,0,0,0,0,0
2022-10-23,USDC,1.000023007392883,1.000316023826599,0.9997820258140564,1.000030040740967,0.999767005443573,1.00025999546051,0.9999799728393556,0.00023299455642700195,0.00025999546051003186,0.00025999546051003186,0,0,0,0,0,0,0
2022-10-24,USDC,1.000079989433289,1.00025999546051,0.999767005443573,0.9999799728393556,0.999705970287323,1.000731945037842,0.999966025352478,0.00029402971267700195,0.0007319450378420189,0.0007319450378420189,0,0,0,0,0,0,0
2022-10-25,USDC,0.9999420046806335,1.000731945037842,0.999705970287323,0.999966025352478,0.9997119903564452,1.000424981117249,1.000026941299438,0.0002880096435547985,0.00042498111724897925,0.00042498111724897925,0,0,0,0,0,0,0
2022-10-26,USDC,0.999925971031189,1.000424981117249,0.9997119903564452,1.000026941299438,0.9997310042381288,1.000260949134827,0.9999690055847168,0.00026899576187122687,0.00026094913482710425,0.00026899576187122687,0,0,0,0,0,0,0
2022-10-27,USDC,1.000022053718567,1.000260949134827,0.9997310042381288,0.9999690055847168,0.9996860027313232,1.000288009643555,0.9999229907989502,0.0003139972686767578,0.00028800964355490954,0.0003139972686767578,0,0,0,0,0,0,0
2022-10-28,USDC,0.9999529719352722,1.000288009643555,0.9996860027313232,0.9999229907989502,0.9996989965438844,1.000426054000854,1.000079035758972,0.00030100345611561163,0.0004260540008540481,0.0004260540008540481,0,0,0,0,0,0,0
2022-10-29,USDC,0.9999179840087892,1.000426054000854,0.9996989965438844,1.000079035758972,0.999776005744934,1.000260949134827,1.000115036964417,0.000223994255066029,0.00026094913482710425,0.00026094913482710425,0,0,0,0,0,0,0
2022-10-30,USDC,1.000051975250244,1.000260949134827,0.999776005744934,1.000115036964417,0.9994519948959352,1.000378966331482,0.9999960064888,0.0005480051040648304,0.0003789663314819336,0.0005480051040648304,0,0,0,0,0,0,0
2022-10-31,USDC,1.000085949897766,1.000378966331482,0.9994519948959352,0.9999960064888,0.9997289776802064,1.000254034996033,1.000043988227844,0.00027102231979359015,0.0002540349960329369,0.00027102231979359015,0,0,0,0,0,0,0
2022-11-01,USDC,1.000012040138245,1.000254034996033,0.9997289776802064,1.000043988227844,0.999571979045868,1.000380992889404,1.000097036361694,0.00042802095413196906,0.00038099288940407483,0.00042802095413196906,0,0,0,0,0,0,0
2022-11-02,USDC,1.000035047531128,1.000380992889404,0.999571979045868,1.000097036361694,0.9997940063476562,1.000653982162476,1.000064969062805,0.00020599365234375,0.00065398216247603,0.00065398216247603,0,0,0,0,0,0,0
2022-11-03,USDC,1.000133991241455,1.000653982162476,0.9997940063476562,1.000064969062805,0.9996690154075624,1.000496029853821,1.000036001205444,0.0003309845924376331,0.0004960298538210228,0.0004960298538210228,0,0,0,0,0,0,0
2022-11-04,USDC,1.000041007995605,1.000496029853821,0.9996690154075624,1.000036001205444,0.999761998653412,1.000314950942993,0.9999039769172668,0.00023800134658802374,0.000314950942992942,0.000314950942992942,0,0,0,0,0,0,0
2022-11-05,USDC,1.000018000602722,1.000314950942993,0.999761998653412,0.9999039769172668,0.99959397315979,1.000311017036438,0.9998689889907836,0.00040602684020996094,0.0003110170364379883,0.00040602684020996094,0,0,0,0,0,0,0
2022-11-06,USDC,0.9999079704284668,1.000311017036438,0.99959397315979,0.9998689889907836,0.9996579885482788,1.000388026237488,1.000323057174683,0.0003420114517211914,0.000388026237488015,0.000388026237488015,0,0,0,0,0,0,0
2022-11-07,USDC,0.9998509883880616,1.000388026237488,0.9996579885482788,1.000323057174683,0.9987099766731262,1.001322984695435,0.9999819993972778,0.0012900233268737793,0.0013229846954350144,0.0013229846954350144,0,0,0,0,0,0,0
2022-11-08,USDC,1.000296950340271,1.001322984695435,0.9987099766731262,0.9999819993972778,0.9991559982299804,1.001206994056702,1.000342011451721,0.0008440017700196423,0.0012069940567021042,0.0012069940567021042,0,0,0,0,0,0,0
2022-11-09,USDC,1.000131964683533,1.001206994056702,0.9991559982299804,1.000342011451721,0.9998570084571838,1.007329940795898,1.000692009925842,0.0001429915428161621,0.007329940795897993,0.007329940795897993,0,0,0,0,0,0,0
2022-11-10,USDC,1.000359058380127,1.007329940795898,0.9998570084571838,1.000692009925842,0.999646008014679,1.001327991485596,1.000733971595764,0.0003539919853210449,0.0013279914855959252,0.0013279914855959252,0,0,0,0,0,0,0
2022-11-11,USDC,1.000659942626953,1.001327991485596,0.999646008014679,1.000733971595764,0.9999989867210388,1.000934958457947,1.000223994255066,1.0132789611816406e-06,0.0009349584579469994,0.0009349584579469994,0,0,0,0,0,0,0
2022-11-12,USDC,1.000758051872253,1.000934958457947,0.9999989867210388,1.000223994255066,0.999948024749756,1.000620007514954,1.000136017799377,5.19752502440296e-05,0.0006200075149540574,0.0006200075149540574,0,0,0,0,0,0,0
2022-11-13,USDC,1.000177979469299,1.000620007514954,0.999948024749756,1.000136017799377,0.9997789859771729,1.00098705291748,1.000586032867432,0.00022101402282714844,0.0009870529174800247,0.0009870529174800247,0,0,0,0,0,0,0
2022-11-14,USDC,1.000134944915771,1.00098705291748,0.9997789859771729,1.000586032867432,0.9998819828033448,1.000805020332336,1.00034499168396,0.00011801719665516242,0.0008050203323359817,0.0008050203323359817,0,0,0,0,0,0,0
2022-11-15,USDC,1.000617980957031,1.000805020332336,0.9998819828033448,1.00034499168396,0.9997889995574952,1.000512957572937,1.000185966491699,0.0002110004425047718,0.0005129575729370117,0.0005129575729370117,0,0,0,0,0,0,0
2022-11-16,USDC,1.000355958938599,1.000512957572937,0.9997889995574952,1.000185966491699,0.9997689723968506,1.000525951385498,1.0001620054245,0.00023102760314941406,0.0005259513854980469,0.0005259513854980469,0,0,0,0,0,0,0
2022-11-17,USDC,1.00019896030426,1.000525951385498,0.9997689723968506,1.0001620054245,1.000038981437683,1.000488042831421,1.000247955322266,-3.898143768310547e-05,0.00048804283142089844,0.00048804283142089844,0,0,0,0,0,0,0
2022-11-18,USDC,1.000159978866577,1.000488042831421,1.000038981437683,1.000247955322266,0.9999970197677612,1.000460028648376,1.000156044960022,2.9802322387695312e-06,0.00046002864837602075,0.00046002864837602075,0,0,0,0,0,0,0
2022-11-19,USDC,1.000226020812988,1.000460028648376,0.9999970197677612,1.000156044960022,0.9998319745063782,1.00049901008606,1.000213980674744,0.00016802549362182617,0.0004990100860600144,0.0004990100860600144,0,0,0,0,0,0,0
2022-11-20,USDC,1.000167012214661,1.00049901008606,0.9998319745063782,1.000213980674744,0.9998080134391784,1.000779032707214,1.000329971313477,0.00019198656082164423,0.0007790327072139114,0.0007790327072139114,0,0,0,0,0,0,0
2022-11-21,USDC,1.000208973884583,1.000779032707214,0.9998080134391784,1.000329971313477,0.9999690055847168,1.000722050666809,1.000419020652771,3.0994415283203125e-05,0.000722050666809082,0.000722050666809082,0,0,0,0,0,0,0
2022-11-22,USDC,1.00025200843811,1.000722050666809,0.9999690055847168,1.000419020652771,1.000013947486877,1.000787019729614,1.000326991081238,-1.3947486876997317e-05,0.0007870197296140358,0.0007870197296140358,0,0,0,0,0,0,0
2022-11-23,USDC,1.000480055809021,1.000787019729614,1.000013947486877,1.000326991081238,0.9999650120735168,1.000635027885437,1.00021505355835,3.49879264831543e-05,0.0006350278854370117,0.0006350278854370117,0,0,0,0,0,0,0
2022-11-24,USDC,1.00032901763916,1.000635027885437,0.9999650120735168,1.00021505355835,0.9998930096626282,1.000316023826599,1.000056982040405,0.00010699033737182617,0.00031602382659889905,0.00031602382659889905,0,0,0,0,0,0,0
2022-11-25,USDC,1.000167012214661,1.000316023826599,0.9998930096626282,1.000056982040405,0.9998689889907836,1.000638961791992,1.000151038169861,0.00013101100921641962,0.0006389617919919655,0.0006389617919919655,0,0,0,0,0,0,0
2022-11-26,USDC,1.000080943107605,1.000638961791992,0.9998689889907836,1.000151038169861,0.9998379945755004,1.000354051589966,1.000141024589539,0.00016200542449962274,0.00035405158996604236,0.00035405158996604236,0,0,0,0,0,0,0
2022-11-27,USDC,1.000164985656738,1.000354051589966,0.9998379945755004,1.000141024589539,0.9996780157089232,1.000622987747192,1.000200986862183,0.0003219842910767712,0.0006229877471919387,0.0006229877471919387,0,0,0,0,0,0,0
2022-11-28,USDC,1.000175952911377,1.000622987747192,0.9996780157089232,1.000200986862183,0.9999430179595948,1.000444054603577,1.000076055526733,5.6982040405162415e-05,0.00044405460357710425,0.00044405460357710425,0,0,0,0,0,0,0
2022-11-29,USDC,1.000252962112427,1.000444054603577,0.9999430179595948,1.000076055526733,0.999646008014679,1.000607967376709,1.0000079870224,0.0003539919853210449,0.0006079673767089844,0.0006079673767089844,0,0,0,0,0,0,0
2022-11-30,USDC,1.000079035758972,1.000607967376709,0.999646008014679,1.0000079870224,0.9995610117912292,1.000260949134827,1.000002980232239,0.00043898820877075195,0.00026094913482710425,0.00043898820877075195,0,0,0,0,0,0,0
2022-12-01,USDC,1.000015020370483,1.000260949134827,0.9995610117912292,1.000002980232239,0.9996950030326844,1.000295042991638,1.000051021575928,0.0003049969673155628,0.00029504299163796155,0.0003049969673155628,0,0,0,0,0,0,0
2022-12-02,USDC,1.000012040138245,1.000295042991638,0.9996950030326844,1.000051021575928,0.9997419714927672,1.000244975090027,0.9999619722366332,0.00025802850723277704,0.0002449750900270775,0.00025802850723277704,0,0,0,0,0,0,0
2022-12-03,USDC,1.000064969062805,1.000244975090027,0.9997419714927672,0.9999619722366332,0.999809980392456,1.000252962112427,1.0000159740448,0.0001900196075439453,0.00025296211242697986,0.00025296211242697986,0,0,0,0,0,0,0
2022-12-04,USDC,0.999966025352478,1.000252962112427,0.999809980392456,1.0000159740448,0.9996790289878844,1.000396966934204,1.000020980834961,0.00032097101211558954,0.00039696693420410156,0.00039696693420410156,0,0,0,0,0,0,0
2022-12-05,USDC,1.000118017196655,1.000396966934204,0.9996790289878844,1.000020980834961,0.9996700286865234,1.000254988670349,1.000090003013611,0.0003299713134765625,0.00025498867034889905,0.0003299713134765625,0,0,0,0,0,0,0
2022-12-06,USDC,1.000018954277039,1.000254988670349,0.9996700286865234,1.000090003013611,0.9994980096817015,1.00019896030426,1.000026941299438,0.0005019903182984509,0.00019896030426003186,0.0005019903182984509,0,0,0,0,0,0,0
2022-12-07,USDC,1.000098943710327,1.00019896030426,0.9994980096817015,1.000026941299438,0.999805986881256,1.000442028045654,1.000028967857361,0.0001940131187440075,0.00044202804565407483,0.00044202804565407483,0,0,0,0,0,0,0
2022-12-08,USDC,1.000035047531128,1.000442028045654,0.999805986881256,1.000028967857361,0.9997609853744508,1.000306963920593,1.000043034553528,0.00023901462554920538,0.0003069639205930397,0.0003069639205930397,0,0,0,0,0,0,0
2022-12-09,USDC,1.000033020973206,1.000306963920593,0.9997609853744508,1.000043034553528,0.999912977218628,1.000219941139221,1.000072002410889,8.702278137195929e-05,0.00021994113922096936,0.00021994113922096936,0,0,0,0,0,0,0
2022-12-10,USDC,1.000038027763367,1.000219941139221,0.999912977218628,1.000072002410889,0.9997400045394896,1.000339984893799,0.9999960064888,0.00025999546051036493,0.00033998489379905017,0.00033998489379905017,0,0,0,0,0,0,0
2022-12-11,USDC,1.00006902217865,1.000339984893799,0.9997400045394896,0.9999960064888,0.9997259974479676,1.000288009643555,1.000095963478088,0.0002740025520323597,0.00028800964355490954,0.00028800964355490954,0,0,0,0,0,0,0
2022-12-12,USDC,0.9999970197677612,1.000288009643555,0.9997259974479676,1.000095963478088,0.9996340274810792,1.000517010688782,1.000133991241455,0.0003659725189207874,0.0005170106887819603,0.0005170106887819603,0,0,0,0,0,0,0
2022-12-13,USDC,1.000095963478088,1.000517010688782,0.9996340274810792,1.000133991241455,0.9996179938316344,1.000280976295471,0.9999799728393556,0.00038200616836558954,0.00028097629547096936,0.00038200616836558954,0,0,0,0,0,0,0
2022-12-14,USDC,1.000134944915771,1.000280976295471,0.9996179938316344,0.9999799728393556,0.9995700120925904,1.000249028205872,1.000015020370483,0.00042998790740955695,0.0002490282058720261,0.00042998790740955695,0,0,0,0,0,0,0
2022-12-15,USDC,1.000040054321289,1.000249028205872,0.9995700120925904,1.000015020370483,0.9993429780006408,1.000246047973633,0.999900996685028,0.0006570219993592419,0.00024604797363303454,0.0006570219993592419,0,0,0,0,0,0,0
2022-12-16,USDC,1.000005960464478,1.000246047973633,0.9993429780006408,0.999900996685028,0.9994029998779296,1.000409960746765,1.000020027160645,0.0005970001220704235,0.0004099607467649147,0.0005970001220704235,0,0,0,0,0,0,0
2022-12-17,USDC,0.9998990297317504,1.000409960746765,0.9994029998779296,1.000020027160645,0.999633014202118,1.000265955924988,0.9997609853744508,0.00036698579788196906,0.000265955924988015,0.00036698579788196906,0,0,0,0,0,0,0
2022-12-18,USDC,1.000018954277039,1.000265955924988,0.999633014202118,0.9997609853744508,0.9993460178375244,1.000249981880188,1.00019097328186,0.0006539821624755859,0.0002499818801879883,0.0006539821624755859,0,0,0,0,0,0,0
2022-12-19,USDC,0.999791979789734,1.000249981880188,0.9993460178375244,1.00019097328186,0.999763011932373,1.000442981719971,0.9999909996986388,0.00023698806762695312,0.00044298171997092517,0.00044298171997092517,0,0,0,0,0,0,0
2022-12-20,USDC,1.000190019607544,1.000442981719971,0.999763011932373,0.9999909996986388,0.9997360110282898,1.000270009040833,1.000095963478088,0.0002639889717102051,0.0002700090408329636,0.0002700090408329636,0,0,0,0,0,0,0
2022-12-21,USDC,0.999987006187439,1.000270009040833,0.9997360110282898,1.000095963478088,0.9995059967041016,1.000342965126038,1.000110030174255,0.0004940032958984375,0.00034296512603804175,0.0004940032958984375,0,0,0,0,0,0,0
2022-12-22,USDC,1.000040054321289,1.000342965126038,0.9995059967041016,1.000110030174255,0.9997860193252563,1.000270962715149,1.000033974647522,0.00021398067474365234,0.0002709627151489258,0.0002709627151489258,0,0,0,0,0,0,0
2022-12-23,USDC,1.000120043754578,1.000270962715149,0.9997860193252563,1.000033974647522,0.9999179840087892,1.000234007835388,1.000046014785767,8.201599121082648e-05,0.00023400783538796155,0.00023400783538796155,0,0,0,0,0,0,0
2022-12-24,USDC,1.000012993812561,1.000234007835388,0.9999179840087892,1.000046014785767,0.9997550249099731,1.00021505355835,1.000082015991211,0.00024497509002685547,0.00021505355835005346,0.00024497509002685547,0,0,0,0,0,0,0
2022-12-25,USDC,1.000028967857361,1.00021505355835,0.9997550249099731,1.000082015991211,0.9998540282249452,1.000195980072021,1.000102996826172,0.00014597177505482062,0.00019598007202104029,0.00019598007202104029,0,0,0,0,0,0,0
2022-12-26,USDC,1.000110030174255,1.000195980072021,0.9998540282249452,1.000102996826172,0.9996979832649232,1.000272035598755,1.000169038772583,0.0003020167350767933,0.00027203559875510486,0.0003020167350767933,0,0,0,0,0,0,0
2022-12-27,USDC,1.000103950500488,1.000272035598755,0.9996979832649232,1.000169038772583,0.999770998954773,1.00024402141571,1.000185012817383,0.00022900104522705078,0.00024402141571000513,0.00024402141571000513,0,0,0,0,0,0,0
2022-12-28,USDC,1.000128030776978,1.00024402141571,0.999770998954773,1.000185012817383,0.9997829794883728,1.000331044197083,1.0001380443573,0.00021702051162719727,0.0003310441970829636,0.0003310441970829636,0,0,0,0,0,0,0
2022-12-29,USDC,1.000156998634338,1.000331044197083,0.9997829794883728,1.0001380443573,0.9998520016670228,1.000295996665955,1.000120997428894,0.0001479983329771839,0.00029599666595503393,0.00029599666595503393,0,0,0,0,0,0,0
2022-12-30,USDC,1.000102043151855,1.000295996665955,0.9998520016670228,1.000120997428894,0.9998769760131836,1.000341057777405,1.000028967857361,0.00012302398681640625,0.0003410577774050072,0.0003410577774050072,0,0,0,0,0,0,0
2022-12-31,USDC,1.000195980072021,1.000341057777405,0.9998769760131836,1.000028967857361,0.9998540282249452,1.000362038612366,0.9999930262565612,0.00014597177505482062,0.0003620386123659447,0.0003620386123659447,0,0,0,0,0,0,0
2023-01-01,USDC,1.000022053718567,1.000362038612366,0.9998540282249452,0.9999930262565612,0.9998480081558228,1.000216960906982,0.9999889731407166,0.0001519918441772461,0.00021696090698197779,0.00021696090698197779,0,0,0,0,0,0,0
2023-01-02,USDC,1.000013947486877,1.000216960906982,0.9998480081558228,0.9999889731407166,0.9997090101242064,1.000251054763794,1.000097990036011,0.00029098987579356805,0.0002510547637939453,0.00029098987579356805,0,0,0,0,0,0,0
2023-01-03,USDC,1.000010013580322,1.000251054763794,0.9997090101242064,1.000097990036011,0.9997379779815674,1.000301957130432,1.000004053115845,0.0002620220184326172,0.00030195713043190686,0.00030195713043190686,0,0,0,0,0,0,0
2023-01-04,USDC,1.000108957290649,1.000301957130432,0.9997379779815674,1.000004053115845,0.999805986881256,1.000216960906982,1.000020980834961,0.0001940131187440075,0.00021696090698197779,0.00021696090698197779,0,0,0,0,0,0,0
2023-01-05,USDC,1.000010967254639,1.000216960906982,0.999805986881256,1.000020980834961,0.9997959733009338,1.000342965126038,1.000012993812561,0.0002040266990661621,0.00034296512603804175,0.00034296512603804175,0,0,0,0,0,0,0
2023-01-06,USDC,1.0000079870224,1.000342965126038,0.9997959733009338,1.000012993812561,0.9998779892921448,1.000326991081238,0.9999819993972778,0.00012201070785522461,0.000326991081238015,0.000326991081238015,0,0,0,0,0,0,0
2023-01-07,USDC,1.000015020370483,1.000326991081238,0.9998779892921448,0.9999819993972778,0.9998329877853394,1.000363945960999,1.000195980072021,0.00016701221466064453,0.00036394596099897925,0.00036394596099897925,0,0,0,0,0,0,0
2023-01-08,USDC,0.9999449849128724,1.000363945960999,0.9998329877853394,1.000195980072021,0.9995880126953124,1.000357985496521,1.000046014785767,0.000411987304687611,0.0003579854965209961,0.000411987304687611,0,0,0,0,0,0,0
2023-01-09,USDC,1.000237941741943,1.000357985496521,0.9995880126953124,1.000046014785767,0.999705970287323,1.000234961509705,0.999987006187439,0.00029402971267700195,0.00023496150970503393,0.00029402971267700195,0,0,0,0,0,0,0
2023-01-10,USDC,1.000005006790161,1.000234961509705,0.999705970287323,0.999987006187439,0.999701976776123,1.000383973121643,1.000131964683533,0.0002980232238769531,0.0003839731216430664,0.0003839731216430664,0,0,0,0,0,0,0
2023-01-11,USDC,1.0000079870224,1.000383973121643,0.999701976776123,1.000131964683533,0.9992769956588744,1.000447034835815,1.000072002410889,0.0007230043411255993,0.0004470348358149856,0.0007230043411255993,0,0,0,0,0,0,0
2023-01-12,USDC,1.000319957733154,1.000447034835815,0.9992769956588744,1.000072002410889,0.9996060132980348,1.000537991523743,1.000247001647949,0.000393986701965221,0.0005379915237428978,0.0005379915237428978,0,0,0,0,0,0,0
2023-01-13,USDC,1.000080943107605,1.000537991523743,0.9996060132980348,1.000247001647949,0.9993900060653688,1.000784993171692,1.000084042549133,0.0006099939346312366,0.0007849931716918945,0.0007849931716918945,0,0,0,0,0,0,0
2023-01-14,USDC,1.000180959701538,1.000784993171692,0.9993900060653688,1.000084042549133,0.9995449781417848,1.00031304359436,0.999925971031189,0.000455021858215221,0.0003130435943599075,0.000455021858215221,0,0,0,0,0,0,0
2023-01-15,USDC,1.000105023384094,1.00031304359436,0.9995449781417848,0.999925971031189,0.9996269941329956,1.000494956970215,0.9999619722366332,0.00037300586700439453,0.0004949569702150658,0.0004949569702150658,0,0,0,0,0,0,0
2023-01-16,USDC,0.9998999834060668,1.000494956970215,0.9996269941329956,0.9999619722366332,0.9996179938316344,1.000357985496521,0.999809980392456,0.00038200616836558954,0.0003579854965209961,0.00038200616836558954,0,0,0,0,0,0,0
2023-01-17,USDC,1.0000079870224,1.000357985496521,0.9996179938316344,0.999809980392456,0.9993919730186462,1.000684022903442,0.999845027923584,0.0006080269813537598,0.0006840229034419387,0.0006840229034419387,0,0,0,0,0,0,0
2023-01-18,USDC,0.9998080134391784,1.000684022903442,0.9993919730186462,0.999845027923584,0.9997429847717284,1.000308036804199,1.0000239610672,0.0002570152282715954,0.0003080368041989967,0.0003080368041989967,0,0,0,0,0,0,0
2023-01-19,USDC,0.9997959733009338,1.000308036804199,0.9997429847717284,1.0000239610672,0.99966698884964,1.000681042671204,1.000265002250671,0.0003330111503599964,0.0006810426712040574,0.0006810426712040574,0,0,0,0,0,0,0
2023-01-20,USDC,1.000041961669922,1.000681042671204,0.99966698884964,1.000265002250671,0.9991430044174194,1.000504970550537,0.9998400211334229,0.0008569955825805664,0.0005049705505371094,0.0008569955825805664,0,0,0,0,0,0,0
2023-01-21,USDC,1.000298023223877,1.000504970550537,0.9991430044174194,0.9998400211334229,0.999431014060974,1.000385999679565,0.9999759793281556,0.0005689859390259899,0.0003859996795649856,0.0005689859390259899,0,0,0,0,0,0,0
2023-01-22,USDC,0.9998610019683838,1.000385999679565,0.999431014060974,0.9999759793281556,0.9994230270385742,1.000426054000854,0.999858021736145,0.0005769729614257812,0.0004260540008540481,0.0005769729614257812,0,0,0,0,0,0,0
2023-01-23,USDC,0.9998369812965392,1.000426054000854,0.9994230270385742,0.999858021736145,0.9990890026092528,1.00032103061676,0.9999579787254332,0.0009109973907471813,0.00032103061676003186,0.0009109973907471813,0,0,0,0,0,0,0
2023-01-24,USDC,0.9998260140419006,1.00032103061676,0.9990890026092528,0.9999579787254332,0.9994999766349792,1.000506043434143,1.000061988830566,0.000500023365020752,0.0005060434341430664,0.0005060434341430664,0,0,0,0,0,0,0
2023-01-25,USDC,0.9999330043792723,1.000506043434143,0.9994999766349792,1.000061988830566,0.9996280074119568,1.000339031219482,0.9999600052833556,0.0003719925880432129,0.0003390312194819778,0.0003719925880432129,0,0,0,0,0,0,0
2023-01-26,USDC,1.000028967857361,1.000339031219482,0.9996280074119568,0.9999600052833556,0.9995800256729126,1.000388026237488,1.000026941299438,0.00041997432708740234,0.000388026237488015,0.00041997432708740234,0,0,0,0,0,0,0
2023-01-27,USDC,0.9999799728393556,1.000388026237488,0.9995800256729126,1.000026941299438,0.9996349811553956,1.000265002250671,1.0001300573349,0.00036501884460438117,0.00026500225067094263,0.00036501884460438117,0,0,0,0,0,0,0
2023-01-28,USDC,0.9999819993972778,1.000265002250671,0.9996349811553956,1.0001300573349,0.99965500831604,1.000393033027649,1.000000953674316,0.00034499168395996094,0.0003930330276489258,0.0003930330276489258,0,0,0,0,0,0,0
2023-01-29,USDC,1.000113964080811,1.000393033027649,0.99965500831604,1.000000953674316,0.9995030164718628,1.000332951545715,1.00010097026825,0.000496983528137207,0.00033295154571511,0.000496983528137207,0,0,0,0,0,0,0
2023-01-30,USDC,1.000074982643127,1.000332951545715,0.9995030164718628,1.00010097026825,0.9996500015258788,1.000430941581726,1.000058054924011,0.00034999847412120477,0.0004309415817260742,0.0004309415817260742,0,0,0,0,0,0,0
2023-01-31,USDC,1.000020980834961,1.000430941581726,0.9996500015258788,1.000058054924011,0.9995250105857848,1.000771045684814,1.000149965286255,0.0004749894142151989,0.000771045684814009,0.000771045684814009,0,0,0,0,0,0,0
2023-02-01,USDC,1.000017046928406,1.000771045684814,0.9995250105857848,1.000149965286255,0.999369978904724,1.000455021858215,0.9997749924659728,0.0006300210952759899,0.00045502185821511,0.0006300210952759899,0,0,0,0,0,0,0
2023-02-02,USDC,1.000087022781372,1.000455021858215,0.999369978904724,0.9997749924659728,0.9996650218963624,1.000493049621582,1.000035047531128,0.0003349781036375843,0.0004930496215820312,0.0004930496215820312,0,0,0,0,0,0,0
2023-02-03,USDC,0.9997889995574952,1.000493049621582,0.9996650218963624,1.000035047531128,0.9996690154075624,1.00029194355011,0.9999210238456726,0.0003309845924376331,0.0002919435501100853,0.0003309845924376331,0,0,0,0,0,0,0
2023-02-04,USDC,0.9999809861183168,1.00029194355011,0.9996690154075624,0.9999210238456726,0.999176025390625,1.000306963920593,0.9999539852142334,0.000823974609375,0.0003069639205930397,0.000823974609375,0,0,0,0,0,0,0
2023-02-05,USDC,0.9998840093612672,1.000306963920593,0.999176025390625,0.9999539852142334,0.9995009899139404,1.000458955764771,0.9999279975891112,0.0004990100860595703,0.0004589557647709519,0.0004990100860595703,0,0,0,0,0,0,0
2023-02-06,USDC,0.9999600052833556,1.000458955764771,0.9995009899139404,0.9999279975891112,0.9994770288467408,1.000319957733154,0.9999930262565612,0.0005229711532591663,0.00031995773315407483,0.0005229711532591663,0,0,0,0,0,0,0
2023-02-07,USDC,0.9998390078544616,1.000319957733154,0.9994770288467408,0.9999930262565612,0.9995309710502625,1.000277042388916,1.000012040138245,0.00046902894973754883,0.0002770423889160156,0.00046902894973754883,0,0,0,0,0,0,0
2023-02-08,USDC,1.000010967254639,1.000277042388916,0.9995309710502625,1.000012040138245,0.9994620084762572,1.000501990318298,1.00012195110321,0.0005379915237427868,0.0005019903182978958,0.0005379915237427868,0,0,0,0,0,0,0
2023-02-09,USDC,1.0000239610672,1.000501990318298,0.9994620084762572,1.00012195110321,0.9995009899139404,1.000383973121643,1.000030994415283,0.0004990100860595703,0.0003839731216430664,0.0004990100860595703,0,0,0,0,0,0,0
2023-02-10,USDC,1.000115990638733,1.000383973121643,0.9995009899139404,1.000030994415283,0.9995840191841124,1.000295996665955,0.9999769926071168,0.0004159808158875622,0.00029599666595503393,0.0004159808158875622,0,0,0,0,0,0,0
2023-02-11,USDC,1.000005006790161,1.000295996665955,0.9995840191841124,0.9999769926071168,0.9995880126953124,1.000457048416138,1.000066041946411,0.000411987304687611,0.00045704841613791736,0.00045704841613791736,0,0,0,0,0,0,0
2023-02-12,USDC,0.999978005886078,1.000457048416138,0.9995880126953124,1.000066041946411,0.9994300007820128,1.000388026237488,1.000095009803772,0.0005699992179871716,0.000388026237488015,0.0005699992179871716,0,0,0,0,0,0,0
2023-02-13,USDC,1.000133991241455,1.000388026237488,0.9994300007820128,1.000095009803772,0.9995620250701904,1.000534057617188,1.000056982040405,0.0004379749298095703,0.0005340576171879441,0.0005340576171879441,0,0,0,0,0,0,0
2023-02-14,USDC,1.000112056732178,1.000534057617188,0.9995620250701904,1.000056982040405,0.9996439814567566,1.000502943992615,1.000071048736572,0.0003560185432434082,0.0005029439926149681,0.0005029439926149681,0,0,0,0,0,0,0
2023-02-15,USDC,1.000066041946411,1.000502943992615,0.9996439814567566,1.000071048736572,0.9994789958000184,1.000435948371887,0.999858021736145,0.0005210041999815784,0.000435948371886985,0.0005210041999815784,0,0,0,0,0,0,0
2023-02-16,USDC,1.000010967254639,1.000435948371887,0.9994789958000184,0.999858021736145,0.9995660185813904,1.00049102306366,0.99993497133255,0.00043398141860961914,0.00049102306365989,0.00049102306365989,0,0,0,0,0,0,0
2023-02-17,USDC,0.9998310208320618,1.00049102306366,0.9995660185813904,0.99993497133255,0.9997239708900452,1.000306010246277,0.999886989593506,0.000276029109954834,0.0003060102462770775,0.0003060102462770775,0,0,0,0,0,0,0
2023-02-18,USDC,0.9999840259552002,1.000306010246277,0.9997239708900452,0.999886989593506,0.9994670152664183,1.000288963317871,0.999897003173828,0.000532984733581654,0.00028896331787109375,0.000532984733581654,0,0,0,0,0,0,0
2023-02-19,USDC,0.9999799728393556,1.000288963317871,0.9994670152664183,0.999897003173828,0.9994739890098572,1.00032103061676,1.000143051147461,0.0005260109901428223,0.00032103061676003186,0.0005260109901428223,0,0,0,0,0,0,0
2023-02-20,USDC,0.9999619722366332,1.00032103061676,0.9994739890098572,1.000143051147461,0.9995129704475404,1.000210046768188,1.000064015388489,0.0004870295524596058,0.00021004676818803247,0.0004870295524596058,0,0,0,0,0,0,0
2023-02-21,USDC,1.000120997428894,1.000210046768188,0.9995129704475404,1.000064015388489,0.99958997964859,1.000388026237488,1.000144958496094,0.00041002035141002313,0.000388026237488015,0.00041002035141002313,0,0,0,0,0,0,0
2023-02-22,USDC,1.000097036361694,1.000388026237488,0.99958997964859,1.000144958496094,0.999517023563385,1.000435948371887,1.000082969665527,0.00048297643661499023,0.000435948371886985,0.00048297643661499023,0,0,0,0,0,0,0
2023-02-23,USDC,1.000152945518494,1.000435948371887,0.999517023563385,1.000082969665527,0.999431014060974,1.000334024429321,1.000044941902161,0.0005689859390259899,0.000334024429321067,0.0005689859390259899,0,0,0,0,0,0,0
2023-02-24,USDC,1.000076055526733,1.000334024429321,0.999431014060974,1.000044941902161,0.9996659755706788,1.000287055969238,1.000287055969238,0.00033402442932117804,0.0002870559692380592,0.00033402442932117804,0,0,0,0,0,0,0
2023-02-25,USDC,1.000056028366089,1.000287055969238,0.9996659755706788,1.000287055969238,0.9996790289878844,1.000308036804199,1.000136017799377,0.00032097101211558954,0.0003080368041989967,0.00032097101211558954,0,0,0,0,0,0,0
2023-02-26,USDC,1.000113964080811,1.000308036804199,0.9996790289878844,1.000136017799377,0.9996309876441956,1.000465989112854,1.000074982643127,0.00036901235580444336,0.0004659891128540039,0.0004659891128540039,0,0,0,0,0,0,0
2023-02-27,USDC,1.000125050544739,1.000465989112854,0.9996309876441956,1.000074982643127,0.9995790123939514,1.000254988670349,0.9998760223388672,0.000420987606048584,0.00025498867034889905,0.000420987606048584,0,0,0,0,0,0,0
2023-02-28,USDC,1.000079989433289,1.000254988670349,0.9995790123939514,0.9998760223388672,0.9997010231018066,1.00032901763916,1.0001460313797,0.0002989768981933594,0.0003290176391599342,0.0003290176391599342,0,0,0,0,0,0,0
2023-03-01,USDC,0.9999229907989502,1.00032901763916,0.9997010231018066,1.0001460313797,0.9993919730186462,1.000609993934631,1.000295042991638,0.0006080269813537598,0.0006099939346309036,0.0006099939346309036,0,0,0,0,0,0,0
2023-03-02,USDC,1.000062942504883,1.000609993934631,0.9993919730186462,1.000295042991638,0.999369978904724,1.000489950180054,1.0,0.0006300210952759899,0.000489950180053933,0.0006300210952759899,0,0,0,0,0,0,0
2023-03-03,USDC,1.000318050384521,1.000489950180054,0.999369978904724,1.0,0.9996579885482788,1.000282049179077,1.000048041343689,0.0003420114517211914,0.0002820491790769264,0.0003420114517211914,0,0,0,0,0,0,0
2023-03-04,USDC,0.9999799728393556,1.000282049179077,0.9996579885482788,1.000048041343689,0.9996079802513124,1.000360012054443,1.000010013580322,0.0003920197486876331,0.0003600120544429153,0.0003920197486876331,0,0,0,0,0,0,0
2023-03-05,USDC,1.000054955482483,1.000360012054443,0.9996079802513124,1.000010013580322,0.9996610283851624,1.000239014625549,0.9999529719352722,0.0003389716148376465,0.00023901462554909436,0.0003389716148376465,0,0,0,0,0,0,0
2023-03-06,USDC,1.000038027763367,1.000239014625549,0.9996610283851624,0.9999529719352722,0.9996680021286012,1.00040602684021,1.000080943107605,0.00033199787139881476,0.00040602684020996094,0.00040602684020996094,0,0,0,0,0,0,0
2023-03-07,USDC,0.9999489784240724,1.00040602684021,0.9996680021286012,1.000080943107605,0.999638020992279,1.00032901763916,0.9998689889907836,0.00036197900772094727,0.0003290176391599342,0.00036197900772094727,0,0,0,0,0,0,0
2023-03-08,USDC,1.000090956687927,1.00032901763916,0.999638020992279,0.9998689889907836,0.9993749856948853,1.000257968902588,1.0000079870224,0.0006250143051147461,0.0002579689025878906,0.0006250143051147461,0,0,0,0,0,0,0
2023-03-09,USDC,0.9998459815979004,1.000257968902588,0.9993749856948853,1.0000079870224,0.9992179870605468,1.000915050506592,0.9994789958000184,0.000782012939453236,0.0009150505065920189,0.0009150505065920189,0,0,0,0,0,0,0
2023-03-10,USDC,1.000000953674316,1.000915050506592,0.9992179870605468,0.9994789958000184,0.8773999810218811,1.000066995620728,0.9714999794960022,0.1226000189781189,6.699562072798315e-05,0.1226000189781189,0,1,1,1,1,1,1
2023-03-11,USDC,0.9994699954986572,1.000066995620728,0.8773999810218811,0.9714999794960022,0.947013020515442,0.99542498588562,0.9920690059661864,0.052986979484557994,-0.004575014114379994,0.052986979484557994,1,1,1,1,1,0,1
2023-03-12,USDC,0.9682999849319458,0.99542498588562,0.947013020515442,0.9920690059661864,0.9880359768867492,1.000277996063232,0.998947024345398,0.011964023113250843,0.0002779960632319778,0.011964023113250843,1,1,1,0,0,0,1
2023-03-13,USDC,0.9911580085754396,1.000277996063232,0.9880359768867492,0.998947024345398,0.9975619912147522,1.000087022781372,0.9991790056228638,0.0024380087852478027,8.702278137207031e-05,0.0024380087852478027,1,0,0,0,0,0,0
2023-03-14,USDC,0.9991289973258972,1.000087022781372,0.9975619912147522,0.9991790056228638,0.9978529810905457,1.000779986381531,1.000184059143066,0.0021470189094543457,0.0007799863815309838,0.0021470189094543457,0,0,0,0,0,0,0
2023-03-15,USDC,0.999131977558136,1.000779986381531,0.9978529810905457,1.000184059143066,0.9990609884262084,1.000643968582153,0.9999610185623168,0.0009390115737916149,0.0006439685821530983,0.0009390115737916149,0,0,0,0,0,0,0
2023-03-16,USDC,1.000089049339294,1.000643968582153,0.9990609884262084,0.9999610185623168,0.9988660216331482,1.000877022743225,1.000044941902161,0.0011339783668518066,0.0008770227432250977,0.0011339783668518066,0,0,0,0,0,0,0
2023-03-17,USDC,1.000010967254639,1.000877022743225,0.9988660216331482,1.000044941902161,0.9984049797058104,1.00059700012207,0.9995020031929016,0.0015950202941895641,0.0005970001220700905,0.0015950202941895641,0,0,0,0,0,0,0
2023-03-18,USDC,0.999888002872467,1.00059700012207,0.9984049797058104,0.9995020031929016,0.9984229803085328,1.000480055809021,0.999845027923584,0.0015770196914671741,0.0004800558090209961,0.0015770196914671741,0,0,0,0,0,0,0
2023-03-19,USDC,0.9997119903564452,1.000480055809021,0.9984229803085328,0.999845027923584,0.9973899722099304,1.000401973724365,0.997979998588562,0.00261002779006958,0.00040197372436501233,0.00261002779006958,0,0,0,0,0,0,0
2023-03-20,USDC,0.9999529719352722,1.000401973724365,0.9973899722099304,0.997979998588562,0.9964489936828612,1.000074982643127,0.9985259771347046,0.003551006317138783,7.498264312699732e-05,0.003551006317138783,0,0,0,0,0,0,0
2023-03-21,USDC,0.9979220032691956,1.000074982643127,0.9964489936828612,0.9985259771347046,0.9969660043716432,0.9998589754104614,0.999123990535736,0.0030339956283568226,-0.00014102458953857422,0.0030339956283568226,0,0,0,0,0,0,0
2023-03-22,USDC,0.9985899925231934,0.9998589754104614,0.9969660043716432,0.999123990535736,0.9975429773330688,1.000041007995605,0.9990370273590088,0.0024570226669311523,4.100799560502466e-05,0.0024570226669311523,0,0,0,0,0,0,0
2023-03-23,USDC,0.9991179704666138,1.000041007995605,0.9975429773330688,0.9990370273590088,0.9983180165290833,1.000169038772583,0.999862015247345,0.001681983470916748,0.0001690387725830078,0.001681983470916748,0,0,0,0,0,0,0
2023-03-24,USDC,0.9991829991340636,1.000169038772583,0.9983180165290833,0.999862015247345,0.9990990161895752,1.000195980072021,0.9997360110282898,0.0009009838104248047,0.00019598007202104029,0.0009009838104248047,0,0,0,0,0,0,0
2023-03-25,USDC,0.9997329711914062,1.000195980072021,0.9990990161895752,0.9997360110282898,0.9993289709091188,1.000192999839783,0.9998850226402284,0.0006710290908812366,0.0001929998397829369,0.0006710290908812366,0,0,0,0,0,0,0
2023-03-26,USDC,0.999791979789734,1.000192999839783,0.9993289709091188,0.9998850226402284,0.9989420175552368,1.000187993049622,0.9996839761734008,0.0010579824447631836,0.00018799304962202612,0.0010579824447631836,0,0,0,0,0,0,0
2023-03-27,USDC,0.9997469782829284,1.000187993049622,0.9989420175552368,0.9996839761734008,0.999185025691986,1.000352025032043,0.9998840093612672,0.000814974308014027,0.00035202503204301294,0.000814974308014027,0,0,0,0,0,0,0
2023-03-28,USDC,0.999541997909546,1.000352025032043,0.999185025691986,0.9998840093612672,0.9989280104637146,1.000319004058838,0.9998109936714172,0.0010719895362854004,0.0003190040588378906,0.0010719895362854004,0,0,0,0,0,0,0
2023-03-29,USDC,0.999791979789734,1.000319004058838,0.9989280104637146,0.9998109936714172,0.999153971672058,1.000334024429321,1.000008940696716,0.0008460283279420056,0.000334024429321067,0.0008460283279420056,0,0,0,0,0,0,0
2023-03-30,USDC,0.9999079704284668,1.000334024429321,0.999153971672058,1.000008940696716,0.9994770288467408,1.000285983085632,0.999783992767334,0.0005229711532591663,0.0002859830856321022,0.0005229711532591663,0,0,0,0,0,0,0
2023-03-31,USDC,0.9999579787254332,1.000285983085632,0.9994770288467408,0.999783992767334,0.999450981616974,1.000280976295471,0.9997860193252563,0.000549018383026012,0.00028097629547096936,0.000549018383026012,0,0,0,0,0,0,0
2023-04-01,USDC,0.9996820092201232,1.000280976295471,0.999450981616974,0.9997860193252563,0.9991919994354248,1.000056982040405,0.9997419714927672,0.0008080005645751953,5.698204040505139e-05,0.0008080005645751953,0,0,0,0,0,0,0
2023-04-02,USDC,0.99965101480484,1.000056982040405,0.9991919994354248,0.9997419714927672,0.9992740154266356,1.000489950180054,0.9998559951782228,0.0007259845733643688,0.000489950180053933,0.0007259845733643688,0,0,0,0,0,0,0
2023-04-03,USDC,0.9999120235443116,1.000489950180054,0.9992740154266356,0.9998559951782228,0.999032974243164,1.000195026397705,0.9998170137405396,0.0009670257568360485,0.00019502639770507812,0.0009670257568360485,0,0,0,0,0,0,0
2023-04-04,USDC,0.9996259808540344,1.000195026397705,0.999032974243164,0.9998170137405396,0.9992600083351136,1.000229954719543,0.9997659921646118,0.0007399916648863636,0.00022995471954301294,0.0007399916648863636,0,0,0,0,0,0,0
2023-04-05,USDC,0.9997239708900452,1.000229954719543,0.9992600083351136,0.9997659921646118,0.9992809891700744,1.000205039978027,0.9999960064888,0.0007190108299256481,0.00020503997802689966,0.0007190108299256481,0,0,0,0,0,0,0
2023-04-06,USDC,0.9998329877853394,1.000205039978027,0.9992809891700744,0.9999960064888,0.99891197681427,1.000293016433716,1.000054955482483,0.0010880231857299805,0.00029301643371604236,0.0010880231857299805,0,0,0,0,0,0,0
2023-04-07,USDC,0.9998469948768616,1.000293016433716,0.99891197681427,1.000054955482483,0.9994369745254515,1.000329971313477,0.9998189806938172,0.0005630254745484509,0.0003299713134770066,0.0005630254745484509,0,0,0,0,0,0,0
2023-04-08,USDC,0.9999099969863892,1.000329971313477,0.9994369745254515,0.9998189806938172,0.9993680119514464,1.000404953956604,0.9997450113296508,0.0006319880485535778,0.0004049539566040039,0.0006319880485535778,0,0,0,0,0,0,0
2023-04-09,USDC,0.9998850226402284,1.000404953956604,0.9993680119514464,0.9997450113296508,0.9993150234222412,1.000309944152832,0.9997169971466064,0.0006849765777587891,0.00030994415283203125,0.0006849765777587891,0,0,0,0,0,0,0
2023-04-10,USDC,0.9998700022697448,1.000309944152832,0.9993150234222412,0.9997169971466064,0.999032974243164,1.000324964523315,1.000012040138245,0.0009670257568360485,0.0003249645233149856,0.0009670257568360485,0,0,0,0,0,0,0
2023-04-11,USDC,0.9997869729995728,1.000324964523315,0.999032974243164,1.000012040138245,0.9992319941520692,1.000342965126038,0.999853014945984,0.0007680058479307972,0.00034296512603804175,0.0007680058479307972,0,0,0,0,0,0,0
2023-04-12,USDC,0.9998959898948668,1.000342965126038,0.9992319941520692,0.999853014945984,0.999243974685669,1.000298976898193,0.9998990297317504,0.0007560253143310547,0.0002989768981929153,0.0007560253143310547,0,0,0,0,0,0,0
2023-04-13,USDC,0.9994860291481018,1.000298976898193,0.999243974685669,0.9998990297317504,0.9990360140800476,1.000432968139648,0.9999610185623168,0.0009639859199523926,0.0004329681396479934,0.0009639859199523926,0,0,0,0,0,0,0
2023-04-14,USDC,1.0000239610672,1.000432968139648,0.9990360140800476,0.9999610185623168,0.9993690252304076,1.000321984291077,0.999875009059906,0.0006309747695923962,0.00032198429107710425,0.0006309747695923962,0,0,0,0,0,0,0
2023-04-15,USDC,0.9999030232429504,1.000321984291077,0.9993690252304076,0.999875009059906,0.998947024345398,1.000218033790588,0.9997050166130066,0.0010529756546020508,0.00021803379058793482,0.0010529756546020508,0,0,0,0,0,0,0
2023-04-16,USDC,0.9998030066490172,1.000218033790588,0.998947024345398,0.9997050166130066,0.9991779923439026,1.000120997428894,0.9998649954795836,0.0008220076560974121,0.00012099742889404297,0.0008220076560974121,0,0,0,0,0,0,0
2023-04-17,USDC,0.9996209740638732,1.000120997428894,0.9991779923439026,0.9998649954795836,0.9996359944343568,1.000375032424927,1.000030994415283,0.0003640055656431995,0.00037503242492697986,0.00037503242492697986,0,0,0,0,0,0,0
2023-04-18,USDC,0.9999579787254332,1.000375032424927,0.9996359944343568,1.000030994415283,0.9990400075912476,1.000308990478516,1.000051021575928,0.0009599924087524414,0.0003089904785160691,0.0009599924087524414,0,0,0,0,0,0,0
2023-04-19,USDC,1.000049948692322,1.000308990478516,0.9990400075912476,1.000051021575928,0.9994590282440186,1.000450968742371,1.000164031982422,0.0005409717559814453,0.00045096874237104956,0.0005409717559814453,0,0,0,0,0,0,0
2023-04-20,USDC,0.9998739957809448,1.000450968742371,0.9994590282440186,1.000164031982422,0.999746024608612,1.000808000564575,1.00033700466156,0.0002539753913880505,0.0008080005645749733,0.0008080005645749733,0,0,0,0,0,0,0
2023-04-21,USDC,1.000161051750183,1.000808000564575,0.999746024608612,1.00033700466156,0.999800980091095,1.000759959220886,1.000107049942017,0.0001990199089050293,0.0007599592208860084,0.0007599592208860084,0,0,0,0,0,0,0
2023-04-22,USDC,1.000336050987244,1.000759959220886,0.999800980091095,1.000107049942017,0.999541997909546,1.000493049621582,0.9998940229415894,0.00045800209045399054,0.0004930496215820312,0.0004930496215820312,0,0,0,0,0,0,0
2023-04-23,USDC,1.000064015388489,1.000493049621582,0.999541997909546,0.9998940229415894,0.999547004699707,1.000442981719971,1.000041961669922,0.00045299530029296875,0.00044298171997092517,0.00045299530029296875,0,0,0,0,0,0,0
2023-04-24,USDC,0.9999200105667114,1.000442981719971,0.999547004699707,1.000041961669922,0.9996129870414734,1.000377058982849,1.0,0.00038701295852661133,0.00037705898284889905,0.00038701295852661133,0,0,0,0,0,0,0
2023-04-25,USDC,0.9999549984931946,1.000377058982849,0.9996129870414734,1.0,0.9995740056037904,1.000651001930237,0.9998840093612672,0.0004259943962096058,0.0006510019302370385,0.0006510019302370385,0,0,0,0,0,0,0
2023-04-26,USDC,0.9998779892921448,1.000651001930237,0.9995740056037904,0.9998840093612672,0.9993339776992798,1.000524997711182,0.9996820092201232,0.0006660223007202148,0.0005249977111820847,0.0006660223007202148,0,0,0,0,0,0,0
2023-04-27,USDC,1.000051021575928,1.000524997711182,0.9993339776992798,0.9996820092201232,0.9994829893112184,1.000321984291077,0.9998949766159058,0.0005170106887816273,0.00032198429107710425,0.0005170106887816273,0,0,0,0,0,0,0
2023-04-28,USDC,0.9998599886894226,1.000321984291077,0.9994829893112184,0.9998949766159058,0.999692976474762,1.000221014022827,0.999983012676239,0.0003070235252380371,0.0002210140228269264,0.0003070235252380371,0,0,0,0,0,0,0
2023-04-29,USDC,0.9998720288276672,1.000221014022827,0.999692976474762,0.999983012676239,0.999646008014679,1.000365018844604,0.9999960064888,0.0003539919853210449,0.0003650188446040481,0.0003650188446040481,0,0,0,0,0,0,0
2023-04-30,USDC,0.9998700022697448,1.000365018844604,0.999646008014679,0.9999960064888,0.9995790123939514,1.00054395198822,1.000100016593933,0.000420987606048584,0.0005439519882199928,0.0005439519882199928,0,0,0,0,0,0,0
2023-05-01,USDC,0.9999200105667114,1.00054395198822,0.9995790123939514,1.000100016593933,0.9994459748268129,1.000514984130859,0.9999330043792723,0.0005540251731871448,0.0005149841308589309,0.0005540251731871448,0,0,0,0,0,0,0
2023-05-02,USDC,1.000177025794983,1.000514984130859,0.9994459748268129,0.9999330043792723,0.9996209740638732,1.000473976135254,1.000020980834961,0.00037902593612682,0.00047397613525390625,0.00047397613525390625,0,0,0,0,0,0,0
2023-05-03,USDC,0.9999520182609558,1.000473976135254,0.9996209740638732,1.000020980834961,0.9997010231018066,1.000447988510132,1.000061988830566,0.0002989768981933594,0.000447988510132058,0.000447988510132058,0,0,0,0,0,0,0
2023-05-04,USDC,0.9999099969863892,1.000447988510132,0.9997010231018066,1.000061988830566,0.9996820092201232,1.000411987304688,1.000013947486877,0.00031799077987682,0.0004119873046879441,0.0004119873046879441,0,0,0,0,0,0,0
2023-05-05,USDC,1.000018954277039,1.000411987304688,0.9996820092201232,1.000013947486877,0.9995629787445068,1.000426054000854,1.000051975250244,0.00043702125549316406,0.0004260540008540481,0.00043702125549316406,0,0,0,0,0,0,0
2023-05-06,USDC,1.000049948692322,1.000426054000854,0.9995629787445068,1.000051975250244,0.9996539950370787,1.000440001487732,1.000144958496094,0.0003460049629212536,0.0004400014877319336,0.0004400014877319336,0,0,0,0,0,0,0
2023-05-07,USDC,1.000020027160645,1.000440001487732,0.9996539950370787,1.000144958496094,0.999629020690918,1.000411987304688,1.000048995018005,0.00037097930908203125,0.0004119873046879441,0.0004119873046879441,0,0,0,0,0,0,0
2023-05-08,USDC,1.00019097328186,1.000411987304688,0.999629020690918,1.000048995018005,0.9996129870414734,1.000324964523315,1.00022304058075,0.00038701295852661133,0.0003249645233149856,0.00038701295852661133,0,0,0,0,0,0,0
2023-05-09,USDC,1.00006902217865,1.000324964523315,0.9996129870414734,1.00022304058075,0.9992300271987916,1.000725030899048,1.000030994415283,0.0007699728012083851,0.0007250308990480736,0.0007699728012083851,0,0,0,0,0,0,0
2023-05-10,USDC,1.0001300573349,1.000725030899048,0.9992300271987916,1.000030994415283,0.999580979347229,1.000645041465759,1.000174045562744,0.0004190206527709961,0.0006450414657590553,0.0006450414657590553,0,0,0,0,0,0,0
2023-05-11,USDC,1.00005304813385,1.000645041465759,0.999580979347229,1.000174045562744,0.999468982219696,1.000496983528137,1.000059008598328,0.0005310177803039551,0.000496983528136985,0.0005310177803039551,0,0,0,0,0,0,0
2023-05-12,USDC,0.99992698431015,1.000496983528137,0.999468982219696,1.000059008598328,0.9996709823608398,1.000517010688782,1.000028014183044,0.00032901763916015625,0.0005170106887819603,0.0005170106887819603,0,0,0,0,0,0,0
2023-05-13,USDC,1.000000953674316,1.000517010688782,0.9996709823608398,1.000028014183044,0.9996489882469176,1.000332951545715,1.000097036361694,0.0003510117530823864,0.00033295154571511,0.0003510117530823864,0,0,0,0,0,0,0
2023-05-14,USDC,1.00005304813385,1.000332951545715,0.9996489882469176,1.000097036361694,0.9996110200881958,1.000401973724365,1.000020980834961,0.0003889799118041992,0.00040197372436501233,0.00040197372436501233,0,0,0,0,0,0,0
2023-05-15,USDC,1.000046014785767,1.000401973724365,0.9996110200881958,1.000020980834961,0.9995830059051514,1.000272989273071,0.999948024749756,0.0004169940948486328,0.000272989273071067,0.0004169940948486328,0,0,0,0,0,0,0
2023-05-16,USDC,1.000064015388489,1.000272989273071,0.9995830059051514,0.999948024749756,0.9995200037956238,1.000355005264282,1.000002980232239,0.0004799962043762207,0.0003550052642820045,0.0004799962043762207,0,0,0,0,0,0,0
2023-05-17,USDC,0.999897003173828,1.000355005264282,0.9995200037956238,1.000002980232239,0.9996150135993958,1.000625014305115,0.9999880194664,0.00038498640060424805,0.0006250143051149681,0.0006250143051149681,0,0,0,0,0,0,0
2023-05-18,USDC,0.999978005886078,1.000625014305115,0.9996150135993958,0.9999880194664,0.9994720220565796,1.000501990318298,0.9999650120735168,0.0005279779434204102,0.0005019903182978958,0.0005279779434204102,0,0,0,0,0,0,0
2023-05-19,USDC,1.000015020370483,1.000501990318298,0.9994720220565796,0.9999650120735168,0.9997699856758118,1.00031304359436,1.000076055526733,0.00023001432418823242,0.0003130435943599075,0.0003130435943599075,0,0,0,0,0,0,0
2023-05-20,USDC,0.9999939799308776,1.00031304359436,0.9997699856758118,1.000076055526733,0.9997490048408508,1.000403046607971,0.9998890161514282,0.0002509951591491699,0.00040304660797096936,0.00040304660797096936,0,0,0,0,0,0,0
2023-05-21,USDC,1.000154972076416,1.000403046607971,0.9997490048408508,0.9998890161514282,0.99966299533844,1.000395059585571,0.9999549984931946,0.00033700466155994757,0.000395059585571067,0.000395059585571067,0,0,0,0,0,0,0
2023-05-22,USDC,0.9998170137405396,1.000395059585571,0.99966299533844,0.9999549984931946,0.9995579719543456,1.00036895275116,0.9999619722366332,0.0004420280456544079,0.00036895275115989,0.0004420280456544079,0,0,0,0,0,0,0
2023-05-23,USDC,1.000026941299438,1.00036895275116,0.9995579719543456,0.9999619722366332,0.999538004398346,1.000354051589966,1.000136017799377,0.00046199560165405273,0.00035405158996604236,0.00046199560165405273,0,0,0,0,0,0,0
2023-05-24,USDC,0.9999070167541504,1.000354051589966,0.999538004398346,1.000136017799377,0.9996100068092346,1.000329971313477,0.9999979734420776,0.00038999319076538086,0.0003299713134770066,0.00038999319076538086,0,0,0,0,0,0,0
2023-05-25,USDC,0.9999909996986388,1.000329971313477,0.9996100068092346,0.9999979734420776,0.9996569752693176,1.000622034072876,0.9999340176582336,0.00034302473068237305,0.0006220340728759766,0.0006220340728759766,0,0,0,0,0,0,0
2023-05-26,USDC,0.9998800158500672,1.000622034072876,0.9996569752693176,0.9999340176582336,0.9997349977493286,1.000596046447754,1.000033974647522,0.0002650022506713867,0.0005960464477539062,0.0005960464477539062,0,0,0,0,0,0,0
2023-05-27,USDC,1.000041007995605,1.000596046447754,0.9997349977493286,1.000033974647522,0.999642014503479,1.000440001487732,0.9999979734420776,0.0003579854965209961,0.0004400014877319336,0.0004400014877319336,0,0,0,0,0,0,0
2023-05-28,USDC,1.000136017799377,1.000440001487732,0.999642014503479,0.9999979734420776,0.9994959831237792,1.00042200088501,0.999862015247345,0.0005040168762208141,0.00042200088500998767,0.0005040168762208141,0,0,0,0,0,0,0
2023-05-29,USDC,1.000116944313049,1.00042200088501,0.9994959831237792,0.999862015247345,0.999580979347229,1.00039803981781,0.9998440146446228,0.0004190206527709961,0.0003980398178100586,0.0004190206527709961,0,0,0,0,0,0,0
2023-05-30,USDC,0.999879002571106,1.00039803981781,0.999580979347229,0.9998440146446228,0.9994320273399352,1.000591039657593,1.000179052352905,0.0005679726600648083,0.0005910396575929955,0.0005910396575929955,0,0,0,0,0,0,0
2023-05-31,USDC,0.9998599886894226,1.000591039657593,0.9994320273399352,1.000179052352905,0.9995200037956238,1.000470995903015,1.000054955482483,0.0004799962043762207,0.0004709959030149147,0.0004799962043762207,0,0,0,0,0,0,0
2023-06-01,USDC,0.9999790191650392,1.000470995903015,0.9995200037956238,1.000054955482483,0.9995539784431458,1.000357985496521,1.000061988830566,0.00044602155685424805,0.0003579854965209961,0.00044602155685424805,0,0,0,0,0,0,0
2023-06-02,USDC,1.000084042549133,1.000357985496521,0.9995539784431458,1.000061988830566,0.9996500015258788,1.000208973884583,0.9999030232429504,0.00034999847412120477,0.00020897388458296362,0.00034999847412120477,0,0,0,0,0,0,0
2023-06-03,USDC,1.000012040138245,1.000208973884583,0.9996500015258788,0.9999030232429504,0.999576985836029,1.000331044197083,0.9997959733009338,0.00042301416397094727,0.0003310441970829636,0.00042301416397094727,0,0,0,0,0,0,0
2023-06-04,USDC,0.9998850226402284,1.000331044197083,0.999576985836029,0.9997959733009338,0.999472975730896,1.000455021858215,0.999912977218628,0.0005270242691040039,0.00045502185821511,0.0005270242691040039,0,0,0,0,0,0,0
2023-06-05,USDC,0.9998630285263062,1.000455021858215,0.999472975730896,0.999912977218628,0.999571979045868,1.000579953193665,0.9998509883880616,0.00042802095413196906,0.0005799531936649949,0.0005799531936649949,0,0,0,0,0,0,0
2023-06-06,USDC,1.000035047531128,1.000579953193665,0.999571979045868,0.9998509883880616,0.9996340274810792,1.000354051589966,0.9999020099639891,0.0003659725189207874,0.00035405158996604236,0.0003659725189207874,0,0,0,0,0,0,0
2023-06-07,USDC,0.9998909831047058,1.000354051589966,0.9996340274810792,0.9999020099639891,0.999638020992279,1.000447034835815,1.000097036361694,0.00036197900772094727,0.0004470348358149856,0.0004470348358149856,0,0,0,0,0,0,0
2023-06-08,USDC,0.9999470114707948,1.000447034835815,0.999638020992279,1.000097036361694,0.9996989965438844,1.000558972358704,0.9999489784240724,0.00030100345611561163,0.0005589723587040574,0.0005589723587040574,0,0,0,0,0,0,0
2023-06-09,USDC,0.9999610185623168,1.000558972358704,0.9996989965438844,0.9999489784240724,0.9996870160102844,1.000648021697998,0.9998840093612672,0.00031298398971557617,0.0006480216979980469,0.0006480216979980469,0,0,0,0,0,0,0
2023-06-10,USDC,0.9999939799308776,1.000648021697998,0.9996870160102844,0.9998840093612672,0.9996029734611512,1.000506043434143,0.9999340176582336,0.00039702653884876593,0.0005060434341430664,0.0005060434341430664,0,0,0,0,0,0,0
2023-06-11,USDC,0.9999380111694336,1.000506043434143,0.9996029734611512,0.9999340176582336,0.9994909763336182,1.001013994216919,1.000216007232666,0.0005090236663818359,0.0010139942169189453,0.0010139942169189453,0,0,0,0,0,0,0
2023-06-12,USDC,0.9997379779815674,1.001013994216919,0.9994909763336182,1.000216007232666,0.9996389746665956,1.000566005706787,0.9999809861183168,0.00036102533340443,0.0005660057067871094,0.0005660057067871094,0,0,0,0,0,0,0
2023-06-13,USDC,1.000131964683533,1.000566005706787,0.9996389746665956,0.9999809861183168,0.999296009540558,1.000594973564148,1.000051975250244,0.0007039904594420276,0.0005949735641479492,0.0007039904594420276,0,0,0,0,0,0,0
2023-06-14,USDC,1.000030040740967,1.000594973564148,0.999296009540558,1.000051975250244,0.999512016773224,1.002259016036987,1.00008499622345,0.000487983226776012,0.0022590160369870826,0.0022590160369870826,0,0,0,0,0,0,0
2023-06-15,USDC,0.999904990196228,1.002259016036987,0.999512016773224,1.00008499622345,0.9996200203895568,1.000576972961426,1.000120043754578,0.00037997961044322626,0.0005769729614260033,0.0005769729614260033,0,0,0,0,0,0,0
2023-06-16,USDC,1.000040054321289,1.000576972961426,0.9996200203895568,1.000120043754578,0.9997119903564452,1.000496029853821,1.00006902217865,0.0002880096435547985,0.0004960298538210228,0.0004960298538210228,0,0,0,0,0,0,0
2023-06-17,USDC,1.000113010406494,1.000496029853821,0.9997119903564452,1.00006902217865,0.9997249841690063,1.000648021697998,1.000018000602722,0.00027501583099365234,0.0006480216979980469,0.0006480216979980469,0,0,0,0,0,0,0
2023-06-18,USDC,1.000056028366089,1.000648021697998,0.9997249841690063,1.000018000602722,0.9996899962425232,1.000704050064087,1.000169992446899,0.00031000375747680664,0.0007040500640869141,0.0007040500640869141,0,0,0,0,0,0,0
2023-06-19,USDC,0.9999909996986388,1.000704050064087,0.9996899962425232,1.000169992446899,0.9997040033340454,1.000879049301147,1.000301957130432,0.00029599666595458984,0.0008790493011470168,0.0008790493011470168,0,0,0,0,0,0,0
2023-06-20,USDC,1.000115036964417,1.000879049301147,0.9997040033340454,1.000301957130432,0.9992939829826356,1.000494003295898,1.000077962875366,0.0007060170173643909,0.0004940032958979934,0.0007060170173643909,0,0,0,0,0,0,0
2023-06-21,USDC,1.000192046165466,1.000494003295898,0.9992939829826356,1.000077962875366,0.9990310072898864,1.000530958175659,0.9999679923057556,0.0009689927101136364,0.0005309581756589576,0.0009689927101136364,0,0,0,0,0,0,0
2023-06-22,USDC,1.000097990036011,1.000530958175659,0.9990310072898864,0.9999679923057556,0.9994739890098572,1.000733971595764,0.9999909996986388,0.0005260109901428223,0.0007339715957639381,0.0007339715957639381,0,0,0,0,0,0,0
2023-06-23,USDC,0.9999960064888,1.000733971595764,0.9994739890098572,0.9999909996986388,0.9995970129966736,1.000437021255493,0.9999319911003112,0.000402987003326416,0.000437021255492942,0.000437021255492942,0,0,0,0,0,0,0
2023-06-24,USDC,1.000008940696716,1.000437021255493,0.9995970129966736,0.9999319911003112,0.999550998210907,1.000561952590942,1.000136971473694,0.0004490017890930176,0.0005619525909419387,0.0005619525909419387,0,0,0,0,0,0,0
2023-06-25,USDC,0.9998679757118224,1.000561952590942,0.999550998210907,1.000136971473694,0.9995279908180236,1.000538945198059,1.000025033950806,0.0004720091819764294,0.000538945198059082,0.000538945198059082,0,0,0,0,0,0,0
2023-06-26,USDC,1.0001540184021,1.000538945198059,0.9995279908180236,1.000025033950806,0.9995520114898682,1.000373005867004,1.0,0.00044798851013183594,0.00037300586700395044,0.00044798851013183594,0,0,0,0,0,0,0
2023-06-27,USDC,1.000044941902161,1.000373005867004,0.9995520114898682,1.0,0.9995059967041016,1.000486969947815,1.000048041343689,0.0004940032958984375,0.0004869699478149414,0.0004940032958984375,0,0,0,0,0,0,0
2023-06-28,USDC,0.9999070167541504,1.000486969947815,0.9995059967041016,1.000048041343689,0.9997239708900452,1.000524044036865,0.9999619722366332,0.000276029109954834,0.0005240440368650123,0.0005240440368650123,0,0,0,0,0,0,0
2023-06-29,USDC,1.000118970870972,1.000524044036865,0.9997239708900452,0.9999619722366332,0.9994800090789796,1.000938057899475,1.000252962112427,0.0005199909210203968,0.0009380578994750977,0.0009380578994750977,0,0,0,0,0,0,0
2023-06-30,USDC,0.9997959733009338,1.000938057899475,0.9994800090789796,1.000252962112427,0.9997929930686952,1.000738024711609,1.000133991241455,0.00020700693130482062,0.0007380247116091088,0.0007380247116091088,0,0,0,0,0,0,0
2023-07-01,USDC,0.9999600052833556,1.000738024711609,0.9997929930686952,1.000133991241455,0.9997100234031676,1.00080394744873,1.000134944915771,0.0002899765968323864,0.0008039474487300247,0.0008039474487300247,0,0,0,0,0,0,0
2023-07-02,USDC,1.000056028366089,1.00080394744873,0.9997100234031676,1.000134944915771,0.9996410012245178,1.000826954841614,0.9999799728393556,0.00035899877548217773,0.0008269548416139916,0.0008269548416139916,0,0,0,0,0,0,0
2023-07-03,USDC,1.000201940536499,1.000826954841614,0.9996410012245178,0.9999799728393556,0.9995409846305848,1.000615000724792,1.000164985656738,0.0004590153694151722,0.0006150007247920364,0.0006150007247920364,0,0,0,0,0,0,0
2023-07-04,USDC,0.9999200105667114,1.000615000724792,0.9995409846305848,1.000164985656738,0.9994400143623352,1.000519990921021,1.00010097026825,0.0005599856376647949,0.0005199909210209519,0.0005599856376647949,0,0,0,0,0,0,0
2023-07-05,USDC,1.000254034996033,1.000519990921021,0.9994400143623352,1.00010097026825,0.9994969964027404,1.000501990318298,1.000069975852966,0.0005030035972596325,0.0005019903182978958,0.0005030035972596325,0,0,0,0,0,0,0
2023-07-06,USDC,0.9999970197677612,1.000501990318298,0.9994969964027404,1.000069975852966,0.999625027179718,1.000651001930237,0.9999409914016724,0.0003749728202819824,0.0006510019302370385,0.0006510019302370385,0,0,0,0,0,0,0
2023-07-07,USDC,0.9999709725379944,1.000651001930237,0.999625027179718,0.9999409914016724,0.9997479915618896,1.000684022903442,1.000028967857361,0.00025200843811035156,0.0006840229034419387,0.0006840229034419387,0,0,0,0,0,0,0
2023-07-08,USDC,1.000015020370483,1.000684022903442,0.9997479915618896,1.000028967857361,0.9997400045394896,1.00065803527832,1.000112056732178,0.00025999546051036493,0.0006580352783200905,0.0006580352783200905,0,0,0,0,0,0,0
2023-07-09,USDC,1.000036954879761,1.00065803527832,0.9997400045394896,1.000112056732178,0.9995539784431458,1.00066602230072,0.9999669790267944,0.00044602155685424805,0.0006660223007199928,0.0006660223007199928,0,0,0,0,0,0,0
2023-07-10,USDC,1.000125050544739,1.00066602230072,0.9995539784431458,0.9999669790267944,0.9996749758720398,1.000694036483765,0.9999709725379944,0.0003250241279602051,0.0006940364837650925,0.0006940364837650925,0,0,0,0,0,0,0
2023-07-11,USDC,1.000028014183044,1.000694036483765,0.9996749758720398,0.9999709725379944,0.9995620250701904,1.000928997993469,0.9999719858169556,0.0004379749298095703,0.0009289979934690162,0.0009289979934690162,0,0,0,0,0,0,0
2023-07-12,USDC,1.0000079870224,1.000928997993469,0.9995620250701904,0.9999719858169556,0.9995179772377014,1.000784039497375,0.9999060034751892,0.000482022762298584,0.0007840394973750442,0.0007840394973750442,0,0,0,0,0,0,0
2023-07-13,USDC,1.000048041343689,1.000784039497375,0.9995179772377014,0.9999060034751892,0.9994239807128906,1.000805020332336,1.000195980072021,0.000576019287109375,0.0008050203323359817,0.0008050203323359817,0,0,0,0,0,0,0
2023-07-14,USDC,1.000115990638733,1.000805020332336,0.9994239807128906,1.000195980072021,0.9996839761734008,1.000599980354309,1.000056982040405,0.0003160238265992321,0.000599980354309082,0.000599980354309082,0,0,0,0,0,0,0
2023-07-15,USDC,1.000208020210266,1.000599980354309,0.9996839761734008,1.000056982040405,0.9996740221977234,1.000745058059692,1.000169038772583,0.00032597780227661133,0.0007450580596919387,0.0007450580596919387,0,0,0,0,0,0,0
2023-07-16,USDC,0.9999619722366332,1.000745058059692,0.9996740221977234,1.000169038772583,0.9996640086174012,1.000548005104065,0.99993497133255,0.00033599138259876593,0.0005480051040649414,0.0005480051040649414,0,0,0,0,0,0,0
2023-07-17,USDC,1.000151038169861,1.000548005104065,0.9996640086174012,0.99993497133255,0.999526023864746,1.000530958175659,0.9999719858169556,0.00047397613525401727,0.0005309581756589576,0.0005309581756589576,0,0,0,0,0,0,0
2023-07-18,USDC,0.9999920129776,1.000530958175659,0.999526023864746,0.9999719858169556,0.9993919730186462,1.000406980514526,1.000041007995605,0.0006080269813537598,0.0004069805145259231,0.0006080269813537598,0,0,0,0,0,0,0
2023-07-19,USDC,0.9998930096626282,1.000406980514526,0.9993919730186462,1.000041007995605,0.9995729923248292,1.000540018081665,0.9999939799308776,0.0004270076751707874,0.0005400180816650391,0.0005400180816650391,0,0,0,0,0,0,0
2023-07-20,USDC,1.000044941902161,1.000540018081665,0.9995729923248292,0.9999939799308776,0.9996280074119568,1.000566959381104,1.000139951705933,0.0003719925880432129,0.0005669593811039597,0.0005669593811039597,0,0,0,0,0,0,0
2023-07-21,USDC,1.000025033950806,1.000566959381104,0.9996280074119568,1.000139951705933,0.9996449947357178,1.000911951065063,0.9998080134391784,0.00035500526428222656,0.0009119510650630325,0.0009119510650630325,0,0,0,0,0,0,0
2023-07-22,USDC,1.000138998031616,1.000911951065063,0.9996449947357178,0.9998080134391784,0.9996119737625122,1.000798940658569,0.9998769760131836,0.00038802623748779297,0.0007989406585688918,0.0007989406585688918,0,0,0,0,0,0,0
2023-07-23,USDC,0.9999619722366332,1.000798940658569,0.9996119737625122,0.9998769760131836,0.9993600249290466,1.000542044639587,1.000036001205444,0.0006399750709533691,0.0005420446395869583,0.0006399750709533691,0,0,0,0,0,0,0
2023-07-24,USDC,1.000028014183044,1.000542044639587,0.9993600249290466,1.000036001205444,0.999761998653412,1.000772953033447,0.999970018863678,0.00023800134658802374,0.0007729530334470436,0.0007729530334470436,0,0,0,0,0,0,0
2023-07-25,USDC,1.000066995620728,1.000772953033447,0.999761998653412,0.999970018863678,0.9995660185813904,1.000975966453552,1.000134944915771,0.00043398141860961914,0.000975966453552024,0.000975966453552024,0,0,0,0,0,0,0
2023-07-26,USDC,0.9999899864196776,1.000975966453552,0.9995660185813904,1.000134944915771,0.9996449947357178,1.000517964363098,0.999805986881256,0.00035500526428222656,0.0005179643630979225,0.0005179643630979225,0,0,0,0,0,0,0
2023-07-27,USDC,1.000087022781372,1.000517964363098,0.9996449947357178,0.999805986881256,0.9993979930877686,1.000679969787598,1.000166058540344,0.0006020069122314453,0.0006799697875981003,0.0006799697875981003,0,0,0,0,0,0,0
2023-07-28,USDC,0.9998549818992616,1.000679969787598,0.9993979930877686,1.000166058540344,0.9997730255126952,1.000627994537354,1.000058054924011,0.00022697448730479852,0.0006279945373539597,0.0006279945373539597,0,0,0,0,0,0,0
2023-07-29,USDC,1.000195980072021,1.000627994537354,0.9997730255126952,1.000058054924011,0.9996860027313232,1.000573992729187,1.000022053718567,0.0003139972686767578,0.0005739927291870117,0.0005739927291870117,0,0,0,0,0,0,0
2023-07-30,USDC,1.000102996826172,1.000573992729187,0.9996860027313232,1.000022053718567,0.9996190071105956,1.000617027282715,1.000010013580322,0.0003809928894044079,0.0006170272827150658,0.0006170272827150658,0,0,0,0,0,0,0
2023-07-31,USDC,1.0000319480896,1.000617027282715,0.9996190071105956,1.000010013580322,0.9995430111885072,1.000607967376709,1.000072002410889,0.0004569888114928089,0.0006079673767089844,0.0006079673767089844,0,0,0,0,0,0,0
2023-08-01,USDC,0.9999960064888,1.000607967376709,0.9995430111885072,1.000072002410889,0.9996500015258788,1.000645041465759,0.9998909831047058,0.00034999847412120477,0.0006450414657590553,0.0006450414657590553,0,0,0,0,0,0,0
2023-08-02,USDC,1.000087022781372,1.000645041465759,0.9996500015258788,0.9998909831047058,0.9996340274810792,1.00052797794342,1.000242948532104,0.0003659725189207874,0.0005279779434199661,0.0005279779434199661,0,0,0,0,0,0,0
2023-08-03,USDC,0.999858021736145,1.00052797794342,0.9996340274810792,1.000242948532104,0.9992550015449524,1.000481963157654,0.9999889731407166,0.0007449984550476074,0.00048196315765403064,0.0007449984550476074,0,0,0,0,0,0,0
2023-08-04,USDC,1.000123023986816,1.000481963157654,0.9992550015449524,0.9999889731407166,0.9997169971466064,1.000293016433716,0.9998769760131836,0.0002830028533935547,0.00029301643371604236,0.00029301643371604236,0,0,0,0,0,0,0
2023-08-05,USDC,1.000022053718567,1.000293016433716,0.9997169971466064,0.9998769760131836,0.9995930194854736,1.000318050384521,0.9998170137405396,0.0004069805145263672,0.0003180503845210403,0.0004069805145263672,0,0,0,0,0,0,0
2023-08-06,USDC,0.9999179840087892,1.000318050384521,0.9995930194854736,0.9998170137405396,0.9996520280838012,1.000514984130859,0.999974012374878,0.0003479719161988415,0.0005149841308589309,0.0005149841308589309,0,0,0,0,0,0,0
2023-08-07,USDC,0.9997299909591676,1.000514984130859,0.9996520280838012,0.999974012374878,0.9998130202293396,1.000798940658569,1.000079989433289,0.0001869797706604004,0.0007989406585688918,0.0007989406585688918,0,0,0,0,0,0,0
2023-08-08,USDC,0.9999970197677612,1.000798940658569,0.9998130202293396,1.000079989433289,0.9995980262756348,1.000671982765198,1.000188946723938,0.0004019737243652344,0.000671982765197976,0.000671982765197976,0,0,0,0,0,0,0
2023-08-09,USDC,1.000013947486877,1.000671982765198,0.9995980262756348,1.000188946723938,0.9997699856758118,1.000535011291504,1.000169992446899,0.00023001432418823242,0.0005350112915039062,0.0005350112915039062,0,0,0,0,0,0,0
2023-08-10,USDC,1.000128984451294,1.000535011291504,0.9997699856758118,1.000169992446899,0.9998360276222228,1.000828981399536,1.000082015991211,0.00016397237777721063,0.0008289813995359108,0.0008289813995359108,0,0,0,0,0,0,0
2023-08-11,USDC,1.000074982643127,1.000828981399536,0.9998360276222228,1.000082015991211,0.9999279975891112,1.000437021255493,1.000033974647522,7.20024108887829e-05,0.000437021255492942,0.000437021255492942,0,0,0,0,0,0,0
2023-08-12,USDC,1.000076055526733,1.000437021255493,0.9999279975891112,1.000033974647522,0.9998649954795836,1.000406980514526,1.000028014183044,0.0001350045204163708,0.0004069805145259231,0.0004069805145259231,0,0,0,0,0,0,0
2023-08-13,USDC,1.000090956687927,1.000406980514526,0.9998649954795836,1.000028014183044,0.9998250007629396,1.000568985939026,1.000120997428894,0.00017499923706043585,0.000568985939026101,0.000568985939026101,0,0,0,0,0,0,0
2023-08-14,USDC,1.000041007995605,1.000568985939026,0.9998250007629396,1.000120997428894,0.9998689889907836,1.000555038452148,1.00006902217865,0.00013101100921641962,0.0005550384521479934,0.0005550384521479934,0,0,0,0,0,0,0
2023-08-15,USDC,1.000108957290649,1.000555038452148,0.9998689889907836,1.00006902217865,0.9998170137405396,1.000851988792419,1.000036954879761,0.00018298625946044922,0.0008519887924189895,0.0008519887924189895,0,0,0,0,0,0,0
2023-08-16,USDC,1.000015020370483,1.000851988792419,0.9998170137405396,1.000036954879761,0.9992259740829468,1.001155018806458,1.000437021255493,0.0007740259170532227,0.0011550188064579636,0.0011550188064579636,0,0,0,0,0,0,0
2023-08-17,USDC,1.000017046928406,1.001155018806458,0.9992259740829468,1.000437021255493,0.9995729923248292,1.000767946243286,1.000128030776978,0.0004270076751707874,0.0007679462432859108,0.0007679462432859108,0,0,0,0,0,0,0
2023-08-18,USDC,1.000285983085632,1.000767946243286,0.9995729923248292,1.000128030776978,0.999758005142212,1.000560998916626,1.000188946723938,0.00024199485778797492,0.0005609989166259766,0.0005609989166259766,0,0,0,0,0,0,0
2023-08-19,USDC,0.9999639987945556,1.000560998916626,0.999758005142212,1.000188946723938,0.9998440146446228,1.000548005104065,1.000102043151855,0.00015598535537719727,0.0005480051040649414,0.0005480051040649414,0,0,0,0,0,0,0
2023-08-20,USDC,1.00006902217865,1.000548005104065,0.9998440146446228,1.000102043151855,0.9997569918632508,1.000635027885437,1.000002026557922,0.00024300813674915656,0.0006350278854370117,0.0006350278854370117,0,0,0,0,0,0,0
2023-08-21,USDC,1.000095009803772,1.000635027885437,0.9997569918632508,1.000002026557922,0.9997779726982116,1.000787973403931,0.9999909996986388,0.0002220273017884411,0.0007879734039311082,0.0007879734039311082,0,0,0,0,0,0,0
2023-08-22,USDC,1.000000953674316,1.000787973403931,0.9997779726982116,0.9999909996986388,0.999772012233734,1.000957012176514,1.000169992446899,0.00022798776626598016,0.0009570121765138939,0.0009570121765138939,0,0,0,0,0,0,0
2023-08-23,USDC,1.000125050544739,1.000957012176514,0.999772012233734,1.000169992446899,0.9998250007629396,1.000566959381104,0.9999150037765504,0.00017499923706043585,0.0005669593811039597,0.0005669593811039597,0,0,0,0,0,0,0
2023-08-24,USDC,1.000056028366089,1.000566959381104,0.9998250007629396,0.9999150037765504,0.999761998653412,1.000532031059265,1.000090003013611,0.00023800134658802374,0.0005320310592649147,0.0005320310592649147,0,0,0,0,0,0,0
2023-08-25,USDC,0.9999939799308776,1.000532031059265,0.999761998653412,1.000090003013611,0.9998549818992616,1.000576972961426,1.000010013580322,0.00014501810073841437,0.0005769729614260033,0.0005769729614260033,0,0,0,0,0,0,0
2023-08-26,USDC,1.000080943107605,1.000576972961426,0.9998549818992616,1.000010013580322,0.9997699856758118,1.000558972358704,1.000005960464478,0.00023001432418823242,0.0005589723587040574,0.0005589723587040574,0,0,0,0,0,0,0
2023-08-27,USDC,0.9999920129776,1.000558972358704,0.9997699856758118,1.000005960464478,0.9997820258140564,1.000602006912231,0.9999229907989502,0.00021797418594360352,0.0006020069122310012,0.0006020069122310012,0,0,0,0,0,0,0
2023-08-28,USDC,1.000007033348083,1.000602006912231,0.9997820258140564,0.9999229907989502,0.9998610019683838,1.001518964767456,1.000056028366089,0.00013899803161621094,0.0015189647674560547,0.0015189647674560547,0,0,0,0,0,0,0
2023-08-29,USDC,0.9999510049819946,1.001518964767456,0.9998610019683838,1.000056028366089,0.9997180104255676,1.000735998153687,1.000154972076416,0.00028198957443237305,0.0007359981536869675,0.0007359981536869675,0,0,0,0,0,0,0
2023-08-30,USDC,1.000025987625122,1.000735998153687,0.9997180104255676,1.000154972076416,0.9997659921646118,1.000877022743225,1.000108003616333,0.0002340078353881836,0.0008770227432250977,0.0008770227432250977,0,0,0,0,0,0,0
2023-08-31,USDC,1.000105023384094,1.000877022743225,0.9997659921646118,1.000108003616333,0.9997739791870116,1.000609993934631,1.000195980072021,0.00022602081298839227,0.0006099939346309036,0.0006099939346309036,0,0,0,0,0,0,0
2023-09-01,USDC,1.000115036964417,1.000609993934631,0.9997739791870116,1.000195980072021,0.999916970729828,1.000527024269104,1.000169992446899,8.302927017200812e-05,0.0005270242691040039,0.0005270242691040039,0,0,0,0,0,0,0
2023-09-02,USDC,1.000197052955627,1.000527024269104,0.999916970729828,1.000169992446899,0.9998639822006226,1.000838994979858,1.0001300573349,0.0001360177993774414,0.0008389949798579543,0.0008389949798579543,0,0,0,0,0,0,0
2023-09-03,USDC,1.000138998031616,1.000838994979858,0.9998639822006226,1.0001300573349,0.9997900128364564,1.000427961349487,1.000100016593933,0.00020998716354359015,0.00042796134948708264,0.00042796134948708264,0,0,0,0,0,0,0
2023-09-04,USDC,1.00005304813385,1.000427961349487,0.9997900128364564,1.000100016593933,0.9998419880867004,1.000409007072449,1.000030040740967,0.00015801191329956055,0.0004090070724489525,0.0004090070724489525,0,0,0,0,0,0,0
2023-09-05,USDC,0.9999200105667114,1.000409007072449,0.9998419880867004,1.000030040740967,0.999776005744934,1.001181960105896,1.000139951705933,0.000223994255066029,0.001181960105895996,0.001181960105895996,0,0,0,0,0,0,0
2023-09-06,USDC,1.000161051750183,1.001181960105896,0.999776005744934,1.000139951705933,0.999800980091095,1.000687956809998,1.000427007675171,0.0001990199089050293,0.0006879568099980027,0.0006879568099980027,0,0,0,0,0,0,0
2023-09-07,USDC,1.000077962875366,1.000687956809998,0.999800980091095,1.000427007675171,0.9998949766159058,1.000839948654175,1.000097036361694,0.00010502338409423828,0.0008399486541750267,0.0008399486541750267,0,0,0,0,0,0,0
2023-09-08,USDC,1.000285983085632,1.000839948654175,0.9998949766159058,1.000097036361694,0.9999340176582336,1.000671982765198,1.0001300573349,6.598234176635742e-05,0.000671982765197976,0.000671982765197976,0,0,0,0,0,0,0
2023-09-09,USDC,1.000030994415283,1.000671982765198,0.9999340176582336,1.0001300573349,0.9998400211334229,1.000625014305115,0.9999470114707948,0.00015997886657714844,0.0006250143051149681,0.0006250143051149681,0,0,0,0,0,0,0
2023-09-10,USDC,1.000090956687927,1.000625014305115,0.9998400211334229,0.9999470114707948,0.9998070001602172,1.001031994819641,1.000046968460083,0.00019299983978282587,0.0010319948196408912,0.0010319948196408912,0,0,0,0,0,0,0
2023-09-11,USDC,0.9999629855155944,1.001031994819641,0.9998070001602172,1.000046968460083,0.9998430013656616,1.00074303150177,1.000205993652344,0.0001569986343383789,0.0007430315017700195,0.0007430315017700195,0,0,0,0,0,0,0
2023-09-12,USDC,1.000141024589539,1.00074303150177,0.9998430013656616,1.000205993652344,0.9998840093612672,1.000841021537781,1.000164985656738,0.00011599063873279913,0.0008410215377809838,0.0008410215377809838,0,0,0,0,0,0,0
2023-09-13,USDC,1.000084042549133,1.000841021537781,0.9998840093612672,1.000164985656738,0.9999110102653505,1.000843048095703,1.000162959098816,8.898973464954718e-05,0.000843048095702903,0.000843048095702903,0,0,0,0,0,0,0
2023-09-14,USDC,1.000175952911377,1.000843048095703,0.9999110102653505,1.000162959098816,0.9998990297317504,1.000702023506165,1.000342011451721,0.00010097026824962274,0.0007020235061649949,0.0007020235061649949,0,0,0,0,0,0,0
2023-09-15,USDC,1.000151038169861,1.000702023506165,0.9998990297317504,1.000342011451721,0.9999790191650392,1.00082004070282,1.000167965888977,2.0980834960826478e-05,0.0008200407028200463,0.0008200407028200463,0,0,0,0,0,0,0
2023-09-16,USDC,1.000126004219055,1.00082004070282,0.9999790191650392,1.000167965888977,0.9999499917030334,1.000834941864014,1.000082969665527,5.0008296966552734e-05,0.0008349418640138939,0.0008349418640138939,0,0,0,0,0,0,0
2023-09-17,USDC,1.000115990638733,1.000834941864014,0.9999499917030334,1.000082969665527,0.9998660087585448,1.000766038894653,1.000115990638733,0.00013399124145518915,0.0007660388946530983,0.0007660388946530983,0,0,0,0,0,0,0
2023-09-18,USDC,1.000025033950806,1.000766038894653,0.9998660087585448,1.000115990638733,0.9998220205307008,1.000663042068481,1.000110030174255,0.00017797946929920538,0.0006630420684810012,0.0006630420684810012,0,0,0,0,0,0,0
2023-09-19,USDC,1.000028967857361,1.000663042068481,0.9998220205307008,1.000110030174255,0.9998480081558228,1.00055205821991,1.000185012817383,0.0001519918441772461,0.00055205821990989,0.00055205821990989,0,0,0,0,0,0,0
2023-09-20,USDC,1.000054001808167,1.00055205821991,0.9998480081558228,1.000185012817383,0.9997519850730896,1.000607013702393,1.000004053115845,0.0002480149269104004,0.0006070137023930222,0.0006070137023930222,0,0,0,0,0,0,0
2023-09-21,USDC,1.000177025794983,1.000607013702393,0.9997519850730896,1.000004053115845,0.9997469782829284,1.000442981719971,1.000089049339294,0.0002530217170716442,0.00044298171997092517,0.00044298171997092517,0,0,0,0,0,0,0
2023-09-22,USDC,1.000002026557922,1.000442981719971,0.9997469782829284,1.000089049339294,0.9999290108680724,1.000473976135254,0.9999790191650392,7.098913192760126e-05,0.00047397613525390625,0.00047397613525390625,0,0,0,0,0,0,0
2023-09-23,USDC,1.00007700920105,1.000473976135254,0.9999290108680724,0.9999790191650392,0.9999099969863892,1.000736951828003,1.000087022781372,9.000301361083984e-05,0.0007369518280029297,0.0007369518280029297,0,0,0,0,0,0,0
2023-09-24,USDC,0.9999729990959167,1.000736951828003,0.9999099969863892,1.000087022781372,0.9997990131378174,1.000632047653198,1.00005304813385,0.0002009868621826172,0.0006320476531980201,0.0006320476531980201,0,0,0,0,0,0,0
2023-09-25,USDC,1.000113010406494,1.000632047653198,0.9997990131378174,1.00005304813385,0.9998840093612672,1.000710010528564,1.000079035758972,0.00011599063873279913,0.000710010528564009,0.000710010528564009,0,0,0,0,0,0,0
2023-09-26,USDC,1.000000953674316,1.000710010528564,0.9998840093612672,1.000079035758972,0.9998890161514282,1.00075900554657,1.000156044960022,0.00011098384857177734,0.0007590055465700463,0.0007590055465700463,0,0,0,0,0,0,0
2023-09-27,USDC,1.000046968460083,1.00075900554657,0.9998890161514282,1.000156044960022,0.999871015548706,1.001157999038696,1.000064015388489,0.0001289844512939453,0.001157999038696067,0.001157999038696067,0,0,0,0,0,0,0
2023-09-28,USDC,1.00019097328186,1.001157999038696,0.999871015548706,1.000064015388489,0.999805986881256,1.000679016113281,1.000095009803772,0.0001940131187440075,0.000679016113281028,0.000679016113281028,0,0,0,0,0,0,0
2023-09-29,USDC,1.000126957893372,1.000679016113281,0.999805986881256,1.000095009803772,0.9998279809951782,1.000576019287109,1.000105977058411,0.00017201900482177734,0.0005760192871089309,0.0005760192871089309,0,0,0,0,0,0,0
2023-09-30,USDC,1.000123023986816,1.000576019287109,0.9998279809951782,1.000105977058411,0.9998649954795836,1.000419974327087,1.000090003013611,0.0001350045204163708,0.00041997432708695825,0.00041997432708695825,0,0,0,0,0,0,0
2023-10-01,USDC,1.000110983848572,1.000419974327087,0.9998649954795836,1.000090003013611,0.9997869729995728,1.000656962394714,1.000030040740967,0.0002130270004272461,0.0006569623947139114,0.0006569623947139114,0,0,0,0,0,0,0
2023-10-02,USDC,1.000288009643555,1.000656962394714,0.9997869729995728,1.000030040740967,0.999737024307251,1.000581026077271,1.000095009803772,0.00026297569274902344,0.0005810260772709519,0.0005810260772709519,0,0,0,0,0,0,0
2023-10-03,USDC,1.000030040740967,1.000581026077271,0.999737024307251,1.000095009803772,0.999813973903656,1.000488996505737,1.000393033027649,0.00018602609634399414,0.0004889965057370826,0.0004889965057370826,0,0,0,0,0,0,0
2023-10-04,USDC,1.000013947486877,1.000488996505737,0.999813973903656,1.000393033027649,0.9998300075531006,1.000432968139648,0.9999489784240724,0.00016999244689941406,0.0004329681396479934,0.0004329681396479934,0,0,0,0,0,0,0
2023-10-05,USDC,1.000260949134827,1.000432968139648,0.9998300075531006,0.9999489784240724,0.9997730255126952,1.000363945960999,0.9999909996986388,0.00022697448730479852,0.00036394596099897925,0.00036394596099897925,0,0,0,0,0,0,0
2023-10-06,USDC,0.9998940229415894,1.000363945960999,0.9997730255126952,0.9999909996986388,0.999750018119812,1.000185012817383,0.9999600052833556,0.0002499818801879883,0.00018501281738303454,0.0002499818801879883,0,0,0,0,0,0,0
2023-10-07,USDC,0.9999899864196776,1.000185012817383,0.999750018119812,0.9999600052833556,0.9997079968452454,1.000131964683533,0.9999690055847168,0.00029200315475463867,0.0001319646835329369,0.00029200315475463867,0,0,0,0,0,0,0
2023-10-08,USDC,1.000012040138245,1.000131964683533,0.9997079968452454,0.9999690055847168,0.999684989452362,1.000664949417114,0.9999020099639891,0.0003150105476380505,0.0006649494171140358,0.0006649494171140358,0,0,0,0,0,0,0
2023-10-09,USDC,0.9999579787254332,1.000664949417114,0.999684989452362,0.9999020099639891,0.9997289776802064,1.000532984733582,0.9999759793281556,0.00027102231979359015,0.0005329847335819871,0.0005329847335819871,0,0,0,0,0,0,0
2023-10-10,USDC,0.9999930262565612,1.000532984733582,0.9997289776802064,0.9999759793281556,0.9998189806938172,1.000524044036865,0.999970018863678,0.0001810193061827503,0.0005240440368650123,0.0005240440368650123,0,0,0,0,0,0,0
2023-10-11,USDC,1.000041007995605,1.000524044036865,0.9998189806938172,0.999970018863678,0.9998430013656616,1.000797986984253,1.000108003616333,0.0001569986343383789,0.0007979869842529297,0.0007979869842529297,0,0,0,0,0,0,0
2023-10-12,USDC,0.999974012374878,1.000797986984253,0.9998430013656616,1.000108003616333,0.9998810291290284,1.000738024711609,1.000239014625549,0.00011897087097156867,0.0007380247116091088,0.0007380247116091088,0,0,0,0,0,0,0
2023-10-13,USDC,1.000054001808167,1.000738024711609,0.9998810291290284,1.000239014625549,0.9999539852142334,1.000530958175659,1.000113010406494,4.601478576660156e-05,0.0005309581756589576,0.0005309581756589576,0,0,0,0,0,0,0
2023-10-14,USDC,1.000167012214661,1.000530958175659,0.9999539852142334,1.000113010406494,0.9999039769172668,1.000673055648804,1.000313997268677,9.60230827331543e-05,0.000673055648803933,0.000673055648803933,0,0,0,0,0,0,0
2023-10-15,USDC,1.000048041343689,1.000673055648804,0.9999039769172668,1.000313997268677,0.9998180270195008,1.000821948051453,1.00020694732666,0.00018197298049915656,0.0008219480514530808,0.0008219480514530808,0,0,0,0,0,0,0
2023-10-16,USDC,1.000233054161072,1.000821948051453,0.9998180270195008,1.00020694732666,0.999813973903656,1.000327944755554,1.0000239610672,0.00018602609634399414,0.0003279447555539772,0.0003279447555539772,0,0,0,0,0,0,0
2023-10-17,USDC,1.000221014022827,1.000327944755554,0.999813973903656,1.0000239610672,0.999886989593506,1.000470042228699,1.000038981437683,0.0001130104064940296,0.0004700422286989525,0.0004700422286989525,0,0,0,0,0,0,0
2023-10-18,USDC,1.000054001808167,1.000470042228699,0.999886989593506,1.000038981437683,0.999858021736145,1.000548005104065,0.9999880194664,0.00014197826385498047,0.0005480051040649414,0.0005480051040649414,0,0,0,0,0,0,0
2023-10-19,USDC,1.000208020210266,1.000548005104065,0.999858021736145,0.9999880194664,0.9996430277824402,1.00054395198822,1.000064015388489,0.00035697221755981445,0.0005439519882199928,0.0005439519882199928,0,0,0,0,0,0,0
2023-10-20,USDC,1.000012040138245,1.00054395198822,0.9996430277824402,1.000064015388489,0.9998130202293396,1.000211954116821,0.9999489784240724,0.0001869797706604004,0.00021195411682106702,0.00021195411682106702,0,0,0,0,0,0,0
2023-10-21,USDC,1.000015020370483,1.000211954116821,0.9998130202293396,0.9999489784240724,0.9997220039367676,1.000509023666382,0.9999179840087892,0.0002779960632324219,0.000509023666382058,0.000509023666382058,0,0,0,0,0,0,0
2023-10-22,USDC,0.999925971031189,1.000509023666382,0.9997220039367676,0.9999179840087892,0.99932599067688,1.000586986541748,1.000089049339294,0.0006740093231200062,0.0005869865417480469,0.0006740093231200062,0,0,0,0,0,0,0
2023-10-23,USDC,1.000301003456116,1.000586986541748,0.99932599067688,1.000089049339294,0.9995179772377014,1.000481963157654,0.9999939799308776,0.000482022762298584,0.00048196315765403064,0.000482022762298584,0,0,0,0,0,0,0
2023-10-24,USDC,0.9999769926071168,1.000481963157654,0.9995179772377014,0.9999939799308776,0.9998130202293396,1.000784993171692,1.000195980072021,0.0001869797706604004,0.0007849931716918945,0.0007849931716918945,0,0,0,0,0,0,0
2023-10-25,USDC,0.9999960064888,1.000784993171692,0.9998130202293396,1.000195980072021,0.9998160004615784,1.000522017478943,1.000018954277039,0.00018399953842163086,0.0005220174789430931,0.0005220174789430931,0,0,0,0,0,0,0
2023-10-26,USDC,1.0001540184021,1.000522017478943,0.9998160004615784,1.000018954277039,0.9998149871826172,1.000789999961853,1.0,0.0001850128173828125,0.0007899999618530273,0.0007899999618530273,0,0,0,0,0,0,0
2023-10-27,USDC,1.000005960464478,1.000789999961853,0.9998149871826172,1.0,0.9995869994163512,1.000599980354309,1.000056028366089,0.00041300058364879266,0.000599980354309082,0.000599980354309082,0,0,0,0,0,0,0
2023-10-28,USDC,1.0000319480896,1.000599980354309,0.9995869994163512,1.000056028366089,0.9998419880867004,1.000476002693176,1.000022053718567,0.00015801191329956055,0.0004760026931760475,0.0004760026931760475,0,0,0,0,0,0,0
2023-10-29,USDC,1.000038027763367,1.000476002693176,0.9998419880867004,1.000022053718567,0.9997079968452454,1.000468015670776,1.000167965888977,0.00029200315475463867,0.0004680156707759231,0.0004680156707759231,0,0,0,0,0,0,0
2023-10-30,USDC,0.9999510049819946,1.000468015670776,0.9997079968452454,1.000167965888977,0.999763011932373,1.000452041625977,0.9999399781227112,0.00023698806762695312,0.0004520416259770066,0.0004520416259770066,0,0,0,0,0,0,0
2023-10-31,USDC,1.000198006629944,1.000452041625977,0.999763011932373,0.9999399781227112,0.9996439814567566,1.000447988510132,1.000233054161072,0.0003560185432434082,0.000447988510132058,0.000447988510132058,0,0,0,0,0,0,0
2023-11-01,USDC,1.00010097026825,1.000447988510132,0.9996439814567566,1.000233054161072,0.9997680187225342,1.000633955001831,1.000120043754578,0.0002319812774658203,0.0006339550018310547,0.0006339550018310547,0,0,0,0,0,0,0
2023-11-02,USDC,1.000177979469299,1.000633955001831,0.9997680187225342,1.000120043754578,0.999787986278534,1.000645995140076,1.000249028205872,0.00021201372146595343,0.0006459951400759056,0.0006459951400759056,0,0,0,0,0,0,0
2023-11-03,USDC,1.000157952308655,1.000645995140076,0.999787986278534,1.000249028205872,0.9999449849128724,1.000691056251526,1.000174999237061,5.5015087127574525e-05,0.000691056251526101,0.000691056251526101,0,0,0,0,0,0,0
2023-11-04,USDC,1.000170946121216,1.000691056251526,0.9999449849128724,1.000174999237061,0.99965900182724,1.00075900554657,0.9999970197677612,0.00034099817276000977,0.0007590055465700463,0.0007590055465700463,0,0,0,0,0,0,0
2023-11-05,USDC,1.000260949134827,1.00075900554657,0.99965900182724,0.9999970197677612,0.999805986881256,1.000442981719971,0.9999840259552002,0.0001940131187440075,0.00044298171997092517,0.00044298171997092517,0,0,0,0,0,0,0
2023-11-06,USDC,1.000090956687927,1.000442981719971,0.999805986881256,0.9999840259552002,0.999796986579895,1.000808000564575,1.000028014183044,0.00020301342010498047,0.0008080005645749733,0.0008080005645749733,0,0,0,0,0,0,0
2023-11-07,USDC,0.9999420046806335,1.000808000564575,0.999796986579895,1.000028014183044,0.9998520016670228,1.000412940979004,1.000033974647522,0.0001479983329771839,0.00041294097900390625,0.00041294097900390625,0,0,0,0,0,0,0
2023-11-08,USDC,1.000022053718567,1.000412940979004,0.9998520016670228,1.000033974647522,0.9992380142211914,1.000362992286682,0.9999560117721558,0.0007619857788085938,0.00036299228668190686,0.0007619857788085938,0,0,0,0,0,0,0
2023-11-09,USDC,1.000051021575928,1.000362992286682,0.9992380142211914,0.9999560117721558,0.9995319843292236,1.00039005279541,0.999541997909546,0.0004680156707763672,0.0003900527954099342,0.0004680156707763672,0,0,0,0,0,0,0
2023-11-10,USDC,0.9999079704284668,1.00039005279541,0.9995319843292236,0.999541997909546,0.9994630217552184,1.000134944915771,0.9997100234031676,0.0005369782447816052,0.00013494491577104029,0.0005369782447816052,0,0,0,0,0,0,0
2023-11-11,USDC,0.9998329877853394,1.000134944915771,0.9994630217552184,0.9997100234031676,0.9992030262947084,1.000326991081238,0.9996010065078736,0.000796973705291637,0.000326991081238015,0.000796973705291637,0,0,0,0,0,0,0
2023-11-12,USDC,0.999688982963562,1.000326991081238,0.9992030262947084,0.9996010065078736,0.999339997768402,1.000810980796814,0.9999629855155944,0.0006600022315980114,0.0008109807968139648,0.0008109807968139648,0,0,0,0,0,0,0
2023-11-13,USDC,0.9997730255126952,1.000810980796814,0.999339997768402,0.9999629855155944,0.9996079802513124,1.000507950782776,1.000025033950806,0.0003920197486876331,0.000507950782776101,0.000507950782776101,0,0,0,0,0,0,0
2023-11-14,USDC,1.000259041786194,1.000507950782776,0.9996079802513124,1.000025033950806,0.9998030066490172,1.000427961349487,1.000030040740967,0.00019699335098277704,0.00042796134948708264,0.00042796134948708264,0,0,0,0,0,0,0
2023-11-15,USDC,1.000074028968811,1.000427961349487,0.9998030066490172,1.000030040740967,0.9996479749679564,1.000372052192688,0.9999520182609558,0.00035202503204356805,0.0003720521926879883,0.0003720521926879883,0,0,0,0,0,0,0
2023-11-16,USDC,1.000089049339294,1.000372052192688,0.9996479749679564,0.9999520182609558,0.9997119903564452,1.000452995300293,1.00019097328186,0.0002880096435547985,0.00045299530029296875,0.00045299530029296875,0,0,0,0,0,0,0
2023-11-17,USDC,1.000017046928406,1.000452995300293,0.9997119903564452,1.00019097328186,0.999800980091095,1.000290036201477,1.000072956085205,0.0001990199089050293,0.0002900362014770508,0.0002900362014770508,0,0,0,0,0,0,0
2023-11-18,USDC,1.000120997428894,1.000290036201477,0.999800980091095,1.000072956085205,0.9997950196266174,1.000264048576355,0.9999759793281556,0.00020498037338256836,0.00026404857635498047,0.00026404857635498047,0,0,0,0,0,0,0
2023-11-19,USDC,1.000074028968811,1.000264048576355,0.9997950196266174,0.9999759793281556,0.9995489716529846,1.000247001647949,0.9999690055847168,0.00045102834701538086,0.0002470016479489967,0.00045102834701538086,0,0,0,0,0,0,0
2023-11-20,USDC,1.000026941299438,1.000247001647949,0.9995489716529846,0.9999690055847168,0.9995650053024292,1.00032901763916,1.000046014785767,0.0004349946975708008,0.0003290176391599342,0.0004349946975708008,0,0,0,0,0,0,0
2023-11-21,USDC,0.9998210072517396,1.00032901763916,0.9995650053024292,1.000046014785767,0.9995689988136292,1.000574946403503,0.9999819993972778,0.0004310011863708496,0.0005749464035029739,0.0005749464035029739,0,0,0,0,0,0,0
2023-11-22,USDC,1.000010967254639,1.000574946403503,0.9995689988136292,0.9999819993972778,0.9997550249099731,1.000203013420105,0.9999560117721558,0.00024497509002685547,0.00020301342010498047,0.00024497509002685547,0,0,0,0,0,0,0
2023-11-23,USDC,1.000004053115845,1.000203013420105,0.9997550249099731,0.9999560117721558,0.9994329810142516,1.000450968742371,0.9996320009231568,0.000567018985748402,0.00045096874237104956,0.000567018985748402,0,0,0,0,0,0,0
2023-11-24,USDC,1.000020027160645,1.000450968742371,0.9994329810142516,0.9996320009231568,0.9993969798088074,1.000149965286255,0.999886989593506,0.000603020191192627,0.00014996528625510486,0.000603020191192627,0,0,0,0,0,0,0
2023-11-25,USDC,0.9995549917221068,1.000149965286255,0.9993969798088074,0.999886989593506,0.9992259740829468,1.000002980232239,0.9998679757118224,0.0007740259170532227,2.980232238991576e-06,0.0007740259170532227,0,0,0,0,0,0,0
2023-11-26,USDC,0.9998760223388672,1.000002980232239,0.9992259740829468,0.9998679757118224,0.9994670152664183,1.000512003898621,0.9999989867210388,0.000532984733581654,0.0005120038986210496,0.000532984733581654,0,0,0,0,0,0,0
2023-11-27,USDC,0.9998599886894226,1.000512003898621,0.9994670152664183,0.9999989867210388,0.9994289875030518,1.000532984733582,0.9999139904975892,0.0005710124969482422,0.0005329847335819871,0.0005710124969482422,0,0,0,0,0,0,0
2023-11-28,USDC,1.000113010406494,1.000532984733582,0.9994289875030518,0.9999139904975892,0.9993230104446412,1.000228047370911,1.000040054321289,0.0006769895553587757,0.00022804737091108862,0.0006769895553587757,0,0,0,0,0,0,0
2023-11-29,USDC,0.999853014945984,1.000228047370911,0.9993230104446412,1.000040054321289,0.9997910261154176,1.000288009643555,1.000005960464478,0.0002089738845824085,0.00028800964355490954,0.00028800964355490954,0,0,0,0,0,0,0
2023-11-30,USDC,1.000022053718567,1.000288009643555,0.9997910261154176,1.000005960464478,0.9994959831237792,1.00020694732666,0.999796986579895,0.0005040168762208141,0.0002069473266599342,0.0005040168762208141,0,0,0,0,0,0,0
2023-12-01,USDC,1.00009298324585,1.00020694732666,0.9994959831237792,0.999796986579895,0.9993199706077576,1.000115036964417,0.9999529719352722,0.0006800293922424316,0.000115036964416948,0.0006800293922424316,0,0,0,0,0,0,0
2023-12-02,USDC,0.9997509717941284,1.000115036964417,0.9993199706077576,0.9999529719352722,0.998894989490509,1.000169038772583,0.9998959898948668,0.0011050105094909668,0.0001690387725830078,0.0011050105094909668,0,0,0,0,0,0,0
2023-12-03,USDC,0.999966025352478,1.000169038772583,0.998894989490509,0.9998959898948668,0.99904602766037,1.000473976135254,0.9999210238456726,0.0009539723396300159,0.00047397613525390625,0.0009539723396300159,0,0,0,0,0,0,0
2023-12-04,USDC,0.9999020099639891,1.000473976135254,0.99904602766037,0.9999210238456726,0.9993579983711244,1.000444054603577,1.00028395652771,0.0006420016288756214,0.00044405460357710425,0.0006420016288756214,0,0,0,0,0,0,0
2023-12-05,USDC,0.9999729990959167,1.000444054603577,0.9993579983711244,1.00028395652771,0.9997779726982116,1.000619053840637,1.000030994415283,0.0002220273017884411,0.000619053840636985,0.000619053840636985,0,0,0,0,0,0,0
2023-12-06,USDC,1.000012993812561,1.000619053840637,0.9997779726982116,1.000030994415283,0.9997649788856506,1.000607013702393,0.9999970197677612,0.00023502111434936523,0.0006070137023930222,0.0006070137023930222,0,0,0,0,0,0,0
2023-12-07,USDC,0.9999769926071168,1.000607013702393,0.9997649788856506,0.9999970197677612,0.9998070001602172,1.000556945800781,0.9999250173568726,0.00019299983978282587,0.000556945800781028,0.000556945800781028,0,0,0,0,0,0,0
2023-12-08,USDC,1.000017046928406,1.000556945800781,0.9998070001602172,0.9999250173568726,0.9998419880867004,1.000656008720398,1.000195026397705,0.00015801191329956055,0.0006560087203979492,0.0006560087203979492,0,0,0,0,0,0,0
2023-12-09,USDC,0.9999189972877502,1.000656008720398,0.9998419880867004,1.000195026397705,0.9998310208320618,1.000586032867432,1.000028014183044,0.00016897916793823242,0.0005860328674320847,0.0005860328674320847,0,0,0,0,0,0,0
2023-12-10,USDC,1.000056028366089,1.000586032867432,0.9998310208320618,1.000028014183044,0.999692976474762,1.002967000007629,1.000079989433289,0.0003070235252380371,0.0029670000076289504,0.0029670000076289504,0,0,0,0,0,0,0
2023-12-11,USDC,1.000095009803772,1.002967000007629,0.999692976474762,1.000079989433289,0.999783992767334,1.00099503993988,1.00030505657196,0.00021600723266601562,0.000995039939879927,0.000995039939879927,0,0,0,0,0,0,0
2023-12-12,USDC,1.0001540184021,1.00099503993988,0.999783992767334,1.00030505657196,0.9998090267181396,1.001093029975891,1.000002980232239,0.00019097328186035156,0.0010930299758908912,0.0010930299758908912,0,0,0,0,0,0,0
2023-12-13,USDC,1.000265955924988,1.001093029975891,0.9998090267181396,1.000002980232239,0.9998480081558228,1.000993013381958,0.9999769926071168,0.0001519918441772461,0.0009930133819580078,0.0009930133819580078,0,0,0,0,0,0,0
2023-12-14,USDC,1.000123023986816,1.000993013381958,0.9998480081558228,0.9999769926071168,0.9998459815979004,1.000846028327942,1.000169992446899,0.00015401840209960938,0.0008460283279418945,0.0008460283279418945,0,0,0,0,0,0,0
2023-12-15,USDC,1.000048995018005,1.000846028327942,0.9998459815979004,1.000169992446899,0.9998419880867004,1.00081205368042,0.9999729990959167,0.00015801191329956055,0.0008120536804199219,0.0008120536804199219,0,0,0,0,0,0,0
2023-12-16,USDC,1.000170946121216,1.00081205368042,0.9998419880867004,0.9999729990959167,0.9997739791870116,1.001065969467163,1.000545978546143,0.00022602081298839227,0.001065969467163086,0.001065969467163086,0,0,0,0,0,0,0
2023-12-17,USDC,0.9998729825019836,1.001065969467163,0.9997739791870116,1.000545978546143,0.9998369812965392,1.000947952270508,1.000030994415283,0.00016301870346080438,0.0009479522705080345,0.0009479522705080345,0,0,0,0,0,0,0
2023-12-18,USDC,1.000213027000427,1.000947952270508,0.9998369812965392,1.000030994415283,0.9996960163116456,1.000936985015869,1.000257015228271,0.00030398368835438117,0.0009369850158689186,0.0009369850158689186,0,0,0,0,0,0,0
2023-12-19,USDC,1.000000953674316,1.000936985015869,0.9996960163116456,1.000257015228271,0.9997220039367676,1.001237034797668,1.000026941299438,0.0002779960632324219,0.001237034797668013,0.001237034797668013,0,0,0,0,0,0,0
2023-12-20,USDC,1.0001540184021,1.001237034797668,0.9997220039367676,1.000026941299438,0.9997040033340454,1.000676989555359,0.9999819993972778,0.00029599666595458984,0.0006769895553591088,0.0006769895553591088,0,0,0,0,0,0,0
2023-12-21,USDC,0.9999650120735168,1.000676989555359,0.9997040033340454,0.9999819993972778,0.9998430013656616,1.001039028167725,1.000205039978027,0.0001569986343383789,0.0010390281677250535,0.0010390281677250535,0,0,0,0,0,0,0
2023-12-22,USDC,0.9999819993972778,1.001039028167725,0.9998430013656616,1.000205039978027,0.9998739957809448,1.000658988952637,1.000247955322266,0.00012600421905517578,0.0006589889526369408,0.0006589889526369408,0,0,0,0,0,0,0
2023-12-23,USDC,1.000213027000427,1.000658988952637,0.9998739957809448,1.000247955322266,0.9997199773788452,1.000691056251526,1.000308990478516,0.00028002262115478516,0.000691056251526101,0.000691056251526101,0,0,0,0,0,0,0
2023-12-24,USDC,1.000051021575928,1.000691056251526,0.9997199773788452,1.000308990478516,0.9997959733009338,1.000605940818787,1.000396966934204,0.0002040266990661621,0.0006059408187870652,0.0006059408187870652,0,0,0,0,0,0,0
2023-12-25,USDC,1.000311970710754,1.000605940818787,0.9997959733009338,1.000396966934204,0.9997090101242064,1.000651955604553,1.000357031822205,0.00029098987579356805,0.0006519556045530006,0.0006519556045530006,0,0,0,0,0,0,0
2023-12-26,USDC,1.000265002250671,1.000651955604553,0.9997090101242064,1.000357031822205,0.9998850226402284,1.000849962234497,0.9999610185623168,0.0001149773597716175,0.0008499622344970703,0.0008499622344970703,0,0,0,0,0,0,0
2023-12-27,USDC,1.00033700466156,1.000849962234497,0.9998850226402284,0.9999610185623168,0.999684989452362,1.000982046127319,1.00075101852417,0.0003150105476380505,0.0009820461273188918,0.0009820461273188918,0,0,0,0,0,0,0
2023-12-28,USDC,1.000154972076416,1.000982046127319,0.999684989452362,1.00075101852417,0.9999210238456726,1.001173973083496,1.000342965126038,7.897615432739258e-05,0.0011739730834960938,0.0011739730834960938,0,0,0,0,0,0,0
2023-12-29,USDC,1.000659942626953,1.001173973083496,0.9999210238456726,1.000342965126038,0.9998559951782228,1.00115704536438,1.000329971313477,0.00014400482177723273,0.0011570453643801049,0.0011570453643801049,0,0,0,0,0,0,0
2023-12-30,USDC,1.000381946563721,1.00115704536438,0.9998559951782228,1.000329971313477,0.9998340010643004,1.001227021217346,1.000069975852966,0.0001659989356995739,0.0012270212173459694,0.0012270212173459694,0,0,0,0,0,0,0
2022-01-01,USDT,1.00009298324585,1.000746965408325,1.000030040740967,1.000499963760376,1.000159978866577,1.000849962234497,1.000460028648376,-0.0001599788665769264,0.0008499622344970703,0.0008499622344970703,0,0,0,0,0,0,0
2022-01-02,USDT,1.00049102306366,1.000849962234497,1.000159978866577,1.000460028648376,1.000040054321289,1.00072705745697,1.000164985656738,-4.00543212890625e-05,0.0007270574569699928,0.0007270574569699928,0,0,0,0,0,0,0
2022-01-03,USDT,1.000452995300293,1.00072705745697,1.000040054321289,1.000164985656738,0.999978005886078,1.000537991523743,1.000208020210266,2.199411392200812e-05,0.0005379915237428978,0.0005379915237428978,0,0,0,0,0,0,0
2022-01-04,USDT,1.000161051750183,1.000537991523743,0.999978005886078,1.000208020210266,0.9999520182609558,1.000625967979431,1.00012195110321,4.798173904418945e-05,0.0006259679794309303,0.0006259679794309303,0,0,0,0,0,0,0
2022-01-05,USDT,1.000205039978027,1.000625967979431,0.9999520182609558,1.00012195110321,0.9999809861183168,1.000597953796387,1.000195026397705,1.9013881683238587e-05,0.0005979537963869408,0.0005979537963869408,0,0,0,0,0,0,0
2022-01-06,USDT,1.000123023986816,1.000597953796387,0.9999809861183168,1.000195026397705,0.999845027923584,1.000627994537354,1.00025200843811,0.00015497207641601562,0.0006279945373539597,0.0006279945373539597,0,0,0,0,0,0,0
2022-01-07,USDT,1.000208020210266,1.000627994537354,0.999845027923584,1.00025200843811,0.999879002571106,1.000444054603577,1.000097036361694,0.00012099742889404297,0.00044405460357710425,0.00044405460357710425,0,0,0,0,0,0,0
2022-01-08,USDT,1.00025999546051,1.000444054603577,0.999879002571106,1.000097036361694,1.0000079870224,1.000313997268677,1.000257015228271,-7.987022399902344e-06,0.00031399726867697986,0.00031399726867697986,0,0,0,0,0,0,0
2022-01-09,USDT,1.000097036361694,1.000313997268677,1.0000079870224,1.000257015228271,1.000020027160645,1.000303983688354,1.000180959701538,-2.002716064497534e-05,0.0003039836883540481,0.0003039836883540481,0,0,0,0,0,0,0
2022-01-10,USDT,1.000255942344666,1.000303983688354,1.000020027160645,1.000180959701538,1.000018954277039,1.000519990921021,1.000362038612366,-1.8954277039018308e-05,0.0005199909210209519,0.0005199909210209519,0,0,0,0,0,0,0
2022-01-11,USDT,1.000179052352905,1.000519990921021,1.000018954277039,1.000362038612366,1.000210046768188,1.000712990760803,1.000290036201477,-0.00021004676818803247,0.0007129907608030006,0.0007129907608030006,0,0,0,0,0,0,0
2022-01-12,USDT,1.00036895275116,1.000712990760803,1.000210046768188,1.000290036201477,1.000262022018433,1.000763058662415,1.000404953956604,-0.0002620220184330613,0.0007630586624149949,0.0007630586624149949,0,0,0,0,0,0,0
2022-01-13,USDT,1.000287055969238,1.000763058662415,1.000262022018433,1.000404953956604,1.0001620054245,1.000756978988647,1.000283002853394,-0.0001620054244999558,0.0007569789886470168,0.0007569789886470168,0,0,0,0,0,0,0
2022-01-14,USDT,1.000411033630371,1.000756978988647,1.0001620054245,1.000283002853394,1.000221967697144,1.000939965248108,1.000641942024231,-0.00022196769714399878,0.0009399652481079102,0.0009399652481079102,0,0,0,0,0,0,0
2022-01-15,USDT,1.000301003456116,1.000939965248108,1.000221967697144,1.000641942024231,1.000242948532104,1.000818014144897,1.000416994094849,-0.0002429485321040481,0.0008180141448970168,0.0008180141448970168,0,0,0,0,0,0,0
2022-01-16,USDT,1.00072705745697,1.000818014144897,1.000242948532104,1.000416994094849,1.000218033790588,1.000648975372314,1.000367999076843,-0.00021803379058793482,0.000648975372314009,0.000648975372314009,0,0,0,0,0,0,0
2022-01-17,USDT,1.000434041023254,1.000648975372314,1.000218033790588,1.000367999076843,1.000174045562744,1.000996947288513,1.000419974327087,-0.00017404556274391858,0.0009969472885129615,0.0009969472885129615,0,0,0,0,0,0,0
2022-01-18,USDT,1.000350952148438,1.000996947288513,1.000174045562744,1.000419974327087,1.000190019607544,1.001041054725647,1.000489950180054,-0.0001900196075439453,0.0010410547256469727,0.0010410547256469727,0,0,0,0,0,0,0
2022-01-19,USDT,1.000412940979004,1.001041054725647,1.000190019607544,1.000489950180054,1.000071048736572,1.000890016555786,1.000257015228271,-7.104873657204358e-05,0.0008900165557859108,0.0008900165557859108,0,0,0,0,0,0,0
2022-01-20,USDT,1.000480055809021,1.000890016555786,1.000071048736572,1.000257015228271,1.000012993812561,1.000720024108887,1.000177025794983,-1.2993812561035156e-05,0.0007200241088869408,0.0007200241088869408,0,0,0,0,0,0,0
2022-01-21,USDT,1.000249981880188,1.000720024108887,1.000012993812561,1.000177025794983,1.000072956085205,1.000941038131714,1.000157952308655,-7.295608520507812e-05,0.0009410381317140892,0.0009410381317140892,0,0,0,0,0,0,0
2022-01-22,USDT,1.000182032585144,1.000941038131714,1.000072956085205,1.000157952308655,1.000107049942017,1.001008033752441,1.00049102306366,-0.00010704994201704565,0.0010080337524409622,0.0010080337524409622,0,0,0,0,0,0,0
2022-01-23,USDT,1.000154972076416,1.001008033752441,1.000107049942017,1.00049102306366,1.000108003616333,1.001062035560608,1.000439047813416,-0.00010800361633300781,0.0010620355606079102,0.0010620355606079102,0,0,0,0,0,0,0
2022-01-24,USDT,1.000498056411743,1.001062035560608,1.000108003616333,1.000439047813416,1.000169038772583,1.000902056694031,1.000604033470154,-0.0001690387725830078,0.0009020566940309838,0.0009020566940309838,0,0,0,0,0,0,0
2022-01-25,USDT,1.000442028045654,1.000902056694031,1.000169038772583,1.000604033470154,1.000290036201477,1.001116991043091,1.000630021095276,-0.0002900362014770508,0.0011169910430910424,0.0011169910430910424,0,0,0,0,0,0,0
2022-01-26,USDT,1.000594973564148,1.001116991043091,1.000290036201477,1.000630021095276,1.00020694732666,1.000859022140503,1.000344038009644,-0.0002069473266599342,0.0008590221405029297,0.0008590221405029297,0,0,0,0,0,0,0
2022-01-27,USDT,1.000632047653198,1.000859022140503,1.00020694732666,1.000344038009644,1.000151038169861,1.000723004341125,1.00034499168396,-0.0001510381698610619,0.0007230043411250442,0.0007230043411250442,0,0,0,0,0,0,0
2022-01-28,USDT,1.000342965126038,1.000723004341125,1.000151038169861,1.00034499168396,1.000193953514099,1.000633001327515,1.000362038612366,-0.00019395351409889905,0.0006330013275150925,0.0006330013275150925,0,0,0,0,0,0,0
2022-01-29,USDT,1.000339984893799,1.000633001327515,1.000193953514099,1.000362038612366,1.000234007835388,1.000607013702393,1.000341057777405,-0.00023400783538796155,0.0006070137023930222,0.0006070137023930222,0,0,0,0,0,0,0
2022-01-30,USDT,1.000455021858215,1.000607013702393,1.000234007835388,1.000341057777405,1.000265002250671,1.000676989555359,1.000484943389893,-0.00026500225067094263,0.0006769895553591088,0.0006769895553591088,0,0,0,0,0,0,0
2022-01-31,USDT,1.000344038009644,1.000676989555359,1.000265002250671,1.000484943389893,1.000354051589966,1.000741004943848,1.000426054000854,-0.00035405158996604236,0.0007410049438481003,0.0007410049438481003,0,0,0,0,0,0,0
2022-02-01,USDT,1.000504970550537,1.000741004943848,1.000354051589966,1.000426054000854,1.000308036804199,1.000663995742798,1.000380039215088,-0.0003080368041989967,0.0006639957427980736,0.0006639957427980736,0,0,0,0,0,0,0
2022-02-02,USDT,1.000427007675171,1.000663995742798,1.000308036804199,1.000380039215088,1.000288009643555,1.000761985778809,1.000385999679565,-0.00028800964355490954,0.0007619857788090378,0.0007619857788090378,0,0,0,0,0,0,0
2022-02-03,USDT,1.000380039215088,1.000761985778809,1.000288009643555,1.000385999679565,1.000277996063232,1.000993967056274,1.000563025474548,-0.0002779960632319778,0.00099396705627397,0.00099396705627397,0,0,0,0,0,0,0
2022-02-04,USDT,1.000386953353882,1.000993967056274,1.000277996063232,1.000563025474548,1.000378012657166,1.000807046890259,1.000594973564148,-0.00037801265716597143,0.0008070468902590111,0.0008070468902590111,0,0,0,0,0,0,0
2022-02-05,USDT,1.000563979148865,1.000807046890259,1.000378012657166,1.000594973564148,1.000362992286682,1.000828981399536,1.000679016113281,-0.00036299228668190686,0.0008289813995359108,0.0008289813995359108,0,0,0,0,0,0,0
2022-02-06,USDT,1.000586986541748,1.000828981399536,1.000362992286682,1.000679016113281,1.000396966934204,1.000852942466736,1.000555038452148,-0.00039696693420410156,0.0008529424667360619,0.0008529424667360619,0,0,0,0,0,0,0
2022-02-07,USDT,1.000676989555359,1.000852942466736,1.000396966934204,1.000555038452148,1.000491976737976,1.000990986824036,1.000619053840637,-0.0004919767379760742,0.0009909868240360886,0.0009909868240360886,0,0,0,0,0,0,0
2022-02-08,USDT,1.000553965568542,1.000990986824036,1.000491976737976,1.000619053840637,1.000545024871826,1.000998973846436,1.000743985176086,-0.0005450248718259498,0.000998973846435991,0.000998973846435991,0,0,0,0,0,0,0
2022-02-09,USDT,1.00060498714447,1.000998973846436,1.000545024871826,1.000743985176086,1.000506997108459,1.001054048538208,1.000725984573364,-0.0005069971084590286,0.0010540485382080078,0.0010540485382080078,0,0,0,0,0,0,0
2022-02-10,USDT,1.000730037689209,1.001054048538208,1.000506997108459,1.000725984573364,1.000504016876221,1.002683043479919,1.000722050666809,-0.0005040168762209252,0.0026830434799189895,0.0026830434799189895,0,0,0,0,0,0,0
2022-02-11,USDT,1.000730037689209,1.002683043479919,1.000504016876221,1.000722050666809,1.000471949577332,1.001073002815247,1.000601053237915,-0.00047194957733198706,0.0010730028152470261,0.0010730028152470261,0,0,0,0,0,0,0
2022-02-12,USDT,1.000720024108887,1.001073002815247,1.000471949577332,1.000601053237915,1.000416994094849,1.000864028930664,1.000455975532532,-0.0004169940948490769,0.0008640289306640625,0.0008640289306640625,0,0,0,0,0,0,0
2022-02-13,USDT,1.00059700012207,1.000864028930664,1.000416994094849,1.000455975532532,1.000326037406921,1.00086498260498,1.000512957572937,-0.00032603740692094263,0.0008649826049800247,0.0008649826049800247,0,0,0,0,0,0,0
2022-02-14,USDT,1.000444054603577,1.00086498260498,1.000326037406921,1.000512957572937,1.000363945960999,1.000740051269531,1.000584959983826,-0.00036394596099897925,0.000740051269531028,0.000740051269531028,0,0,0,0,0,0,0
2022-02-15,USDT,1.000512957572937,1.000740051269531,1.000363945960999,1.000584959983826,1.000339984893799,1.000699043273926,1.000396966934204,-0.00033998489379905017,0.0006990432739260033,0.0006990432739260033,0,0,0,0,0,0,0
2022-02-16,USDT,1.000599980354309,1.000699043273926,1.000339984893799,1.000396966934204,1.000324964523315,1.000601053237915,1.000514984130859,-0.0003249645233149856,0.0006010532379150391,0.0006010532379150391,0,0,0,0,0,0,0
2022-02-17,USDT,1.000403046607971,1.000601053237915,1.000324964523315,1.000514984130859,1.000401973724365,1.000707030296326,1.000558972358704,-0.00040197372436501233,0.0007070302963259056,0.0007070302963259056,0,0,0,0,0,0,0
2022-02-18,USDT,1.000504016876221,1.000707030296326,1.000401973724365,1.000558972358704,1.000406980514526,1.000769972801208,1.000576019287109,-0.0004069805145259231,0.000769972801208052,0.000769972801208052,0,0,0,0,0,0,0
2022-02-19,USDT,1.000545978546143,1.000769972801208,1.000406980514526,1.000576019287109,1.000318050384521,1.000789999961853,1.000408053398132,-0.0003180503845210403,0.0007899999618530273,0.0007899999618530273,0,0,0,0,0,0,0
2022-02-20,USDT,1.000584959983826,1.000789999961853,1.000318050384521,1.000408053398132,1.000319004058838,1.000874042510986,1.000501990318298,-0.0003190040588378906,0.0008740425109861061,0.0008740425109861061,0,0,0,0,0,0,0
2022-02-21,USDT,1.000401973724365,1.000874042510986,1.000319004058838,1.000501990318298,1.000347018241882,1.00084400177002,1.000704050064087,-0.0003470182418821022,0.0008440017700199753,0.0008440017700199753,0,0,0,0,0,0,0
2022-02-22,USDT,1.000458955764771,1.00084400177002,1.000347018241882,1.000704050064087,1.000452995300293,1.000960946083069,1.000498056411743,-0.00045299530029296875,0.0009609460830690697,0.0009609460830690697,0,0,0,0,0,0,0
2022-02-23,USDT,1.000712037086487,1.000960946083069,1.000452995300293,1.000498056411743,1.000298976898193,1.001024961471558,1.000635981559753,-0.0002989768981929153,0.0010249614715580613,0.0010249614715580613,0,0,0,0,0,0,0
2022-02-24,USDT,1.000581026077271,1.001024961471558,1.000298976898193,1.000635981559753,1.000339984893799,1.001106977462769,1.000473976135254,-0.00033998489379905017,0.0011069774627689988,0.0011069774627689988,0,0,0,0,0,0,0
2022-02-25,USDT,1.000640988349915,1.001106977462769,1.000339984893799,1.000473976135254,1.000290989875793,1.000722050666809,1.000396966934204,-0.00029098987579301294,0.000722050666809082,0.000722050666809082,0,0,0,0,0,0,0
2022-02-26,USDT,1.000486016273499,1.000722050666809,1.000290989875793,1.000396966934204,1.000265955924988,1.000789999961853,1.00049102306366,-0.000265955924988015,0.0007899999618530273,0.0007899999618530273,0,0,0,0,0,0,0
2022-02-27,USDT,1.000393033027649,1.000789999961853,1.000265955924988,1.00049102306366,1.00022304058075,1.001013994216919,1.000350952148438,-0.0002230405807499558,0.0010139942169189453,0.0010139942169189453,0,0,0,0,0,0,0
2022-02-28,USDT,1.000506997108459,1.001013994216919,1.00022304058075,1.000350952148438,1.000180006027222,1.000605940818787,1.000452041625977,-0.00018000602722190173,0.0006059408187870652,0.0006059408187870652,0,0,0,0,0,0,0
2022-03-01,USDT,1.000359058380127,1.000605940818787,1.000180006027222,1.000452041625977,1.000242948532104,1.000666975975037,1.00046694278717,-0.0002429485321040481,0.0006669759750370652,0.0006669759750370652,0,0,0,0,0,0,0
2022-03-02,USDT,1.000452041625977,1.000666975975037,1.000242948532104,1.00046694278717,0.9999579787254332,1.000565052032471,1.000017046928406,4.202127456676141e-05,0.0005650520324709252,0.0005650520324709252,0,0,0,0,0,0,0
2022-03-03,USDT,1.000473022460938,1.000565052032471,0.9999579787254332,1.000017046928406,1.0,1.000725984573364,1.000197052955627,0.0,0.0007259845733640358,0.0007259845733640358,0,0,0,0,0,0,0
2022-03-04,USDT,1.000015020370483,1.000725984573364,1.0,1.000197052955627,1.000087022781372,1.000380992889404,1.000275015830994,-8.702278137207031e-05,0.00038099288940407483,0.00038099288940407483,0,0,0,0,0,0,0
2022-03-05,USDT,1.000197052955627,1.000380992889404,1.000087022781372,1.000275015830994,1.000056982040405,1.000545024871826,1.00024402141571,-5.698204040505139e-05,0.0005450248718259498,0.0005450248718259498,0,0,0,0,0,0,0
2022-03-06,USDT,1.000272035598755,1.000545024871826,1.000056982040405,1.00024402141571,1.000059962272644,1.000570058822632,1.000123023986816,-5.996227264404297e-05,0.000570058822632058,0.000570058822632058,0,0,0,0,0,0,0
2022-03-07,USDT,1.000251054763794,1.000570058822632,1.000059962272644,1.000123023986816,1.000046968460083,1.000591039657593,1.000282049179077,-4.696846008300781e-05,0.0005910396575929955,0.0005910396575929955,0,0,0,0,0,0,0
2022-03-08,USDT,1.000090003013611,1.000591039657593,1.000046968460083,1.000282049179077,1.000105023384094,1.000496983528137,1.000293970108032,-0.00010502338409401624,0.000496983528136985,0.000496983528136985,0,0,0,0,0,0,0
2022-03-09,USDT,1.000285029411316,1.000496983528137,1.000105023384094,1.000293970108032,1.000187993049622,1.00066602230072,1.000565052032471,-0.00018799304962202612,0.0006660223007199928,0.0006660223007199928,0,0,0,0,0,0,0
2022-03-10,USDT,1.000285029411316,1.00066602230072,1.000187993049622,1.000565052032471,1.000067949295044,1.000637054443359,1.000200033187866,-6.794929504394531e-05,0.0006370544433589309,0.0006370544433589309,0,0,0,0,0,0,0
2022-03-11,USDT,1.000579953193665,1.000637054443359,1.000067949295044,1.000200033187866,1.000017046928406,1.000372052192688,1.000080943107605,-1.7046928405983763e-05,0.0003720521926879883,0.0003720521926879883,0,0,0,0,0,0,0
2022-03-12,USDT,1.000213980674744,1.000372052192688,1.000017046928406,1.000080943107605,1.000061988830566,1.000367045402527,1.00019896030426,-6.198883056596216e-05,0.0003670454025270775,0.0003670454025270775,0,0,0,0,0,0,0
2022-03-13,USDT,1.000061988830566,1.000367045402527,1.000061988830566,1.00019896030426,1.000112056732178,1.000380992889404,1.000218987464905,-0.00011205673217795642,0.00038099288940407483,0.00038099288940407483,0,0,0,0,0,0,0
2022-03-14,USDT,1.000190019607544,1.000380992889404,1.000112056732178,1.000218987464905,1.000103950500488,1.000502943992615,1.000334024429321,-0.0001039505004880592,0.0005029439926149681,0.0005029439926149681,0,0,0,0,0,0,0
2022-03-15,USDT,1.000216007232666,1.000502943992615,1.000103950500488,1.000334024429321,1.000174045562744,1.000501036643982,1.000434994697571,-0.00017404556274391858,0.0005010366439819336,0.0005010366439819336,0,0,0,0,0,0,0
2022-03-16,USDT,1.000331997871399,1.000501036643982,1.000174045562744,1.000434994697571,1.000242948532104,1.000617980957031,1.000499963760376,-0.0002429485321040481,0.000617980957031028,0.000617980957031028,0,0,0,0,0,0,0
2022-03-17,USDT,1.000427961349487,1.000617980957031,1.000242948532104,1.000499963760376,1.00032901763916,1.00089704990387,1.00048303604126,-0.0003290176391599342,0.000897049903870073,0.000897049903870073,0,0,0,0,0,0,0
2022-03-18,USDT,1.000480055809021,1.00089704990387,1.00032901763916,1.00048303604126,1.000383019447327,1.000769019126892,1.000509977340698,-0.00038301944732710425,0.0007690191268920898,0.0007690191268920898,0,0,0,0,0,0,0
2022-03-19,USDT,1.000486969947815,1.000769019126892,1.000383019447327,1.000509977340698,1.000375032424927,1.000738024711609,1.000427007675171,-0.00037503242492697986,0.0007380247116091088,0.0007380247116091088,0,0,0,0,0,0,0
2022-03-20,USDT,1.000504970550537,1.000738024711609,1.000375032424927,1.000427007675171,1.000296950340271,1.000540971755981,1.000347018241882,-0.0002969503402709961,0.0005409717559810012,0.0005409717559810012,0,0,0,0,0,0,0
2022-03-21,USDT,1.000416994094849,1.000540971755981,1.000296950340271,1.000347018241882,1.000303983688354,1.000707030296326,1.00033700466156,-0.0003039836883540481,0.0007070302963259056,0.0007070302963259056,0,0,0,0,0,0,0
2022-03-22,USDT,1.000349998474121,1.000707030296326,1.000303983688354,1.00033700466156,1.000260949134827,1.000700950622559,1.000409007072449,-0.00026094913482710425,0.0007009506225590378,0.0007009506225590378,0,0,0,0,0,0,0
2022-03-23,USDT,1.000349998474121,1.000700950622559,1.000260949134827,1.000409007072449,1.000282049179077,1.000666975975037,1.000599980354309,-0.0002820491790769264,0.0006669759750370652,0.0006669759750370652,0,0,0,0,0,0,0
2022-03-24,USDT,1.000452995300293,1.000666975975037,1.000282049179077,1.000599980354309,1.000350952148438,1.000630021095276,1.00040602684021,-0.0003509521484379441,0.000630021095276101,0.000630021095276101,0,0,0,0,0,0,0
2022-03-25,USDT,1.000604033470154,1.000630021095276,1.000350952148438,1.00040602684021,1.000329971313477,1.000540018081665,1.00036096572876,-0.0003299713134770066,0.0005400180816650391,0.0005400180816650391,0,0,0,0,0,0,0
2022-03-26,USDT,1.000422954559326,1.000540018081665,1.000329971313477,1.00036096572876,1.00026798248291,1.000605940818787,1.000375986099243,-0.0002679824829099342,0.0006059408187870652,0.0006059408187870652,0,0,0,0,0,0,0
2022-03-27,USDT,1.00036096572876,1.000605940818787,1.00026798248291,1.000375986099243,1.000226020812988,1.000651001930237,1.000411987304688,-0.0002260208129880592,0.0006510019302370385,0.0006510019302370385,0,0,0,0,0,0,0
2022-03-28,USDT,1.000365018844604,1.000651001930237,1.000226020812988,1.000411987304688,1.000280022621155,1.000661969184875,1.000450015068054,-0.0002800226211550072,0.0006619691848750442,0.0006619691848750442,0,0,0,0,0,0,0
2022-03-29,USDT,1.00040602684021,1.000661969184875,1.000280022621155,1.000450015068054,1.000218987464905,1.000573992729187,1.000277996063232,-0.0002189874649050072,0.0005739927291870117,0.0005739927291870117,0,0,0,0,0,0,0
2022-03-30,USDT,1.000427961349487,1.000573992729187,1.000218987464905,1.000277996063232,1.000200033187866,1.000733971595764,1.000303983688354,-0.0002000331878659889,0.0007339715957639381,0.0007339715957639381,0,0,0,0,0,0,0
2022-03-31,USDT,1.000272035598755,1.000733971595764,1.000200033187866,1.000303983688354,1.000228047370911,1.000638961791992,1.000357985496521,-0.00022804737091108862,0.0006389617919919655,0.0006389617919919655,0,0,0,0,0,0,0
2022-04-01,USDT,1.000306010246277,1.000638961791992,1.000228047370911,1.000357985496521,1.00027596950531,1.000522971153259,1.000344038009644,-0.0002759695053100586,0.0005229711532590553,0.0005229711532590553,0,0,0,0,0,0,0
2022-04-02,USDT,1.00036895275116,1.000522971153259,1.00027596950531,1.000344038009644,1.000195026397705,1.000681042671204,1.000272989273071,-0.00019502639770507812,0.0006810426712040574,0.0006810426712040574,0,0,0,0,0,0,0
2022-04-03,USDT,1.000347971916199,1.000681042671204,1.000195026397705,1.000272989273071,1.000151991844177,1.000450968742371,1.000228047370911,-0.00015199184417702405,0.00045096874237104956,0.00045096874237104956,0,0,0,0,0,0,0
2022-04-04,USDT,1.00027596950531,1.000450968742371,1.000151991844177,1.000228047370911,1.00012195110321,1.000437021255493,1.000193953514099,-0.00012195110321000513,0.000437021255492942,0.000437021255492942,0,0,0,0,0,0,0
2022-04-05,USDT,1.000221967697144,1.000437021255493,1.00012195110321,1.000193953514099,1.000085949897766,1.000465035438538,1.000154972076416,-8.594989776589124e-05,0.00046503543853804175,0.00046503543853804175,0,0,0,0,0,0,0
2022-04-06,USDT,1.00019896030426,1.000465035438538,1.000085949897766,1.000154972076416,1.00009298324585,1.000491976737976,1.000262022018433,-9.298324585005346e-05,0.0004919767379760742,0.0004919767379760742,0,0,0,0,0,0,0
2022-04-07,USDT,1.000149011611938,1.000491976737976,1.00009298324585,1.000262022018433,1.000172972679138,1.000547051429749,1.000288009643555,-0.00017297267913796155,0.0005470514297489792,0.0005470514297489792,0,0,0,0,0,0,0
2022-04-08,USDT,1.000260949134827,1.000547051429749,1.000172972679138,1.000288009643555,1.000151991844177,1.000581026077271,1.000372052192688,-0.00015199184417702405,0.0005810260772709519,0.0005810260772709519,0,0,0,0,0,0,0
2022-04-09,USDT,1.00028395652771,1.000581026077271,1.000151991844177,1.000372052192688,1.000239968299866,1.000568032264709,1.00029194355011,-0.0002399682998659447,0.0005680322647090286,0.0005680322647090286,0,0,0,0,0,0,0
2022-04-10,USDT,1.000354051589966,1.000568032264709,1.000239968299866,1.00029194355011,1.000193953514099,1.000607013702393,1.000347971916199,-0.00019395351409889905,0.0006070137023930222,0.0006070137023930222,0,0,0,0,0,0,0
2022-04-11,USDT,1.000298976898193,1.000607013702393,1.000193953514099,1.000347971916199,1.000177979469299,1.00055205821991,1.000434994697571,-0.00017797946929909436,0.00055205821990989,0.00055205821990989,0,0,0,0,0,0,0
2022-04-12,USDT,1.000350952148438,1.00055205821991,1.000177979469299,1.000434994697571,1.000128030776978,1.000442028045654,1.000275015830994,-0.00012803077697798315,0.00044202804565407483,0.00044202804565407483,0,0,0,0,0,0,0
2022-04-13,USDT,1.000442028045654,1.000442028045654,1.000128030776978,1.000275015830994,1.000054001808167,1.000416040420532,1.000126957893372,-5.4001808166947995e-05,0.0004160404205320045,0.0004160404205320045,0,0,0,0,0,0,0
2022-04-14,USDT,1.00027596950531,1.000416040420532,1.000054001808167,1.000126957893372,1.000069975852966,1.000440001487732,1.000239014625549,-6.997585296608655e-05,0.0004400014877319336,0.0004400014877319336,0,0,0,0,0,0,0
2022-04-15,USDT,1.000120043754578,1.000440001487732,1.000069975852966,1.000239014625549,1.0001300573349,1.000391960144043,1.000295996665955,-0.00013005733489990234,0.00039196014404296875,0.00039196014404296875,0,0,0,0,0,0,0
2022-04-16,USDT,1.000236988067627,1.000391960144043,1.0001300573349,1.000295996665955,1.000144004821777,1.000435948371887,1.000313997268677,-0.00014400482177689966,0.000435948371886985,0.000435948371886985,0,0,0,0,0,0,0
2022-04-17,USDT,1.000290989875793,1.000435948371887,1.000144004821777,1.000313997268677,1.000152945518494,1.000504016876221,1.000218033790588,-0.00015294551849409643,0.0005040168762209252,0.0005040168762209252,0,0,0,0,0,0,0
2022-04-18,USDT,1.00032103061676,1.000504016876221,1.000152945518494,1.000218033790588,1.000154972076416,1.000419020652771,1.000342965126038,-0.00015497207641601562,0.0004190206527709961,0.0004190206527709961,0,0,0,0,0,0,0
2022-04-19,USDT,1.000213980674744,1.000419020652771,1.000154972076416,1.000342965126038,1.000152945518494,1.000596046447754,1.000201940536499,-0.00015294551849409643,0.0005960464477539062,0.0005960464477539062,0,0,0,0,0,0,0
2022-04-20,USDT,1.000350952148438,1.000596046447754,1.000152945518494,1.000201940536499,1.000118970870972,1.000489950180054,1.000156998634338,-0.00011897087097190173,0.000489950180053933,0.000489950180053933,0,0,0,0,0,0,0
2022-04-21,USDT,1.000203013420105,1.000489950180054,1.000118970870972,1.000156998634338,1.000077962875366,1.000365972518921,1.000234007835388,-7.796287536598889e-05,0.00036597251892089844,0.00036597251892089844,0,0,0,0,0,0,0
2022-04-22,USDT,1.000141978263855,1.000365972518921,1.000077962875366,1.000234007835388,1.000103950500488,1.000381946563721,1.000228047370911,-0.0001039505004880592,0.00038194656372092517,0.00038194656372092517,0,0,0,0,0,0,0
2022-04-23,USDT,1.000221014022827,1.000381946563721,1.000103950500488,1.000228047370911,1.000164985656738,1.000445961952209,1.000344038009644,-0.0001649856567380592,0.00044596195220902857,0.00044596195220902857,0,0,0,0,0,0,0
2022-04-24,USDT,1.000218033790588,1.000445961952209,1.000164985656738,1.000344038009644,1.000102996826172,1.000393033027649,1.000144958496094,-0.00010299682617209704,0.0003930330276489258,0.0003930330276489258,0,0,0,0,0,0,0
2022-04-25,USDT,1.000345945358276,1.000393033027649,1.000102996826172,1.000144958496094,1.000040054321289,1.000265002250671,1.000072956085205,-4.00543212890625e-05,0.00026500225067094263,0.00026500225067094263,0,0,0,0,0,0,0
2022-04-26,USDT,1.000131011009216,1.000265002250671,1.000040054321289,1.000072956085205,1.000012993812561,1.00028395652771,1.000152945518494,-1.2993812561035156e-05,0.00028395652770996094,0.00028395652770996094,0,0,0,0,0,0,0
2022-04-27,USDT,1.000059008598328,1.00028395652771,1.000012993812561,1.000152945518494,1.000028014183044,1.00029194355011,1.00019097328186,-2.8014183043989505e-05,0.0002919435501100853,0.0002919435501100853,0,0,0,0,0,0,0
2022-04-28,USDT,1.000154972076416,1.00029194355011,1.000028014183044,1.00019097328186,0.9999859929084778,1.000237941741943,1.000020027160645,1.4007091522216797e-05,0.00023794174194291529,0.00023794174194291529,0,0,0,0,0,0,0
2022-04-29,USDT,1.000200033187866,1.000237941741943,0.9999859929084778,1.000020027160645,0.999970018863678,1.000251054763794,1.000154972076416,2.9981136322021484e-05,0.0002510547637939453,0.0002510547637939453,0,0,0,0,0,0,0
2022-04-30,USDT,1.000000953674316,1.000251054763794,0.999970018863678,1.000154972076416,1.000098943710327,1.000373959541321,1.000113010406494,-9.894371032692639e-05,0.0003739595413210228,0.0003739595413210228,0,0,0,0,0,0,0
2022-05-01,USDT,1.000151991844177,1.000373959541321,1.000098943710327,1.000113010406494,0.999925971031189,1.000280976295471,0.9999549984931946,7.402896881103516e-05,0.00028097629547096936,0.00028097629547096936,0,0,0,0,0,0,0
2022-05-02,USDT,1.000100016593933,1.000280976295471,0.999925971031189,0.9999549984931946,0.9999020099639891,1.000233054161072,1.000044941902161,9.799003601085321e-05,0.0002330541610719994,0.0002330541610719994,0,0,0,0,0,0,0
2022-05-03,USDT,0.9999520182609558,1.000233054161072,0.9999020099639891,1.000044941902161,0.9999399781227112,1.000141978263855,1.000038027763367,6.002187728881836e-05,0.00014197826385498047,0.00014197826385498047,0,0,0,0,0,0,0
2022-05-04,USDT,1.000020980834961,1.000141978263855,0.9999399781227112,1.000038027763367,0.9999200105667114,1.000197052955627,0.9999880194664,7.998943328857422e-05,0.00019705295562699732,0.00019705295562699732,0,0,0,0,0,0,0
2022-05-05,USDT,1.000038981437683,1.000197052955627,0.9999200105667114,0.9999880194664,0.9999160170555116,1.00021505355835,0.9999819993972778,8.398294448841437e-05,0.00021505355835005346,0.00021505355835005346,0,0,0,0,0,0,0
2022-05-06,USDT,0.9999899864196776,1.00021505355835,0.9999160170555116,0.9999819993972778,0.9997739791870116,1.000048995018005,0.9999210238456726,0.00022602081298839227,4.8995018004927005e-05,0.00022602081298839227,0,0,0,0,0,0,0
2022-05-07,USDT,0.9999709725379944,1.000048995018005,0.9997739791870116,0.9999210238456726,0.9997400045394896,1.000062942504883,0.9998540282249452,0.00025999546051036493,6.294250488303454e-05,0.00025999546051036493,0,0,0,0,0,0,0
2022-05-08,USDT,0.9999189972877502,1.000062942504883,0.9997400045394896,0.9998540282249452,0.9997699856758118,1.000133991241455,0.999908983707428,0.00023001432418823242,0.00013399124145507812,0.00023001432418823242,0,0,0,0,0,0,0
2022-05-09,USDT,0.9998700022697448,1.000133991241455,0.9997699856758118,0.999908983707428,0.9997090101242064,1.000133991241455,0.9997910261154176,0.00029098987579356805,0.00013399124145507812,0.00029098987579356805,0,0,0,0,0,0,0
2022-05-10,USDT,0.9999449849128724,1.000133991241455,0.9997090101242064,0.9997910261154176,0.9934589862823486,0.9999960064888,0.9958720207214355,0.006541013717651367,-3.993511199951172e-06,0.006541013717651367,0,0,0,0,0,0,0
2022-05-11,USDT,0.9997900128364564,0.9999960064888,0.9934589862823486,0.9958720207214355,0.9484859704971312,0.9977359771728516,0.99760901927948,0.05151402950286876,-0.0022640228271484375,0.05151402950286876,0,1,1,1,1,1,1
2022-05-12,USDT,0.9958789944648744,0.9977359771728516,0.9484859704971312,0.99760901927948,0.996945023536682,0.999193012714386,0.9982389807701112,0.003054976463317982,-0.0008069872856140137,0.003054976463317982,1,0,0,0,0,0,0
2022-05-13,USDT,0.997527003288269,0.999193012714386,0.996945023536682,0.9982389807701112,0.9977909922599792,0.9989709854125975,0.9987800121307372,0.002209007740020752,-0.0010290145874024548,0.002209007740020752,0,0,0,0,0,0,0
2022-05-14,USDT,0.9982420206069946,0.9989709854125975,0.9977909922599792,0.9987800121307372,0.9984920024871826,0.9990770220756532,0.9990689754486084,0.0015079975128173828,-0.0009229779243468128,0.0015079975128173828,0,0,0,0,0,0,0
2022-05-15,USDT,0.9987800121307372,0.9990770220756532,0.9984920024871826,0.9990689754486084,0.9986590147018432,0.9991530179977416,0.998778998851776,0.0013409852981568493,-0.0008469820022584118,0.0013409852981568493,0,0,0,0,0,0,0
2022-05-16,USDT,0.9990839958190918,0.9991530179977416,0.9986590147018432,0.998778998851776,0.9986500144004822,0.9991070032119752,0.9989089965820312,0.0013499855995178223,-0.0008929967880247913,0.0013499855995178223,0,0,0,0,0,0,0
2022-05-17,USDT,0.9987720251083374,0.9991070032119752,0.9986500144004822,0.9989089965820312,0.9985420107841492,0.9991499781608582,0.9988020062446594,0.00145798921585083,-0.0008500218391418457,0.00145798921585083,0,0,0,0,0,0,0
2022-05-18,USDT,0.9989020228385924,0.9991499781608582,0.9985420107841492,0.9988020062446594,0.9985499978065492,0.9991220235824584,0.9989709854125975,0.0014500021934508167,-0.0008779764175416149,0.0014500021934508167,0,0,0,0,0,0,0
2022-05-19,USDT,0.9987859725952148,0.9991220235824584,0.9985499978065492,0.9989709854125975,0.9987000226974488,0.999369978904724,0.9988179802894592,0.0012999773025511585,-0.0006300210952759899,0.0012999773025511585,0,0,0,0,0,0,0
2022-05-20,USDT,0.998956024646759,0.999369978904724,0.9987000226974488,0.9988179802894592,0.9985989928245544,0.9990379810333252,0.9987930059432985,0.0014010071754455566,-0.0009620189666748047,0.0014010071754455566,0,0,0,0,0,0,0
2022-05-21,USDT,0.998893976211548,0.9990379810333252,0.9985989928245544,0.9987930059432985,0.9985899925231934,0.9991210103034972,0.9990659952163696,0.0014100074768066406,-0.0008789896965027966,0.0014100074768066406,0,0,0,0,0,0,0
2022-05-22,USDT,0.998786985874176,0.9991210103034972,0.9985899925231934,0.9990659952163696,0.9988290071487428,0.9992939829826356,0.9990879893302916,0.0011709928512572132,-0.0007060170173643909,0.0011709928512572132,0,0,0,0,0,0,0
2022-05-23,USDT,0.9990649819374084,0.9992939829826356,0.9988290071487428,0.9990879893302916,0.9988470077514648,0.9992039799690248,0.9991070032119752,0.0011529922485351562,-0.0007960200309752308,0.0011529922485351562,0,0,0,0,0,0,0
2022-05-24,USDT,0.9990479946136476,0.9992039799690248,0.9988470077514648,0.9991070032119752,0.9988170266151428,0.999185025691986,0.9989759922027588,0.0011829733848571777,-0.000814974308014027,0.0011829733848571777,0,0,0,0,0,0,0
2022-05-25,USDT,0.9990929961204528,0.999185025691986,0.9988170266151428,0.9989759922027588,0.998782992362976,0.9992120265960692,0.9989070296287536,0.0012170076370240368,-0.0007879734039307751,0.0012170076370240368,0,0,0,0,0,0,0
2022-05-26,USDT,0.9989669919013976,0.9992120265960692,0.998782992362976,0.9989070296287536,0.998786985874176,0.9991840124130248,0.9988629817962646,0.0012130141258239746,-0.0008159875869752087,0.0012130141258239746,0,0,0,0,0,0,0
2022-05-27,USDT,0.9989020228385924,0.9991840124130248,0.998786985874176,0.9988629817962646,0.998778998851776,0.999189019203186,0.9990019798278807,0.001221001148223988,-0.0008109807968139648,0.001221001148223988,0,0,0,0,0,0,0
2022-05-28,USDT,0.999010980129242,0.999189019203186,0.998778998851776,0.9990019798278807,0.9989089965820312,0.9992460012435912,0.9991779923439026,0.00109100341796875,-0.0007539987564088024,0.00109100341796875,0,0,0,0,0,0,0
2022-05-29,USDT,0.9990079998970032,0.9992460012435912,0.9989089965820312,0.9991779923439026,0.9989579916000366,0.9994969964027404,0.9993759989738464,0.001042008399963379,-0.0005030035972596325,0.001042008399963379,0,0,0,0,0,0,0
2022-05-30,USDT,0.9991869926452636,0.9994969964027404,0.9989579916000366,0.9993759989738464,0.9992849826812744,0.9994930028915404,0.9993879795074464,0.0007150173187255859,-0.0005069971084595837,0.0007150173187255859,0,0,0,0,0,0,0
2022-05-31,USDT,0.9993780255317688,0.9994930028915404,0.9992849826812744,0.9993879795074464,0.998869001865387,0.9995020031929016,0.9992600083351136,0.0011309981346130371,-0.0004979968070983887,0.0011309981346130371,0,0,0,0,0,0,0
2022-06-01,USDT,0.9993810057640076,0.9995020031929016,0.998869001865387,0.9992600083351136,0.9991040229797364,0.9994909763336182,0.9993169903755188,0.0008959770202635609,-0.0005090236663818359,0.0008959770202635609,0,0,0,0,0,0,0
2022-06-02,USDT,0.9992319941520692,0.9994909763336182,0.9991040229797364,0.9993169903755188,0.9990220069885254,0.9994909763336182,0.9991700053215028,0.0009779930114746094,-0.0005090236663818359,0.0009779930114746094,0,0,0,0,0,0,0
2022-06-03,USDT,0.9992949962615968,0.9994909763336182,0.9990220069885254,0.9991700053215028,0.9990320205688475,0.9993569850921632,0.9993129968643188,0.0009679794311524548,-0.000643014907836803,0.0009679794311524548,0,0,0,0,0,0,0
2022-06-04,USDT,0.9991739988327026,0.9993569850921632,0.9990320205688475,0.9993129968643188,0.9991940259933472,0.9993579983711244,0.999296009540558,0.000805974006652832,-0.0006420016288756214,0.000805974006652832,0,0,0,0,0,0,0
2022-06-05,USDT,0.9993090033531188,0.9993579983711244,0.9991940259933472,0.999296009540558,0.9992210268974304,0.9995369911193848,0.9993109703063964,0.0007789731025695801,-0.0004630088806152344,0.0007789731025695801,0,0,0,0,0,0,0
2022-06-06,USDT,0.9992859959602356,0.9995369911193848,0.9992210268974304,0.9993109703063964,0.9991469979286194,0.9995710253715516,0.9994140267372132,0.0008530020713806152,-0.0004289746284483753,0.0008530020713806152,0,0,0,0,0,0,0
2022-06-07,USDT,0.9992979764938354,0.9995710253715516,0.9991469979286194,0.9994140267372132,0.9991989731788636,0.999563992023468,0.9992619752883912,0.0008010268211363636,-0.0004360079765319824,0.0008010268211363636,0,0,0,0,0,0,0
2022-06-08,USDT,0.9994149804115297,0.999563992023468,0.9991989731788636,0.9992619752883912,0.9991589784622192,0.9994990229606628,0.99931401014328,0.0008410215377807617,-0.0005009770393371582,0.0008410215377807617,0,0,0,0,0,0,0
2022-06-09,USDT,0.9992730021476746,0.9994990229606628,0.9991589784622192,0.99931401014328,0.9991090297698976,0.9994450211524964,0.999180018901825,0.000890970230102428,-0.0005549788475035511,0.000890970230102428,0,0,0,0,0,0,0
2022-06-10,USDT,0.999351978302002,0.9994450211524964,0.9991090297698976,0.999180018901825,0.9990090131759644,0.9993079900741576,0.9990249872207642,0.0009909868240356445,-0.0006920099258423962,0.0009909868240356445,0,0,0,0,0,0,0
2022-06-11,USDT,0.9991819858551024,0.9993079900741576,0.9990090131759644,0.9990249872207642,0.9988420009613036,0.9991490244865416,0.9990800023078918,0.0011579990386964,-0.000850975513458363,0.0011579990386964,0,0,0,0,0,0,0
2022-06-12,USDT,0.9990140199661256,0.9991490244865416,0.9988420009613036,0.9990800023078918,0.9975469708442688,0.9991260170936584,0.9985939860343932,0.002453029155731201,-0.0008739829063415527,0.002453029155731201,0,0,0,0,0,0,0
2022-06-13,USDT,0.9990689754486084,0.9991260170936584,0.9975469708442688,0.9985939860343932,0.9985550045967102,0.9991080164909364,0.9989539980888368,0.001444995403289795,-0.0008919835090636097,0.001444995403289795,0,0,0,0,0,0,0
2022-06-14,USDT,0.9986019730567932,0.9991080164909364,0.9985550045967102,0.9989539980888368,0.998183012008667,0.9990230202674866,0.9989420175552368,0.0018169879913330078,-0.0009769797325134277,0.0018169879913330078,0,0,0,0,0,0,0
2022-06-15,USDT,0.998933970928192,0.9990230202674866,0.998183012008667,0.9989420175552368,0.9986420273780824,0.9991340041160583,0.9989299774169922,0.0013579726219176136,-0.0008659958839416504,0.0013579726219176136,0,0,0,0,0,0,0
2022-06-16,USDT,0.9989200234413148,0.9991340041160583,0.9986420273780824,0.9989299774169922,0.9986810088157654,0.9990739822387696,0.9990360140800476,0.0013189911842346191,-0.0009260177612303577,0.0013189911842346191,0,0,0,0,0,0,0
2022-06-17,USDT,0.998951017856598,0.9990739822387696,0.9986810088157654,0.9990360140800476,0.998453974723816,0.9990450143814088,0.9986670017242432,0.001546025276183971,-0.0009549856185911976,0.001546025276183971,0,0,0,0,0,0,0
2022-06-18,USDT,0.9990180134773254,0.9990450143814088,0.998453974723816,0.9986670017242432,0.9984700083732604,0.9990119934082032,0.99896901845932,0.001529991626739613,-0.000988006591796764,0.001529991626739613,0,0,0,0,0,0,0
2022-06-19,USDT,0.9986559748649596,0.9990119934082032,0.9984700083732604,0.99896901845932,0.9986289739608764,0.999110996723175,0.9989569783210754,0.0013710260391236462,-0.0008890032768249512,0.0013710260391236462,0,0,0,0,0,0,0
2022-06-20,USDT,0.998947024345398,0.999110996723175,0.9986289739608764,0.9989569783210754,0.9988980293273926,0.999206006526947,0.999094009399414,0.0011019706726074219,-0.0007939934730529785,0.0011019706726074219,0,0,0,0,0,0,0
2022-06-21,USDT,0.9989709854125975,0.999206006526947,0.9988980293273926,0.999094009399414,0.9988719820976256,0.9991260170936584,0.9990950226783752,0.0011280179023743786,-0.0008739829063415527,0.0011280179023743786,0,0,0,0,0,0,0
2022-06-22,USDT,0.9990929961204528,0.9991260170936584,0.9988719820976256,0.9990950226783752,0.9988980293273926,0.9993280172348022,0.9992799758911132,0.0011019706726074219,-0.0006719827651977539,0.0011019706726074219,0,0,0,0,0,0,0
2022-06-23,USDT,0.9990959763526917,0.9993280172348022,0.9988980293273926,0.9992799758911132,0.9991369843482972,0.999504029750824,0.9993249773979188,0.0008630156517027698,-0.0004959702491760254,0.0008630156517027698,0,0,0,0,0,0,0
2022-06-24,USDT,0.9992589950561525,0.999504029750824,0.9991369843482972,0.9993249773979188,0.9992730021476746,0.9996110200881958,0.9995480179786682,0.0007269978523254395,-0.0003889799118041992,0.0007269978523254395,0,0,0,0,0,0,0
2022-06-25,USDT,0.999336004257202,0.9996110200881958,0.9992730021476746,0.9995480179786682,0.999373972415924,0.9995949864387512,0.9993979930877686,0.0006260275840760388,-0.0004050135612487793,0.0006260275840760388,0,0,0,0,0,0,0
2022-06-26,USDT,0.999550998210907,0.9995949864387512,0.999373972415924,0.9993979930877686,0.9989839792251588,0.9995989799499512,0.9990919828414916,0.0010160207748411976,-0.0004010200500488281,0.0010160207748411976,0,0,0,0,0,0,0
2022-06-27,USDT,0.9994580149650574,0.9995989799499512,0.9989839792251588,0.9990919828414916,0.9987819790840148,0.9991340041160583,0.9988319873809814,0.0012180209159852184,-0.0008659958839416504,0.0012180209159852184,0,0,0,0,0,0,0
2022-06-28,USDT,0.9991040229797364,0.9991340041160583,0.9987819790840148,0.9988319873809814,0.998519003391266,0.9990580081939696,0.9988840222358704,0.0014809966087340198,-0.0009419918060303845,0.0014809966087340198,0,0,0,0,0,0,0
2022-06-29,USDT,0.998844027519226,0.9990580081939696,0.998519003391266,0.9988840222358704,0.9987620115280152,0.9990929961204528,0.9988189935684204,0.0012379884719847523,-0.0009070038795472302,0.0012379884719847523,0,0,0,0,0,0,0
2022-06-30,USDT,0.9988880157470704,0.9990929961204528,0.9987620115280152,0.9988189935684204,0.99870502948761,0.9991369843482972,0.9988669753074646,0.0012949705123900257,-0.0008630156517027698,0.0012949705123900257,0,0,0,0,0,0,0
2022-07-01,USDT,0.998860001564026,0.9991369843482972,0.99870502948761,0.9988669753074646,0.9988269805908204,0.999118983745575,0.998960018157959,0.0011730194091795765,-0.0008810162544250488,0.0011730194091795765,0,0,0,0,0,0,0
2022-07-02,USDT,0.9988549947738647,0.999118983745575,0.9988269805908204,0.998960018157959,0.9988909959793092,0.999127984046936,0.9990779757499696,0.001109004020690807,-0.0008720159530639648,0.001109004020690807,0,0,0,0,0,0,0
2022-07-03,USDT,0.9989529848098756,0.999127984046936,0.9988909959793092,0.9990779757499696,0.9989910125732422,0.999222993850708,0.9991090297698976,0.0010089874267578125,-0.0007770061492919922,0.0010089874267578125,0,0,0,0,0,0,0
2022-07-04,USDT,0.9990710020065308,0.999222993850708,0.9989910125732422,0.9991090297698976,0.9989359974861144,0.9992480278015136,0.9990919828414916,0.001064002513885609,-0.0007519721984864391,0.001064002513885609,0,0,0,0,0,0,0
2022-07-05,USDT,0.9991179704666138,0.9992480278015136,0.9989359974861144,0.9990919828414916,0.998960018157959,0.9992210268974304,0.999098002910614,0.0010399818420410156,-0.0007789731025695801,0.0010399818420410156,0,0,0,0,0,0,0
2022-07-06,USDT,0.9990950226783752,0.9992210268974304,0.998960018157959,0.999098002910614,0.9990190267562866,0.9995059967041016,0.9994459748268129,0.000980973243713379,-0.0004940032958984375,0.000980973243713379,0,0,0,0,0,0,0
2022-07-07,USDT,0.9990890026092528,0.9995059967041016,0.9990190267562866,0.9994459748268129,0.9992849826812744,0.999575972557068,0.9994180202484132,0.0007150173187255859,-0.0004240274429320179,0.0007150173187255859,0,0,0,0,0,0,0
2022-07-08,USDT,0.9994109869003296,0.999575972557068,0.9992849826812744,0.9994180202484132,0.9993330240249634,0.999571979045868,0.999538004398346,0.0006669759750366211,-0.00042802095413196906,0.0006669759750366211,0,0,0,0,0,0,0
2022-07-09,USDT,0.999422013759613,0.999571979045868,0.9993330240249634,0.999538004398346,0.999396026134491,0.999629020690918,0.999464988708496,0.0006039738655090332,-0.00037097930908203125,0.0006039738655090332,0,0,0,0,0,0,0
2022-07-10,USDT,0.9995390176773072,0.999629020690918,0.999396026134491,0.999464988708496,0.999127984046936,0.999575972557068,0.9992250204086304,0.0008720159530639648,-0.0004240274429320179,0.0008720159530639648,0,0,0,0,0,0,0
2022-07-11,USDT,0.999455988407135,0.999575972557068,0.999127984046936,0.9992250204086304,0.9991179704666138,0.9993799924850464,0.9993429780006408,0.0008820295333862305,-0.0006200075149536133,0.0008820295333862305,0,0,0,0,0,0,0
2022-07-12,USDT,0.9992250204086304,0.9993799924850464,0.9991179704666138,0.9993429780006408,0.9991570115089417,0.9994289875030518,0.9993839859962464,0.0008429884910583496,-0.0005710124969482422,0.0008429884910583496,0,0,0,0,0,0,0
2022-07-13,USDT,0.9993420243263244,0.9994289875030518,0.9991570115089417,0.9993839859962464,0.9993020296096802,0.9995399713516236,0.9994069933891296,0.0006979703903198242,-0.0004600286483763538,0.0006979703903198242,0,0,0,0,0,0,0
2022-07-14,USDT,0.9993939995765686,0.9995399713516236,0.9993020296096802,0.9994069933891296,0.9993469715118408,0.9997439980506896,0.999705970287323,0.0006530284881591797,-0.00025600194931041376,0.0006530284881591797,0,0,0,0,0,0,0
2022-07-15,USDT,0.9993849992752076,0.9997439980506896,0.9993469715118408,0.999705970287323,0.9996830224990844,0.9998800158500672,0.9997739791870116,0.00031697750091563837,-0.0001199841499327503,0.00031697750091563837,0,0,0,0,0,0,0
2022-07-16,USDT,0.9997010231018066,0.9998800158500672,0.9996830224990844,0.9997739791870116,0.9996770024299622,0.9998630285263062,0.9997339844703674,0.0003229975700378418,-0.00013697147369384766,0.0003229975700378418,0,0,0,0,0,0,0
2022-07-17,USDT,0.9997789859771729,0.9998630285263062,0.9996770024299622,0.9997339844703674,0.999692976474762,0.999970018863678,0.9997770190238952,0.0003070235252380371,-2.9981136322021484e-05,0.0003070235252380371,0,0,0,0,0,0,0
2022-07-18,USDT,0.9997259974479676,0.999970018863678,0.999692976474762,0.9997770190238952,0.9997640252113342,1.000123977661133,1.000092029571533,0.00023597478866577148,0.00012397766113303454,0.00023597478866577148,0,0,0,0,0,0,0
2022-07-19,USDT,0.9997850060462952,1.000123977661133,0.9997640252113342,1.000092029571533,1.000002026557922,1.000249028205872,1.000067949295044,-2.026557921919192e-06,0.0002490282058720261,0.0002490282058720261,0,0,0,0,0,0,0
2022-07-20,USDT,1.000095963478088,1.000249028205872,1.000002026557922,1.000067949295044,0.9999489784240724,1.0001380443573,1.000079989433289,5.102157592762335e-05,0.00013804435730002673,0.00013804435730002673,0,0,0,0,0,0,0
2022-07-21,USDT,1.00005304813385,1.0001380443573,0.9999489784240724,1.000079989433289,1.000026941299438,1.000177025794983,1.000051975250244,-2.6941299438032473e-05,0.00017702579498291016,0.00017702579498291016,0,0,0,0,0,0,0
2022-07-22,USDT,1.000082015991211,1.000177025794983,1.000026941299438,1.000051975250244,0.9999840259552002,1.0001460313797,1.000036001205444,1.5974044799804688e-05,0.00014603137969992908,0.00014603137969992908,0,0,0,0,0,0,0
2022-07-23,USDT,1.000051975250244,1.0001460313797,0.9999840259552002,1.000036001205444,0.9999300241470336,1.000118017196655,1.000035047531128,6.997585296641962e-05,0.00011801719665505139,0.00011801719665505139,0,0,0,0,0,0,0
2022-07-24,USDT,1.000033974647522,1.000118017196655,0.9999300241470336,1.000035047531128,1.000005960464478,1.00012195110321,1.000061988830566,-5.960464477983152e-06,0.00012195110321000513,0.00012195110321000513,0,0,0,0,0,0,0
2022-07-25,USDT,1.000038027763367,1.00012195110321,1.000005960464478,1.000061988830566,0.9999960064888,1.000128030776978,1.000046968460083,3.993511199951172e-06,0.00012803077697798315,0.00012803077697798315,0,0,0,0,0,0,0
2022-07-26,USDT,1.000066995620728,1.000128030776978,0.9999960064888,1.000046968460083,0.9999799728393556,1.000327944755554,1.000273942947388,2.0027160644420228e-05,0.0003279447555539772,0.0003279447555539772,0,0,0,0,0,0,0
2022-07-27,USDT,1.000048041343689,1.000327944755554,0.9999799728393556,1.000273942947388,1.000123023986816,1.000360012054443,1.000200033187866,-0.00012302398681596216,0.0003600120544429153,0.0003600120544429153,0,0,0,0,0,0,0
2022-07-28,USDT,1.000288009643555,1.000360012054443,1.000123023986816,1.000200033187866,1.000169038772583,1.000345945358276,1.000311017036438,-0.0001690387725830078,0.0003459453582759231,0.0003459453582759231,0,0,0,0,0,0,0
2022-07-29,USDT,1.000205039978027,1.000345945358276,1.000169038772583,1.000311017036438,1.000216960906982,1.000352025032043,1.000288963317871,-0.00021696090698197779,0.00035202503204301294,0.00035202503204301294,0,0,0,0,0,0,0
2022-07-30,USDT,1.000309944152832,1.000352025032043,1.000216960906982,1.000288963317871,1.000200033187866,1.000337958335876,1.000327944755554,-0.0002000331878659889,0.00033795833587602075,0.00033795833587602075,0,0,0,0,0,0,0
2022-07-31,USDT,1.000280022621155,1.000337958335876,1.000200033187866,1.000327944755554,1.000125050544739,1.000367999076843,1.000203967094421,-0.00012505054473899158,0.0003679990768430397,0.0003679990768430397,0,0,0,0,0,0,0
2022-08-01,USDT,1.000321984291077,1.000367999076843,1.000125050544739,1.000203967094421,1.000133037567139,1.000319004058838,1.000159025192261,-0.00013303756713889392,0.0003190040588378906,0.0003190040588378906,0,0,0,0,0,0,0
2022-08-02,USDT,1.000210046768188,1.000319004058838,1.000133037567139,1.000159025192261,1.000116944313049,1.000272035598755,1.000203967094421,-0.00011694431304909436,0.00027203559875510486,0.00027203559875510486,0,0,0,0,0,0,0
2022-08-03,USDT,1.000148057937622,1.000272035598755,1.000116944313049,1.000203967094421,1.00005304813385,1.000285029411316,1.000133037567139,-5.3048133850097656e-05,0.00028502941131591797,0.00028502941131591797,0,0,0,0,0,0,0
2022-08-04,USDT,1.00020694732666,1.000285029411316,1.00005304813385,1.000133037567139,1.0000319480896,1.000159025192261,1.000041961669922,-3.1948089600053464e-05,0.00015902519226096423,0.00015902519226096423,0,0,0,0,0,0,0
2022-08-05,USDT,1.000112056732178,1.000159025192261,1.0000319480896,1.000041961669922,1.000038027763367,1.000164985656738,1.000125050544739,-3.802776336692126e-05,0.0001649856567380592,0.0001649856567380592,0,0,0,0,0,0,0
2022-08-06,USDT,1.000038027763367,1.000164985656738,1.000038027763367,1.000125050544739,1.000067949295044,1.000180959701538,1.000144004821777,-6.794929504394531e-05,0.00018095970153808594,0.00018095970153808594,0,0,0,0,0,0,0
2022-08-07,USDT,1.000128030776978,1.000180959701538,1.000067949295044,1.000144004821777,1.000097036361694,1.000226974487305,1.000177025794983,-9.703636169389185e-05,0.00022697448730490954,0.00022697448730490954,0,0,0,0,0,0,0
2022-08-08,USDT,1.000159025192261,1.000226974487305,1.000097036361694,1.000177025794983,1.000118017196655,1.00024402141571,1.000208973884583,-0.00011801719665505139,0.00024402141571000513,0.00024402141571000513,0,0,0,0,0,0,0
2022-08-09,USDT,1.000169038772583,1.00024402141571,1.000118017196655,1.000208973884583,1.000151038169861,1.000561952590942,1.000252962112427,-0.0001510381698610619,0.0005619525909419387,0.0005619525909419387,0,0,0,0,0,0,0
2022-08-10,USDT,1.000205039978027,1.000561952590942,1.000151038169861,1.000252962112427,1.000242948532104,1.000504016876221,1.00040602684021,-0.0002429485321040481,0.0005040168762209252,0.0005040168762209252,0,0,0,0,0,0,0
2022-08-11,USDT,1.000251054763794,1.000504016876221,1.000242948532104,1.00040602684021,1.000244975090027,1.000473022460938,1.000336050987244,-0.0002449750900270775,0.0004730224609379441,0.0004730224609379441,0,0,0,0,0,0,0
2022-08-12,USDT,1.000401020050049,1.000473022460938,1.000244975090027,1.000336050987244,1.000249981880188,1.000573992729187,1.000375986099243,-0.0002499818801879883,0.0005739927291870117,0.0005739927291870117,0,0,0,0,0,0,0
2022-08-13,USDT,1.000342011451721,1.000573992729187,1.000249981880188,1.000375986099243,1.000226020812988,1.000401020050049,1.000270962715149,-0.0002260208129880592,0.00040102005004905017,0.00040102005004905017,0,0,0,0,0,0,0
2022-08-14,USDT,1.000367045402527,1.000401020050049,1.000226020812988,1.000270962715149,1.000125050544739,1.000354051589966,1.000174045562744,-0.00012505054473899158,0.00035405158996604236,0.00035405158996604236,0,0,0,0,0,0,0
2022-08-15,USDT,1.00025999546051,1.000354051589966,1.000125050544739,1.000174045562744,1.000044941902161,1.000324964523315,1.000115036964417,-4.494190216108862e-05,0.0003249645233149856,0.0003249645233149856,0,0,0,0,0,0,0
2022-08-16,USDT,1.000169038772583,1.000324964523315,1.000044941902161,1.000115036964417,0.9999970197677612,1.000131964683533,1.000072956085205,2.9802322387695312e-06,0.0001319646835329369,0.0001319646835329369,0,0,0,0,0,0,0
2022-08-17,USDT,1.000125050544739,1.000131964683533,0.9999970197677612,1.000072956085205,0.99993497133255,1.000118970870972,0.9999989867210388,6.502866744995117e-05,0.00011897087097190173,0.00011897087097190173,0,0,0,0,0,0,0
2022-08-18,USDT,1.000072002410889,1.000118970870972,0.99993497133255,0.9999989867210388,0.9999459981918336,1.000174999237061,1.000059962272644,5.4001808166392884e-05,0.00017499923706099096,0.00017499923706099096,0,0,0,0,0,0,0
2022-08-19,USDT,0.9999909996986388,1.000174999237061,0.9999459981918336,1.000059962272644,0.9999729990959167,1.000133037567139,0.999974012374878,2.7000904083251953e-05,0.00013303756713889392,0.00013303756713889392,0,0,0,0,0,0,0
2022-08-20,USDT,1.00005304813385,1.000133037567139,0.9999729990959167,0.999974012374878,0.9999420046806335,1.000161051750183,0.9999939799308776,5.799531936645508e-05,0.00016105175018310547,0.00016105175018310547,0,0,0,0,0,0,0
2022-08-21,USDT,0.999974012374878,1.000161051750183,0.9999420046806335,0.9999939799308776,0.9998909831047058,1.000113964080811,0.9999840259552002,0.00010901689529418945,0.00011396408081099096,0.00011396408081099096,0,0,0,0,0,0,0
2022-08-22,USDT,0.9999989867210388,1.000113964080811,0.9998909831047058,0.9999840259552002,0.9998859763145448,1.000049948692322,0.9999920129776,0.00011402368545521124,4.994869232199939e-05,0.00011402368545521124,0,0,0,0,0,0,0
2022-08-23,USDT,0.999983012676239,1.000049948692322,0.9998859763145448,0.9999920129776,0.9999549984931946,1.000105023384094,1.000038981437683,4.500150680541992e-05,0.00010502338409401624,0.00010502338409401624,0,0,0,0,0,0,0
2022-08-24,USDT,0.9999920129776,1.000105023384094,0.9999549984931946,1.000038981437683,0.9999589920043944,1.0001300573349,1.000079989433289,4.100799560557977e-05,0.00013005733489990234,0.00013005733489990234,0,0,0,0,0,0,0
2022-08-25,USDT,1.000033974647522,1.0001300573349,0.9999589920043944,1.000079989433289,0.9999729990959167,1.000138998031616,1.000043034553528,2.7000904083251953e-05,0.0001389980316159889,0.0001389980316159889,0,0,0,0,0,0,0
2022-08-26,USDT,1.000077962875366,1.000138998031616,0.9999729990959167,1.000043034553528,0.9999709725379944,1.000139951705933,1.000018954277039,2.9027462005615234e-05,0.00013995170593306128,0.00013995170593306128,0,0,0,0,0,0,0
2022-08-27,USDT,1.000056028366089,1.000139951705933,0.9999709725379944,1.000018954277039,0.9999650120735168,1.000087022781372,1.000028014183044,3.49879264831543e-05,8.702278137207031e-05,8.702278137207031e-05,0,0,0,0,0,0,0
2022-08-28,USDT,1.000015020370483,1.000087022781372,0.9999650120735168,1.000028014183044,0.9999679923057556,1.000090956687927,1.0000319480896,3.2007694244384766e-05,9.095668792702405e-05,9.095668792702405e-05,0,0,0,0,0,0,0
2022-08-29,USDT,1.000051021575928,1.000090956687927,0.9999679923057556,1.0000319480896,0.9999769926071168,1.000234007835388,1.000080943107605,2.300739288318976e-05,0.00023400783538796155,0.00023400783538796155,0,0,0,0,0,0,0
2022-08-30,USDT,1.000038981437683,1.000234007835388,0.9999769926071168,1.000080943107605,0.999974012374878,1.000162959098816,1.0000159740448,2.598762512195929e-05,0.00016295909881591797,0.00016295909881591797,0,0,0,0,0,0,0
2022-08-31,USDT,1.000090003013611,1.000162959098816,0.999974012374878,1.0000159740448,0.9999679923057556,1.000116944313049,1.000010013580322,3.2007694244384766e-05,0.00011694431304909436,0.00011694431304909436,0,0,0,0,0,0,0
2022-09-01,USDT,1.000013947486877,1.000116944313049,0.9999679923057556,1.000010013580322,0.999948024749756,1.000120043754578,1.000089049339294,5.19752502440296e-05,0.00012004375457808081,0.00012004375457808081,0,0,0,0,0,0,0
2022-09-02,USDT,0.9999960064888,1.000120043754578,0.999948024749756,1.000089049339294,1.000033974647522,1.000120043754578,1.000074028968811,-3.3974647521972656e-05,0.00012004375457808081,0.00012004375457808081,0,0,0,0,0,0,0
2022-09-03,USDT,1.000089049339294,1.000120043754578,1.000033974647522,1.000074028968811,0.9999750256538392,1.00010097026825,1.00006103515625,2.497434616077765e-05,0.00010097026824995581,0.00010097026824995581,0,0,0,0,0,0,0
2022-09-04,USDT,1.000076055526733,1.00010097026825,0.9999750256538392,1.00006103515625,0.999966025352478,1.000092029571533,1.000038027763367,3.3974647521972656e-05,9.202957153298108e-05,9.202957153298108e-05,0,0,0,0,0,0,0
2022-09-05,USDT,1.000061988830566,1.000092029571533,0.999966025352478,1.000038027763367,0.9999669790267944,1.00009298324585,1.000048995018005,3.3020973205566406e-05,9.298324585005346e-05,9.298324585005346e-05,0,0,0,0,0,0,0
2022-09-06,USDT,1.000026941299438,1.00009298324585,0.9999669790267944,1.000048995018005,0.999987006187439,1.000177979469299,1.000108957290649,1.2993812561035156e-05,0.00017797946929909436,0.00017797946929909436,0,0,0,0,0,0,0
2022-09-07,USDT,1.000010967254639,1.000177979469299,0.999987006187439,1.000108957290649,1.000013947486877,1.000172972679138,1.000102043151855,-1.3947486876997317e-05,0.00017297267913796155,0.00017297267913796155,0,0,0,0,0,0,0
2022-09-08,USDT,1.000097036361694,1.000172972679138,1.000013947486877,1.000102043151855,1.000054955482483,1.000303030014038,1.000234961509705,-5.4955482482910156e-05,0.00030303001403808594,0.00030303001403808594,0,0,0,0,0,0,0
2022-09-09,USDT,1.000095963478088,1.000303030014038,1.000054955482483,1.000234961509705,1.000167012214661,1.000419974327087,1.000280976295471,-0.00016701221466108862,0.00041997432708695825,0.00041997432708695825,0,0,0,0,0,0,0
2022-09-10,USDT,1.000234961509705,1.000419974327087,1.000167012214661,1.000280976295471,1.000221967697144,1.000342965126038,1.00027596950531,-0.00022196769714399878,0.00034296512603804175,0.00034296512603804175,0,0,0,0,0,0,0
2022-09-11,USDT,1.000278949737549,1.000342965126038,1.000221967697144,1.00027596950531,1.000097990036011,1.000323057174683,1.000203967094421,-9.799003601096423e-05,0.0003230571746830613,0.0003230571746830613,0,0,0,0,0,0,0
2022-09-12,USDT,1.000280976295471,1.000323057174683,1.000097990036011,1.000203967094421,0.9999920129776,1.000339984893799,1.000025033950806,7.987022400013366e-06,0.00033998489379905017,0.00033998489379905017,0,0,0,0,0,0,0
2022-09-13,USDT,1.000161051750183,1.000339984893799,0.9999920129776,1.000025033950806,0.999974012374878,1.000213027000427,1.000141978263855,2.598762512195929e-05,0.00021302700042702405,0.00021302700042702405,0,0,0,0,0,0,0
2022-09-14,USDT,1.000038027763367,1.000213027000427,0.999974012374878,1.000141978263855,0.9999390244483948,1.000275015830994,1.000002980232239,6.097555160522461e-05,0.00027501583099409643,0.00027501583099409643,0,0,0,0,0,0,0
2022-09-15,USDT,1.0001380443573,1.000275015830994,0.9999390244483948,1.000002980232239,0.9998909831047058,1.000095009803772,0.9999809861183168,0.00010901689529418945,9.500980377197266e-05,0.00010901689529418945,0,0,0,0,0,0,0
2022-09-16,USDT,1.000002026557922,1.000095009803772,0.9998909831047058,0.9999809861183168,0.9999449849128724,1.000136971473694,1.000097990036011,5.5015087127574525e-05,0.0001369714736940697,0.0001369714736940697,0,0,0,0,0,0,0
2022-09-17,USDT,0.9999819993972778,1.000136971473694,0.9999449849128724,1.000097990036011,0.9999489784240724,1.000144958496094,1.000023007392883,5.102157592762335e-05,0.00014495849609397204,0.00014495849609397204,0,0,0,0,0,0,0
2022-09-18,USDT,1.000095963478088,1.000144958496094,0.9999489784240724,1.000023007392883,0.9999449849128724,1.000174999237061,1.000105977058411,5.5015087127574525e-05,0.00017499923706099096,0.00017499923706099096,0,0,0,0,0,0,0
2022-09-19,USDT,1.0000079870224,1.000174999237061,0.9999449849128724,1.000105977058411,1.000036954879761,1.000193953514099,1.000059962272644,-3.695487976096423e-05,0.00019395351409889905,0.00019395351409889905,0,0,0,0,0,0,0
2022-09-20,USDT,1.000103950500488,1.000193953514099,1.000036954879761,1.000059962272644,1.000033020973206,1.000193953514099,1.000085949897766,-3.3020973206010495e-05,0.00019395351409889905,0.00019395351409889905,0,0,0,0,0,0,0
2022-09-21,USDT,1.000054955482483,1.000193953514099,1.000033020973206,1.000085949897766,0.9999709725379944,1.000172019004822,0.9999840259552002,2.9027462005615234e-05,0.0001720190048219994,0.0001720190048219994,0,0,0,0,0,0,0
2022-09-22,USDT,1.000105977058411,1.000172019004822,0.9999709725379944,0.9999840259552002,0.9999459981918336,1.000048041343689,0.9999809861183168,5.4001808166392884e-05,4.8041343688964844e-05,5.4001808166392884e-05,0,0,0,0,0,0,0
2022-09-23,USDT,0.9999939799308776,1.000048041343689,0.9999459981918336,0.9999809861183168,0.9999549984931946,1.000102043151855,1.000049948692322,4.500150680541992e-05,0.00010204315185502466,0.00010204315185502466,0,0,0,0,0,0,0
2022-09-24,USDT,0.9999819993972778,1.000102043151855,0.9999549984931946,1.000049948692322,1.0000239610672,1.000136971473694,1.000054955482483,-2.3961067199929076e-05,0.0001369714736940697,0.0001369714736940697,0,0,0,0,0,0,0
2022-09-25,USDT,1.00005304813385,1.000136971473694,1.0000239610672,1.000054955482483,0.9999499917030334,1.000156998634338,0.9999899864196776,5.0008296966552734e-05,0.00015699863433793482,0.00015699863433793482,0,0,0,0,0,0,0
2022-09-26,USDT,1.000046968460083,1.000156998634338,0.9999499917030334,0.9999899864196776,0.9999510049819946,1.000095963478088,0.9999799728393556,4.8995018005371094e-05,9.596347808793482e-05,9.596347808793482e-05,0,0,0,0,0,0,0
2022-09-27,USDT,0.9999840259552002,1.000095963478088,0.9999510049819946,0.9999799728393556,0.9999110102653505,1.000051975250244,0.9999759793281556,8.898973464954718e-05,5.197525024391858e-05,8.898973464954718e-05,0,0,0,0,0,0,0
2022-09-28,USDT,0.999978005886078,1.000051975250244,0.9999110102653505,0.9999759793281556,0.9999279975891112,1.000097036361694,1.000079035758972,7.20024108887829e-05,9.703636169389185e-05,9.703636169389185e-05,0,0,0,0,0,0,0
2022-09-29,USDT,0.9999970197677612,1.000097036361694,0.9999279975891112,1.000079035758972,1.000008940696716,1.000164985656738,1.000048995018005,-8.940696716086549e-06,0.0001649856567380592,0.0001649856567380592,0,0,0,0,0,0,0
2022-09-30,USDT,1.000076055526733,1.000164985656738,1.000008940696716,1.000048995018005,0.9999560117721558,1.000107049942017,1.000043034553528,4.398822784423828e-05,0.00010704994201704565,0.00010704994201704565,0,0,0,0,0,0,0
2022-10-01,USDT,1.000061988830566,1.000107049942017,0.9999560117721558,1.000043034553528,0.999948024749756,1.000105977058411,1.000059962272644,5.19752502440296e-05,0.00010597705841108862,0.00010597705841108862,0,0,0,0,0,0,0
2022-10-02,USDT,1.000044941902161,1.000105977058411,0.999948024749756,1.000059962272644,0.9999840259552002,1.000157952308655,1.000089049339294,1.5974044799804688e-05,0.0001579523086550072,0.0001579523086550072,0,0,0,0,0,0,0
2022-10-03,USDT,1.000056028366089,1.000157952308655,0.9999840259552002,1.000089049339294,1.000064969062805,1.000255942344666,1.000251054763794,-6.496906280495374e-05,0.00025594234466597143,0.00025594234466597143,0,0,0,0,0,0,0
2022-10-04,USDT,1.000090956687927,1.000255942344666,1.000064969062805,1.000251054763794,1.000051975250244,1.00030505657196,1.000108957290649,-5.197525024391858e-05,0.00030505657196000513,0.00030505657196000513,0,0,0,0,0,0,0
2022-10-05,USDT,1.000249981880188,1.00030505657196,1.000051975250244,1.000108957290649,1.000087976455688,1.000223994255066,1.000143051147461,-8.797645568803247e-05,0.00022399425506591797,0.00022399425506591797,0,0,0,0,0,0,0
2022-10-06,USDT,1.000105023384094,1.000223994255066,1.000087976455688,1.000143051147461,1.000058054924011,1.000211954116821,1.00012195110321,-5.8054924011008424e-05,0.00021195411682106702,0.00021195411682106702,0,0,0,0,0,0,0
2022-10-07,USDT,1.000126957893372,1.000211954116821,1.000058054924011,1.00012195110321,1.000043988227844,1.000190019607544,1.000082969665527,-4.398822784401624e-05,0.0001900196075439453,0.0001900196075439453,0,0,0,0,0,0,0
2022-10-08,USDT,1.000125050544739,1.000190019607544,1.000043988227844,1.000082969665527,1.000064015388489,1.000182032585144,1.000157952308655,-6.401538848899158e-05,0.00018203258514404297,0.00018203258514404297,0,0,0,0,0,0,0
2022-10-09,USDT,1.000077962875366,1.000182032585144,1.000064015388489,1.000157952308655,0.9999399781227112,1.000188946723938,1.000018000602722,6.002187728881836e-05,0.00018894672393798828,0.00018894672393798828,0,0,0,0,0,0,0
2022-10-10,USDT,1.000159025192261,1.000188946723938,0.9999399781227112,1.000018000602722,0.9998890161514282,1.000064969062805,0.999900996685028,0.00011098384857177734,6.496906280495374e-05,0.00011098384857177734,0,0,0,0,0,0,0
2022-10-11,USDT,1.000008940696716,1.000064969062805,0.9998890161514282,0.999900996685028,0.999862015247345,1.000043988227844,0.9999920129776,0.0001379847526550293,4.398822784401624e-05,0.0001379847526550293,0,0,0,0,0,0,0
2022-10-12,USDT,0.9999210238456726,1.000043988227844,0.999862015247345,0.9999920129776,0.9999319911003112,1.000136017799377,1.000079035758972,6.800889968883173e-05,0.00013601779937699732,0.00013601779937699732,0,0,0,0,0,0,0
2022-10-13,USDT,0.999983012676239,1.000136017799377,0.9999319911003112,1.000079035758972,1.0000159740448,1.000152945518494,1.000074028968811,-1.5974044800026732e-05,0.00015294551849409643,0.00015294551849409643,0,0,0,0,0,0,0
2022-10-14,USDT,1.000082969665527,1.000152945518494,1.0000159740448,1.000074028968811,1.000017046928406,1.000159025192261,1.000087022781372,-1.7046928405983763e-05,0.00015902519226096423,0.00015902519226096423,0,0,0,0,0,0,0
2022-10-15,USDT,1.000072956085205,1.000159025192261,1.000017046928406,1.000087022781372,1.000028967857361,1.000149011611938,1.000056982040405,-2.896785736106189e-05,0.00014901161193803247,0.00014901161193803247,0,0,0,0,0,0,0
2022-10-16,USDT,1.000084042549133,1.000149011611938,1.000028967857361,1.000056982040405,1.000012040138245,1.000148057937622,1.00006902217865,-1.2040138245072995e-05,0.0001480579376220703,0.0001480579376220703,0,0,0,0,0,0,0
2022-10-17,USDT,1.000059962272644,1.000148057937622,1.000012040138245,1.00006902217865,1.000036954879761,1.000198006629944,1.000105977058411,-3.695487976096423e-05,0.0001980066299440697,0.0001980066299440697,0,0,0,0,0,0,0
2022-10-18,USDT,1.000067949295044,1.000198006629944,1.000036954879761,1.000105977058411,1.000036001205444,1.000210046768188,1.000059962272644,-3.600120544389185e-05,0.00021004676818803247,0.00021004676818803247,0,0,0,0,0,0,0
2022-10-19,USDT,1.000105023384094,1.000210046768188,1.000036001205444,1.000059962272644,0.9999639987945556,1.000159025192261,0.9999939799308776,3.600120544444696e-05,0.00015902519226096423,0.00015902519226096423,0,0,0,0,0,0,0
2022-10-20,USDT,1.000067949295044,1.000159025192261,0.9999639987945556,0.9999939799308776,0.9999279975891112,1.000141024589539,1.000123023986816,7.20024108887829e-05,0.0001410245895390183,0.0001410245895390183,0,0,0,0,0,0,0
2022-10-21,USDT,1.0,1.000141024589539,0.9999279975891112,1.000123023986816,1.000017046928406,1.000195980072021,1.00008499622345,-1.7046928405983763e-05,0.00019598007202104029,0.00019598007202104029,0,0,0,0,0,0,0
2022-10-22,USDT,1.000123977661133,1.000195980072021,1.000017046928406,1.00008499622345,1.0000239610672,1.000203013420105,1.00007700920105,-2.3961067199929076e-05,0.00020301342010498047,0.00020301342010498047,0,0,0,0,0,0,0
2022-10-23,USDT,1.00006103515625,1.000203013420105,1.0000239610672,1.00007700920105,1.000041007995605,1.000174999237061,1.000056982040405,-4.100799560502466e-05,0.00017499923706099096,0.00017499923706099096,0,0,0,0,0,0,0
2022-10-24,USDT,1.000069975852966,1.000174999237061,1.000041007995605,1.000056982040405,1.000015020370483,1.000254988670349,1.000208020210266,-1.5020370482954348e-05,0.00025498867034889905,0.00025498867034889905,0,0,0,0,0,0,0
2022-10-25,USDT,1.000046014785767,1.000254988670349,1.000015020370483,1.000208020210266,1.000118970870972,1.000277042388916,1.00019896030426,-0.00011897087097190173,0.0002770423889160156,0.0002770423889160156,0,0,0,0,0,0,0
2022-10-26,USDT,1.000200033187866,1.000277042388916,1.000118970870972,1.00019896030426,1.000056028366089,1.000262975692749,1.000092029571533,-5.602836608908923e-05,0.00026297569274902344,0.00026297569274902344,0,0,0,0,0,0,0
2022-10-27,USDT,1.000203967094421,1.000262975692749,1.000056028366089,1.000092029571533,1.00005304813385,1.000224947929382,1.0001460313797,-5.3048133850097656e-05,0.00022494792938210217,0.00022494792938210217,0,0,0,0,0,0,0
2022-10-28,USDT,1.000097036361694,1.000224947929382,1.00005304813385,1.0001460313797,1.00012195110321,1.000345945358276,1.000226020812988,-0.00012195110321000513,0.0003459453582759231,0.0003459453582759231,0,0,0,0,0,0,0
2022-10-29,USDT,1.000141024589539,1.000345945358276,1.00012195110321,1.000226020812988,1.000169992446899,1.000345945358276,1.000179052352905,-0.00016999244689896997,0.0003459453582759231,0.0003459453582759231,0,0,0,0,0,0,0
2022-10-30,USDT,1.000226020812988,1.000345945358276,1.000169992446899,1.000179052352905,0.9999189972877502,1.00025200843811,0.9999470114707948,8.100271224975586e-05,0.0002520084381099075,0.0002520084381099075,0,0,0,0,0,0,0
2022-10-31,USDT,1.000185012817383,1.00025200843811,0.9999189972877502,0.9999470114707948,0.9997739791870116,0.9999849796295166,0.9999240040779114,0.00022602081298839227,-1.5020370483398438e-05,0.00022602081298839227,0,0,0,0,0,0,0
2022-11-01,USDT,0.9999560117721558,0.9999849796295166,0.9997739791870116,0.9999240040779114,0.9998649954795836,1.000079035758972,0.9999960064888,0.0001350045204163708,7.903575897194592e-05,0.0001350045204163708,0,0,0,0,0,0,0
2022-11-02,USDT,0.9999179840087892,1.000079035758972,0.9998649954795836,0.9999960064888,0.9999439716339112,1.000048041343689,1.000007033348083,5.6028366088756165e-05,4.8041343688964844e-05,5.6028366088756165e-05,0,0,0,0,0,0,0
2022-11-03,USDT,0.9999790191650392,1.000048041343689,0.9999439716339112,1.000007033348083,0.9999589920043944,1.000118970870972,1.000076055526733,4.100799560557977e-05,0.00011897087097190173,0.00011897087097190173,0,0,0,0,0,0,0
2022-11-04,USDT,1.000007033348083,1.000118970870972,0.9999589920043944,1.000076055526733,1.000040054321289,1.000180006027222,1.000118970870972,-4.00543212890625e-05,0.00018000602722190173,0.00018000602722190173,0,0,0,0,0,0,0
2022-11-05,USDT,1.000074982643127,1.000180006027222,1.000040054321289,1.000118970870972,0.9999939799308776,1.000164031982422,1.000090003013611,6.0200691224254754e-06,0.00016403198242209704,0.00016403198242209704,0,0,0,0,0,0,0
2022-11-06,USDT,1.000120997428894,1.000164031982422,0.9999939799308776,1.000090003013611,1.000038981437683,1.000164985656738,1.000094056129456,-3.898143768310547e-05,0.0001649856567380592,0.0001649856567380592,0,0,0,0,0,0,0
2022-11-07,USDT,1.00010097026825,1.000164985656738,1.000038981437683,1.000094056129456,1.000013947486877,1.000514984130859,1.0000319480896,-1.3947486876997317e-05,0.0005149841308589309,0.0005149841308589309,0,0,0,0,0,0,0
2022-11-08,USDT,1.000094056129456,1.000514984130859,1.000013947486877,1.0000319480896,0.9985259771347046,1.000043034553528,0.9986000061035156,0.0014740228652954102,4.3034553528054076e-05,0.0014740228652954102,0,0,0,0,0,0,0
2022-11-09,USDT,1.000043034553528,1.000043034553528,0.9985259771347046,0.9986000061035156,0.9815250039100648,0.9989749789237976,0.9978349804878236,0.01847499608993519,-0.0010250210762023926,0.01847499608993519,0,1,1,0,0,1,1
2022-11-10,USDT,0.9986339807510376,0.9989749789237976,0.9815250039100648,0.9978349804878236,0.9968850016593932,0.9985690116882324,0.99821799993515,0.0031149983406068005,-0.0014309883117675781,0.0031149983406068005,1,0,0,0,0,0,0
2022-11-11,USDT,0.9978139996528624,0.9985690116882324,0.9968850016593932,0.99821799993515,0.9977729916572572,0.9988229870796204,0.9986159801483154,0.002227008342742809,-0.0011770129203796387,0.002227008342742809,0,0,0,0,0,0,0
2022-11-12,USDT,0.9981979727745056,0.9988229870796204,0.9977729916572572,0.9986159801483154,0.998462975025177,0.9990659952163696,0.9987549781799316,0.001537024974822998,-0.0009340047836303711,0.001537024974822998,0,0,0,0,0,0,0
2022-11-13,USDT,0.9986169934272766,0.9990659952163696,0.998462975025177,0.9987549781799316,0.9985759854316713,0.9991340041160583,0.9990130066871644,0.0014240145683287464,-0.0008659958839416504,0.0014240145683287464,0,0,0,0,0,0,0
2022-11-14,USDT,0.9987499713897704,0.9991340041160583,0.9985759854316713,0.9990130066871644,0.9987559914588928,0.9992430210113524,0.9991300106048584,0.0012440085411071777,-0.000756978988647572,0.0012440085411071777,0,0,0,0,0,0,0
2022-11-15,USDT,0.9990209937095642,0.9992430210113524,0.9987559914588928,0.9991300106048584,0.9989879727363586,0.9994059801101683,0.9992290139198304,0.0010120272636413574,-0.000594019889831654,0.0010120272636413574,0,0,0,0,0,0,0
2022-11-16,USDT,0.999135971069336,0.9994059801101683,0.9989879727363586,0.9992290139198304,0.9992030262947084,0.9996449947357178,0.9994019865989684,0.000796973705291637,-0.00035500526428222656,0.000796973705291637,0,0,0,0,0,0,0
2022-11-17,USDT,0.999230980873108,0.9996449947357178,0.9992030262947084,0.9994019865989684,0.9990800023078918,0.9994680285453796,0.9991629719734192,0.0009199976921081543,-0.0005319714546203613,0.0009199976921081543,0,0,0,0,0,0,0
2022-11-18,USDT,0.999396026134491,0.9994680285453796,0.9990800023078918,0.9991629719734192,0.99904602766037,0.999292016029358,0.999101996421814,0.0009539723396300159,-0.0007079839706419788,0.0009539723396300159,0,0,0,0,0,0,0
2022-11-19,USDT,0.9991750121116638,0.999292016029358,0.99904602766037,0.999101996421814,0.998769998550415,0.9992070198059082,0.9989820122718812,0.001230001449584961,-0.0007929801940917969,0.001230001449584961,0,0,0,0,0,0,0
2022-11-20,USDT,0.9990869760513306,0.9992070198059082,0.998769998550415,0.9989820122718812,0.9986460208892822,0.9991689920425416,0.9990890026092528,0.0013539791107177734,-0.0008310079574583851,0.0013539791107177734,0,0,0,0,0,0,0
2022-11-21,USDT,0.998995006084442,0.9991689920425416,0.9986460208892822,0.9990890026092528,0.998874008655548,0.9993090033531188,0.9991570115089417,0.0011259913444520153,-0.0006909966468812145,0.0011259913444520153,0,0,0,0,0,0,0
2022-11-22,USDT,0.999081015586853,0.9993090033531188,0.998874008655548,0.9991570115089417,0.9989539980888368,0.999234974384308,0.9991940259933472,0.001046001911163219,-0.0007650256156920276,0.001046001911163219,0,0,0,0,0,0,0
2022-11-23,USDT,0.9991660118103028,0.999234974384308,0.9989539980888368,0.9991940259933472,0.9991229772567748,0.9995070099830629,0.999421000480652,0.0008770227432252087,-0.0004929900169371448,0.0008770227432252087,0,0,0,0,0,0,0
2022-11-24,USDT,0.9991909861564636,0.9995070099830629,0.9991229772567748,0.999421000480652,0.9994040131568908,0.99958997964859,0.9995779991149902,0.0005959868431092419,-0.00041002035141002313,0.0005959868431092419,0,0,0,0,0,0,0
2022-11-25,USDT,0.999417006969452,0.99958997964859,0.9994040131568908,0.9995779991149902,0.9995070099830629,0.9996259808540344,0.9995740056037904,0.0004929900169371448,-0.00037401914596557617,0.0004929900169371448,0,0,0,0,0,0,0
2022-11-26,USDT,0.999576985836029,0.9996259808540344,0.9995070099830629,0.9995740056037904,0.9995030164718628,0.9996539950370787,0.9996039867401124,0.000496983528137207,-0.0003460049629212536,0.000496983528137207,0,0,0,0,0,0,0
2022-11-27,USDT,0.999567985534668,0.9996539950370787,0.9995030164718628,0.9996039867401124,0.9995930194854736,0.9997730255126952,0.9996619820594788,0.0004069805145263672,-0.00022697448730479852,0.0004069805145263672,0,0,0,0,0,0,0
2022-11-28,USDT,0.9995999932289124,0.9997730255126952,0.9995930194854736,0.9996619820594788,0.9996060132980348,0.9997789859771729,0.9997439980506896,0.000393986701965221,-0.00022101402282714844,0.000393986701965221,0,0,0,0,0,0,0
2022-11-29,USDT,0.9996619820594788,0.9997789859771729,0.9996060132980348,0.9997439980506896,0.99965101480484,1.00005304813385,1.000015020370483,0.00034898519516002313,5.3048133850097656e-05,0.00034898519516002313,0,0,0,0,0,0,0
2022-11-30,USDT,0.9997329711914062,1.00005304813385,0.99965101480484,1.000015020370483,0.9999560117721558,1.000094056129456,1.000043988227844,4.398822784423828e-05,9.40561294560105e-05,9.40561294560105e-05,0,0,0,0,0,0,0
2022-12-01,USDT,1.000028967857361,1.000094056129456,0.9999560117721558,1.000043988227844,1.000017046928406,1.000139951705933,1.000064969062805,-1.7046928405983763e-05,0.00013995170593306128,0.00013995170593306128,0,0,0,0,0,0,0
2022-12-02,USDT,1.000041961669922,1.000139951705933,1.000017046928406,1.000064969062805,1.000028014183044,1.000105023384094,1.00006103515625,-2.8014183043989505e-05,0.00010502338409401624,0.00010502338409401624,0,0,0,0,0,0,0
2022-12-03,USDT,1.000054955482483,1.000105023384094,1.000028014183044,1.00006103515625,1.000020027160645,1.000169038772583,1.000120043754578,-2.002716064497534e-05,0.0001690387725830078,0.0001690387725830078,0,0,0,0,0,0,0
2022-12-04,USDT,1.00006103515625,1.000169038772583,1.000020027160645,1.000120043754578,1.000040054321289,1.000205039978027,1.000054001808167,-4.00543212890625e-05,0.00020503997802689966,0.00020503997802689966,0,0,0,0,0,0,0
2022-12-05,USDT,1.000125050544739,1.000205039978027,1.000040054321289,1.000054001808167,1.000036001205444,1.000151038169861,1.00007700920105,-3.600120544389185e-05,0.0001510381698610619,0.0001510381698610619,0,0,0,0,0,0,0
2022-12-06,USDT,1.000076055526733,1.000151038169861,1.000036001205444,1.00007700920105,0.9999809861183168,1.00012195110321,1.000002026557922,1.9013881683238587e-05,0.00012195110321000513,0.00012195110321000513,0,0,0,0,0,0,0
2022-12-07,USDT,1.000064969062805,1.00012195110321,0.9999809861183168,1.000002026557922,0.9999819993972778,1.000133991241455,1.000126957893372,1.800060272216797e-05,0.00013399124145507812,0.00013399124145507812,0,0,0,0,0,0,0
2022-12-08,USDT,1.0000159740448,1.000133991241455,0.9999819993972778,1.000126957893372,1.000038027763367,1.000156998634338,1.000056982040405,-3.802776336692126e-05,0.00015699863433793482,0.00015699863433793482,0,0,0,0,0,0,0
2022-12-09,USDT,1.000120997428894,1.000156998634338,1.000038027763367,1.000056982040405,1.000025033950806,1.000087976455688,1.000046014785767,-2.5033950806108152e-05,8.797645568803247e-05,8.797645568803247e-05,0,0,0,0,0,0,0
2022-12-10,USDT,1.00006103515625,1.000087976455688,1.000025033950806,1.000046014785767,1.000033020973206,1.000102996826172,1.000077962875366,-3.3020973206010495e-05,0.00010299682617209704,0.00010299682617209704,0,0,0,0,0,0,0
2022-12-11,USDT,1.000033020973206,1.000102996826172,1.000033020973206,1.000077962875366,1.0000239610672,1.000211954116821,1.000107049942017,-2.3961067199929076e-05,0.00021195411682106702,0.00021195411682106702,0,0,0,0,0,0,0
2022-12-12,USDT,1.00008499622345,1.000211954116821,1.0000239610672,1.000107049942017,0.9999719858169556,1.000573039054871,1.000017046928406,2.8014183044433594e-05,0.0005730390548710496,0.0005730390548710496,0,0,0,0,0,0,0
2022-12-13,USDT,1.000110983848572,1.000573039054871,0.9999719858169556,1.000017046928406,0.9999639987945556,1.000131964683533,1.000105023384094,3.600120544444696e-05,0.0001319646835329369,0.0001319646835329369,0,0,0,0,0,0,0
2022-12-14,USDT,1.000028014183044,1.000131964683533,0.9999639987945556,1.000105023384094,1.000038981437683,1.000185966491699,1.000077962875366,-3.898143768310547e-05,0.0001859664916989967,0.0001859664916989967,0,0,0,0,0,0,0
2022-12-15,USDT,1.000108957290649,1.000185966491699,1.000038981437683,1.000077962875366,1.000023007392883,1.000180006027222,1.000156998634338,-2.3007392883078737e-05,0.00018000602722190173,0.00018000602722190173,0,0,0,0,0,0,0
2022-12-16,USDT,1.00007700920105,1.000180006027222,1.000023007392883,1.000156998634338,1.000072956085205,1.000295996665955,1.000161051750183,-7.295608520507812e-05,0.00029599666595503393,0.00029599666595503393,0,0,0,0,0,0,0
2022-12-17,USDT,1.000128984451294,1.000295996665955,1.000072956085205,1.000161051750183,1.000074982643127,1.000219941139221,1.000154972076416,-7.498264312699732e-05,0.00021994113922096936,0.00021994113922096936,0,0,0,0,0,0,0
2022-12-18,USDT,1.000133991241455,1.000219941139221,1.000074982643127,1.000154972076416,1.000048041343689,1.00020694732666,1.000079989433289,-4.8041343688964844e-05,0.0002069473266599342,0.0002069473266599342,0,0,0,0,0,0,0
2022-12-19,USDT,1.000149011611938,1.00020694732666,1.000048041343689,1.000079989433289,1.000051975250244,1.00019896030426,1.000110983848572,-5.197525024391858e-05,0.00019896030426003186,0.00019896030426003186,0,0,0,0,0,0,0
2022-12-20,USDT,1.000072002410889,1.00019896030426,1.000051975250244,1.000110983848572,1.000036954879761,1.00019097328186,1.00007700920105,-3.695487976096423e-05,0.00019097328185990747,0.00019097328185990747,0,0,0,0,0,0,0
2022-12-21,USDT,1.000094056129456,1.00019097328186,1.000036954879761,1.00007700920105,0.9999719858169556,1.00012195110321,1.000010967254639,2.8014183044433594e-05,0.00012195110321000513,0.00012195110321000513,0,0,0,0,0,0,0
2022-12-22,USDT,1.000079035758972,1.00012195110321,0.9999719858169556,1.000010967254639,0.9999359846115112,1.00006902217865,0.9999809861183168,6.401538848876953e-05,6.902217864990234e-05,6.902217864990234e-05,0,0,0,0,0,0,0
2022-12-23,USDT,1.000002026557922,1.00006902217865,0.9999359846115112,0.9999809861183168,0.9999549984931946,1.00006103515625,0.9999920129776,4.500150680541992e-05,6.103515625e-05,6.103515625e-05,0,0,0,0,0,0,0
2022-12-24,USDT,0.9999809861183168,1.00006103515625,0.9999549984931946,0.9999920129776,0.9998930096626282,1.00005304813385,0.9999430179595948,0.00010699033737182617,5.3048133850097656e-05,0.00010699033737182617,0,0,0,0,0,0,0
2022-12-25,USDT,0.9999889731407166,1.00005304813385,0.9998930096626282,0.9999430179595948,0.9998940229415894,1.000020027160645,0.9999949932098388,0.00010597705841064453,2.002716064497534e-05,0.00010597705841064453,0,0,0,0,0,0,0
2022-12-26,USDT,0.9999340176582336,1.000020027160645,0.9998940229415894,0.9999949932098388,0.9998279809951782,1.000018954277039,0.9998499751091005,0.00017201900482177734,1.8954277039018308e-05,0.00017201900482177734,0,0,0,0,0,0,0
2022-12-27,USDT,0.9999639987945556,1.000018954277039,0.9998279809951782,0.9998499751091005,0.9996520280838012,0.9999210238456726,0.9996860027313232,0.0003479719161988415,-7.897615432739258e-05,0.0003479719161988415,0,0,0,0,0,0,0
2022-12-28,USDT,0.9998549818992616,0.9999210238456726,0.9996520280838012,0.9996860027313232,0.9995989799499512,0.9998379945755004,0.9997349977493286,0.0004010200500488281,-0.00016200542449962274,0.0004010200500488281,0,0,0,0,0,0,0
2022-12-29,USDT,0.9996790289878844,0.9998379945755004,0.9995989799499512,0.9997349977493286,0.9996299743652344,0.9997749924659728,0.99965900182724,0.000370025634765625,-0.00022500753402721063,0.000370025634765625,0,0,0,0,0,0,0
2022-12-30,USDT,0.9997310042381288,0.9997749924659728,0.9996299743652344,0.99965900182724,0.9996529817581176,0.9997789859771729,0.9996740221977234,0.00034701824188243524,-0.00022101402282714844,0.00034701824188243524,0,0,0,0,0,0,0
2022-12-31,USDT,0.9996690154075624,0.9997789859771729,0.9996529817581176,0.9996740221977234,0.9995669722557068,0.9997609853744508,0.9996920228004456,0.0004330277442932129,-0.00023901462554920538,0.0004330277442932129,0,0,0,0,0,0,0
2023-01-01,USDT,0.9996799826622008,0.9997609853744508,0.9995669722557068,0.9996920228004456,0.9996209740638732,0.9998440146446228,0.999770998954773,0.00037902593612682,-0.00015598535537719727,0.00037902593612682,0,0,0,0,0,0,0
2023-01-02,USDT,0.9996880292892456,0.9998440146446228,0.9996209740638732,0.999770998954773,0.9997220039367676,0.9998959898948668,0.9997590184211732,0.0002779960632324219,-0.00010401010513316766,0.0002779960632324219,0,0,0,0,0,0,0
2023-01-03,USDT,0.9997829794883728,0.9998959898948668,0.9997220039367676,0.9997590184211732,0.9997209906578064,0.9998689889907836,0.999763011932373,0.0002790093421936035,-0.00013101100921641962,0.0002790093421936035,0,0,0,0,0,0,0
2023-01-04,USDT,0.9997509717941284,0.9998689889907836,0.9997209906578064,0.999763011932373,0.9996939897537231,0.999904990196228,0.9996970295906068,0.00030601024627685547,-9.500980377197266e-05,0.00030601024627685547,0,0,0,0,0,0,0
2023-01-05,USDT,0.999754011631012,0.999904990196228,0.9996939897537231,0.9996970295906068,0.9996259808540344,0.9998459815979004,0.9997379779815674,0.00037401914596557617,-0.00015401840209960938,0.00037401914596557617,0,0,0,0,0,0,0
2023-01-06,USDT,0.9997100234031676,0.9998459815979004,0.9996259808540344,0.9997379779815674,0.9996970295906068,0.9999070167541504,0.9998959898948668,0.0003029704093931995,-9.298324584960938e-05,0.0003029704093931995,0,0,0,0,0,0,0
2023-01-07,USDT,0.9997320175170898,0.9999070167541504,0.9996970295906068,0.9998959898948668,0.9998440146446228,1.000018954277039,0.9999570250511168,0.00015598535537719727,1.8954277039018308e-05,0.00015598535537719727,0,0,0,0,0,0,0
2023-01-08,USDT,0.9998949766159058,1.000018954277039,0.9998440146446228,0.9999570250511168,0.9998999834060668,1.00006902217865,0.9999989867210388,0.00010001659393321649,6.902217864990234e-05,0.00010001659393321649,0,0,0,0,0,0,0
2023-01-09,USDT,0.9999449849128724,1.00006902217865,0.9998999834060668,0.9999989867210388,0.9999210238456726,1.000139951705933,1.000100016593933,7.897615432739258e-05,0.00013995170593306128,0.00013995170593306128,0,0,0,0,0,0,0
2023-01-10,USDT,0.9999970197677612,1.000139951705933,0.9999210238456726,1.000100016593933,0.9999669790267944,1.000161051750183,1.000018954277039,3.3020973205566406e-05,0.00016105175018310547,0.00016105175018310547,0,0,0,0,0,0,0
2023-01-11,USDT,1.000094056129456,1.000161051750183,0.9999669790267944,1.000018954277039,0.9999650120735168,1.000149965286255,1.000092029571533,3.49879264831543e-05,0.00014996528625510486,0.00014996528625510486,0,0,0,0,0,0,0
2023-01-12,USDT,1.00006103515625,1.000149965286255,0.9999650120735168,1.000092029571533,1.000043034553528,1.000218987464905,1.000213980674744,-4.3034553528054076e-05,0.0002189874649050072,0.0002189874649050072,0,0,0,0,0,0,0
2023-01-13,USDT,1.000120997428894,1.000218987464905,1.000043034553528,1.000213980674744,1.000118970870972,1.000403046607971,1.000156998634338,-0.00011897087097190173,0.00040304660797096936,0.00040304660797096936,0,0,0,0,0,0,0
2023-01-14,USDT,1.00020694732666,1.000403046607971,1.000118970870972,1.000156998634338,1.000113964080811,1.000502943992615,1.000373959541321,-0.00011396408081099096,0.0005029439926149681,0.0005029439926149681,0,0,0,0,0,0,0
2023-01-15,USDT,1.000144004821777,1.000502943992615,1.000113964080811,1.000373959541321,1.000090003013611,1.000452041625977,1.000126004219055,-9.000301361106189e-05,0.0004520416259770066,0.0004520416259770066,0,0,0,0,0,0,0
2023-01-16,USDT,1.000347971916199,1.000452041625977,1.000090003013611,1.000126004219055,1.00006103515625,1.000283002853394,1.000102996826172,-6.103515625e-05,0.0002830028533939988,0.0002830028533939988,0,0,0,0,0,0,0
2023-01-17,USDT,1.0001300573349,1.000283002853394,1.00006103515625,1.000102996826172,0.9999719858169556,1.000296950340271,0.9999899864196776,2.8014183044433594e-05,0.0002969503402709961,0.0002969503402709961,0,0,0,0,0,0,0
2023-01-18,USDT,1.000105977058411,1.000296950340271,0.9999719858169556,0.9999899864196776,0.9999470114707948,1.000095009803772,1.000023007392883,5.298852920521124e-05,9.500980377197266e-05,9.500980377197266e-05,0,0,0,0,0,0,0
2023-01-19,USDT,0.9999899864196776,1.000095009803772,0.9999470114707948,1.000023007392883,0.999974012374878,1.000242948532104,1.000179052352905,2.598762512195929e-05,0.0002429485321040481,0.0002429485321040481,0,0,0,0,0,0,0
2023-01-20,USDT,1.000005960464478,1.000242948532104,0.999974012374878,1.000179052352905,1.000128030776978,1.000409007072449,1.000216960906982,-0.00012803077697798315,0.0004090070724489525,0.0004090070724489525,0,0,0,0,0,0,0
2023-01-21,USDT,1.00018298625946,1.000409007072449,1.000128030776978,1.000216960906982,1.0001300573349,1.000267028808594,1.000234007835388,-0.00013005733489990234,0.00026702880859397204,0.00026702880859397204,0,0,0,0,0,0,0
2023-01-22,USDT,1.000223994255066,1.000267028808594,1.0001300573349,1.000234007835388,1.000090956687927,1.000246047973633,1.000203967094421,-9.095668792702405e-05,0.00024604797363303454,0.00024604797363303454,0,0,0,0,0,0,0
2023-01-23,USDT,1.000219941139221,1.000246047973633,1.000090956687927,1.000203967094421,1.000082015991211,1.000327944755554,1.0001300573349,-8.20159912109375e-05,0.0003279447555539772,0.0003279447555539772,0,0,0,0,0,0,0
2023-01-24,USDT,1.000200986862183,1.000327944755554,1.000082015991211,1.0001300573349,1.00009298324585,1.000298976898193,1.000174999237061,-9.298324585005346e-05,0.0002989768981929153,0.0002989768981929153,0,0,0,0,0,0,0
2023-01-25,USDT,1.000128984451294,1.000298976898193,1.00009298324585,1.000174999237061,1.000059962272644,1.000269055366516,1.000082015991211,-5.996227264404297e-05,0.00026905536651589124,0.00026905536651589124,0,0,0,0,0,0,0
2023-01-26,USDT,1.000192999839783,1.000269055366516,1.000059962272644,1.000082015991211,1.000054955482483,1.000278949737549,1.000182032585144,-5.4955482482910156e-05,0.00027894973754905017,0.00027894973754905017,0,0,0,0,0,0,0
2023-01-27,USDT,1.000087976455688,1.000278949737549,1.000054955482483,1.000182032585144,1.000131964683533,1.000296950340271,1.000193953514099,-0.0001319646835329369,0.0002969503402709961,0.0002969503402709961,0,0,0,0,0,0,0
2023-01-28,USDT,1.000175952911377,1.000296950340271,1.000131964683533,1.000193953514099,1.000092029571533,1.000309944152832,1.000098943710327,-9.202957153298108e-05,0.00030994415283203125,0.00030994415283203125,0,0,0,0,0,0,0
2023-01-29,USDT,1.000201940536499,1.000309944152832,1.000092029571533,1.000098943710327,1.000036954879761,1.000156998634338,1.00009298324585,-3.695487976096423e-05,0.00015699863433793482,0.00015699863433793482,0,0,0,0,0,0,0
2023-01-30,USDT,1.000089049339294,1.000156998634338,1.000036954879761,1.00009298324585,0.9999939799308776,1.000169038772583,1.000116944313049,6.0200691224254754e-06,0.0001690387725830078,0.0001690387725830078,0,0,0,0,0,0,0
2023-01-31,USDT,1.000080943107605,1.000169038772583,0.9999939799308776,1.000116944313049,1.000048041343689,1.000237941741943,1.000097990036011,-4.8041343688964844e-05,0.00023794174194291529,0.00023794174194291529,0,0,0,0,0,0,0
2023-02-01,USDT,1.0001380443573,1.000237941741943,1.000048041343689,1.000097990036011,1.000082969665527,1.000327944755554,1.000139951705933,-8.296966552689966e-05,0.0003279447555539772,0.0003279447555539772,0,0,0,0,0,0,0
2023-02-02,USDT,1.000087976455688,1.000327944755554,1.000082969665527,1.000139951705933,1.000077962875366,1.00027596950531,1.000131011009216,-7.796287536598889e-05,0.0002759695053100586,0.0002759695053100586,0,0,0,0,0,0,0
2023-02-03,USDT,1.000141978263855,1.00027596950531,1.000077962875366,1.000131011009216,1.000054001808167,1.0001620054245,1.000100016593933,-5.4001808166947995e-05,0.0001620054244999558,0.0001620054244999558,0,0,0,0,0,0,0
2023-02-04,USDT,1.00012195110321,1.0001620054245,1.000054001808167,1.000100016593933,1.000089049339294,1.00026798248291,1.000198006629944,-8.90493392939895e-05,0.0002679824829099342,0.0002679824829099342,0,0,0,0,0,0,0
2023-02-05,USDT,1.00009298324585,1.00026798248291,1.000089049339294,1.000198006629944,1.000066995620728,1.000273942947388,1.000102043151855,-6.699562072798315e-05,0.00027394294738791736,0.00027394294738791736,0,0,0,0,0,0,0
2023-02-06,USDT,1.000208973884583,1.000273942947388,1.000066995620728,1.000102043151855,1.000030040740967,1.000273942947388,1.00007700920105,-3.004074096701892e-05,0.00027394294738791736,0.00027394294738791736,0,0,0,0,0,0,0
2023-02-07,USDT,1.000095963478088,1.000273942947388,1.000030040740967,1.00007700920105,1.000038981437683,1.000242948532104,1.000131011009216,-3.898143768310547e-05,0.0002429485321040481,0.0002429485321040481,0,0,0,0,0,0,0
2023-02-08,USDT,1.000087976455688,1.000242948532104,1.000038981437683,1.000131011009216,1.0000319480896,1.000267028808594,1.000159025192261,-3.1948089600053464e-05,0.00026702880859397204,0.00026702880859397204,0,0,0,0,0,0,0
2023-02-09,USDT,1.000128984451294,1.000267028808594,1.0000319480896,1.000159025192261,1.000115990638733,1.000365018844604,1.000152945518494,-0.00011599063873291016,0.0003650188446040481,0.0003650188446040481,0,0,0,0,0,0,0
2023-02-10,USDT,1.000156998634338,1.000365018844604,1.000115990638733,1.000152945518494,1.000090003013611,1.000257015228271,1.000162959098816,-9.000301361106189e-05,0.0002570152282710403,0.0002570152282710403,0,0,0,0,0,0,0
2023-02-11,USDT,1.000211000442505,1.000257015228271,1.000090003013611,1.000162959098816,1.000108003616333,1.000285983085632,1.000210046768188,-0.00010800361633300781,0.0002859830856321022,0.0002859830856321022,0,0,0,0,0,0,0
2023-02-12,USDT,1.000146985054016,1.000285983085632,1.000108003616333,1.000210046768188,1.000167012214661,1.002496004104614,1.000933051109314,-0.00016701221466108862,0.0024960041046140358,0.0024960041046140358,0,0,0,0,0,0,0
2023-02-13,USDT,1.000213027000427,1.002496004104614,1.000167012214661,1.000933051109314,1.000355005264282,1.001134037971497,1.000404000282288,-0.0003550052642820045,0.0011340379714970261,0.0011340379714970261,0,0,0,0,0,0,0
2023-02-14,USDT,1.000923037528992,1.001134037971497,1.000355005264282,1.000404000282288,1.000177025794983,1.000547051429749,1.000218033790588,-0.00017702579498291016,0.0005470514297489792,0.0005470514297489792,0,0,0,0,0,0,0
2023-02-15,USDT,1.000404953956604,1.000547051429749,1.000177025794983,1.000218033790588,1.000094056129456,1.000316023826599,1.000162959098816,-9.40561294560105e-05,0.00031602382659889905,0.00031602382659889905,0,0,0,0,0,0,0
2023-02-16,USDT,1.000224947929382,1.000316023826599,1.000094056129456,1.000162959098816,1.00010097026825,1.00024402141571,1.000221014022827,-0.00010097026824995581,0.00024402141571000513,0.00024402141571000513,0,0,0,0,0,0,0
2023-02-17,USDT,1.000162959098816,1.00024402141571,1.00010097026825,1.000221014022827,1.000144958496094,1.000331044197083,1.000182032585144,-0.00014495849609397204,0.0003310441970829636,0.0003310441970829636,0,0,0,0,0,0,0
2023-02-18,USDT,1.00021505355835,1.000331044197083,1.000144958496094,1.000182032585144,1.000154972076416,1.000290989875793,1.000236988067627,-0.00015497207641601562,0.00029098987579301294,0.00029098987579301294,0,0,0,0,0,0,0
2023-02-19,USDT,1.000180959701538,1.000290989875793,1.000154972076416,1.000236988067627,1.000116944313049,1.000283002853394,1.000187039375305,-0.00011694431304909436,0.0002830028533939988,0.0002830028533939988,0,0,0,0,0,0,0
2023-02-20,USDT,1.000247955322266,1.000283002853394,1.000116944313049,1.000187039375305,1.000077962875366,1.00022304058075,1.000131964683533,-7.796287536598889e-05,0.0002230405807499558,0.0002230405807499558,0,0,0,0,0,0,0
2023-02-21,USDT,1.000180959701538,1.00022304058075,1.000077962875366,1.000131964683533,1.000067949295044,1.000367999076843,1.000098943710327,-6.794929504394531e-05,0.0003679990768430397,0.0003679990768430397,0,0,0,0,0,0,0
2023-02-22,USDT,1.0001460313797,1.000367999076843,1.000067949295044,1.000098943710327,1.000059008598328,1.000216007232666,1.000123977661133,-5.900859832808081e-05,0.00021600723266601562,0.00021600723266601562,0,0,0,0,0,0,0
2023-02-23,USDT,1.000095963478088,1.000216007232666,1.000059008598328,1.000123977661133,1.000025033950806,1.000226974487305,1.000069975852966,-2.5033950806108152e-05,0.00022697448730490954,0.00022697448730490954,0,0,0,0,0,0,0
2023-02-24,USDT,1.000116944313049,1.000226974487305,1.000025033950806,1.000069975852966,1.000049948692322,1.000174999237061,1.000131964683533,-4.994869232199939e-05,0.00017499923706099096,0.00017499923706099096,0,0,0,0,0,0,0
2023-02-25,USDT,1.000072002410889,1.000174999237061,1.000049948692322,1.000131964683533,1.000051975250244,1.000175952911377,1.000087022781372,-5.197525024391858e-05,0.00017595291137695312,0.00017595291137695312,0,0,0,0,0,0,0
2023-02-26,USDT,1.000131964683533,1.000175952911377,1.000051975250244,1.000087022781372,1.000046968460083,1.000195980072021,1.000174999237061,-4.696846008300781e-05,0.00019598007202104029,0.00019598007202104029,0,0,0,0,0,0,0
2023-02-27,USDT,1.000079989433289,1.000195980072021,1.000046968460083,1.000174999237061,1.000077962875366,1.000254988670349,1.0001540184021,-7.796287536598889e-05,0.00025498867034889905,0.00025498867034889905,0,0,0,0,0,0,0
2023-02-28,USDT,1.000139951705933,1.000254988670349,1.000077962875366,1.0001540184021,1.000069975852966,1.000323057174683,1.000144004821777,-6.997585296608655e-05,0.0003230571746830613,0.0003230571746830613,0,0,0,0,0,0,0
2023-03-01,USDT,1.000169038772583,1.000323057174683,1.000069975852966,1.000144004821777,1.000023007392883,1.00032103061676,1.000090956687927,-2.3007392883078737e-05,0.00032103061676003186,0.00032103061676003186,0,0,0,0,0,0,0
2023-03-02,USDT,1.000131964683533,1.00032103061676,1.000023007392883,1.000090956687927,1.000058054924011,1.000360012054443,1.000100016593933,-5.8054924011008424e-05,0.0003600120544429153,0.0003600120544429153,0,0,0,0,0,0,0
2023-03-03,USDT,1.00008499622345,1.000360012054443,1.000058054924011,1.000100016593933,1.000072002410889,1.000242948532104,1.000113964080811,-7.200241088889392e-05,0.0002429485321040481,0.0002429485321040481,0,0,0,0,0,0,0
2023-03-04,USDT,1.000097990036011,1.000242948532104,1.000072002410889,1.000113964080811,1.00005304813385,1.000237941741943,1.000107049942017,-5.3048133850097656e-05,0.00023794174194291529,0.00023794174194291529,0,0,0,0,0,0,0
2023-03-05,USDT,1.000118970870972,1.000237941741943,1.00005304813385,1.000107049942017,0.999974012374878,1.000167012214661,1.000010967254639,2.598762512195929e-05,0.00016701221466108862,0.00016701221466108862,0,0,0,0,0,0,0
2023-03-06,USDT,1.000097990036011,1.000167012214661,0.999974012374878,1.000010967254639,0.9999359846115112,1.000080943107605,1.000012993812561,6.401538848876953e-05,8.094310760498047e-05,8.094310760498047e-05,0,0,0,0,0,0,0
2023-03-07,USDT,1.000017046928406,1.000080943107605,0.9999359846115112,1.000012993812561,0.9999629855155944,1.000048041343689,1.000007033348083,3.70144844056286e-05,4.8041343688964844e-05,4.8041343688964844e-05,0,0,0,0,0,0,0
2023-03-08,USDT,1.0000159740448,1.000048041343689,0.9999629855155944,1.000007033348083,0.9998160004615784,1.000043034553528,0.9999859929084778,0.00018399953842163086,4.3034553528054076e-05,0.00018399953842163086,0,0,0,0,0,0,0
2023-03-09,USDT,1.000005960464478,1.000043034553528,0.9998160004615784,0.9999859929084778,0.9998660087585448,1.003419995307922,1.003046989440918,0.00013399124145518915,0.003419995307921919,0.003419995307921919,0,0,0,0,0,0,0
2023-03-10,USDT,0.9999790191650392,1.003419995307922,0.9998660087585448,1.003046989440918,1.002796053886414,1.029628038406372,1.007689952850342,-0.0027960538864140183,0.02962803840637207,0.02962803840637207,0,0,1,0,0,0,0
2023-03-11,USDT,1.003025054931641,1.029628038406372,1.002796053886414,1.007689952850342,1.00593900680542,1.016291975975037,1.00714898109436,-0.005939006805419922,0.016291975975037065,0.016291975975037065,0,0,1,0,0,0,0
2023-03-12,USDT,1.007689952850342,1.016291975975037,1.00593900680542,1.00714898109436,1.001291990280151,1.011595964431763,1.003870010375977,-0.001291990280150923,0.011595964431762917,0.011595964431762917,0,0,1,0,0,0,0
2023-03-13,USDT,1.007365942001343,1.011595964431763,1.001291990280151,1.003870010375977,1.001852035522461,1.006482005119324,1.003247022628784,-0.0018520355224609375,0.0064820051193239525,0.0064820051193239525,0,0,0,0,0,0,0
2023-03-14,USDT,1.004052042961121,1.006482005119324,1.001852035522461,1.003247022628784,1.001278042793274,1.005406975746155,1.00394594669342,-0.0012780427932739258,0.005406975746155007,0.005406975746155007,0,0,0,0,0,0,0
2023-03-15,USDT,1.003170967102051,1.005406975746155,1.001278042793274,1.00394594669342,1.001129031181335,1.004448056221008,1.002133965492249,-0.0011290311813350051,0.004448056221008079,0.004448056221008079,0,0,0,0,0,0,0
2023-03-16,USDT,1.00394594669342,1.004448056221008,1.001129031181335,1.002133965492249,1.00080394744873,1.003718972206116,1.002326011657715,-0.0008039474487300247,0.0037189722061159447,0.0037189722061159447,0,0,0,0,0,0,0
2023-03-17,USDT,1.002177953720093,1.003718972206116,1.00080394744873,1.002326011657715,1.001139044761658,1.003584980964661,1.002336978912354,-0.0011390447616579369,0.0035849809646610886,0.0035849809646610886,0,0,0,0,0,0,0
2023-03-18,USDT,1.002197027206421,1.003584980964661,1.001139044761658,1.002336978912354,1.001168966293335,1.003424048423767,1.003007054328918,-0.001168966293334961,0.00342404842376709,0.00342404842376709,0,0,0,0,0,0,0
2023-03-19,USDT,1.002369046211243,1.003424048423767,1.001168966293335,1.003007054328918,1.000975966453552,1.003801941871643,1.001790046691895,-0.000975966453552024,0.0038019418716430664,0.0038019418716430664,0,0,0,0,0,0,0
2023-03-20,USDT,1.003046989440918,1.003801941871643,1.000975966453552,1.001790046691895,0.9999799728393556,1.0035560131073,1.001536011695862,2.0027160644420228e-05,0.0035560131073000267,0.0035560131073000267,0,0,0,0,0,0,0
2023-03-21,USDT,1.001808047294617,1.0035560131073,0.9999799728393556,1.001536011695862,0.9996399879455566,1.002835988998413,1.001878976821899,0.0003600120544433594,0.002835988998413086,0.002835988998413086,0,0,0,0,0,0,0
2023-03-22,USDT,1.001497983932495,1.002835988998413,0.9996399879455566,1.001878976821899,0.99993497133255,1.003147006034851,1.000959992408752,6.502866744995117e-05,0.0031470060348510742,0.0031470060348510742,0,0,0,0,0,0,0
2023-03-23,USDT,1.001917004585266,1.003147006034851,0.99993497133255,1.000959992408752,1.000026941299438,1.001718997955322,1.001258969306946,-2.6941299438032473e-05,0.0017189979553220436,0.0017189979553220436,0,0,0,0,0,0,0
2023-03-24,USDT,1.001180052757263,1.001718997955322,1.000026941299438,1.001258969306946,1.000251054763794,1.001665949821472,1.000848054885864,-0.0002510547637939453,0.001665949821471946,0.001665949821471946,0,0,0,0,0,0,0
2023-03-25,USDT,1.001147985458374,1.001665949821472,1.000251054763794,1.000848054885864,1.000107049942017,1.001196980476379,1.000892996788025,-0.00010704994201704565,0.0011969804763789504,0.0011969804763789504,0,0,0,0,0,0,0
2023-03-26,USDT,1.000903964042664,1.001196980476379,1.000107049942017,1.000892996788025,0.9997339844703674,1.001065015792847,1.000233054161072,0.00026601552963256836,0.0010650157928469017,0.0010650157928469017,0,0,0,0,0,0,0
2023-03-27,USDT,1.000723958015442,1.001065015792847,0.9997339844703674,1.000233054161072,0.9996050000190736,1.000592947006226,1.000306963920593,0.00039499998092640265,0.00059294700622603,0.00059294700622603,0,0,0,0,0,0,0
2023-03-28,USDT,1.000046968460083,1.000592947006226,0.9996050000190736,1.000306963920593,0.9991160035133362,1.000694036483765,0.9999889731407166,0.0008839964866638184,0.0006940364837650925,0.0008839964866638184,0,0,0,0,0,0,0
2023-03-29,USDT,1.000180006027222,1.000694036483765,0.9991160035133362,0.9999889731407166,0.9994580149650574,1.000695943832397,1.00009298324585,0.000541985034942627,0.0006959438323970168,0.0006959438323970168,0,0,0,0,0,0,0
2023-03-30,USDT,1.000087976455688,1.000695943832397,0.9994580149650574,1.00009298324585,0.999633014202118,1.000638008117676,1.000123977661133,0.00036698579788196906,0.0006380081176760033,0.0006380081176760033,0,0,0,0,0,0,0
2023-03-31,USDT,1.00006103515625,1.000638008117676,0.999633014202118,1.000123977661133,0.9997190237045288,1.000684976577759,1.000301003456116,0.0002809762954711914,0.0006849765777590111,0.0006849765777590111,0,0,0,0,0,0,0
2023-04-01,USDT,1.000077962875366,1.000684976577759,0.9997190237045288,1.000301003456116,0.9997299909591676,1.000638008117676,1.000236988067627,0.0002700090408324085,0.0006380081176760033,0.0006380081176760033,0,0,0,0,0,0,0
2023-04-02,USDT,1.000208020210266,1.000638008117676,0.9997299909591676,1.000236988067627,0.9996259808540344,1.000823020935059,1.00018298625946,0.00037401914596557617,0.0008230209350590378,0.0008230209350590378,0,0,0,0,0,0,0
2023-04-03,USDT,1.000359058380127,1.000823020935059,0.9996259808540344,1.00018298625946,0.9991959929466248,1.000781059265137,1.000213980674744,0.0008040070533752441,0.0007810592651369408,0.0008040070533752441,0,0,0,0,0,0,0
2023-04-04,USDT,0.9999629855155944,1.000781059265137,0.9991959929466248,1.000213980674744,0.9995570182800292,1.000530004501343,1.0001300573349,0.00044298171997081415,0.0005300045013429955,0.0005300045013429955,0,0,0,0,0,0,0
2023-04-05,USDT,1.000169992446899,1.000530004501343,0.9995570182800292,1.0001300573349,0.9996179938316344,1.000749945640564,1.000553965568542,0.00038200616836558954,0.0007499456405639648,0.0007499456405639648,0,0,0,0,0,0,0
2023-04-06,USDT,1.000164985656738,1.000749945640564,0.9996179938316344,1.000553965568542,0.999571979045868,1.000998973846436,1.000633001327515,0.00042802095413196906,0.000998973846435991,0.000998973846435991,0,0,0,0,0,0,0
2023-04-07,USDT,1.000357985496521,1.000998973846436,0.999571979045868,1.000633001327515,0.9999809861183168,1.000964999198914,1.000424027442932,1.9013881683238587e-05,0.0009649991989140183,0.0009649991989140183,0,0,0,0,0,0,0
2023-04-08,USDT,1.000483989715576,1.000964999198914,0.9999809861183168,1.000424027442932,0.9998729825019836,1.000967025756836,1.000458002090454,0.00012701749801635742,0.0009670257568359375,0.0009670257568359375,0,0,0,0,0,0,0
2023-04-09,USDT,1.000455021858215,1.000967025756836,0.9998729825019836,1.000458002090454,0.9998930096626282,1.001129984855652,1.000437021255493,0.00010699033737182617,0.0011299848556520775,0.0011299848556520775,0,0,0,0,0,0,0
2023-04-10,USDT,1.000517010688782,1.001129984855652,0.9998930096626282,1.000437021255493,0.9999520182609558,1.001127004623413,1.001029968261719,4.798173904418945e-05,0.001127004623413086,0.001127004623413086,0,0,0,0,0,0,0
2023-04-11,USDT,1.000493049621582,1.001127004623413,0.9999520182609558,1.001029968261719,1.000028967857361,1.001530051231384,1.000720977783203,-2.896785736106189e-05,0.0015300512313840553,0.0015300512313840553,0,0,0,0,0,0,0
2023-04-12,USDT,1.000959992408752,1.001530051231384,1.000028967857361,1.000720977783203,1.000234961509705,1.001467943191528,1.000977039337158,-0.00023496150970503393,0.0014679431915280983,0.0014679431915280983,0,0,0,0,0,0,0
2023-04-13,USDT,1.000237941741943,1.001467943191528,1.000234961509705,1.000977039337158,0.99993497133255,1.001335978507996,1.000722050666809,6.502866744995117e-05,0.0013359785079960496,0.0013359785079960496,0,0,0,0,0,0,0
2023-04-14,USDT,1.001059055328369,1.001335978507996,0.99993497133255,1.000722050666809,1.00029194355011,1.001289963722229,1.000779986381531,-0.0002919435501100853,0.001289963722229004,0.001289963722229004,0,0,0,0,0,0,0
2023-04-15,USDT,1.000795006752014,1.001289963722229,1.00029194355011,1.000779986381531,0.9997410178184508,1.001188039779663,1.00053596496582,0.0002589821815491833,0.001188039779663086,0.001188039779663086,0,0,0,0,0,0,0
2023-04-16,USDT,1.000697016716003,1.001188039779663,0.9997410178184508,1.00053596496582,0.9999139904975892,1.001024007797241,1.000530004501343,8.600950241077765e-05,0.001024007797240989,0.001024007797240989,0,0,0,0,0,0,0
2023-04-17,USDT,1.000409960746765,1.001024007797241,0.9999139904975892,1.000530004501343,0.9998819828033448,1.000874996185303,1.000408053398132,0.00011801719665516242,0.0008749961853029564,0.0008749961853029564,0,0,0,0,0,0,0
2023-04-18,USDT,1.000640034675598,1.000874996185303,0.9998819828033448,1.000408053398132,0.9999420046806335,1.000993013381958,1.000558972358704,5.799531936645508e-05,0.0009930133819580078,0.0009930133819580078,0,0,0,0,0,0,0
2023-04-19,USDT,1.000439047813416,1.000993013381958,0.9999420046806335,1.000558972358704,0.9996539950370787,1.000990033149719,1.000221014022827,0.0003460049629212536,0.0009900331497190162,0.0009900331497190162,0,0,0,0,0,0,0
2023-04-20,USDT,1.000327944755554,1.000990033149719,0.9996539950370787,1.000221014022827,0.999468982219696,1.000625014305115,1.000141978263855,0.0005310177803039551,0.0006250143051149681,0.0006250143051149681,0,0,0,0,0,0,0
2023-04-21,USDT,1.00024402141571,1.000625014305115,0.999468982219696,1.000141978263855,0.9995869994163512,1.000867962837219,1.000185012817383,0.00041300058364879266,0.0008679628372190162,0.0008679628372190162,0,0,0,0,0,0,0
2023-04-22,USDT,1.000139951705933,1.000867962837219,0.9995869994163512,1.000185012817383,0.9996979832649232,1.000771999359131,1.000023007392883,0.0003020167350767933,0.0007719993591310814,0.0007719993591310814,0,0,0,0,0,0,0
2023-04-23,USDT,1.000138998031616,1.000771999359131,0.9996979832649232,1.000023007392883,0.9996680021286012,1.000800013542175,1.000120997428894,0.00033199787139881476,0.0008000135421750709,0.0008000135421750709,0,0,0,0,0,0,0
2023-04-24,USDT,1.000026941299438,1.000800013542175,0.9996680021286012,1.000120997428894,0.9996910095214844,1.000486969947815,1.000159025192261,0.000308990478515625,0.0004869699478149414,0.0004869699478149414,0,0,0,0,0,0,0
2023-04-25,USDT,1.000105977058411,1.000486969947815,0.9996910095214844,1.000159025192261,0.999584972858429,1.000895977020264,1.000282049179077,0.0004150271415710449,0.0008959770202638939,0.0008959770202638939,0,0,0,0,0,0,0
2023-04-26,USDT,1.000079035758972,1.000895977020264,0.999584972858429,1.000282049179077,0.9994580149650574,1.000767946243286,0.9999650120735168,0.000541985034942627,0.0007679462432859108,0.0007679462432859108,0,0,0,0,0,0,0
2023-04-27,USDT,1.000450968742371,1.000767946243286,0.9994580149650574,0.9999650120735168,0.999875009059906,1.000967025756836,1.000695943832397,0.00012499094009399414,0.0009670257568359375,0.0009670257568359375,0,0,0,0,0,0,0
2023-04-28,USDT,1.000233054161072,1.000967025756836,0.999875009059906,1.000695943832397,1.000242948532104,1.000941038131714,1.000601053237915,-0.0002429485321040481,0.0009410381317140892,0.0009410381317140892,0,0,0,0,0,0,0
2023-04-29,USDT,1.000761032104492,1.000941038131714,1.000242948532104,1.000601053237915,1.000148057937622,1.000900983810425,1.00043797492981,-0.0001480579376220703,0.0009009838104250267,0.0009009838104250267,0,0,0,0,0,0,0
2023-04-30,USDT,1.000452041625977,1.000900983810425,1.000148057937622,1.00043797492981,0.9996770024299622,1.000988006591797,1.00032901763916,0.0003229975700378418,0.000988006591797097,0.000988006591797097,0,0,0,0,0,0,0
2023-05-01,USDT,1.000555038452148,1.000988006591797,0.9996770024299622,1.00032901763916,0.9997119903564452,1.000970005989075,1.000434041023254,0.0002880096435547985,0.0009700059890749291,0.0009700059890749291,0,0,0,0,0,0,0
2023-05-02,USDT,1.000424027442932,1.000970005989075,0.9997119903564452,1.000434041023254,0.9999399781227112,1.000789046287537,1.000270962715149,6.002187728881836e-05,0.0007890462875370652,0.0007890462875370652,0,0,0,0,0,0,0
2023-05-03,USDT,1.000445008277893,1.000789046287537,0.9999399781227112,1.000270962715149,1.000049948692322,1.000800013542175,1.000450968742371,-4.994869232199939e-05,0.0008000135421750709,0.0008000135421750709,0,0,0,0,0,0,0
2023-05-04,USDT,1.000218987464905,1.000800013542175,1.000049948692322,1.000450968742371,1.000082015991211,1.001291036605835,1.001018047332764,-8.20159912109375e-05,0.001291036605834961,0.001291036605834961,0,0,0,0,0,0,0
2023-05-05,USDT,1.000404953956604,1.001291036605835,1.000082015991211,1.001018047332764,1.000686049461365,1.002117991447449,1.001834034919739,-0.0006860494613649681,0.0021179914474489525,0.0021179914474489525,0,0,0,0,0,0,0
2023-05-06,USDT,1.001016020774841,1.002117991447449,1.000686049461365,1.001834034919739,1.000964999198914,1.002081036567688,1.001541018486023,-0.0009649991989140183,0.0020810365676879883,0.0020810365676879883,0,0,0,0,0,0,0
2023-05-07,USDT,1.001809000968933,1.002081036567688,1.000964999198914,1.001541018486023,1.000447988510132,1.001904964447021,1.00092601776123,-0.000447988510132058,0.0019049644470210403,0.0019049644470210403,0,0,0,0,0,0,0
2023-05-08,USDT,1.001569986343384,1.001904964447021,1.000447988510132,1.00092601776123,1.000079989433289,1.00108802318573,1.000723958015442,-7.998943328901831e-05,0.0010880231857299805,0.0010880231857299805,0,0,0,0,0,0,0
2023-05-09,USDT,1.00093400478363,1.00108802318573,1.000079989433289,1.000723958015442,0.9997609853744508,1.001384973526001,1.000833988189697,0.00023901462554920538,0.0013849735260009766,0.0013849735260009766,0,0,0,0,0,0,0
2023-05-10,USDT,1.000718951225281,1.001384973526001,0.9997609853744508,1.000833988189697,1.000108957290649,1.001142024993896,1.000723004341125,-0.00010895729064896997,0.0011420249938960403,0.0011420249938960403,0,0,0,0,0,0,0
2023-05-11,USDT,1.000810027122498,1.001142024993896,1.000108957290649,1.000723004341125,0.9999560117721558,1.000923037528992,1.000581026077271,4.398822784423828e-05,0.0009230375289919213,0.0009230375289919213,0,0,0,0,0,0,0
2023-05-12,USDT,1.000486016273499,1.000923037528992,0.9999560117721558,1.000581026077271,1.000241041183472,1.001032948493958,1.000558972358704,-0.00024104118347190173,0.0010329484939579636,0.0010329484939579636,0,0,0,0,0,0,0
2023-05-13,USDT,1.000512003898621,1.001032948493958,1.000241041183472,1.000558972358704,1.000110030174255,1.000802040100098,1.000512957572937,-0.000110030174254927,0.0008020401000981003,0.0008020401000981003,0,0,0,0,0,0,0
2023-05-14,USDT,1.000596046447754,1.000802040100098,1.000110030174255,1.000512957572937,0.99993497133255,1.000836968421936,1.000262022018433,6.502866744995117e-05,0.0008369684219360352,0.0008369684219360352,0,0,0,0,0,0,0
2023-05-15,USDT,1.000455021858215,1.000836968421936,0.99993497133255,1.000262022018433,0.9998160004615784,1.00072705745697,1.000115990638733,0.00018399953842163086,0.0007270574569699928,0.0007270574569699928,0,0,0,0,0,0,0
2023-05-16,USDT,1.00036895275116,1.00072705745697,0.9998160004615784,1.000115990638733,0.9995980262756348,1.000741958618164,1.000092029571533,0.0004019737243652344,0.0007419586181640625,0.0007419586181640625,0,0,0,0,0,0,0
2023-05-17,USDT,1.00007700920105,1.000741958618164,0.9995980262756348,1.000092029571533,0.9995800256729126,1.000484943389893,1.00007700920105,0.00041997432708740234,0.0004849433898930222,0.0004849433898930222,0,0,0,0,0,0,0
2023-05-18,USDT,1.000051975250244,1.000484943389893,0.9995800256729126,1.00007700920105,0.9994959831237792,1.000756978988647,1.000247955322266,0.0005040168762208141,0.0007569789886470168,0.0007569789886470168,0,0,0,0,0,0,0
2023-05-19,USDT,1.000017046928406,1.000756978988647,0.9994959831237792,1.000247955322266,1.0000159740448,1.000578045845032,1.000398993492126,-1.5974044800026732e-05,0.0005780458450319603,0.0005780458450319603,0,0,0,0,0,0,0
2023-05-20,USDT,1.000249981880188,1.000578045845032,1.0000159740448,1.000398993492126,1.000090003013611,1.000705003738403,1.00018298625946,-9.000301361106189e-05,0.0007050037384030983,0.0007050037384030983,0,0,0,0,0,0,0
2023-05-21,USDT,1.000476002693176,1.000705003738403,1.000090003013611,1.00018298625946,0.9998549818992616,1.000833988189697,1.000200986862183,0.00014501810073841437,0.0008339881896970436,0.0008339881896970436,0,0,0,0,0,0,0
2023-05-22,USDT,1.000141978263855,1.000833988189697,0.9998549818992616,1.000200986862183,0.9997029900550842,1.000627994537354,1.000103950500488,0.0002970099449157715,0.0006279945373539597,0.0006279945373539597,0,0,0,0,0,0,0
2023-05-23,USDT,1.000244975090027,1.000627994537354,0.9997029900550842,1.000103950500488,0.9995949864387512,1.000448942184448,1.000038981437683,0.0004050135612487793,0.00044894218444802014,0.00044894218444802014,0,0,0,0,0,0,0
2023-05-24,USDT,1.00006103515625,1.000448942184448,0.9995949864387512,1.000038981437683,0.9994800090789796,1.000373959541321,1.000046014785767,0.0005199909210203968,0.0003739595413210228,0.0005199909210203968,0,0,0,0,0,0,0
2023-05-25,USDT,0.9999499917030334,1.000373959541321,0.9994800090789796,1.000046014785767,0.9997640252113342,1.000975966453552,1.000344038009644,0.00023597478866577148,0.000975966453552024,0.000975966453552024,0,0,0,0,0,0,0
2023-05-26,USDT,0.9999979734420776,1.000975966453552,0.9997640252113342,1.000344038009644,1.000041007995605,1.000903964042664,1.000504016876221,-4.100799560502466e-05,0.0009039640426640183,0.0009039640426640183,0,0,0,0,0,0,0
2023-05-27,USDT,1.000383019447327,1.000903964042664,1.000041007995605,1.000504016876221,0.999897003173828,1.000825047492981,1.000172972679138,0.00010299682617198602,0.000825047492980957,0.000825047492980957,0,0,0,0,0,0,0
2023-05-28,USDT,1.000553011894226,1.000825047492981,0.999897003173828,1.000172972679138,0.9997940063476562,1.000630021095276,1.00024402141571,0.00020599365234375,0.000630021095276101,0.000630021095276101,0,0,0,0,0,0,0
2023-05-29,USDT,1.00035297870636,1.000630021095276,0.9997940063476562,1.00024402141571,0.9999020099639891,1.000870943069458,1.000152945518494,9.799003601085321e-05,0.0008709430694580078,0.0008709430694580078,0,0,0,0,0,0,0
2023-05-30,USDT,1.000267028808594,1.000870943069458,0.9999020099639891,1.000152945518494,0.9997140169143676,1.000877976417542,1.000334024429321,0.00028598308563243524,0.000877976417541948,0.000877976417541948,0,0,0,0,0,0,0
2023-05-31,USDT,1.000203013420105,1.000877976417542,0.9997140169143676,1.000334024429321,0.9994320273399352,1.000635027885437,1.000334024429321,0.0005679726600648083,0.0006350278854370117,0.0006350278854370117,0,0,0,0,0,0,0
2023-06-01,USDT,1.000213980674744,1.000635027885437,0.9994320273399352,1.000334024429321,0.9997490048408508,1.000625967979431,1.000383019447327,0.0002509951591491699,0.0006259679794309303,0.0006259679794309303,0,0,0,0,0,0,0
2023-06-02,USDT,1.000367045402527,1.000625967979431,0.9997490048408508,1.000383019447327,1.000025033950806,1.000622034072876,1.000159025192261,-2.5033950806108152e-05,0.0006220340728759766,0.0006220340728759766,0,0,0,0,0,0,0
2023-06-03,USDT,1.000391960144043,1.000622034072876,1.000025033950806,1.000159025192261,0.9998999834060668,1.000630974769592,1.000151038169861,0.00010001659393321649,0.0006309747695920631,0.0006309747695920631,0,0,0,0,0,0,0
2023-06-04,USDT,1.00018298625946,1.000630974769592,0.9998999834060668,1.000151038169861,0.999396026134491,1.000627994537354,1.000306010246277,0.0006039738655090332,0.0006279945373539597,0.0006279945373539597,0,0,0,0,0,0,0
2023-06-05,USDT,1.000203013420105,1.000627994537354,0.999396026134491,1.000306010246277,0.999464988708496,1.00067400932312,1.000174045562744,0.0005350112915040173,0.0006740093231198951,0.0006740093231198951,0,0,0,0,0,0,0
2023-06-06,USDT,1.00035297870636,1.00067400932312,0.999464988708496,1.000174045562744,0.9997810125350952,1.000681042671204,1.000066041946411,0.00021898746490478516,0.0006810426712040574,0.0006810426712040574,0,0,0,0,0,0,0
2023-06-07,USDT,1.000169992446899,1.000681042671204,0.9997810125350952,1.000066041946411,0.9996619820594788,1.000620007514954,1.000311017036438,0.00033801794052124023,0.0006200075149540574,0.0006200075149540574,0,0,0,0,0,0,0
2023-06-08,USDT,1.000156998634338,1.000620007514954,0.9996619820594788,1.000311017036438,0.9996140003204346,1.000625014305115,0.9999489784240724,0.0003859996795654297,0.0006250143051149681,0.0006250143051149681,0,0,0,0,0,0,0
2023-06-09,USDT,1.000203013420105,1.000625014305115,0.9996140003204346,0.9999489784240724,0.9997209906578064,1.001111030578613,1.000439047813416,0.0002790093421936035,0.0011110305786130592,0.0011110305786130592,0,0,0,0,0,0,0
2023-06-10,USDT,1.000012040138245,1.001111030578613,0.9997209906578064,1.000439047813416,1.000077962875366,1.000951051712036,1.000314950942993,-7.796287536598889e-05,0.0009510517120359108,0.0009510517120359108,0,0,0,0,0,0,0
2023-06-11,USDT,1.000481009483337,1.000951051712036,1.000077962875366,1.000314950942993,0.9994829893112184,1.001113057136536,1.000054955482483,0.0005170106887816273,0.0011130571365360886,0.0011130571365360886,0,0,0,0,0,0,0
2023-06-12,USDT,1.000185012817383,1.001113057136536,0.9994829893112184,1.000054955482483,0.999446988105774,1.000499963760376,0.999862015247345,0.0005530118942259632,0.0004999637603759766,0.0005530118942259632,0,0,0,0,0,0,0
2023-06-13,USDT,0.9999729990959167,1.000499963760376,0.999446988105774,0.999862015247345,0.9989830255508424,1.000723004341125,0.9998369812965392,0.0010169744491576038,0.0007230043411250442,0.0010169744491576038,0,0,0,0,0,0,0
2023-06-14,USDT,0.9998149871826172,1.000723004341125,0.9989830255508424,0.9998369812965392,0.995760977268219,1.000116944313049,0.9991829991340636,0.004239022731781006,0.00011694431304909436,0.004239022731781006,0,0,0,0,0,0,0
2023-06-15,USDT,0.9998120069503784,1.000116944313049,0.995760977268219,0.9991829991340636,0.9984319806098938,0.999629020690918,0.9993299841880798,0.0015680193901062012,-0.00037097930908203125,0.0015680193901062012,0,0,0,0,0,0,0
2023-06-16,USDT,0.9991419911384584,0.999629020690918,0.9984319806098938,0.9993299841880798,0.999002993106842,1.000118017196655,0.9997040033340454,0.000997006893157959,0.00011801719665505139,0.000997006893157959,0,0,0,0,0,0,0
2023-06-17,USDT,0.999355971813202,1.000118017196655,0.999002993106842,0.9997040033340454,0.999442994594574,1.000442028045654,0.9998080134391784,0.0005570054054260254,0.00044202804565407483,0.0005570054054260254,0,0,0,0,0,0,0
2023-06-18,USDT,0.999710977077484,1.000442028045654,0.999442994594574,0.9998080134391784,0.9992240071296692,1.000285029411316,0.999862015247345,0.0007759928703308105,0.00028502941131591797,0.0007759928703308105,0,0,0,0,0,0,0
2023-06-19,USDT,0.9997490048408508,1.000285029411316,0.9992240071296692,0.999862015247345,0.99932199716568,1.000964045524597,1.000385046005249,0.0006780028343199573,0.0009640455245969459,0.0009640455245969459,0,0,0,0,0,0,0
2023-06-20,USDT,0.9997770190238952,1.000964045524597,0.99932199716568,1.000385046005249,0.9992799758911132,1.000841975212097,1.00005304813385,0.0007200241088868298,0.0008419752120969459,0.0008419752120969459,0,0,0,0,0,0,0
2023-06-21,USDT,1.000280976295471,1.000841975212097,0.9992799758911132,1.00005304813385,0.9991509914398192,1.000807046890259,1.000184059143066,0.0008490085601807751,0.0008070468902590111,0.0008490085601807751,0,0,0,0,0,0,0
2023-06-22,USDT,1.000182032585144,1.000807046890259,0.9991509914398192,1.000184059143066,0.9999110102653505,1.001391053199768,1.000566005706787,8.898973464954718e-05,0.0013910531997680664,0.0013910531997680664,0,0,0,0,0,0,0
2023-06-23,USDT,1.000224947929382,1.001391053199768,0.9999110102653505,1.000566005706787,1.00018298625946,1.001013040542603,1.000520944595337,-0.00018298625946000513,0.0010130405426029832,0.0010130405426029832,0,0,0,0,0,0,0
2023-06-24,USDT,1.000607013702393,1.001013040542603,1.00018298625946,1.000520944595337,0.9999499917030334,1.000933051109314,1.000465035438538,5.0008296966552734e-05,0.0009330511093139648,0.0009330511093139648,0,0,0,0,0,0,0
2023-06-25,USDT,1.00046694278717,1.000933051109314,0.9999499917030334,1.000465035438538,0.999629020690918,1.00083601474762,1.000211954116821,0.00037097930908203125,0.000836014747620073,0.000836014747620073,0,0,0,0,0,0,0
2023-06-26,USDT,1.000563025474548,1.00083601474762,0.999629020690918,1.000211954116821,0.9995999932289124,1.000604033470154,1.000195026397705,0.0004000067710876465,0.0006040334701540306,0.0006040334701540306,0,0,0,0,0,0,0
2023-06-27,USDT,1.000218987464905,1.000604033470154,0.9995999932289124,1.000195026397705,0.9995309710502625,1.000695943832397,1.000025033950806,0.00046902894973754883,0.0006959438323970168,0.0006959438323970168,0,0,0,0,0,0,0
2023-06-28,USDT,1.000095009803772,1.000695943832397,0.9995309710502625,1.000025033950806,0.9996479749679564,1.000545024871826,0.9998300075531006,0.00035202503204356805,0.0005450248718259498,0.0005450248718259498,0,0,0,0,0,0,0
2023-06-29,USDT,1.000080943107605,1.000545024871826,0.9996479749679564,0.9998300075531006,0.9991999864578248,1.000638008117676,1.000080943107605,0.000800013542175182,0.0006380081176760033,0.000800013542175182,0,0,0,0,0,0,0
2023-06-30,USDT,0.999701976776123,1.000638008117676,0.9991999864578248,1.000080943107605,0.999508023262024,1.000728011131287,1.000128984451294,0.0004919767379759632,0.0007280111312870652,0.0007280111312870652,0,0,0,0,0,0,0
2023-07-01,USDT,0.9998189806938172,1.000728011131287,0.999508023262024,1.000128984451294,0.9997159838676452,1.000833034515381,1.00008499622345,0.00028401613235484735,0.0008330345153810814,0.0008330345153810814,0,0,0,0,0,0,0
2023-07-02,USDT,1.000108003616333,1.000833034515381,0.9997159838676452,1.00008499622345,0.9997069835662842,1.000816941261292,0.9999979734420776,0.0002930164337158203,0.000816941261291948,0.000816941261291948,0,0,0,0,0,0,0
2023-07-03,USDT,1.000048995018005,1.000816941261292,0.9997069835662842,0.9999979734420776,0.999796986579895,1.000882029533386,1.000301003456116,0.00020301342010498047,0.0008820295333860084,0.0008820295333860084,0,0,0,0,0,0,0
2023-07-04,USDT,0.9999449849128724,1.000882029533386,0.999796986579895,1.000301003456116,0.9995830059051514,1.000682950019836,1.000094056129456,0.0004169940948486328,0.0006829500198359817,0.0006829500198359817,0,0,0,0,0,0,0
2023-07-05,USDT,1.000391006469727,1.000682950019836,0.9995830059051514,1.000094056129456,0.999530017375946,1.000718951225281,1.000205993652344,0.0004699826240539551,0.0007189512252809838,0.0007189512252809838,0,0,0,0,0,0,0
2023-07-06,USDT,1.000008940696716,1.000718951225281,0.999530017375946,1.000205993652344,0.9996359944343568,1.000730037689209,0.9999589920043944,0.0003640055656431995,0.0007300376892089844,0.0007300376892089844,0,0,0,0,0,0,0
2023-07-07,USDT,1.000038981437683,1.000730037689209,0.9996359944343568,0.9999589920043944,0.9998700022697448,1.000745058059692,1.000187039375305,0.00012999773025523798,0.0007450580596919387,0.0007450580596919387,0,0,0,0,0,0,0
2023-07-08,USDT,1.000128984451294,1.000745058059692,0.9998700022697448,1.000187039375305,0.9998900294303894,1.000916957855225,1.000203967094421,0.0001099705696105957,0.0009169578552250535,0.0009169578552250535,0,0,0,0,0,0,0
2023-07-09,USDT,1.000210046768188,1.000916957855225,0.9998900294303894,1.000203967094421,0.9996309876441956,1.000776052474976,1.000056028366089,0.00036901235580444336,0.00077605247497603,0.00077605247497603,0,0,0,0,0,0,0
2023-07-10,USDT,1.000226020812988,1.000776052474976,0.9996309876441956,1.000056028366089,0.9997739791870116,1.000800967216492,1.000072956085205,0.00022602081298839227,0.0008009672164919213,0.0008009672164919213,0,0,0,0,0,0,0
2023-07-11,USDT,1.000118970870972,1.000800967216492,0.9997739791870116,1.000072956085205,0.9996619820594788,1.000939011573792,0.9999340176582336,0.00033801794052124023,0.000939011573791948,0.000939011573791948,0,0,0,0,0,0,0
2023-07-12,USDT,1.000102996826172,1.000939011573792,0.9996619820594788,0.9999340176582336,0.9997090101242064,1.001253962516785,1.000373005867004,0.00029098987579356805,0.00125396251678489,0.00125396251678489,0,0,0,0,0,0,0
2023-07-13,USDT,1.00006902217865,1.001253962516785,0.9997090101242064,1.000373005867004,0.9998679757118224,1.001420974731445,1.000725030899048,0.00013202428817760126,0.0014209747314450905,0.0014209747314450905,0,0,0,0,0,0,0
2023-07-14,USDT,1.000553965568542,1.001420974731445,0.9998679757118224,1.000725030899048,1.000018000602722,1.001204013824463,1.000365018844604,-1.8000602721945924e-05,0.0012040138244628906,0.0012040138244628906,0,0,0,0,0,0,0
2023-07-15,USDT,1.000717997550964,1.001204013824463,1.000018000602722,1.000365018844604,1.000010013580322,1.000947952270508,1.000607013702393,-1.001358032204358e-05,0.0009479522705080345,0.0009479522705080345,0,0,0,0,0,0,0
2023-07-16,USDT,1.000296950340271,1.000947952270508,1.000010013580322,1.000607013702393,0.9997829794883728,1.000972032546997,1.000219941139221,0.00021702051162719727,0.0009720325469970703,0.0009720325469970703,0,0,0,0,0,0,0
2023-07-17,USDT,1.000612020492554,1.000972032546997,0.9997829794883728,1.000219941139221,0.9995620250701904,1.000723004341125,1.000157952308655,0.0004379749298095703,0.0007230043411250442,0.0007230043411250442,0,0,0,0,0,0,0
2023-07-18,USDT,1.000272035598755,1.000723004341125,0.9995620250701904,1.000157952308655,0.99964702129364,1.000851988792419,1.000229954719543,0.0003529787063599743,0.0008519887924189895,0.0008519887924189895,0,0,0,0,0,0,0
2023-07-19,USDT,1.000133991241455,1.000851988792419,0.99964702129364,1.000229954719543,0.9996160268783568,1.000851988792419,1.000079035758972,0.00038397312164317743,0.0008519887924189895,0.0008519887924189895,0,0,0,0,0,0,0
2023-07-20,USDT,1.000172972679138,1.000851988792419,0.9996160268783568,1.000079035758972,0.9995440244674684,1.000607967376709,1.000216007232666,0.00045597553253162726,0.0006079673767089844,0.0006079673767089844,0,0,0,0,0,0,0
2023-07-21,USDT,1.000069975852966,1.000607967376709,0.9995440244674684,1.000216007232666,0.999849021434784,1.001013040542603,0.9998610019683838,0.00015097856521595343,0.0010130405426029832,0.0010130405426029832,0,0,0,0,0,0,0
2023-07-22,USDT,1.000169038772583,1.001013040542603,0.999849021434784,0.9998610019683838,0.9997689723968506,1.001127004623413,0.999897003173828,0.00023102760314941406,0.001127004623413086,0.001127004623413086,0,0,0,0,0,0,0
2023-07-23,USDT,1.000115036964417,1.001127004623413,0.9997689723968506,0.999897003173828,0.9991210103034972,1.000591993331909,1.000010967254639,0.0008789896965027966,0.0005919933319089576,0.0008789896965027966,0,0,0,0,0,0,0
2023-07-24,USDT,0.9999880194664,1.000591993331909,0.9991210103034972,1.000010967254639,0.999517023563385,1.000704050064087,0.9998289942741394,0.00048297643661499023,0.0007040500640869141,0.0007040500640869141,0,0,0,0,0,0,0
2023-07-25,USDT,1.0000159740448,1.000704050064087,0.999517023563385,0.9998289942741394,0.999550998210907,1.000779986381531,1.00010097026825,0.0004490017890930176,0.0007799863815309838,0.0007799863815309838,0,0,0,0,0,0,0
2023-07-26,USDT,0.9998990297317504,1.000779986381531,0.999550998210907,1.00010097026825,0.9993789792060852,1.000602960586548,0.99958997964859,0.0006210207939147949,0.0006029605865480736,0.0006210207939147949,0,0,0,0,0,0,0
2023-07-27,USDT,1.000056028366089,1.000602960586548,0.9993789792060852,0.99958997964859,0.999421000480652,1.000478029251099,1.000105977058411,0.0005789995193480335,0.0004780292510990769,0.0005789995193480335,0,0,0,0,0,0,0
2023-07-28,USDT,0.9996749758720398,1.000478029251099,0.999421000480652,1.000105977058411,0.99972802400589,1.000581026077271,1.000054001808167,0.0002719759941099964,0.0005810260772709519,0.0005810260772709519,0,0,0,0,0,0,0
2023-07-29,USDT,1.000108957290649,1.000581026077271,0.99972802400589,1.000054001808167,0.9997940063476562,1.000620007514954,0.9998930096626282,0.00020599365234375,0.0006200075149540574,0.0006200075149540574,0,0,0,0,0,0,0
2023-07-30,USDT,1.000079035758972,1.000620007514954,0.9997940063476562,0.9998930096626282,0.9994879961013794,1.000504016876221,0.9999110102653505,0.0005120038986206055,0.0005040168762209252,0.0005120038986206055,0,0,0,0,0,0,0
2023-07-31,USDT,0.9999240040779114,1.000504016876221,0.9994879961013794,0.9999110102653505,0.9989889860153198,1.000494956970215,0.9995219707489014,0.0010110139846801758,0.0004949569702150658,0.0010110139846801758,0,0,0,0,0,0,0
2023-08-01,USDT,0.9999150037765504,1.000494956970215,0.9989889860153198,0.9995219707489014,0.9988960027694702,1.000287055969238,0.99932599067688,0.0011039972305297852,0.0002870559692380592,0.0011039972305297852,0,0,0,0,0,0,0
2023-08-02,USDT,0.9995440244674684,1.000287055969238,0.9988960027694702,0.99932599067688,0.9986420273780824,0.9998199939727784,0.9994480013847352,0.0013579726219176136,-0.00018000602722156867,0.0013579726219176136,0,0,0,0,0,0,0
2023-08-03,USDT,0.999284029006958,0.9998199939727784,0.9986420273780824,0.9994480013847352,0.9983959794044496,0.99966698884964,0.9986019730567932,0.001604020595550426,-0.0003330111503599964,0.001604020595550426,0,0,0,0,0,0,0
2023-08-04,USDT,0.999355971813202,0.99966698884964,0.9983959794044496,0.9986019730567932,0.9982950091362,0.9992290139198304,0.9989830255508424,0.0017049908638000488,-0.0007709860801695667,0.0017049908638000488,0,0,0,0,0,0,0
2023-08-05,USDT,0.9986310005187988,0.9992290139198304,0.9982950091362,0.9989830255508424,0.998196005821228,0.9992719888687134,0.9983819723129272,0.0018039941787719727,-0.0007280111312866211,0.0018039941787719727,0,0,0,0,0,0,0
2023-08-06,USDT,0.9990180134773254,0.9992719888687134,0.998196005821228,0.9983819723129272,0.9977959990501404,0.9994459748268129,0.9988179802894592,0.002204000949859619,-0.0005540251731871448,0.002204000949859619,0,0,0,0,0,0,0
2023-08-07,USDT,0.9982950091362,0.9994459748268129,0.9977959990501404,0.9988179802894592,0.9984819889068604,1.000623941421509,0.9997180104255676,0.0015180110931396484,0.0006239414215090111,0.0015180110931396484,0,0,0,0,0,0,0
2023-08-08,USDT,0.9988409876823424,1.000623941421509,0.9984819889068604,0.9997180104255676,0.9989150166511536,1.000264048576355,0.9994249939918518,0.0010849833488464355,0.00026404857635498047,0.0010849833488464355,0,0,0,0,0,0,0
2023-08-09,USDT,0.9997239708900452,1.000264048576355,0.9989150166511536,0.9994249939918518,0.9986510276794434,0.9998329877853394,0.9990119934082032,0.0013489723205566406,-0.00016701221466064453,0.0013489723205566406,0,0,0,0,0,0,0
2023-08-10,USDT,0.9993690252304076,0.9998329877853394,0.9986510276794434,0.9990119934082032,0.9983559846878052,0.9995909929275512,0.99896901845932,0.0016440153121948242,-0.0004090070724488415,0.0016440153121948242,0,0,0,0,0,0,0
2023-08-11,USDT,0.9989399909973145,0.9995909929275512,0.9983559846878052,0.99896901845932,0.998986005783081,0.9998959898948668,0.9994530081748962,0.0010139942169189453,-0.00010401010513316766,0.0010139942169189453,0,0,0,0,0,0,0
2023-08-12,USDT,0.998986005783081,0.9998959898948668,0.998986005783081,0.9994530081748962,0.9991070032119752,0.9998999834060668,0.9992499947547911,0.0008929967880247913,-0.00010001659393321649,0.0008929967880247913,0,0,0,0,0,0,0
2023-08-13,USDT,0.9994680285453796,0.9998999834060668,0.9991070032119752,0.9992499947547911,0.9984310269355774,0.9998760223388672,0.9991840124130248,0.0015689730644226074,-0.0001239776611328125,0.0015689730644226074,0,0,0,0,0,0,0
2023-08-14,USDT,0.9992660284042358,0.9998760223388672,0.9984310269355774,0.9991840124130248,0.9983929991722108,0.9994639754295348,0.99896502494812,0.0016070008277891956,-0.0005360245704651989,0.0016070008277891956,0,0,0,0,0,0,0
2023-08-15,USDT,0.9991679787635804,0.9994639754295348,0.9983929991722108,0.99896502494812,0.9986050128936768,0.9994069933891296,0.998856008052826,0.0013949871063232422,-0.0005930066108703613,0.0013949871063232422,0,0,0,0,0,0,0
2023-08-16,USDT,0.9989169836044312,0.9994069933891296,0.9986050128936768,0.998856008052826,0.9983569979667664,1.00069797039032,1.000385999679565,0.0016430020332336426,0.0006979703903200463,0.0016430020332336426,0,0,0,0,0,0,0
2023-08-17,USDT,0.9988430142402648,1.00069797039032,0.9983569979667664,1.000385999679565,0.9990010261535645,1.00066602230072,0.9998300075531006,0.0009989738464355469,0.0006660223007199928,0.0009989738464355469,0,0,0,0,0,0,0
2023-08-18,USDT,1.000285029411316,1.00066602230072,0.9990010261535645,0.9998300075531006,0.999464988708496,1.000445961952209,0.9998599886894226,0.0005350112915040173,0.00044596195220902857,0.0005350112915040173,0,0,0,0,0,0,0
2023-08-19,USDT,0.9997169971466064,1.000445961952209,0.999464988708496,0.9998599886894226,0.9996560215950012,1.000329971313477,0.9999949932098388,0.0003439784049987793,0.0003299713134770066,0.0003439784049987793,0,0,0,0,0,0,0
2023-08-20,USDT,0.9998990297317504,1.000329971313477,0.9996560215950012,0.9999949932098388,0.9993579983711244,1.000362992286682,0.9998350143432616,0.0006420016288756214,0.00036299228668190686,0.0006420016288756214,0,0,0,0,0,0,0
2023-08-21,USDT,0.9999420046806335,1.000362992286682,0.9993579983711244,0.9998350143432616,0.9993469715118408,1.00032901763916,0.9994660019874572,0.0006530284881591797,0.0003290176391599342,0.0006530284881591797,0,0,0,0,0,0,0
2023-08-22,USDT,0.9997959733009338,1.00032901763916,0.9993469715118408,0.9994660019874572,0.9992560148239136,1.00072705745697,0.9998990297317504,0.0007439851760864258,0.0007270574569699928,0.0007439851760864258,0,0,0,0,0,0,0
2023-08-23,USDT,0.9996129870414734,1.00072705745697,0.9992560148239136,0.9998990297317504,0.9993209838867188,1.000144004821777,0.999426007270813,0.00067901611328125,0.00014400482177689966,0.00067901611328125,0,0,0,0,0,0,0
2023-08-24,USDT,0.9998289942741394,1.000144004821777,0.9993209838867188,0.999426007270813,0.9992759823799132,1.000159978866577,0.9994940161705016,0.0007240176200867809,0.0001599788665769264,0.0007240176200867809,0,0,0,0,0,0,0
2023-08-25,USDT,0.9994840025901794,1.000159978866577,0.9992759823799132,0.9994940161705016,0.9992169737815856,0.9999989867210388,0.9995390176773072,0.0007830262184144177,-1.0132789611816406e-06,0.0007830262184144177,0,0,0,0,0,0,0
2023-08-26,USDT,0.9994810223579408,0.9999989867210388,0.9992169737815856,0.9995390176773072,0.9993339776992798,1.000118970870972,0.999521017074585,0.0006660223007202148,0.00011897087097190173,0.0006660223007202148,0,0,0,0,0,0,0
2023-08-27,USDT,0.9995200037956238,1.000118970870972,0.9993339776992798,0.999521017074585,0.9991369843482972,1.000174045562744,0.9993270039558412,0.0008630156517027698,0.00017404556274391858,0.0008630156517027698,0,0,0,0,0,0,0
2023-08-28,USDT,0.999512016773224,1.000174045562744,0.9991369843482972,0.9993270039558412,0.9989839792251588,1.001127958297729,1.000038027763367,0.0010160207748411976,0.001127958297729048,0.001127958297729048,0,0,0,0,0,0,0
2023-08-29,USDT,0.9993280172348022,1.001127958297729,0.9989839792251588,1.000038027763367,0.9996190071105956,1.000627040863037,1.000128030776978,0.0003809928894044079,0.0006270408630371094,0.0006270408630371094,0,0,0,0,0,0,0
2023-08-30,USDT,1.000090956687927,1.000627040863037,0.9996190071105956,1.000128030776978,0.9996410012245178,1.00058901309967,0.9998459815979004,0.00035899877548217773,0.0005890130996699661,0.0005890130996699661,0,0,0,0,0,0,0
2023-08-31,USDT,1.000036954879761,1.00058901309967,0.9996410012245178,0.9998459815979004,0.9991589784622192,1.000365018844604,0.9997119903564452,0.0008410215377807617,0.0003650188446040481,0.0008410215377807617,0,0,0,0,0,0,0
2023-09-01,USDT,0.9998130202293396,1.000365018844604,0.9991589784622192,0.9997119903564452,0.9994950294494628,1.000319004058838,1.000133037567139,0.0005049705505372204,0.0003190040588378906,0.0005049705505372204,0,0,0,0,0,0,0
2023-09-02,USDT,0.9997000098228456,1.000319004058838,0.9994950294494628,1.000133037567139,0.9996989965438844,1.000468969345093,0.999974012374878,0.00030100345611561163,0.0004689693450929955,0.0004689693450929955,0,0,0,0,0,0,0
2023-09-03,USDT,1.000018000602722,1.000468969345093,0.9996989965438844,0.999974012374878,0.9994419813156128,1.000126957893372,0.9996449947357178,0.000558018684387207,0.00012695789337202612,0.000558018684387207,0,0,0,0,0,0,0
2023-09-04,USDT,0.9998570084571838,1.000126957893372,0.9994419813156128,0.9996449947357178,0.9991160035133362,0.9999520182609558,0.9995840191841124,0.0008839964866638184,-4.798173904418945e-05,0.0008839964866638184,0,0,0,0,0,0,0
2023-09-05,USDT,0.9995610117912292,0.9999520182609558,0.9991160035133362,0.9995840191841124,0.9991329908370972,1.000197052955627,0.9995520114898682,0.000867009162902832,0.00019705295562699732,0.000867009162902832,0,0,0,0,0,0,0
2023-09-06,USDT,0.9996680021286012,1.000197052955627,0.9991329908370972,0.9995520114898682,0.9991880059242249,1.000156998634338,0.999758005142212,0.0008119940757751465,0.00015699863433793482,0.0008119940757751465,0,0,0,0,0,0,0
2023-09-07,USDT,0.9994819760322572,1.000156998634338,0.9991880059242249,0.999758005142212,0.9993879795074464,1.000285029411316,0.9997779726982116,0.0006120204925535999,0.00028502941131591797,0.0006120204925535999,0,0,0,0,0,0,0
2023-09-08,USDT,0.9997599720954896,1.000285029411316,0.9993879795074464,0.9997779726982116,0.9994890093803406,1.000321984291077,0.9997339844703674,0.0005109906196594238,0.00032198429107710425,0.0005109906196594238,0,0,0,0,0,0,0
2023-09-09,USDT,0.9997230172157288,1.000321984291077,0.9994890093803406,0.9997339844703674,0.9995149970054626,1.000237941741943,0.9996129870414734,0.0004850029945373535,0.00023794174194291529,0.0004850029945373535,0,0,0,0,0,0,0
2023-09-10,USDT,0.9997190237045288,1.000237941741943,0.9995149970054626,0.9996129870414734,0.9994009733200072,1.000455021858215,0.9997010231018066,0.0005990266799927868,0.00045502185821511,0.0005990266799927868,0,0,0,0,0,0,0
2023-09-11,USDT,0.999571979045868,1.000455021858215,0.9994009733200072,0.9997010231018066,0.999439001083374,1.000520944595337,1.000036954879761,0.0005609989166259766,0.0005209445953369141,0.0005609989166259766,0,0,0,0,0,0,0
2023-09-12,USDT,0.9997220039367676,1.000520944595337,0.999439001083374,1.000036954879761,0.9997079968452454,1.000746011734009,1.000242948532104,0.00029200315475463867,0.0007460117340090111,0.0007460117340090111,0,0,0,0,0,0,0
2023-09-13,USDT,0.9999600052833556,1.000746011734009,0.9997079968452454,1.000242948532104,0.9998220205307008,1.000763058662415,1.00025999546051,0.00017797946929920538,0.0007630586624149949,0.0007630586624149949,0,0,0,0,0,0,0
2023-09-14,USDT,1.00027596950531,1.000763058662415,0.9998220205307008,1.00025999546051,0.9998419880867004,1.000756978988647,1.000342965126038,0.00015801191329956055,0.0007569789886470168,0.0007569789886470168,0,0,0,0,0,0,0
2023-09-15,USDT,1.000252962112427,1.000756978988647,0.9998419880867004,1.000342965126038,0.999987006187439,1.000913023948669,1.000298023223877,1.2993812561035156e-05,0.0009130239486689895,0.0009130239486689895,0,0,0,0,0,0,0
2023-09-16,USDT,1.000110983848572,1.000913023948669,0.999987006187439,1.000298023223877,1.000112056732178,1.000938057899475,1.00029194355011,-0.00011205673217795642,0.0009380578994750977,0.0009380578994750977,0,0,0,0,0,0,0
2023-09-17,USDT,1.000277996063232,1.000938057899475,1.000112056732178,1.00029194355011,0.9999120235443116,1.000885963439941,1.000237941741943,8.797645568836554e-05,0.0008859634399409622,0.0008859634399409622,0,0,0,0,0,0,0
2023-09-18,USDT,1.000254034996033,1.000885963439941,0.9999120235443116,1.000237941741943,0.9999889731407166,1.000893950462341,1.000262975692749,1.1026859283447266e-05,0.0008939504623410865,0.0008939504623410865,0,0,0,0,0,0,0
2023-09-19,USDT,1.000139951705933,1.000893950462341,0.9999889731407166,1.000262975692749,0.9999039769172668,1.000653028488159,1.00020694732666,9.60230827331543e-05,0.0006530284881589576,0.0006530284881589576,0,0,0,0,0,0,0
2023-09-20,USDT,1.00020694732666,1.000653028488159,0.9999039769172668,1.00020694732666,0.9996989965438844,1.000638008117676,0.9999859929084778,0.00030100345611561163,0.0006380081176760033,0.0006380081176760033,0,0,0,0,0,0,0
2023-09-21,USDT,1.000185966491699,1.000638008117676,0.9996989965438844,0.9999859929084778,0.99966299533844,1.000553011894226,1.000008940696716,0.00033700466155994757,0.0005530118942260742,0.0005530118942260742,0,0,0,0,0,0,0
2023-09-22,USDT,0.9999189972877502,1.000553011894226,0.99966299533844,1.000008940696716,0.999875009059906,1.000452995300293,1.000066995620728,0.00012499094009399414,0.00045299530029296875,0.00045299530029296875,0,0,0,0,0,0,0
2023-09-23,USDT,1.0000159740448,1.000452995300293,0.999875009059906,1.000066995620728,0.9998859763145448,1.000676035881042,1.000134944915771,0.00011402368545521124,0.0006760358810420364,0.0006760358810420364,0,0,0,0,0,0,0
2023-09-24,USDT,1.000064969062805,1.000676035881042,0.9998859763145448,1.000134944915771,0.9994950294494628,1.000601053237915,0.9997850060462952,0.0005049705505372204,0.0006010532379150391,0.0006010532379150391,0,0,0,0,0,0,0
2023-09-25,USDT,1.000131964683533,1.000601053237915,0.9994950294494628,0.9997850060462952,0.9994720220565796,1.000561952590942,0.9996060132980348,0.0005279779434204102,0.0005619525909419387,0.0005619525909419387,0,0,0,0,0,0,0
2023-09-26,USDT,0.9997190237045288,1.000561952590942,0.9994720220565796,0.9996060132980348,0.999090015888214,0.9999960064888,0.9993860125541688,0.0009099841117859997,-3.993511199951172e-06,0.0009099841117859997,0,0,0,0,0,0,0
2023-09-27,USDT,0.9995549917221068,0.9999960064888,0.999090015888214,0.9993860125541688,0.9989879727363586,1.000820994377136,1.000017046928406,0.0010120272636413574,0.0008209943771360084,0.0010120272636413574,0,0,0,0,0,0,0
2023-09-28,USDT,0.999455988407135,1.000820994377136,0.9989879727363586,1.000017046928406,0.9996910095214844,1.000844955444336,1.000041961669922,0.000308990478515625,0.0008449554443359375,0.0008449554443359375,0,0,0,0,0,0,0
2023-09-29,USDT,1.000061988830566,1.000844955444336,0.9996910095214844,1.000041961669922,0.9998030066490172,1.000596046447754,1.000210046768188,0.00019699335098277704,0.0005960464477539062,0.0005960464477539062,0,0,0,0,0,0,0
2023-09-30,USDT,1.000066995620728,1.000596046447754,0.9998030066490172,1.000210046768188,0.9997699856758118,1.000615954399109,0.9998940229415894,0.00023001432418823242,0.0006159543991091088,0.0006159543991091088,0,0,0,0,0,0,0
2023-10-01,USDT,1.000192999839783,1.000615954399109,0.9997699856758118,0.9998940229415894,0.9998019933700562,1.001006007194519,1.000332951545715,0.00019800662994384766,0.001006007194519043,0.001006007194519043,0,0,0,0,0,0,0
2023-10-02,USDT,1.000026941299438,1.001006007194519,0.9998019933700562,1.000332951545715,0.9997419714927672,1.000509023666382,1.000092029571533,0.00025802850723277704,0.000509023666382058,0.000509023666382058,0,0,0,0,0,0,0
2023-10-03,USDT,1.000262975692749,1.000509023666382,0.9997419714927672,1.000092029571533,0.999770998954773,1.000560998916626,1.000437021255493,0.00022900104522705078,0.0005609989166259766,0.0005609989166259766,0,0,0,0,0,0,0
2023-10-04,USDT,1.000022053718567,1.000560998916626,0.999770998954773,1.000437021255493,0.9999060034751892,1.000645995140076,1.000089049339294,9.399652481079102e-05,0.0006459951400759056,0.0006459951400759056,0,0,0,0,0,0,0
2023-10-05,USDT,1.000287055969238,1.000645995140076,0.9999060034751892,1.000089049339294,0.9998850226402284,1.000638008117676,1.000435948371887,0.0001149773597716175,0.0006380081176760033,0.0006380081176760033,0,0,0,0,0,0,0
2023-10-06,USDT,1.000036954879761,1.000638008117676,0.9998850226402284,1.000435948371887,1.000272035598755,1.000776052474976,1.000550031661987,-0.00027203559875510486,0.00077605247497603,0.00077605247497603,0,0,0,0,0,0,0
2023-10-07,USDT,1.000439047813416,1.000776052474976,1.000272035598755,1.000550031661987,1.000270962715149,1.000800013542175,1.000460028648376,-0.0002709627151489258,0.0008000135421750709,0.0008000135421750709,0,0,0,0,0,0,0
2023-10-08,USDT,1.000588059425354,1.000800013542175,1.000270962715149,1.000460028648376,0.9998779892921448,1.001181960105896,1.000080943107605,0.00012201070785522461,0.001181960105895996,0.001181960105895996,0,0,0,0,0,0,0
2023-10-09,USDT,1.000455975532532,1.001181960105896,0.9998779892921448,1.000080943107605,0.9998589754104614,1.000823974609375,1.000087976455688,0.00014102458953857422,0.000823974609375,0.000823974609375,0,0,0,0,0,0,0
2023-10-10,USDT,1.000195980072021,1.000823974609375,0.9998589754104614,1.000087976455688,0.9995689988136292,1.000661015510559,0.9997519850730896,0.0004310011863708496,0.000661015510559082,0.000661015510559082,0,0,0,0,0,0,0
2023-10-11,USDT,1.000064969062805,1.000661015510559,0.9995689988136292,0.9997519850730896,0.9994779825210572,1.000566959381104,0.9997079968452454,0.0005220174789427601,0.0005669593811039597,0.0005669593811039597,0,0,0,0,0,0,0
2023-10-12,USDT,0.9997490048408508,1.000566959381104,0.9994779825210572,0.9997079968452454,0.9993810057640076,1.000465989112854,0.9999600052833556,0.0006189942359924316,0.0004659891128540039,0.0006189942359924316,0,0,0,0,0,0,0
2023-10-13,USDT,0.999646008014679,1.000465989112854,0.9993810057640076,0.9999600052833556,0.9997929930686952,1.00062096118927,1.000105977058411,0.00020700693130482062,0.0006209611892700195,0.0006209611892700195,0,0,0,0,0,0,0
2023-10-14,USDT,0.999888002872467,1.00062096118927,0.9997929930686952,1.000105977058411,0.9998360276222228,1.000548005104065,1.000373005867004,0.00016397237777721063,0.0005480051040649414,0.0005480051040649414,0,0,0,0,0,0,0
2023-10-15,USDT,1.000025033950806,1.000548005104065,0.9998360276222228,1.000373005867004,0.9999110102653505,1.000931978225708,1.000548005104065,8.898973464954718e-05,0.0009319782257080078,0.0009319782257080078,0,0,0,0,0,0,0
2023-10-16,USDT,1.000378966331482,1.000931978225708,0.9999110102653505,1.000548005104065,1.000156044960022,1.000839948654175,1.000404000282288,-0.00015604496002197266,0.0008399486541750267,0.0008399486541750267,0,0,0,0,0,0,0
2023-10-17,USDT,1.000579953193665,1.000839948654175,1.000156044960022,1.000404000282288,1.000107049942017,1.000792026519775,1.000226974487305,-0.00010704994201704565,0.0007920265197749465,0.0007920265197749465,0,0,0,0,0,0,0
2023-10-18,USDT,1.000419020652771,1.000792026519775,1.000107049942017,1.000226974487305,1.000069975852966,1.001075029373169,1.000463008880615,-6.997585296608655e-05,0.0010750293731689453,0.0010750293731689453,0,0,0,0,0,0,0
2023-10-19,USDT,1.000404953956604,1.001075029373169,1.000069975852966,1.000463008880615,1.000090956687927,1.00109601020813,1.000530958175659,-9.095668792702405e-05,0.0010960102081301049,0.0010960102081301049,0,0,0,0,0,0,0
2023-10-20,USDT,1.000442028045654,1.00109601020813,1.000090956687927,1.000530958175659,1.000102996826172,1.000676035881042,1.000355958938599,-0.00010299682617209704,0.0006760358810420364,0.0006760358810420364,0,0,0,0,0,0,0
2023-10-21,USDT,1.000491976737976,1.000676035881042,1.000102996826172,1.000355958938599,0.9999669790267944,1.000692009925842,1.000246047973633,3.3020973205566406e-05,0.0006920099258420631,0.0006920099258420631,0,0,0,0,0,0,0
2023-10-22,USDT,1.000332951545715,1.000692009925842,0.9999669790267944,1.000246047973633,0.9998220205307008,1.001013994216919,1.000399947166443,0.00017797946929920538,0.0010139942169189453,0.0010139942169189453,0,0,0,0,0,0,0
2023-10-23,USDT,1.000555038452148,1.001013994216919,0.9998220205307008,1.000399947166443,0.9995729923248292,1.000568032264709,1.000015020370483,0.0004270076751707874,0.0005680322647090286,0.0005680322647090286,0,0,0,0,0,0,0
2023-10-24,USDT,1.000362992286682,1.000568032264709,0.9995729923248292,1.000015020370483,0.9997389912605286,1.000771999359131,1.000414967536926,0.00026100873947143555,0.0007719993591310814,0.0007719993591310814,0,0,0,0,0,0,0
2023-10-25,USDT,0.999966025352478,1.000771999359131,0.9997389912605286,1.000414967536926,0.9997810125350952,1.000653982162476,1.000192999839783,0.00021898746490478516,0.00065398216247603,0.00065398216247603,0,0,0,0,0,0,0
2023-10-26,USDT,1.000403046607971,1.000653982162476,0.9997810125350952,1.000192999839783,0.999921977519989,1.000800013542175,1.000257015228271,7.802248001098633e-05,0.0008000135421750709,0.0008000135421750709,0,0,0,0,0,0,0
2023-10-27,USDT,1.0001620054245,1.000800013542175,0.999921977519989,1.000257015228271,0.999541997909546,1.000748038291931,1.000252962112427,0.00045800209045399054,0.0007480382919309303,0.0007480382919309303,0,0,0,0,0,0,0
2023-10-28,USDT,1.000316977500916,1.000748038291931,0.999541997909546,1.000252962112427,0.9999719858169556,1.00072705745697,1.000386953353882,2.8014183044433594e-05,0.0007270574569699928,0.0007270574569699928,0,0,0,0,0,0,0
2023-10-29,USDT,1.000234961509705,1.00072705745697,0.9999719858169556,1.000386953353882,0.9998990297317504,1.00087296962738,1.000571966171265,0.00010097026824962274,0.000872969627379927,0.000872969627379927,0,0,0,0,0,0,0
2023-10-30,USDT,1.000234007835388,1.00087296962738,0.9998990297317504,1.000571966171265,1.000036954879761,1.000900983810425,1.000314950942993,-3.695487976096423e-05,0.0009009838104250267,0.0009009838104250267,0,0,0,0,0,0,0
2023-10-31,USDT,1.000592947006226,1.000900983810425,1.000036954879761,1.000314950942993,0.999783992767334,1.000859975814819,1.000610947608948,0.00021600723266601562,0.0008599758148188918,0.0008599758148188918,0,0,0,0,0,0,0
2023-11-01,USDT,1.000427961349487,1.000859975814819,0.999783992767334,1.000610947608948,1.000004053115845,1.001160025596619,1.000213027000427,-4.053115844948607e-06,0.0011600255966190964,0.0011600255966190964,0,0,0,0,0,0,0
2023-11-02,USDT,1.000558972358704,1.001160025596619,1.000004053115845,1.000213027000427,0.9999679923057556,1.001011967658997,1.00065004825592,3.2007694244384766e-05,0.0010119676589970261,0.0010119676589970261,0,0,0,0,0,0,0
2023-11-03,USDT,1.000265955924988,1.001011967658997,0.9999679923057556,1.00065004825592,1.000326037406921,1.001268982887268,1.000781059265137,-0.00032603740692094263,0.0012689828872680664,0.0012689828872680664,0,0,0,0,0,0,0
2023-11-04,USDT,1.00061297416687,1.001268982887268,1.000326037406921,1.000781059265137,1.000460982322693,1.001541018486023,1.000723958015442,-0.00046098232269309314,0.0015410184860229492,0.0015410184860229492,0,0,0,0,0,0,0
2023-11-05,USDT,1.000849962234497,1.001541018486023,1.000460982322693,1.000723958015442,1.000116944313049,1.001209020614624,1.000316977500916,-0.00011694431304909436,0.0012090206146240234,0.0012090206146240234,0,0,0,0,0,0,0
2023-11-06,USDT,1.000677943229675,1.001209020614624,1.000116944313049,1.000316977500916,1.000036001205444,1.001108050346375,1.000568985939026,-3.600120544389185e-05,0.0011080503463749558,0.0011080503463749558,0,0,0,0,0,0,0
2023-11-07,USDT,1.00030505657196,1.001108050346375,1.000036001205444,1.000568985939026,0.9999099969863892,1.00096595287323,1.000355005264282,9.000301361083984e-05,0.0009659528732299805,0.0009659528732299805,0,0,0,0,0,0,0
2023-11-08,USDT,1.00049901008606,1.00096595287323,0.9999099969863892,1.000355005264282,0.9995779991149902,1.000816941261292,1.00009298324585,0.0004220008850097656,0.000816941261291948,0.000816941261291948,0,0,0,0,0,0,0
2023-11-09,USDT,1.000385999679565,1.000816941261292,0.9995779991149902,1.00009298324585,0.9997429847717284,1.000720977783203,0.9999979734420776,0.0002570152282715954,0.000720977783202903,0.000720977783202903,0,0,0,0,0,0,0
2023-11-10,USDT,1.000172972679138,1.000720977783203,0.9997429847717284,0.9999979734420776,0.9997159838676452,1.000816941261292,0.9998329877853394,0.00028401613235484735,0.000816941261291948,0.000816941261291948,0,0,0,0,0,0,0
2023-11-11,USDT,1.000255942344666,1.000816941261292,0.9997159838676452,0.9998329877853394,0.9996619820594788,1.000777006149292,1.000143051147461,0.00033801794052124023,0.0007770061492919922,0.0007770061492919922,0,0,0,0,0,0,0
2023-11-12,USDT,0.99993497133255,1.000777006149292,0.9996619820594788,1.000143051147461,0.9998760223388672,1.001230955123901,1.000373959541321,0.0001239776611328125,0.001230955123900923,0.001230955123900923,0,0,0,0,0,0,0
2023-11-13,USDT,1.000252962112427,1.001230955123901,0.9998760223388672,1.000373959541321,0.9995980262756348,1.00080394744873,1.000259041786194,0.0004019737243652344,0.0008039474487300247,0.0008039474487300247,0,0,0,0,0,0,0
2023-11-14,USDT,1.000663995742798,1.00080394744873,0.9995980262756348,1.000259041786194,1.000022053718567,1.000931978225708,1.000769972801208,-2.205371856689453e-05,0.0009319782257080078,0.0009319782257080078,0,0,0,0,0,0,0
2023-11-15,USDT,1.000249981880188,1.000931978225708,1.000022053718567,1.000769972801208,0.9997529983520508,1.000792980194092,1.000038981437683,0.00024700164794921875,0.0007929801940920189,0.0007929801940920189,0,0,0,0,0,0,0
2023-11-16,USDT,1.000605940818787,1.000792980194092,0.9997529983520508,1.000038981437683,0.9998649954795836,1.000617027282715,1.000578045845032,0.0001350045204163708,0.0006170272827150658,0.0006170272827150658,0,0,0,0,0,0,0
2023-11-17,USDT,1.000182032585144,1.000617027282715,0.9998649954795836,1.000578045845032,1.000161051750183,1.000836968421936,1.000597953796387,-0.00016105175018310547,0.0008369684219360352,0.0008369684219360352,0,0,0,0,0,0,0
2023-11-18,USDT,1.000437021255493,1.000836968421936,1.000161051750183,1.000597953796387,1.00019097328186,1.000810980796814,1.000453948974609,-0.00019097328185990747,0.0008109807968139648,0.0008109807968139648,0,0,0,0,0,0,0
2023-11-19,USDT,1.000597953796387,1.000810980796814,1.00019097328186,1.000453948974609,1.000033974647522,1.001006960868835,1.00059700012207,-3.3974647521972656e-05,0.0010069608688350051,0.0010069608688350051,0,0,0,0,0,0,0
2023-11-20,USDT,1.000491976737976,1.001006960868835,1.000033974647522,1.00059700012207,0.999791979789734,1.00086498260498,1.000388979911804,0.00020802021026600226,0.0008649826049800247,0.0008649826049800247,0,0,0,0,0,0,0
2023-11-21,USDT,1.000517964363098,1.00086498260498,0.999791979789734,1.000388979911804,0.9998570084571838,1.000684022903442,1.000337958335876,0.0001429915428161621,0.0006840229034419387,0.0006840229034419387,0,0,0,0,0,0,0
2023-11-22,USDT,1.000373959541321,1.000684022903442,0.9998570084571838,1.000337958335876,0.999916970729828,1.000476956367493,1.000141978263855,8.302927017200812e-05,0.0004769563674928978,0.0004769563674928978,0,0,0,0,0,0,0
2023-11-23,USDT,1.00036096572876,1.000476956367493,0.999916970729828,1.000141978263855,0.9999229907989502,1.000857949256897,1.00035297870636,7.700920104980469e-05,0.0008579492568969727,0.0008579492568969727,0,0,0,0,0,0,0
2023-11-24,USDT,1.000149011611938,1.000857949256897,0.9999229907989502,1.00035297870636,0.999925971031189,1.000816941261292,1.000478982925415,7.402896881103516e-05,0.000816941261291948,0.000816941261291948,0,0,0,0,0,0,0
2023-11-25,USDT,1.000264048576355,1.000816941261292,0.999925971031189,1.000478982925415,0.9996230006217957,1.000609040260315,1.000211000442505,0.0003769993782043457,0.0006090402603149414,0.0006090402603149414,0,0,0,0,0,0,0
2023-11-26,USDT,1.000486016273499,1.000609040260315,0.9996230006217957,1.000211000442505,0.9998350143432616,1.000661015510559,0.9999799728393556,0.00016498565673839227,0.000661015510559082,0.000661015510559082,0,0,0,0,0,0,0
2023-11-27,USDT,1.000213980674744,1.000661015510559,0.9998350143432616,0.9999799728393556,0.999888002872467,1.000668048858643,1.000377058982849,0.00011199712753295898,0.0006680488586430222,0.0006680488586430222,0,0,0,0,0,0,0
2023-11-28,USDT,1.000112056732178,1.000668048858643,0.999888002872467,1.000377058982849,0.9998890161514282,1.000816941261292,1.000219941139221,0.00011098384857177734,0.000816941261291948,0.000816941261291948,0,0,0,0,0,0,0
2023-11-29,USDT,1.000326037406921,1.000816941261292,0.9998890161514282,1.000219941139221,0.9998630285263062,1.00039005279541,1.000156044960022,0.00013697147369384766,0.0003900527954099342,0.0003900527954099342,0,0,0,0,0,0,0
2023-11-30,USDT,1.000236034393311,1.00039005279541,0.9998630285263062,1.000156044960022,0.9998310208320618,1.000630021095276,1.000185012817383,0.00016897916793823242,0.000630021095276101,0.000630021095276101,0,0,0,0,0,0,0
2023-12-01,USDT,1.000195980072021,1.000630021095276,0.9998310208320618,1.000185012817383,0.999692976474762,1.000560998916626,1.000363945960999,0.0003070235252380371,0.0005609989166259766,0.0005609989166259766,0,0,0,0,0,0,0
2023-12-02,USDT,1.00019896030426,1.000560998916626,0.999692976474762,1.000363945960999,0.9993209838867188,1.000561952590942,1.000308990478516,0.00067901611328125,0.0005619525909419387,0.00067901611328125,0,0,0,0,0,0,0
2023-12-03,USDT,1.000444054603577,1.000561952590942,0.9993209838867188,1.000308990478516,0.999090015888214,1.00102698802948,0.999912977218628,0.0009099841117859997,0.0010269880294799805,0.0010269880294799805,0,0,0,0,0,0,0
2023-12-04,USDT,1.000306963920593,1.00102698802948,0.999090015888214,0.999912977218628,0.9993069767951964,1.000748991966248,1.000545978546143,0.0006930232048035778,0.0007489919662480027,0.0007489919662480027,0,0,0,0,0,0,0
2023-12-05,USDT,0.999974012374878,1.000748991966248,0.9993069767951964,1.000545978546143,0.9998390078544616,1.000856041908264,1.0000319480896,0.0001609921455384411,0.0008560419082639381,0.0008560419082639381,0,0,0,0,0,0,0
2023-12-06,USDT,1.000219941139221,1.000856041908264,0.9998390078544616,1.0000319480896,0.9999060034751892,1.001062035560608,1.000316977500916,9.399652481079102e-05,0.0010620355606079102,0.0010620355606079102,0,0,0,0,0,0,0
2023-12-07,USDT,1.000010967254639,1.001062035560608,0.9999060034751892,1.000316977500916,0.9999529719352722,1.000661969184875,1.000123977661133,4.70280647277832e-05,0.0006619691848750442,0.0006619691848750442,0,0,0,0,0,0,0
2023-12-08,USDT,1.000372052192688,1.000661969184875,0.9999529719352722,1.000123977661133,1.000048995018005,1.000939965248108,1.000517010688782,-4.8995018004927005e-05,0.0009399652481079102,0.0009399652481079102,0,0,0,0,0,0,0
2023-12-09,USDT,1.000131011009216,1.000939965248108,1.000048995018005,1.000517010688782,0.999888002872467,1.000709056854248,1.000043988227844,0.00011199712753295898,0.0007090568542480469,0.0007090568542480469,0,0,0,0,0,0,0
2023-12-10,USDT,1.000354051589966,1.000709056854248,0.999888002872467,1.000043988227844,0.9988499879837036,1.000772953033447,0.999547004699707,0.0011500120162963867,0.0007729530334470436,0.0011500120162963867,0,0,0,0,0,0,0
2023-12-11,USDT,1.000072002410889,1.000772953033447,0.9988499879837036,0.999547004699707,0.9990299940109252,1.00098705291748,0.9997860193252563,0.000970005989074818,0.0009870529174800247,0.0009870529174800247,0,0,0,0,0,0,0
2023-12-12,USDT,0.9995819926261902,1.00098705291748,0.9990299940109252,0.9997860193252563,0.9992460012435912,1.000718951225281,1.00019097328186,0.0007539987564088024,0.0007189512252809838,0.0007539987564088024,0,0,0,0,0,0,0
2023-12-13,USDT,0.9997209906578064,1.000718951225281,0.9992460012435912,1.00019097328186,0.9997860193252563,1.000985980033875,1.000154972076416,0.00021398067474365234,0.0009859800338749558,0.0009859800338749558,0,0,0,0,0,0,0
2023-12-14,USDT,1.000275015830994,1.000985980033875,0.9997860193252563,1.000154972076416,0.999584972858429,1.001034021377563,1.000149965286255,0.0004150271415710449,0.0010340213775630325,0.0010340213775630325,0,0,0,0,0,0,0
2023-12-15,USDT,1.000228047370911,1.001034021377563,0.999584972858429,1.000149965286255,0.999109983444214,1.000576019287109,0.9991819858551024,0.0008900165557860218,0.0005760192871089309,0.0008900165557860218,0,0,0,0,0,0,0
2023-12-16,USDT,1.000080943107605,1.000576019287109,0.999109983444214,0.9991819858551024,0.9985719919204712,1.000442981719971,0.9998769760131836,0.0014280080795288086,0.00044298171997092517,0.0014280080795288086,0,0,0,0,0,0,0
2023-12-17,USDT,0.9990620017051696,1.000442981719971,0.9985719919204712,0.9998769760131836,0.998852014541626,1.000306010246277,0.999758005142212,0.0011479854583740234,0.0003060102462770775,0.0011479854583740234,0,0,0,0,0,0,0
2023-12-18,USDT,0.9993529915809632,1.000306010246277,0.998852014541626,0.999758005142212,0.9992820024490356,1.000601053237915,0.9998900294303894,0.0007179975509643555,0.0006010532379150391,0.0007179975509643555,0,0,0,0,0,0,0
2023-12-19,USDT,0.999770998954773,1.000601053237915,0.9992820024490356,0.9998900294303894,0.9994919896125792,1.001116991043091,1.000025987625122,0.0005080103874207653,0.0011169910430910424,0.0011169910430910424,0,0,0,0,0,0,0
2023-12-20,USDT,0.9996989965438844,1.001116991043091,0.9994919896125792,1.000025987625122,0.999714970588684,1.00087296962738,1.0001460313797,0.000285029411316029,0.000872969627379927,0.000872969627379927,0,0,0,0,0,0,0
2023-12-21,USDT,0.9999499917030334,1.00087296962738,0.999714970588684,1.0001460313797,0.999916970729828,1.001343965530396,1.000942945480347,8.302927017200812e-05,0.001343965530395952,0.001343965530395952,0,0,0,0,0,0,0
2023-12-22,USDT,1.000177979469299,1.001343965530396,0.999916970729828,1.000942945480347,1.00021505355835,1.001312971115112,1.000741004943848,-0.00021505355835005346,0.0013129711151120826,0.0013129711151120826,0,0,0,0,0,0,0
2023-12-23,USDT,1.000980019569397,1.001312971115112,1.00021505355835,1.000741004943848,1.000223994255066,1.00127899646759,1.000880002975464,-0.00022399425506591797,0.00127899646759011,0.00127899646759011,0,0,0,0,0,0,0
2023-12-24,USDT,1.00052797794342,1.00127899646759,1.000223994255066,1.000880002975464,0.9998149871826172,1.001222968101501,1.000561952590942,0.0001850128173828125,0.0012229681015010208,0.0012229681015010208,0,0,0,0,0,0,0
2023-12-25,USDT,1.000781059265137,1.001222968101501,0.9998149871826172,1.000561952590942,0.9993249773979188,1.000967025756836,1.000234007835388,0.0006750226020811878,0.0009670257568359375,0.0009670257568359375,0,0,0,0,0,0,0
2023-12-26,USDT,1.000489950180054,1.000967025756836,0.9993249773979188,1.000234007835388,0.9998480081558228,1.001116037368774,1.000694990158081,0.0001519918441772461,0.00111603736877397,0.00111603736877397,0,0,0,0,0,0,0
2023-12-27,USDT,1.000231027603149,1.001116037368774,0.9998480081558228,1.000694990158081,1.000028967857361,1.001461982727051,1.001186013221741,-2.896785736106189e-05,0.0014619827270510033,0.0014619827270510033,0,0,0,0,0,0,0
2023-12-28,USDT,1.000856041908264,1.001461982727051,1.000028967857361,1.001186013221741,0.999800980091095,1.001484036445618,1.000448942184448,0.0001990199089050293,0.0014840364456178978,0.0014840364456178978,0,0,0,0,0,0,0
2023-12-29,USDT,1.001083016395569,1.001484036445618,0.999800980091095,1.000448942184448,0.999754011631012,1.00099503993988,1.000380992889404,0.0002459883689880371,0.000995039939879927,0.000995039939879927,0,0,0,0,0,0,0
2023-12-30,USDT,1.000509977340698,1.00099503993988,0.999754011631012,1.000380992889404,0.9993429780006408,1.001256942749023,0.9997299909591676,0.0006570219993592419,0.0012569427490229934,0.0012569427490229934,0,0,0,0,0,0,0
