date,BTC_percent_change_24h,BTC_volume_percent_change_24h,BTC_volume_percent_change_30d,BTC_realized_volatility_30d_proxy,ETH_percent_change_24h,ETH_volume_percent_change_30d,ETH_realized_volatility_30d_proxy
2022-01-01,,,,,,,
2022-01-02,-0.007163274962024402,0.13704381800607002,,,0.01588136117589123,,
2022-01-03,-0.0187368774698079,0.18317607554705373,,,-0.017804782359288618,,
2022-01-04,-0.012065555013512697,0.28492850245702694,,,0.008687307931515731,,
2022-01-05,-0.050734060615097554,-0.13280705547684513,,,-0.06422404850925867,,
2022-01-06,-0.009366159015892994,-0.18026705578458968,,,-0.0371730634280415,,
2022-01-07,-0.03714070469186992,1.7872243421518719,,,-0.06587795854818668,,
2022-01-08,0.004235994902819673,-0.6666569274975462,,,-0.031704077942472875,,
2022-01-09,0.004256970472081845,-0.2412843160116357,,,0.021274058960640163,,
2022-01-10,-0.0021554853640055605,0.5076384350990619,,,-0.02364136800640171,,
2022-01-11,0.021869109453241498,-0.17993214637380084,,,0.05027854349203764,,
2022-01-12,0.028389418684672707,0.2724242417635705,,,0.04142745718356022,,
2022-01-13,-0.030888714484173407,0.42361857807398917,,,-0.03676163434271329,,
2022-01-14,0.011930269358978673,-0.5056229347768494,,,0.018998586244709736,,
2022-01-15,0.001802778677309158,-0.2208069740716574,,,0.006202201749167191,,
2022-01-16,-0.0014711291913973579,-0.02554251573637001,,,0.006122481592311324,,
2022-01-17,-0.020024366790964976,0.211640359068767,,,-0.04136680845756069,,
2022-01-18,0.0029604828561313745,0.03348431016340281,,,-0.015029639521672689,,
2022-01-19,-0.014897823244158781,0.03008108744365079,,,-0.021554575451392277,,
2022-01-20,-0.02548634039729203,-0.11733773216137466,,,-0.030591452089873683,,
2022-01-21,-0.10381165615712484,1.11028949110856,,,-0.14767435465989753,,
2022-01-22,-0.039143484680769114,-0.07666714491212867,,,-0.05971640752836038,,
2022-01-23,0.03558509252717301,-0.34487275364648184,,,0.053990906269038685,,
2022-01-24,0.010406744495611076,0.6087592161599811,,,-0.03735120652726631,,
2022-01-25,0.008175727030871549,-0.36860250005971107,,,0.006385456601614825,,
2022-01-26,-0.002757016878562668,0.1852721853150181,,,0.0049248919678990255,,
2022-01-27,0.007763821260712289,-0.2005826666372602,,,-0.018244935331225953,,
2022-01-28,0.017397102127314046,-0.11191838817818656,,,0.05121368460412512,,
2022-01-29,0.00936493083845824,-0.2268396012453393,,,0.019627353458854913,,
2022-01-30,-0.005783656346668664,-0.1483428796747298,,,0.0024573075711489256,,
2022-01-31,0.01491453610450133,0.41596352443493845,-0.15653047484123173,0.027160995033228205,0.03257666428258821,0.40936628153391363,0.04269342419054527
2022-02-01,0.00676006528835682,-0.021520903671896408,-0.27415523862138413,0.027272461186412304,0.03862634283851252,0.33531186836950644,0.043370775610558084
2022-02-02,-0.046209029430310355,-0.05585976753717603,-0.420796907659687,0.028151906582234095,-0.039132735575322264,0.148626465936468,0.04368474662622643
2022-02-03,0.005456046132945147,-0.0294256890265564,-0.5624973364767524,0.028229219687395543,-0.0013759251322007504,-0.09090069461882355,0.04357287772847243
2022-02-04,0.116978066100073,0.582021665099036,-0.2018630956310431,0.03498898127229744,0.11362666703116964,0.051263378231766854,0.047905621114598625
2022-02-05,-0.001438787435204647,-0.33181336302861353,-0.34941688297828843,0.03495376757588502,0.010410717097086852,-0.4606813819961951,0.04757824535649144
2022-02-06,0.023437312952531153,-0.1786381902444455,-0.8082809057340509,0.034527096604546566,0.014206593311191451,-0.6135401010489112,0.04615777819343955
2022-02-07,0.033665872045371525,0.7743577760290068,0.020504980560293262,0.03502918196876649,0.027798951436755814,-0.052418189698348105,0.04604423546658024
2022-02-08,0.0063448528050995545,0.1549321019372829,0.5534329751038083,0.035035411518237615,-0.00632052369720526,0.38925983805735087,0.04591289486734817
2022-02-09,0.004994545046617338,-0.2972699596881925,-0.2759245242081786,0.03502834450650116,0.037420119536786256,-0.2858573297004039,0.046150807816824714
2022-02-10,-0.01744935921313273,0.38269828646205295,0.22084765939734186,0.035015865101719515,-0.05000061799033162,0.22470168969675108,0.04621785863047783
2022-02-11,-0.026561982607033352,-0.1613812122157956,-0.19537387721097865,0.03498352390447453,-0.04877319319619966,-0.037147895966133326,0.0463208919876761
2022-02-12,-0.0038546734323026133,-0.3265650051689155,-0.6193760061950961,0.03452153745945146,-0.0034231086563658586,-0.2641550509417825,0.045896929264528534
2022-02-13,-0.001111462077505676,-0.18789819036936461,-0.3747577387752019,0.03445209665821174,-0.011619882910758439,-0.33237542451499713,0.04574180754157515
2022-02-14,0.009228086961576842,0.41285874886398743,0.13371009433572278,0.034493131856118166,0.01734567720397817,0.26450658397869753,0.04586882480345825
2022-02-15,0.04668769779745485,0.09093027509979512,0.26921767760006343,0.035522093965375194,0.08399521286202116,0.46448066997350224,0.0485392063804795
2022-02-16,-0.013759752216496501,-0.1289127430098942,-0.08751855529661912,0.03540809195834244,-0.01636765067071777,0.0006559472543405942,0.04802683076390237
2022-02-17,-0.07788223029977337,0.32608814528822827,0.1708265086533467,0.038286171843736255,-0.07876007915331673,0.21775326851820487,0.05009100729392645
2022-02-18,-0.012507647384577658,-0.11188679985424554,0.009460798854330044,0.03825822705262685,-0.03323095432766643,0.19418115782414458,0.05029413070801276
2022-02-19,0.0022777282826873524,-0.4107012731427453,-0.3260457762244311,0.03797237148231373,-0.00790686342387692,-0.08188483181071482,0.05002337994434503
2022-02-20,-0.04214073972532317,0.33516537657524226,-0.573593884264151,0.03355790968283751,-0.048866619788482835,-0.5655578805925945,0.04279903433841383
2022-02-21,-0.03528620868790788,0.5964821430030371,-0.26272552125876214,0.03340068759810765,-0.02085949365019457,-0.3187211344769988,0.041440057523687054
2022-02-22,0.03265642371222732,-0.12934427077822475,-0.020171649861941976,0.03330456257620162,0.02544204798341476,-0.007359104522625226,0.04054881847410507
2022-02-23,-0.025843815613622922,-0.14294336096855376,-0.47800243556550903,0.033657006249863036,-0.01854268553832039,-0.5257882471133428,0.04005982223933506
2022-02-24,0.027778400368163814,1.1229184553220972,0.7550881390502258,0.033987429422487364,0.002975463126547284,0.8116654382315189,0.04005400155125615
2022-02-25,0.022998939789759643,-0.4276967829033118,-0.15256377335833116,0.0341937906517715,0.0640739815309288,-0.18940294221718046,0.04159640758736543
2022-02-26,-0.002781397053842838,-0.3419792853657322,-0.3024537144872107,0.03419338871085964,0.005996005841990337,-0.2729586837306488,0.041371922234033943
2022-02-27,-0.03568234201898368,0.3424963471598812,0.05446766131641878,0.034752770825038165,-0.05728286710874153,0.1012277982243861,0.04196868176732607
2022-02-28,0.1454118392886461,0.5219539396338531,1.0757028088116947,0.04367849684550998,0.1134332194172587,0.7244912884578745,0.046583205322586134
2022-03-01,0.026888524570001016,-0.08996820370099345,1.2179765901145263,0.04380636610395962,0.018252916606172453,0.9742120972203949,0.046643512980212555
2022-03-02,-0.009706302725009275,-0.10147880723058678,0.40745078308400373,0.04386675040357251,-0.0075245790678323266,0.20744913764900708,0.04641356930967135
2022-03-03,-0.03351981142193561,-0.14444415475635985,0.23063716831461223,0.04443366303852875,-0.03920161771843611,-0.007855075015961388,0.04659310858907945
2022-03-04,-0.07806935036049167,0.1421227063629935,0.488696916939952,0.04602652145861886,-0.07666797157791327,0.04472645824664356,0.04819888287824863
2022-03-05,0.00671938064683042,-0.40469365030918003,-0.08690069642307974,0.04602951196784351,0.018216357267732075,-0.3671463140922676,0.04830835034092246
2022-03-06,-0.024887994408395286,0.16313182837726403,-0.32867236530989974,0.04091378009982431,-0.04120099883208184,-0.5326869934413885,0.043924727157637136
2022-03-07,-0.009316643885282638,0.44572353143928467,0.45251955827203316,0.040936790453278936,-0.02241302390450539,0.11387529191109746,0.04395618747685291
2022-03-08,0.017740259990833174,-0.0970204618605991,0.5968546678074442,0.04082758512551828,0.031618715552175436,0.47083207222315604,0.04433631664761256
2022-03-09,0.08378639716414904,0.2524592742889693,0.1271658204485866,0.04329795009349405,0.0593911064983772,-0.06734184981247016,0.04549600801664533
2022-03-10,-0.060630954045771346,-0.037357570358810266,-0.06050092279445951,0.04463559815568005,-0.04459506244101141,-0.22429887639327184,0.04610480142585808
2022-03-11,-0.016291319622939393,-0.1516559763237697,0.1341744079177396,0.04467668103533126,-0.018590756322895086,-0.11245460661446527,0.04545860014950701
2022-03-12,0.002810649293818468,-0.44560927812676954,-0.5452545396982269,0.04461168681680784,0.005935060859578956,-0.649319530521345,0.04476902223899426
2022-03-13,-0.027101257933814904,0.18364887043999678,-0.3581601577922,0.044621687349158834,-0.021675689037740864,-0.4619755441947986,0.04412352292987539
2022-03-14,0.0480080837903738,0.40584458265746237,0.3398874012002955,0.04557572319982659,0.02848473341224711,-0.0008847168345292866,0.0445223812870484
2022-03-15,-0.008268101563720931,-0.015959035580799696,0.623569945115581,0.045594416158337335,0.011368996119395458,0.4203376440466853,0.044566805424059254
2022-03-16,0.04588714481344902,0.6552567374963296,0.9021187309842136,0.04637247133243828,0.057976079871540964,0.472730727419334,0.04578323693915436
2022-03-17,-0.00467993171076464,-0.4444393151063968,-0.03133829076484895,0.04552460548257383,0.015439382650158429,-0.08878455454784606,0.043028585262052214
2022-03-18,0.020750884742987363,0.5639340666172972,0.7391174465519692,0.045649040228821776,0.04635711215367966,0.2816027926401443,0.04388065866179765
2022-03-19,0.009317830622209256,-0.4287054287004357,-0.25076748510443103,0.043279492794977975,0.00031034161201071164,-0.2700937829054636,0.04135588476857425
2022-03-20,-0.022346848712323064,0.023549298364766935,-0.13651050923736752,0.043431886953136274,-0.029120965764543816,-0.19452707452285267,0.04124332299335467
2022-03-21,-0.004117262624553253,0.22295352128556467,0.7919731796349803,0.04344557236234747,0.013115842942408973,0.5557429030210965,0.04125316535639113
2022-03-22,0.031180014163224357,0.3001806226111303,0.745018890750839,0.04295561185819656,0.025933453702879916,0.4457440283574512,0.04029747750967192
2022-03-23,0.012610091153007819,-0.21127269959259254,-0.1378894872742591,0.042326212175080744,0.019486538985025836,-0.14145497838527243,0.040081221079833786
2022-03-24,0.024898646221148013,0.22976913611641603,0.21769933268487018,0.042179349399142994,0.02540190286930155,0.1045404460824435,0.040080558308957834
2022-03-25,0.008821397620525806,-0.015094526088448301,0.39934595185577715,0.04176524473632628,-0.0004474251140281771,0.27258204235684724,0.03983024730132747
2022-03-26,0.003429583093865096,-0.4455999539173361,-0.6345608762081607,0.04157578801032147,0.011751345351635134,-0.6971780508592393,0.03983315150990833
2022-03-27,0.052126312256127294,0.6613647284950224,0.06084965546736787,0.042324751634964075,0.047212927981994834,-0.21948147554474362,0.03911441169789968
2022-03-28,0.0065678873583499,0.2912296472860709,1.081698183641564,0.042286429534597374,0.013688537758611341,0.7587265863066395,0.03913575916725553
2022-03-29,0.0071661546110000085,-0.1365461922453216,0.3388864908749307,0.041508824079820206,0.0195865837458582,0.2094295261734347,0.03726567770359112
2022-03-30,-0.008491735032190584,-0.06571236823378412,-0.17809267666519724,0.032548487286143915,-0.004947058898670642,-0.20572993567361852,0.031723604293347155
2022-03-31,-0.03238210822970233,0.1361409607119657,0.02612082319262843,0.03286934782714187,-0.030579115649246424,-0.05714697273652858,0.03229111067932882
2022-04-01,0.016315115388267687,0.14508222208757027,0.3076961587630347,0.032909461880523745,0.051166270347545506,0.2612608938869698,0.033341513984521974
2022-04-02,-0.008917040798352427,-0.23127459477451806,0.17497795748289025,0.03228756629659655,-0.0013024646682661123,0.8005650135017175,0.032280016161796356
2022-04-03,0.012745379989237415,-0.13369638472901457,-0.1087755748482272,0.028444736921783138,0.022575567663241758,0.05772733289520948,0.028239116755528572
2022-04-04,0.003640395949819908,0.2787942470142222,0.9144641549255412,0.028448035557429713,-0.0004519898990444915,1.2558397795649863,0.02826520192070321
2022-04-05,-0.02287907280900814,-0.08797539306709867,0.5011526430491293,0.028375061607789406,-0.031082429152761826,0.8800346194804298,0.02769120891503094
2022-04-06,-0.05156849392240015,0.3290348508047638,0.3799901126350056,0.03015815092956806,-0.07037373677091652,0.7563649603488489,0.030836077102245195
2022-04-07,0.006876459247305178,-0.3374023085882032,0.012623458430903511,0.030060875594419136,0.019416376407197067,0.2027285306156379,0.030599562497321414
2022-04-08,-0.02795577079433975,0.04267961979257118,-0.15698508981125758,0.026596692117488212,-0.012742710703286475,0.23870926651601487,0.029229365630377417
2022-04-09,0.011693070951357853,-0.4102448849054946,-0.4835337191920168,0.0240085535568662,0.02187990808226714,-0.2546075500276278,0.027772947401252464
2022-04-10,-0.013427680050824398,0.09991438645084894,-0.3303793313521737,0.023934809705988668,-0.015343531967263346,-0.15791459650119288,0.027672454525108945
2022-04-11,-0.06363225953812457,0.9230201434368497,1.3227193087222555,0.026857252468085395,-0.07186309437345806,2.3509591782314625,0.031279712457111704
2022-04-12,0.015315083892861292,-0.08714047027676186,0.7913390607563369,0.026447002318731795,0.016545908853034197,1.3442662791384477,0.03091624790101382
2022-04-13,0.025906300465151855,-0.10649357194890496,0.1385134497436704,0.02541731205396498,0.0290286617712483,0.4307989123614899,0.030929652248446276
2022-04-14,-0.029908006531745968,-0.12094509148062238,0.01704692446742162,0.026005882524067603,-0.03156637206525337,0.23017572562171784,0.0316885853587509
2022-04-15,0.015473675726454417,-0.10620105211015218,-0.45081904791485394,0.02475146417248877,0.0069561954118133595,-0.3716671747399328,0.030089181519632406
2022-04-16,-0.0031805042860567623,-0.22630591092286312,-0.23519055970743308,0.02474358173106723,0.007035312808044258,-0.3089060235692539,0.03001354864715722
2022-04-17,-0.017502542356175654,0.1339310976368504,-0.44547457170635696,0.024615618653471595,-0.022501632953508044,-0.3390707351415182,0.029226251581577052
2022-04-18,0.027929174608607443,0.7658125550630543,0.7139808648193595,0.02512451379426977,0.021448285536718847,0.6092463739477625,0.029463909643128287
2022-04-19,0.016571096753378534,-0.2492784494399689,0.25711812271582213,0.024977228293136602,0.015207893160284813,0.11599049251805726,0.02897430291431495
2022-04-20,-0.003093074404708074,0.09944691354931612,0.13016121702967554,0.024971384625838148,-0.00849216873439762,0.0224413758780182,0.028986367074243524
2022-04-21,-0.020471984048854197,0.2715090232795945,0.1052388877538859,0.024563592846366424,-0.029328327006015287,0.2348737499719431,0.02919580509753984
2022-04-22,-0.019420038833716236,-0.20809979648763266,0.1096850580549078,0.024639629422510256,-0.007579971791462747,0.048350243787391056,0.029008977811069155
2022-04-23,-0.0063811726165236005,-0.4238831773179135,-0.48013963674246884,0.024107471596782695,-0.00901287034129783,-0.4954785970678599,0.028634644596145647
2022-04-24,-0.0004416040475622163,0.11317229602192858,-0.4124368586561955,0.024006136593243646,-0.005235109183876596,-0.43061992321394404,0.028642086684386874
2022-04-25,0.025057850055308917,0.9731098275873569,1.0911372874249334,0.024543177919960073,0.029650638144067543,1.5159567429427643,0.029113006064703753
2022-04-26,-0.057858267871623625,-0.024731953324216627,0.2275566843683121,0.0242567550129471,-0.06682250466394446,0.418421254056337,0.030026691466023894
2022-04-27,0.029478882606909007,-0.10379426812826487,-0.1479878586735952,0.025032009065102428,0.028711816872254436,-0.15524232543244254,0.030468297213405927
2022-04-28,0.013575224570606004,0.09433808755593676,0.07983696283436137,0.02517324179692362,0.01661903738138304,-0.05579178553062503,0.03039268269380259
2022-04-29,-0.02926557389929385,-0.08909675996431654,0.052809600290461445,0.025539597362234562,-0.041314794787239206,0.22666452398757087,0.031130244514160736
2022-04-30,-0.023179313474195662,-0.22625010940207668,-0.28300154539388345,0.025268815994953463,-0.030336334797430475,-0.23547848999769339,0.03112356991499945
2022-05-01,0.019997911964443782,0.13002525950790988,-0.29242953116856174,0.025389372346073216,0.03573723860073175,-0.26927807101097556,0.03026828563005884
2022-05-02,0.001565786170879102,0.21923248926718708,0.12223805559315504,0.025417504743410646,0.010486865128902734,-0.2105000885279903,0.03040961016079736
2022-05-03,-0.020215120218891713,-0.16996506870848582,0.07525441536522814,0.02531478844529806,-0.02587450581867512,-0.15049851493682875,0.030138300552317827
2022-05-04,0.051599856624237495,0.3449877712930782,0.1309122191249863,0.027409892932389265,0.05646480841047263,-0.0012751146392719903,0.032302775121917995
2022-05-05,-0.07867402068901796,0.17281879315248294,0.454297498020406,0.030396602658720986,-0.0650985260875554,0.35736718555180125,0.03379511957567633
2022-05-06,-0.014606061408683924,-0.1231997227721584,-0.04056056267905517,0.029248414594399832,-0.01972688030319758,-0.1796528990956463,0.031700059153246786
2022-05-07,-0.014954355270636377,-0.3550595592012228,-0.06612820774086348,0.0291986817602896,-0.02185052375578611,-0.20161959466713586,0.03150227047961652
2022-05-08,-0.040636848764922684,0.5081718964374564,0.3507880706837836,0.029611371079742647,-0.04500336515045189,0.18483852027208614,0.03227111791589308
2022-05-09,-0.11046369999353145,0.7233474617280384,2.9471928828839093,0.03491153275267795,-0.10805714698013369,2.667052522815629,0.036634357254461715
2022-05-10,0.02396125848050934,-0.05594552052954327,2.387868336229802,0.035478297431024965,0.04368007377831029,2.6637478567425847,0.03799192807481877
2022-05-11,-0.06725839173272163,0.17685392546623824,1.0733148137123223,0.03567442686508435,-0.11581014355526464,1.08952160441449,0.04118325235379848
2022-05-12,0.003849706798608521,-0.04829859082793364,1.1615336923366155,0.03545792822670946,-0.053282488294058794,1.0984433873073085,0.0415327605894475
2022-05-13,0.008102229834508146,-0.36047688836150116,0.5471077872934078,0.03498054547902346,0.02687293341071828,0.5424767531873362,0.041458389217953445
2022-05-14,0.027939733537411415,-0.33288705819762454,0.1740968820765283,0.03547487682692024,0.020778065161833226,-0.023030506527802475,0.041776478827968505
2022-05-15,0.03999325713567892,-0.09602901229151972,0.18745890299142243,0.036324504086335085,0.04349267877534668,0.31887251617593293,0.042862260207519216
2022-05-16,-0.046069001557128786,0.26237381849758945,0.9374802662202959,0.03696927870553188,-0.05731483709692353,1.447845462840268,0.04355193880227916
2022-05-17,0.018850785235190015,-0.10769715070231001,0.5246245257840911,0.037287680412054366,0.03346139276414206,0.7690688917731521,0.04431317747029062
2022-05-18,-0.05605711989808215,0.07504069668073732,-0.07179648956740992,0.037636618230620415,-0.08311915841461559,-0.04768895411720886,0.045768195551817194
2022-05-19,0.05550304428240649,0.07953198171833775,0.33474971420190425,0.039254700752177116,0.05305075450376617,0.32341067162892534,0.0471141634788682
2022-05-20,-0.036734890846488066,-0.089539721506526,0.10531630180145157,0.039540345806068446,-0.02825124393605738,0.022197979188851136,0.04718498104501327
2022-05-21,0.007927413013061102,-0.43820529134165354,-0.5116347282033222,0.03963998414426322,0.006731520527228918,-0.5887706620210303,0.04723505097279726
2022-05-22,0.030289794482822652,0.25219867255084205,-0.22776842037497902,0.04025928560866963,0.03476891305694485,-0.348075032077089,0.04801653795668304
2022-05-23,-0.04039123144227663,0.45544264567255266,0.9508869192343445,0.04068378387049877,-0.03474418451813721,0.8026335119780883,0.04820581038842056
2022-05-24,0.019130468401079792,-0.1545874930334762,0.48162526779737225,0.040986598506134064,0.0034484158752534633,0.3465338233103745,0.0482741287507385
2022-05-25,-0.003143576713387941,0.03413510765225536,-0.22345898622001514,0.04050740707374373,-0.017258819749310428,-0.4015702827306449,0.047642296587542446
2022-05-26,-0.009983529917456657,0.33603053391184523,0.06379216337620641,0.039470073665488194,-0.07245605236746355,0.23129466294633616,0.04787101050534267
2022-05-27,-0.02185551924250806,-0.005229724873512587,0.1807878318620304,0.03889802613253469,-0.04378840002928741,0.4622162410377564,0.04749474599757519
2022-05-28,0.006543557286537771,-0.029042369117720845,0.04766065335432934,0.038773885190750756,0.01914225953266735,0.258695305476647,0.047556555378051965
2022-05-29,0.02190035821988534,-0.49059398747804384,-0.41411489997502926,0.039019089331297406,0.03076850112203533,-0.4330332625249569,0.048043515818586596
2022-05-30,0.07744470968730455,1.1707880985957173,0.643725469603551,0.04190814332886687,0.10176993535099821,0.4481837802135711,0.05230623545476579
2022-05-31,0.0020777630413166825,-0.1461322781935359,0.24202898138474782,0.04166832314103839,-0.02710486988964189,0.19764160576482315,0.05170637929595962
2022-06-01,-0.06269536357891181,0.22653583966992508,0.24946888553859847,0.04292643509738915,-0.06114243671154396,0.13047232327911407,0.05232400143565786
2022-06-02,0.02243049790035867,-0.29298689217942286,0.0642815700722652,0.04320022761540503,0.005802453764321536,0.3100659627637814,0.05238557272792066
2022-06-03,-0.02504629358369581,-0.09998825463334637,-0.28782555954289113,0.04191130823963216,-0.032206680425182266,-0.18193179887490507,0.05084138714645966
2022-06-04,0.004326748833952898,-0.36626460293068186,-0.6151748638060696,0.03982412350526079,0.014946314822654294,-0.616747780836447,0.05024091115678433
2022-06-05,0.00247203631266113,0.040734227894398956,-0.5432247213043767,0.03981873808548696,0.0019956927348698805,-0.5791062106825093,0.050293351382774555
2022-06-06,0.048952630028413324,0.8505084985926421,0.31061177389711614,0.04098340256174082,0.029960430041737318,0.2355546701669886,0.05083093363612797
2022-06-07,-0.006859698773187373,0.2761932006172858,0.10902068819038058,0.040381511971428724,-0.024332589842456454,0.15468536967622049,0.05048314778388088
2022-06-08,-0.03020730515832104,-0.25824536156355815,-0.5226608343030668,0.03529770880449544,-0.01128750197501005,-0.5034488167281155,0.0469431323152506
2022-06-09,-0.003387708269364409,-0.2827206427230663,-0.6373243944923004,0.03502333659403621,-0.0020886896458597315,-0.6855386613165102,0.04599421333109501
2022-06-10,-0.03414563715680452,0.3768887160917458,-0.5756789028617479,0.03332414704448715,-0.0697184027968415,-0.5954664324638003,0.0429334974648886
2022-06-11,-0.024858994495164377,-0.08775103868017509,-0.5932689849989764,0.033641433402428284,-0.08130651657115584,-0.5024645676996289,0.04427335981863719
2022-06-12,-0.056351073137826724,0.25385377712288504,-0.20256014184467253,0.0351153336778675,-0.05520619538595617,-0.054441345412741704,0.04462321853569571
2022-06-13,-0.15974726027617203,0.9964323003796933,1.3864545126799817,0.04488410690827691,-0.16650362093294369,1.9218256081923184,0.052557871455292456
2022-06-14,-0.012477914053041661,-0.25351651122034624,0.9706925494978351,0.043935278514685296,0.0058776186564533095,1.2448894128178445,0.05152112439515177
2022-06-15,0.01648355417709846,0.07853370646227154,0.6836996367978321,0.04366788827214007,0.01778017643061025,0.749337503218918,0.051345816312115995
2022-06-16,-0.09707194434960298,-0.4321100730213403,0.07156002532961092,0.04623414703366568,-0.13418330070586038,0.02148803842619018,0.05488653545706545
2022-06-17,0.004407495444594733,-0.12992423368186867,-0.13274128777338678,0.045568783154834126,0.01759673482453694,-0.17752579662026868,0.054005123090352734
2022-06-18,-0.07101780974085614,0.5483113712620025,0.24385988438168793,0.04513393858169735,-0.08548629410097963,0.15592612563950503,0.05370745463156827
2022-06-19,0.0807475952890373,-0.15899984979946202,0.1489642923515211,0.04812556319455662,0.13487797259723666,0.3714334604661329,0.060826632258790425
2022-06-20,0.002251010260589048,-0.1276957643516694,0.7840082923180958,0.04806185240282413,-1.2448902666717387e-05,1.3095941966855933,0.060750438974574474
2022-06-21,0.0053914098304885805,-0.05997204069057227,0.33925846687142713,0.047542516224935084,-0.0024989047535589615,0.42874628712383966,0.060039194658051305
2022-06-22,-0.034937106663198714,-0.013649166800885681,-0.09238697340960289,0.047438498032196026,-0.06525702846678716,-0.086642954821327,0.060590097632890375
2022-06-23,0.05497803800296652,-0.08352453384615155,-0.01609561630878875,0.048667199886512975,0.0874671204172921,0.12259635047404638,0.06353053339605476
2022-06-24,0.006913598955313738,-0.04697982624978403,-0.09327057967525487,0.048751427033816144,0.07299193391343572,0.2706419654714294,0.06557895748183057
2022-06-25,0.012748964915301864,-0.26385539520579016,-0.5003976676896182,0.04892447269110394,0.013532415710079126,-0.46791783609842386,0.06477028990813616
2022-06-26,-0.02209261947079333,-0.018798067232702498,-0.5072120806829851,0.048926636821818824,-0.035076073128295526,-0.5250786466990967,0.06463413453478759
2022-06-27,-0.013877981325425726,0.16300534853703286,-0.4097425390855085,0.04884451882897389,-0.0051265532955923065,-0.4618847822331642,0.06440876793867738
2022-06-28,-0.02193553187871977,0.01983427880531341,0.18169942474960532,0.04852094133767319,-0.04113448588718782,0.3176539092598578,0.0641469415224881
2022-06-29,-0.008708372798288844,0.10154580345382702,-0.4003578501656627,0.04555418999556469,-0.03987087571947934,-0.2142159679507476,0.06050458268826729
2022-06-30,-0.01588223750298734,0.11525196462056453,-0.21679662014016077,0.0454529531043624,-0.0287958475755975,-0.10958707178118965,0.06051424967166891
2022-07-01,-0.02604834458398897,0.17132790689818367,-0.25204959697411833,0.04460138250698093,-0.007056593656957433,-0.1681898540600858,0.059986345566018735
2022-07-02,-0.0014069651515379311,-0.4117042774557852,-0.37764092644373837,0.044150764184931565,0.006365060690327384,-0.41778027759240555,0.05999353079960677
2022-07-03,0.002848954556089245,-0.09445067639357829,-0.3738116852357324,0.04420844707841924,0.006801747032377348,-0.4248388823509063,0.06005566392547338
2022-07-04,0.04841073013105235,0.31748354523199795,0.30179378449368777,0.04552697473351894,0.07198220524336385,0.5753590773820885,0.061904965725672834
2022-07-05,-0.0020338071321012174,0.23713797530087333,0.5474637843574375,0.045485634513760746,-0.014350320208673328,0.829922266247495,0.06184102456172888
2022-07-06,0.017737930428710857,-0.07922739829329617,-0.23001582762070927,0.0443878857113312,0.046215150158809726,-0.06931241335507532,0.06230412626199774
2022-07-07,0.053013857820514154,0.04943418816819056,-0.366829634844967,0.045990776413233084,0.04264574018240519,-0.4075457775546033,0.063076581652103
2022-07-08,0.004322538045727464,0.9329803450048375,0.6500144487995494,0.04592576392331811,-0.012190723060374387,-0.0956433353235735,0.06307709017087615
2022-07-09,-0.006392223420980114,-0.4059874514187387,0.3664540572424537,0.04591444325124275,-0.004521820818469413,-0.2656878492044611,0.06306716711590103
2022-07-10,-0.03388990349346599,-0.03212835265790914,-0.03946330306594503,0.04590982117851932,-0.03991579906928,-0.4063922124124474,0.06233768624371267
2022-07-11,-0.04265931997884009,-0.1581996136893492,-0.11364090634336788,0.04622312038331617,-0.06090802885970559,-0.4289710062065747,0.061638292603851
2022-07-12,-0.03237979740682695,0.06873515015441956,-0.24450271926961964,0.04560702327094075,-0.05381238956798651,-0.4637442021268552,0.06160288154084598
2022-07-13,0.04596171114078618,0.2802072327146483,-0.5155392532452338,0.03691154317347565,0.07262195547819328,-0.594741851887729,0.05572165423760612
2022-07-14,0.017704551212910147,-0.057008125380978214,-0.3880071634156954,0.03705216623751076,0.06998921129786084,-0.49925805061180784,0.0572086460756967
2022-07-15,0.012951348577769028,-0.168593704754338,-0.5282347747383642,0.03699737070264902,0.03491564322978502,-0.5361894384630845,0.05746668904315051
2022-07-16,0.01698899533192111,-0.06186395325295191,-0.22065889463062627,0.03247448745469063,0.09690575753178088,-0.028753280210452092,0.05402400456054113
2022-07-17,-0.01939436147960416,-0.05658373750908263,-0.15496661176483884,0.03269866630598966,-0.010343374922703541,0.10199270601527077,0.05411673433628664
2022-07-18,0.08211740099467768,0.743493572444931,-0.048440573236573914,0.03301799629438181,0.1793483811570633,0.2671394779012315,0.059601917353252855
2022-07-19,0.0401919693193753,0.2199085043996556,0.3802797025346145,0.030598537679522045,-0.02264031837667424,0.27336157558680596,0.05568666379202541
2022-07-20,-0.006742410894342465,-0.11960687636716871,0.3930790533170674,0.03066797483239175,-0.014760143806358705,0.1622627649738424,0.055860660260658966
2022-07-21,-0.0028884421706671937,-0.21665466207200645,0.1608824726689415,0.030696578697894567,0.037198265160175215,0.28003084073193674,0.0559888532540561
2022-07-22,-0.01941107679491816,-0.06569699849049482,0.09962494287812618,0.030140043856288472,-0.02495282862569237,0.2608495853828796,0.054516091576686965
2022-07-23,-0.010983941711781742,-0.23549936738864163,-0.08272071046969609,0.028718589744011206,0.0077353285656669435,0.02326044839442809,0.05273119205786519
2022-07-24,0.006395837363315726,-0.018995407579164958,-0.05578578465895245,0.028716005185083143,0.03238835646038862,0.013914917429198592,0.051606475828420095
2022-07-25,-0.05517510011323534,0.5096038062680222,0.9362899138677907,0.03050140776829395,-0.09633979863866915,0.6491864103201297,0.05513314893768912
2022-07-26,-0.005708686992848544,-0.19536115910701946,0.5878628240501518,0.03023353490331429,-0.0024745407341075776,0.5077419863785442,0.05460531152975424
2022-07-27,0.0796052030234431,0.10949579351984551,0.5148056938743206,0.03333057229650827,0.13484879413164452,0.8417474513597967,0.059267678515413695
2022-07-28,0.0398306162434614,0.2661747171146309,0.8807062194181241,0.033587176426673894,0.05453715445622387,0.9418812391201095,0.0588717240546067
2022-07-29,-0.0016462880701044735,-0.10755731816077618,0.5236974231544713,0.03350557623508571,0.0011236618798606823,0.511055356795648,0.0580144543576701
2022-07-30,-0.006235163651508224,-0.21564849632598537,0.07160928911883824,0.03333236615787692,-0.018199243328242076,-0.04732366202540128,0.0577592717312847
2022-07-31,-0.013497960448739299,-0.16322974178570904,-0.23446647494692807,0.03298670257767928,-0.008521467271251915,-0.18850407136639957,0.057781017339516634
2022-08-01,-0.0009725914343493569,0.09746145110843352,0.4280973005268718,0.03298301609706166,-0.027547461014490793,0.629631350310186,0.058326547006751286
2022-08-02,-0.014415336683737068,0.09826592664560208,0.7320211767779019,0.03320663143485522,-0.0013762059625292977,1.386991933732809,0.05838973724003212
2022-08-03,-0.0057275961266136655,-0.07400972896201996,0.21734708925390667,0.032301329580462425,-0.00861689714406444,0.22788053126092644,0.057556883086854645
2022-08-04,-0.009434736504108754,-0.044428356881082376,-0.059714937582866945,0.03238155301842482,-0.006590196519029812,-0.10670097949012902,0.057447215257213
2022-08-05,0.029091011085651708,0.1497207353828165,0.17408492762261663,0.03260944544825899,0.07713492098552788,0.20639071114851726,0.05833007412213012
2022-08-06,-0.014085221654344782,-0.4467600808673239,-0.3810467986118933,0.03146140609832707,-0.02343567551264436,-0.17376991472716008,0.058468578058651216
2022-08-07,0.009346662498644243,-0.005722953729513702,-0.681625856959095,0.03148507651741721,0.004547460925816038,-0.3716514524869887,0.05830889456179349
2022-08-08,0.02733856978257987,0.7986954069941195,-0.03594947588043296,0.03175334713680615,0.044820223025767714,0.9091656580851908,0.0585045255148858
2022-08-09,-0.02709709734425869,-0.1756685884688216,-0.17892301988884263,0.031498944179908415,-0.0408281785363358,0.4901482275285196,0.05853388669998407
2022-08-10,0.033815983988709775,0.3940322270233798,0.35971400079589855,0.030679107006789313,0.08732558197044415,0.9489494673430534,0.05822855157234025
2022-08-11,0.00041284726535173455,0.13063155773921586,0.4384626149683215,0.029817491241536036,0.015920919087778707,0.8935430060476288,0.0565834306880656
2022-08-12,0.018586602023192844,-0.2656078373169206,-0.17482447860782502,0.029011365110792463,0.04041110148161842,-0.06198283182075259,0.05588099318105864
2022-08-13,0.0008708010561344626,-0.15691663781641474,-0.2622505329136856,0.028953893388095054,0.012308152490466018,-0.03892861101694045,0.055103469397979735
2022-08-14,-0.004288162539464846,0.0002952609629085501,-0.11238668756254899,0.028985057269760476,-0.022477022364891797,-0.1923271244141439,0.055508503329817126
2022-08-15,-0.007498615226969818,0.5274983769659156,0.44523590029700877,0.028996988184743173,-0.01681836992434671,0.10814180053777611,0.05368719318095619
2022-08-16,-0.010510085263709001,-0.2098257771988431,0.21048173503635526,0.0287865403137428,-0.013700430342453829,-0.027496314251867826,0.05374054745753799
2022-08-17,-0.02291530796119967,0.11450505963549462,-0.22621566284152073,0.025260519704859305,-0.02403430246154281,-0.2599053635869626,0.04392144519564094
2022-08-18,-0.005281958173694035,-0.23225454129415246,-0.5130213382982425,0.0242035302545801,0.007642215771740846,-0.45955153739777654,0.04358964266234682
2022-08-19,-0.10059931398792521,0.705839235684093,-0.05643594233905458,0.030385176901619432,-0.12670250024321428,0.12917613505258907,0.04985026716991154
2022-08-20,0.013819043648011897,-0.3187870526799781,-0.17945761392463144,0.030541945372329085,-0.022308619790893824,-0.08370881767006344,0.04963331999910514
2022-08-21,0.01738918520335342,-0.16282855658773432,-0.2647624457784937,0.030580205045450833,0.026832646802356974,-0.16257331068642422,0.04959310960615436
2022-08-22,-0.006279006699941081,0.37070716647383817,0.31824009247673013,0.030540968650326576,0.0019680431761854855,0.23723661329810586,0.04958497803713931
2022-08-23,0.006036741981122917,0.006687884966963598,0.35275241403229685,0.03053797452729835,0.02481595850843199,0.06413067748934331,0.04944786885917792
2022-08-24,-0.006181150878381003,0.00263416681402151,-0.10154188541564846,0.02881176970986229,-0.0034344459615825995,-0.18480023129979317,0.045822146922549996
2022-08-25,0.009623023027591993,-0.029208634455500482,0.0839836900912001,0.028834563044050434,0.023775751072092177,-0.1875020372252717,0.04591372946486742
2022-08-26,-0.06207539958496022,0.3641182969818937,0.33275132174433764,0.027059098473627505,-0.11121660664574406,0.16108583107085428,0.044128990671770174
2022-08-27,-0.010773990107132536,-0.2884712002439458,-0.25105837644980267,0.025796341212908688,-0.01086881809608109,-0.33456113451291813,0.042849114019977735
2022-08-28,-0.021201944769558057,-0.19092110025777453,-0.3210176103362189,0.02594384171723216,-0.040799154786720804,-0.44843735318043965,0.04335902360343459
2022-08-29,0.03472427641744291,0.3394389042468673,0.15949982087642467,0.02699257625498235,0.08562456118434225,0.15335834960648875,0.04633775833861353
2022-08-30,-0.024691382971281484,0.05654496158324296,0.4640382849146738,0.02719461678107654,-0.018800891209749815,0.5376516709218842,0.04642654746493713
2022-08-31,0.012777568511970205,-0.03648505832015003,0.28535062555673707,0.027381792530004313,0.01958610584006415,0.27176881544920994,0.04633712252694539
2022-09-01,0.0038592451457939436,-0.09159309352996614,0.06314996865790645,0.02736010906856047,0.02091274783275332,-0.1954268778326208,0.04650335490327003
2022-09-02,-0.007818752974256604,-0.03505503263347154,0.10787471952850813,0.027367241708349695,-0.005646469590486647,0.054941490298682005,0.04648731496811559
2022-09-03,-0.006894600364241943,-0.18922358446118948,-0.05999858782581502,0.02735409810663199,-0.012901036252988773,-0.34219007770476406,0.04653335144812861
2022-09-04,0.007796708085036963,0.0691486315512162,-0.1258736208253124,0.026734631931128003,0.013340153730219795,-0.520979759547061,0.04428990061929661
2022-09-05,-0.008722884940063236,0.14131418535747908,0.8032914868313896,0.026687787874582942,0.025063757153335642,0.11078748468965482,0.044370775030076595
2022-09-06,-0.04919669232863699,0.5063785769685605,1.7320752037693117,0.027755789854293635,-0.03427854768638028,1.2381834693235838,0.04478215817960498
2022-09-07,0.024029314602578067,-0.18809846426588817,0.2332138310111571,0.027622930753383547,0.04364200470163593,0.16144355636297747,0.04474034538479302
2022-09-08,0.0020481649337233954,-0.08641601224492712,0.3667372051213784,0.02738906240848516,0.0033384029125405057,0.07651390578840989,0.04413626386829111
2022-09-09,0.10612188190716765,0.5055230402191473,0.4760450385200803,0.03348393497023889,0.05120488762662756,-0.13908165256870442,0.04210714360126906
2022-09-10,0.014002365912589188,-0.23841348808330243,-0.005745077055648973,0.033626504048991465,0.03322597265817695,-0.44890520557772984,0.04247220455651617
2022-09-11,0.004092001431295067,-0.06555247459349922,0.265099356417718,0.033412444252801446,-0.00810925359335879,-0.273986550688054,0.04175833231034123
2022-09-12,0.027616624254801714,0.45567805680427953,1.1843360400860057,0.03387996069975735,-0.02726460932443142,0.10283799755202505,0.04189507856282621
2022-09-13,-0.09270006906083372,0.017506295298981067,1.2219196257077667,0.037684542223693704,-0.0775936460608585,0.6402776430586352,0.04389643661760258
2022-09-14,-0.0027402074343571003,-0.258728652004211,0.07826324461191025,0.0376850419959379,0.0341393294035468,-0.12053019095121498,0.04443729533250561
2022-09-15,-0.026672422800232853,-0.039167576771779955,0.31114158916203505,0.03787926743985876,-0.09974676508128455,0.7231744120123844,0.04773398247718254
2022-09-16,0.003622774615297697,-0.17218520018009953,-0.026130565506183645,0.03777294313741749,-0.026667052639602562,-0.1744935572501337,0.047768876317206915
2022-09-17,0.017953757980268437,-0.17149195120327865,0.050945539053167455,0.03800044733736665,0.026035117309375133,-0.28009566638999417,0.04808084134301072
2022-09-18,-0.035179114785287124,0.252322714196088,-0.22846013715265,0.033926670518090896,-0.09145321094699688,-0.39156695517619866,0.04539601582383898
2022-09-19,0.006417415961943007,0.2854674940716324,0.45591685826374717,0.033835554950309994,0.03161189269674747,0.020624085993563357,0.04576338648269286
2022-09-20,-0.033428956945789956,-0.08426850921869311,0.5925398860206326,0.03409724170591128,-0.038585554628745355,-0.07110156887405505,0.045828933873258836
2022-09-21,-0.018177571658806957,0.2601820366894847,0.4641275730960619,0.03419619654037142,-0.05419890965278373,0.11243306374271822,0.04664754723645567
2022-09-22,0.04669928789927913,-0.11276096282843084,0.2904010842374709,0.035400236070575575,0.05993287636350031,0.007612980346552778,0.047910175525029214
2022-09-23,-0.005970680514919002,-0.054446288155578504,0.21693791749182534,0.035399571048737165,0.00043635938360231386,0.11859730582498296,0.047923474311076596
2022-09-24,-0.01868762076318642,-0.3277048875457147,-0.15724279888792625,0.035433524074223614,-0.007729088469164536,-0.18359022109454892,0.04758777090420874
2022-09-25,-0.007124358610731463,-0.10668126666499989,-0.44810446639996904,0.03369326248854111,-0.01803991682505135,-0.558179991853631,0.043427665435677464
2022-09-26,0.022368473265013344,0.8899341766733466,0.4659227163562143,0.03393611363964047,0.03175927993975636,-0.11513172461553112,0.04389521846102061
2022-09-27,-0.005832956039052206,0.32668253376082634,1.4037384540032352,0.03373346651584902,-0.003888584116399918,0.3935740882258849,0.04330474766252888
2022-09-28,0.016544467837213528,-0.0939048266659952,0.6260658132476131,0.033241860220593285,0.005475566897929385,0.057283278816665284,0.04009785743945752
2022-09-29,0.007532412719634118,-0.2267412942598821,0.19007670465431126,0.032967062049345,-0.0013148875463555587,-0.36815113031750857,0.04000487864529796
2022-09-30,-0.0072171538473359,0.07157793987401839,0.32354973265091513,0.03290491118480446,-0.005745287005706201,-0.3079680996500537,0.03976544207817338
2022-10-01,-0.0061596674907298254,-0.5743164965478558,-0.37977872781994737,0.032909753728900475,-0.012300068730000002,-0.6210383148373373,0.039496841710911744
2022-10-02,-0.013876706359042923,0.10931988241780122,-0.28698131811028615,0.03297247607660576,-0.02710407109694213,-0.5720495377082592,0.03969260458496453
2022-10-03,0.030427924155919772,0.46801478713399725,0.2910118603058782,0.0334453730697622,0.037102064157215064,0.0668547384812046,0.04044669576854057
2022-10-04,0.036347275524413414,0.17722149044981483,0.42151134232160303,0.03406977011015121,0.02923245561039134,0.141333799176248,0.0407922332438845
2022-10-05,-0.008660486125090072,-0.07421816896117206,0.1530649405928124,0.034069149249169164,-0.0068197983947898555,-0.2516043788485075,0.04042092278440277
2022-10-06,-0.01018185214187517,0.04477581782175455,-0.20027117702790354,0.03280252591877775,-0.0008335707960394068,-0.47557378827245567,0.04004858072987115
2022-10-07,-0.02047530303595302,-0.15799119388691263,-0.170615300245616,0.0327988638104785,-0.014198690821554116,-0.4856118510831051,0.039055449134047224
2022-10-08,-0.006665076603316944,-0.4376006503620242,-0.4894334598751693,0.03282743443796125,-0.012770178469563187,-0.6705827808514969,0.03903426295864169
2022-10-09,0.0015377290838616275,0.024324941989856574,-0.6526216951690078,0.026107806937002993,0.005400043427506773,-0.7289723152826433,0.037568685701188057
2022-10-10,-0.01568110303046133,0.6288290760969883,-0.25705107107268144,0.026010594632227914,-0.023640179296771646,-0.3302460492766853,0.036844488862648954
2022-10-11,-0.00470529894576166,0.0469100845093795,-0.16763573681561694,0.02596800223160885,-0.009108355915005362,-0.25588730776574653,0.036843269719267505
2022-10-12,0.005565325579645286,-0.1310051635275088,-0.5031042452069391,0.025343802898969595,0.011981072064065179,-0.5276202096865529,0.03690321721126455
2022-10-13,0.011768739552548313,0.7723259275441603,-0.134490633055399,0.019315038465607306,-0.005237807805579142,-0.24137627611667045,0.034527995688788074
2022-10-14,-0.010176392755898878,-0.1304275021456045,0.015313952394486297,0.01938102972834396,0.007218418789968872,-0.26727062107331345,0.03378503622948766
2022-10-15,-0.0061515479500473536,-0.5789013493513562,-0.555024034366389,0.018819723351416864,-0.01738093925360218,-0.7477012164953536,0.029005736246423663
2022-10-16,0.010513049302600663,0.11095942338840725,-0.4028250735435426,0.018918844293258064,0.024649481713894472,-0.5531337513765748,0.029157669642154518
2022-10-17,0.014670058500208416,0.5271933008817404,0.10077572386096634,0.018816486655395995,0.019457289858260562,-0.12936620265858656,0.028958572653192065
2022-10-18,-0.011065647631146036,0.11311141509950762,-0.021589235901848802,0.017783911887845286,-0.01596935046278447,-0.33913465027058565,0.02381973307816232
2022-10-19,-0.010079479991405349,-0.2666652017097695,-0.44183523609588427,0.017833780777141754,-0.018850635229100354,-0.5537423013313552,0.023259758592381174
2022-10-20,-0.004482602172654282,0.09224310015373516,-0.33424631754986267,0.016742960905110293,-0.001978103293733935,-0.38806426587784115,0.022212854233039
2022-10-21,0.006231244583192241,0.3251948136067335,-0.2999000926562978,0.01639755175436343,0.013049775009127407,-0.49560097315437834,0.019914143720123446
2022-10-22,0.0018631248583989013,-0.5038572311418805,-0.6085051581881098,0.013975078387044792,0.011041057600688742,-0.6113363502739446,0.01670262394508746
2022-10-23,0.018680488353712166,0.3740802548865527,-0.431079033073306,0.014347528329476588,0.03739470233280451,-0.47208700723135355,0.018059328067777686
2022-10-24,-0.011316781236911488,0.36483874122462434,0.1549769765867881,0.014066906946917004,-0.013530768733529763,0.08221137501050313,0.018186954652015922
2022-10-25,0.03878330120960949,0.5813903718377382,1.044588792680865,0.015589052146386385,0.08674126184355635,1.1492874722383157,0.023671492867613744
2022-10-26,0.03356831063305088,0.23312542151828874,0.33403292449265387,0.01620716615066311,0.07176830260791656,1.0396924088256774,0.02625618682798744
2022-10-27,-0.0233314959115013,-0.1574104849394664,-0.15274217733412,0.01682821100307561,-0.03331602421634783,0.276593992480354,0.027159427872123186
2022-10-28,0.015257721000682789,-0.11345857865886144,-0.1710262051338327,0.01679179692617991,0.027141910462713303,0.05157381905024572,0.027467623266316032
2022-10-29,0.01083375534148523,-0.08239342361967761,-0.016277734515672937,0.016839484157525793,0.04128672020153035,0.5668831490064266,0.028199831994066497
2022-10-30,-0.008784170461560437,-0.2200527658040251,-0.28399845533242085,0.016872081902857706,-0.01785218753791884,-0.022457853903581015,0.028471216478723915
2022-10-31,-0.006776156462742766,0.4504213178304992,1.4396151026843174,0.01688291343813573,-0.011358459301194612,2.10003851650498,0.028450380032752166
2022-11-01,-0.0005123007449325812,-0.1280788269002895,0.9175281142604954,0.016620507922480834,0.004444616238050925,0.9143095857791186,0.02774156329468206
2022-11-02,-0.015902620594443806,0.395106520603288,0.8222949789679204,0.01608631753974709,-0.03797722576567053,1.2903630334116407,0.028358879798684344
2022-11-03,0.0025042468919260763,-0.22183506816545118,0.20457030354515449,0.014645805566885859,0.007784341818641183,0.40519400667097427,0.027994913795187086
2022-11-04,0.0463751969796804,0.4821785891262189,0.9285194990362884,0.01682241425071805,0.07414204404613578,1.1287090805876008,0.030662798136214985
2022-11-05,0.006405611254872046,-0.4093267319828545,0.09030559044284336,0.0166895093713993,-0.010409966011469263,-0.0853068852166351,0.0307965367166863
2022-11-06,-0.01673684363155281,-0.07301566672295945,0.20033922862458287,0.016526895199781184,-0.03423487179441009,0.1561503466357279,0.031474379651573584
2022-11-07,-0.015466997985227438,0.5252777748758246,2.255428280475807,0.016769834312123113,-0.0023173591841519903,1.632354123032938,0.03131693214339061
2022-11-08,-0.10006131594948431,1.2237071665800632,6.067209730848425,0.02508658356542488,-0.15029774550774744,6.664279933085847,0.04241406624381038
2022-11-09,-0.14349022466876316,-0.13519607244825116,2.7522357758462146,0.03606709650026315,-0.1745644972990551,3.419186079790257,0.053068860991035034
2022-11-10,0.10742489862358795,-0.19146629277062555,1.8978697856992968,0.041549366492377365,0.18114912792558724,2.081561074152088,0.06288280876335682
2022-11-11,-0.03141443647663533,-0.32848458011858417,1.239327743079326,0.04187073771448128,-0.009421980619647163,1.5037630462000577,0.06289254409961262
2022-11-12,-0.013802006476365758,-0.4681073989441005,-0.3279555191445328,0.04181935371625885,-0.024823054524384824,-0.3733962609586856,0.06306900861245615
2022-11-13,-0.026538209918333333,-0.08441150513138918,-0.2923923005506034,0.04201053835170979,-0.02664696973439451,-0.1827325743271866,0.06325849926855678
2022-11-14,0.016194463988263186,0.8240254332522463,2.0650642992388506,0.042176676173565165,0.016193094653557782,1.210488748663681,0.0632379218782881
2022-11-15,0.016031463998783302,-0.2625577887422772,1.0345547703118632,0.042252685277505184,0.008160376403150371,0.5748267257885564,0.06309759275939626
2022-11-16,-0.0127437818409466,-0.07305913622904403,0.23488752543201108,0.0421425140555147,-0.028866838569826636,0.2700053974552039,0.06321472853310389
2022-11-17,0.0010845070736082985,-0.17852637833254847,-0.08865589364393878,0.042134745197324956,-0.012170051342529575,-0.06653717147695337,0.06318765136885551
2022-11-18,0.0006148167681003791,-0.03612252031798957,0.19784859849222936,0.04212683369210438,0.009569967502366605,-0.04440103552438379,0.06312294236437994
2022-11-19,0.0008246325823211276,-0.4004135054353358,-0.3424414014718319,0.042134360625068076,0.005053586870582327,-0.3363668052240295,0.06312838587251617
2022-11-20,-0.025115259939095247,0.323300813662893,-0.3433811998591306,0.04227384764482928,-0.06234275677282963,-0.07313880327095135,0.06409403274401226
2022-11-21,-0.030969374751391165,0.7561497934766763,1.3241716752502852,0.04252718336074184,-0.029859643360511945,0.962294399704593,0.06423585650848995
2022-11-22,0.025494274188105903,-0.17907424227823443,0.38854509174053464,0.04267932333090835,0.02419845835093648,0.2150620596848476,0.06398989029446353
2022-11-23,0.02600021570334854,0.07264162811704367,0.09127270712003499,0.04304275278338267,0.04230729897957364,-0.14130982512196766,0.06451539483839218
2022-11-24,-0.0003757930043709612,-0.20722303427722988,-0.4529270691579349,0.04228319903290448,0.017565565100010838,-0.6173666213114445,0.062428739500383156
2022-11-25,-0.004975953615638518,-0.28515330740840283,-0.6828600980934025,0.04163747985727428,-0.004200433335395326,-0.8323431815173823,0.060745490200821484
2022-11-26,-0.0034839061881034583,-0.036312127474400824,-0.6372802273247021,0.041522148790878864,0.005815243360018707,-0.7775807865550439,0.06058206645802591
2022-11-27,-0.0011937537130568554,0.13577158639432318,-0.5353101369986776,0.04133899255923825,-0.008931930020055212,-0.7753661322193637,0.06026384797512056
2022-11-28,-0.013822428939733733,0.35703203299442676,-0.31277843279185424,0.04122499574828505,-0.02095239457105269,-0.6634582393491999,0.05961367993842362
2022-11-29,0.014038085481754337,-0.14999588778082573,-0.2510504140260157,0.0414095043758131,0.04000992765415079,-0.4515889770406448,0.06025097034639257
2022-11-30,0.044000289316970864,0.25197058637148984,-0.35352380664325567,0.04243053878412671,0.06474424595402306,-0.49049742529011686,0.06165127789186651
2022-12-01,-0.011732697360023692,-0.22450476765123983,-0.4250177410042104,0.04243918613423797,-0.014984057799110162,-0.5272773033077129,0.061655442452340906
2022-12-02,0.007162515027905547,-0.14656606996415378,-0.6482638696409595,0.04245055332466019,0.014126606037395684,-0.7327949005244826,0.06143405858111387
2022-12-03,-0.010558102652595158,-0.1700091378763825,-0.6248381774433442,0.042442244020725314,-0.03937910387625698,-0.601876076592082,0.06173874074181335
2022-12-04,0.013144481522908036,0.03741228758257287,-0.7374152565639278,0.04147709846746896,0.0296957438780745,-0.7513270860799058,0.060289222373529704
2022-12-05,-0.00908673304822849,0.3200427553573304,-0.4131728876037625,0.041411965373573764,-0.016074772913678648,-0.44395617057008563,0.06031067009911432
2022-12-06,0.006755753090715411,-0.10442412523911515,-0.433056001432337,0.04143679514068001,0.009508035062938625,-0.5625097249995912,0.0601509819450583
2022-12-07,-0.01412428087141393,-0.010785259792383206,-0.632310016251934,0.04142679414120754,-0.030838824473082838,-0.6235458784410989,0.060328040219672356
2022-12-08,0.022871839541696026,0.04173735719806149,-0.8277487262286441,0.03769579179646631,0.03949801349586646,-0.8519009392708516,0.05435241416354782
2022-12-09,-0.005821360340788395,-0.008205135147616671,-0.8024547260390535,0.02658504338758539,-0.013138184671514397,-0.8531774504525423,0.04333690033004544
2022-12-10,-0.00025843080632004245,-0.37492544970167807,-0.8472784471684778,0.017797867808081264,0.0016605160885554415,-0.8851509829855363,0.02788668398436246
2022-12-11,-0.0014321702613265819,0.11141332765871126,-0.7472332515198804,0.01683075097972047,-0.0019864627881867047,-0.8392964047393643,0.027837506518007753
2022-12-12,0.005977723618808328,0.38910247000894493,-0.33986877434874696,0.01664679433817675,0.00850601785212901,-0.5302209890303771,0.027485273745943135
2022-12-13,0.033410801008343594,0.3576975248897989,-0.02111206487168582,0.016832654791941883,0.03603443469196854,-0.17770749277422637,0.027702589389928114
2022-12-14,0.0019307922256450727,-0.04130921096375173,-0.4855056131355774,0.016645483672920472,-0.008496812562911238,-0.47891290627688476,0.027662743918135866
2022-12-15,-0.02530276169357326,-0.17897497289573905,-0.42719204098729435,0.017184906134854946,-0.032822050227199084,-0.4886545300508034,0.028358417923764347
2022-12-16,-0.04131220425223303,0.14630294912180353,-0.29163609205284524,0.01870178115734078,-0.07746214058242573,-0.22126022545438528,0.031340999265552304
2022-12-17,0.008866650272798315,-0.3981434264732643,-0.4810137986151056,0.018769400383861556,0.017025445486444024,-0.4778442025550601,0.03143036331960814
2022-12-18,-0.0022098857704312413,-0.24469921557622187,-0.5933189712654683,0.018775288029190686,-0.0028904831146524534,-0.5801843503419544,0.031383587518025835
2022-12-19,-0.01899375344110854,0.5763928662214515,0.06921866709186975,0.019101652498282762,-0.014438361671959887,-0.17313291512664575,0.03147085726232852
2022-12-20,0.028384068842582266,0.31943545106301396,0.06609547861937926,0.019208868636677708,0.04290281503722926,-0.30733086147797817,0.03023130494469291
2022-12-21,-0.005250676176186131,-0.34500124274733435,-0.6023737746049775,0.01826451889066991,-0.0033699807166165385,-0.7004862912752852,0.02963232057814259
2022-12-22,0.0007615052090579333,0.10472577841867592,-0.4649114889655147,0.017730462251992582,0.003775670247603502,-0.5600351635891899,0.029372778284234936
2022-12-23,-0.001983838015767403,-0.06765215430527194,-0.5348972038361308,0.0171197014832956,0.0016231521337866095,-0.5698682498655834,0.028407917891494487
2022-12-24,0.003024520816182319,-0.3643115910907425,-0.627057206180171,0.01712487052508503,0.0008106610684395221,-0.7294402848696149,0.028243727009218032
2022-12-25,-0.000342451024228807,0.19618420669717818,-0.37593852697074737,0.01709346821397764,-0.0017905466295349282,-0.28095960885872484,0.028232265661090293
2022-12-26,0.004620497716771643,0.019781258609142593,-0.3396137768680477,0.017087787103501603,0.006573075177125576,-0.353174113730912,0.028237117471598135
2022-12-27,-0.011975957353969946,0.3248621303005341,-0.2296684396047547,0.017249252617485274,-0.011559116196452668,-0.08813197451946386,0.028272919555210437
2022-12-28,-0.009846255365429935,0.07982520722006536,-0.3870274123180051,0.01714887024204707,-0.018804171717316742,-0.3138986877728477,0.028218393057927893
2022-12-29,0.0054232979508825885,-0.14897795252338342,-0.3862933377413327,0.016991372319709347,0.009755788816299793,-0.45908961528609815,0.02729994627016588
2022-12-30,-0.002388838052975517,0.1006703651121037,-0.4604595799828607,0.014879105313228086,-0.0019661767614641557,-0.5877097642135354,0.024402549588312054
2022-12-31,-0.0033181483870876605,-0.2944270505925788,-0.5091070717185171,0.014748733138739933,-0.0020526021936839722,-0.5598510030324176,0.024284395202827967
2023-01-01,0.0046885633896178724,-0.17748835859334555,-0.5268934899521014,0.014709952629861796,0.003504097838116227,-0.613805700810355,0.024120262303236273
2023-01-02,0.0038129515588565255,0.30866528372640367,-0.25404231123639964,0.014615301230072585,0.011400643850810521,-0.336150573899773,0.02318533139290844
2023-01-03,-0.000516121662866742,0.14922611357259274,-0.173641891648453,0.014392034187840736,0.00010059829352693228,-0.3442427722533693,0.022474344198880707
2023-01-04,0.010994150293785143,0.3250117508303425,-0.17053125778237477,0.014459563912381276,0.03436658792451519,0.046411876448193334,0.023220832487419497
2023-01-05,-0.0015715814888571655,-0.2567066902051801,-0.3115730513186298,0.014402868272329034,-0.0048451124237456344,-0.2136727805213281,0.023169841845681684
2023-01-06,0.006844106816741524,0.05264858381349491,-0.2674273611850998,0.014221323699566187,0.015147028977039678,-0.1347226609187122,0.022593615217378488
2023-01-07,0.00018342264818071996,-0.46476012235294595,-0.6236075371036945,0.013568007340493059,-0.004024521017086613,-0.5880677047554588,0.021418789543622974
2023-01-08,0.008025112314249405,0.26625051588368254,-0.5194498709285877,0.013614536662927383,0.018262795354942796,-0.38749101191116275,0.0215324502389071
2023-01-09,0.006167530562816603,0.9065477486104891,0.46573199346913263,0.013660669526717416,0.026550037838815932,1.4342540217621491,0.022039040033097913
2023-01-10,0.014522576515372032,-0.1512181319533924,0.11937360162234634,0.013902463423213522,0.01138605808749893,0.7341353693564425,0.02209787863373491
2023-01-11,0.02800615102017323,0.16218938885809941,-0.06347864894014099,0.01474412222392409,0.03841629150614301,0.22593093346716997,0.023050754837793758
2023-01-12,0.052115795988246116,0.9034834822365798,0.31299710710529616,0.016438719290268473,0.021619013988194657,0.3877629911637548,0.022483894953803717
2023-01-13,0.05511441660269112,-0.16431481401530823,0.1445319431426857,0.01907485806127566,0.023750248800077367,-0.01874202541828296,0.022703692462662496
2023-01-14,0.05357847423830919,0.33337023253735887,0.8587555467792121,0.02030950291424956,0.06826331363011806,1.5600837031753039,0.024524862259398192
2023-01-15,-0.004552757413617381,-0.5047599517965504,-0.19695732503297192,0.018337710115329454,0.0011430806152463724,-0.27137536678393326,0.018686570561283897
2023-01-16,0.013832516023570829,0.388326678784348,0.8524107219201909,0.01837061899497364,0.015687166258109064,0.6651673905899422,0.018670040018313613
2023-01-17,-0.00038325091993141047,-0.06690346500235578,1.2884631681335765,0.01833893791210995,-0.0056996675806776365,1.2684337053080652,0.018741976631930796
2023-01-18,-0.022339524368838015,0.20022581549428464,0.7423782047335805,0.018517843347579686,-0.03338281247871111,1.0945913414990343,0.019863669357723376
2023-01-19,0.019238045679950355,-0.2950372483050905,-0.06906265652281662,0.01824142296764878,0.024446974889233752,-0.037743407844494814,0.019043712989936457
2023-01-20,0.07539125404137925,0.3614787930048018,0.9350440542461871,0.021870802723287206,0.06904588049118487,1.0224152696207107,0.021889909481938554
2023-01-21,0.004457126566322689,0.12650107949859057,0.9731857973893805,0.021825950261578735,-0.019663144882297257,0.6723544261271235,0.02255439728266356
2023-01-22,-0.002511630794474806,-0.237217993669664,0.6143230537243103,0.021836454069253105,0.0007767819470894111,0.5546422732856424,0.02256567988901251
2023-01-23,0.009419529327844067,0.07161911503067975,1.7213638285051904,0.021793718500708523,-8.043655534861749e-05,2.1470010655451652,0.02257864942476606
2023-01-24,-0.012991945703908492,-0.004284930815089516,1.2652890396030259,0.022131598773024844,-0.04400233517182728,1.0747794785745466,0.024559268055538822
2023-01-25,0.021266153759075257,0.16210133281975314,1.5814314490688504,0.022197150194812464,0.03540194085464021,2.229328361392212,0.02504173750790563
2023-01-26,-0.003680359408276712,-0.14102902624692237,0.6736644778128689,0.02195541464906087,-0.005339109940311615,1.05187637112941,0.024887225331872015
2023-01-27,0.0019950339114214177,-0.03697206243254603,0.4926356964730123,0.021672977395775877,-0.0030874209336673175,0.6276047842878567,0.024429042559017428
2023-01-28,-0.0020641809553220147,-0.420370569609646,0.016631215480623185,0.021786524617418618,-0.01609444108957936,0.4044832507716154,0.024895341535503168
2023-01-29,0.03228143207915801,0.8639176751612732,0.7216025357982858,0.021964540705561374,0.046883068812149986,1.17012135878955,0.025716948253747613
2023-01-30,-0.03930367092328346,-0.007952675690189204,1.4206018535688933,0.023754672874803852,-0.04788678522483769,2.041370736923626,0.027792495155589264
2023-01-31,0.013097316769725253,-0.16054663799154212,1.4704603093364468,0.02372640433833266,0.012255813857491082,1.7442017164369226,0.02777438351725702
2023-02-01,0.025259482888651652,0.16837970436713579,1.205633267548888,0.023814486525442075,0.034828926102213,1.155467349621845,0.028150865623435804
2023-02-02,-0.01061797692681965,0.201762538952301,1.3064629356247037,0.024068539880402123,0.0008824820072264039,2.111750011895397,0.028141290621865486
2023-02-03,-0.0009606745041729203,-0.1554208589781949,0.47016845982520517,0.024179779345368663,0.013086346292204176,0.2756071226295793,0.0277849041377431
2023-02-04,-0.005009723012217249,-0.422543277265661,0.1421583505337911,0.024251066844631766,0.0013897610693260898,0.4601734940751172,0.02769482482175573
2023-02-05,-0.01612309690031044,0.25096803782236243,0.35734148377749,0.024751098401628552,-0.021242994844451024,0.39167063045971173,0.028252858662439487
2023-02-06,-0.008518883333286542,0.21778198458198417,2.0882340328161924,0.02492591101625139,-0.009437589342205954,1.697581217515073,0.028354593941939954
2023-02-07,0.022151986720186922,0.1411524451450452,1.783134753764688,0.025017519639026205,0.03449749159686433,1.2975888889441571,0.02869810730475027
2023-02-08,-0.013965290320121615,-0.06681620887572037,0.36224033340928274,0.025408274293414187,-0.012731278764855247,-0.023071229135287363,0.028772698243602488
2023-02-09,-0.04883996317743455,0.28383193589274835,1.0604677246663203,0.027558226164953882,-0.0631716867790626,0.8052583803721827,0.031542271770956365
2023-02-10,-0.007693073387383564,-0.16867460020643132,0.47387265052642547,0.027428074004820873,-0.02041406577709526,0.32977278568932533,0.0312430891685887
2023-02-11,0.010146854341645195,-0.3959679209623733,-0.532296250720223,0.0260658670066413,0.01654111006391079,-0.5859421515044119,0.03115455993951657
2023-02-12,-0.003779998514005456,0.08955734368201429,-0.3902128896841216,0.024342100165696306,-0.016165097645040705,-0.30770481929376925,0.03109989392520483
2023-02-13,0.0009132665684197239,0.3421626352393665,-0.38619188058585496,0.02241315773532475,-0.0051931504204763,-0.393714350511822,0.028475000725195054
2023-02-14,0.018924303145655852,0.12015071282045331,0.38833199170976807,0.022602253508105814,0.03298192238041131,0.3653286170549377,0.02912645154932588
2023-02-15,0.09392266116037784,0.21239883602903853,0.21240347570404694,0.028076089296096157,0.07506758117758516,0.18458246072291318,0.03206343120648062
2023-02-16,-0.028154173176657027,0.21036498666694547,0.5726676304817615,0.028710000081005823,-0.02012153892909152,0.6718104994744296,0.03229760588316453
2023-02-17,0.03988096453648349,0.05193183806359114,0.3783565807693374,0.02898296877350178,0.03336185492779742,-0.05335044001055422,0.03207412282796346
2023-02-18,0.0030805588480080637,-0.5254796404972394,-0.07220876754532113,0.028881079924561483,-0.0017488177653378623,-0.14631657117235808,0.03186054327153856
2023-02-19,-0.012728023845912761,0.3021426471006956,-0.11264388575673445,0.02586136337207025,-0.006137357465717308,-0.18405089947484654,0.029375090934484604
2023-02-20,0.020614650916729094,0.1343086171241803,-0.10649381064776509,0.02606746738114448,0.012631471959606566,-0.13044513164906835,0.029188664623297896
2023-02-21,-0.01581991113645098,0.07812787525965526,0.26289545566508354,0.02628039367510676,-0.02621685845207855,0.16009859905171808,0.029637867077139907
2023-02-22,-0.01012875204423358,-0.033665000953318036,0.1388188786752267,0.026351745560188322,-0.008929048666112882,0.11190983164922153,0.029693222460062518
2023-02-23,-0.00997780485063493,0.009147924319442557,0.1541822988896433,0.02629789089371535,0.00477240253840705,0.1018256119096379,0.028469601615523393
2023-02-24,-0.03129201289670536,-0.12024174387201936,-0.1262367765630733,0.026731425035855218,-0.025862370437327087,-0.15943468801866556,0.02821353210405438
2023-02-25,-0.0009807668166905703,-0.399489976939706,-0.38914865637103757,0.0267215706360721,-0.008367617797273574,-0.32609007850358096,0.02823986031881428
2023-02-26,0.016648614774302573,0.03377570842428268,-0.34427314528689446,0.026882459711000936,0.028780357616977392,-0.2949730020346042,0.02870695513202249
2023-02-27,-0.0016273269569350157,0.3614536969107087,0.5401939648088054,0.026880842919226513,-0.003955786725572508,0.24745987254179824,0.028538751137361627
2023-02-28,-0.01596393470118429,-0.09379207635977282,-0.2511815336845109,0.026386371673939903,-0.017396325565964044,-0.2815058582931055,0.027418919963854014
2023-03-01,0.02156606219747892,0.2009936556158638,-0.09346438903145571,0.025634126162498022,0.035829596047825873,-0.1610570321169642,0.026676026460083525
2023-03-02,-0.007235050302163204,-0.17339618940578505,-0.10734077153126764,0.02558477883109522,-0.009687419299942102,0.07528405866581589,0.026695230156471746
2023-03-03,-0.047402129167592566,0.27842122724841567,-0.023267434286904365,0.02660732830199493,-0.047441762925681474,0.22240698482931065,0.027380487084089314
2023-03-04,-0.0004172164631153219,-0.5715662817729541,-0.6517904733436585,0.02655366260848196,-0.0014298360099453955,-0.5842951632672295,0.027377832637247104
2023-03-05,0.0036756935285233716,0.19263714243924235,-0.5082904672034535,0.02656914664398727,-0.00156689174034641,-0.3854123182457968,0.027244113108067857
2023-03-06,-0.00025655126328649747,0.3030855775889987,0.10958895329196627,0.026559431069995833,0.0018727965263767299,-0.1023649153490892,0.027246152190433047
2023-03-07,-0.00936203961743065,0.3118883851374372,0.1636243421810275,0.02645497782298528,-0.0034870363462051746,-0.010486699059921611,0.026998624621730825
2023-03-08,-0.022578517406286358,-0.010053677737171696,-0.054078929872639736,0.02672048115268263,-0.017827171045494694,0.03041322765321497,0.02713104406643972
2023-03-09,-0.06239311158608585,0.34735039594136774,0.11684213076666405,0.0285649550767073,-0.062204693771136355,0.17777967956069496,0.028434263681240874
2023-03-10,-0.008632183779056501,0.3034314317495239,0.559957589693616,0.02851761683111095,-0.006605230202615164,0.6224762485524125,0.02839587997998569
2023-03-11,0.022051846825845045,-0.23745283563069186,-0.0734447373518039,0.027584043938984438,0.03740567182365906,0.41730393488610873,0.027127077376736995
2023-03-12,0.07422977009964415,-0.029862294546169843,0.08126877478409722,0.030815592373608397,0.07262583079496476,0.3672067150907272,0.030002969761371845
2023-03-13,0.09175187888693825,0.6894806064400893,2.0243139209716943,0.034953664970327085,0.056603401373076734,2.10257621451319,0.031523214431873815
2023-03-14,0.022669294883089997,0.10422976737787826,2.0650405660584417,0.03508525979246323,0.013805865867504652,2.037724876254859,0.03135670576202052
2023-03-15,-0.014956444322371198,-0.200770431398968,0.825167073674844,0.03526556420527577,-0.027781826468115778,0.35791719865348615,0.0318617797151408
2023-03-16,0.027766213062754286,-0.224246533163883,0.2640081988550582,0.03542854023391724,0.01270085692715095,0.01247680249509231,0.03142980563606507
2023-03-17,0.0946457745317153,0.4979675438492315,0.5617329881689623,0.03549159736206671,0.06872680134113107,0.2448728259861137,0.030945742307588002
2023-03-18,-0.01670259464889101,-0.2958239150178823,-0.09140215264764873,0.03518719829923352,-0.017197040759496796,-0.18788393954018523,0.030875752942046034
2023-03-19,0.039783493752593824,0.057285500459640204,-0.086777968881659,0.03518387123592099,0.013576328363562373,-0.06446124468672376,0.03040915529967343
2023-03-20,-0.00968089417783835,0.1854562090950631,1.2814294590142752,0.03528488982565383,-0.02814511052957125,0.9991716407129008,0.03090468755156663
2023-03-21,0.014714466837708162,-0.19368002581935417,0.41271937186241336,0.035176382267132655,0.04116785380048826,0.5459699844351675,0.031708336906303806
2023-03-22,-0.030820008681536337,-0.07534641878427972,0.1516054861305851,0.03566388678803673,-0.03821408090164813,0.6205535975017404,0.032517680810341176
2023-03-23,0.03759177902540278,-0.27444677351147706,-0.22499817018208845,0.03598366492763707,0.045282464575229664,0.26272203520050863,0.03305580387849404
2023-03-24,-0.02967065403073854,0.07266084883522428,-0.13972471095277628,0.036451236258275274,-0.035432817130064076,0.18763845490993547,0.033748251985134495
2023-03-25,5.17171735541222e-05,-0.4848789143592298,-0.5608711764008378,0.036355899990245494,-0.004725923274221611,-0.2661559300735008,0.033772538499392865
2023-03-26,0.018171608313816145,0.03701389698855251,-0.4823774719150573,0.03575875001430159,0.01830062623377504,-0.21537638807292925,0.033460631838866044
2023-03-27,-0.03052194511765327,0.3105936864719572,0.1296944118044563,0.036384182154533665,-0.03391154505901939,0.5175374531882291,0.03410087789454014
2023-03-28,0.004725228944394866,-0.022282540475037527,0.06843480781005296,0.036327836137469344,0.033416577391890634,0.45721674242927146,0.034232044781848506
2023-03-29,0.0396180637553154,0.1631472512982921,-0.0871911305425851,0.036825636224417736,0.01140362715921217,0.26193345275673163,0.03423706439024394
2023-03-30,-0.0111074503792854,0.08462212340097386,0.09252266331231462,0.03673230632125586,-0.00014760076254038967,0.5377915496197918,0.034015457602119326
2023-03-31,0.015871042968584437,-0.15306301709133519,-0.22955642280176547,0.03666932201048753,0.016335306922468984,0.18794615069606846,0.03357433427066354
2023-04-01,-0.0023684272611504964,-0.4275942117778754,-0.4664839945876784,0.036615575689969745,-0.004479363366151623,-0.2152969757779677,0.0335167792600224
2023-04-02,-0.00745226498561502,0.12946958993290014,-0.5286451045930562,0.03526999081519136,-0.010007641085160834,-0.37516920940647747,0.032216675523181165
2023-04-03,-0.014507018470504951,0.5919471913460683,0.7514310147565204,0.03548387729410987,0.00812436554417384,1.197249195351049,0.03219812001185199
2023-04-04,0.0135971982612757,-0.21844206162285607,0.14774625440833078,0.03548960549498225,0.03353483092395293,1.0710133315312929,0.032574790183203896
2023-04-05,0.000351267384649967,0.11565786467670103,-0.017338417824346974,0.03548477992660094,0.020368135912491647,0.9673841754954449,0.03265929309004835
2023-04-06,-0.004749940528704033,-0.1885085057442707,-0.3921575000575376,0.03541586819464617,-0.018957173846517184,0.205591112483831,0.032953145884207245
2023-04-07,-0.004217681389550476,-0.21507225611168235,-0.5180421085572762,0.0350188137129675,-0.003890443200676108,0.17191397768225247,0.032694254226849365
2023-04-08,0.0007854922772632111,-0.13703449861290828,-0.6913104158434265,0.03237786217583264,-0.00865010029580715,-0.4696112228983522,0.030144797232324067
2023-04-09,0.013784839213681899,0.2989428142931987,-0.6923734479464433,0.03216475278368867,0.005347206395527104,-0.4977181364245842,0.03001230301559048
2023-04-10,0.04658621825410658,0.5837280186819416,-0.3610929099963409,0.03273992886067273,0.02786922752961618,-0.43821886129955023,0.02975307213587525
2023-04-11,0.019629666758571807,0.043503907444645495,-0.3127758655653704,0.030650455522116263,-0.009950684094362172,-0.22678774287108228,0.027381566495208697
2023-04-12,-0.003175315803583212,-0.07302375340633382,-0.6229371048839062,0.02664858946434284,0.015057915008098277,-0.2991925697251413,0.025744507908066816
2023-04-13,0.00862713483952482,-0.062417611990764676,-0.6798424204120894,0.026499140888536214,0.04787492592582265,-0.22356928823840527,0.026882464263295443
2023-04-14,0.002849851088919886,0.2957660450841042,-0.4809384724936083,0.026183000960148053,0.044221068526871354,0.2817667111353559,0.026983842644909113
2023-04-15,-0.005484641300179338,-0.4730499571438146,-0.6474144095288034,0.026012136918007325,-0.004362650507376609,-0.14185956504459296,0.027068021485511202
2023-04-16,-0.00010358775680330279,0.07655599407084557,-0.7466045693691084,0.020029651165879903,0.013161051129283452,-0.3664999699713537,0.024534266363911598
2023-04-17,-0.028708571396173888,0.390310540597431,-0.4997013592781977,0.020560931392019165,-0.020642838914618267,-0.06483341670271903,0.024653895776693767
2023-04-18,0.032348662229154,0.08999137908628363,-0.48422521152680187,0.02014460508785921,0.013627708647316883,-0.003985613440261382,0.024654457536375077
2023-04-19,-0.0518092051895368,0.26133970978793775,-0.4512094019016194,0.02239401459905357,-0.07989115082796971,0.2551773439595828,0.028603958798453087
2023-04-20,-0.020008250880993006,-0.13150179915840698,-0.40889018956580647,0.022583294179662552,0.0034570346864031265,0.052563177512136905,0.027732370688019828
2023-04-21,-0.034308522518338824,-0.027218660800533923,-0.3781232185873449,0.022757526314418266,-0.04791204292839413,-0.035231122273708504,0.028278141256329867
2023-04-22,0.01981858797984626,-0.3677240846723049,-0.4580718590534071,0.02196857393878608,0.013096627764504598,-0.36705132972699306,0.02718780083466235
2023-04-23,-0.008128524647254443,-0.025925236211019387,-0.5078793763598586,0.021320642620315883,-0.006491537762182031,-0.39457100722766136,0.026335610449664426
2023-04-24,-0.002393679129772508,0.38464369392952324,0.3228185317406749,0.02132645204250376,-0.010367305335803101,0.2757478029100249,0.026408084802561255
2023-04-25,0.02841955147295372,0.0016993910079980967,0.27777122515587216,0.02170205604576494,0.013021906854120413,0.24132568883725436,0.026314419858431574
2023-04-26,0.004066170397882152,0.7962878110845575,0.7513016435175588,0.020895497869280095,-0.00010148801571707722,0.6721338759197804,0.025432201626724275
2023-04-27,0.036980508331842854,-0.1475720875479043,0.5268811961105029,0.021861294359576792,0.022620260136523074,0.6782473155287314,0.025062636529941954
2023-04-28,-0.00453030993708059,-0.3538770174629894,-0.15182447337650773,0.02075734297652762,-0.008525605466804254,-0.1580986474527294,0.025090164001452822
2023-04-29,-0.0031279011203009244,-0.392250809490306,-0.5247395580506762,0.020642946377798274,0.00866793326524129,-0.5067455671576322,0.02511440674314939
2023-04-30,0.000694680667924441,0.37416315840942005,-0.22888549779320533,0.020466907905950998,-0.016759595054255505,-0.28523658145153763,0.025208099829529634
2023-05-01,-0.04022160164248023,0.2732286552811496,0.7152256334828615,0.021811728794688536,-0.023959134648528724,0.5523928276147072,0.025609840113503143
2023-05-02,0.020966033026897257,-0.11914253370888206,0.33768037589843325,0.022098700177340506,0.02119837887694409,0.2156652756559414,0.025794997735671045
2023-05-03,0.01135862564681589,0.163698676189995,-0.02216801470524099,0.021985143102373064,0.018100674783592785,-0.13868307831228865,0.0259446421410521
2023-05-04,-0.005467695268338013,-0.18691100458548493,0.0172814932420724,0.021903679142581345,-0.014148388236346676,-0.36735580788282995,0.02540266777393373
2023-05-05,0.023803407820215394,0.15357498078373344,0.0518551575472781,0.02229373204716556,0.06250016252602397,-0.07955731141060918,0.027611261182463535
2023-05-06,-0.021323001096775096,-0.11276962076159602,0.1500278893132143,0.022664139887455224,-0.04753695022846682,0.1645915083397016,0.028820148196609215
2023-05-07,-0.015556145829018653,-0.28984226843763927,0.040479462558435486,0.022852343844709043,-0.014285377484394735,-0.17618062061254847,0.02894180721099261
2023-05-08,-0.026733637409259936,0.6920893936739936,1.040156020259051,0.0234019370583993,-0.012831132355707098,0.9725652680388015,0.028997606826650393
2023-05-09,-0.0012817829272578907,-0.2611690442398248,0.16042862377129574,0.023256272230472243,-0.00023773122679238146,-0.036466511094235265,0.028982686809291416
2023-05-10,-0.0013384371045779275,0.4620015348823203,0.07123723837819451,0.021486104007953328,-0.0033547817757508813,0.18680074526610135,0.02851220020124465
2023-05-11,-0.022481076150133283,-0.19034064288996277,-0.16882222716197148,0.021390323343380042,-0.024919046657071897,-0.05895927663349321,0.028806844904027705
2023-05-12,-0.007251596524522896,0.154819582928019,0.03547461166887933,0.021400860365821728,0.006417609310578554,-0.17832771731721642,0.02868032566468538
2023-05-13,-0.0007801573211611013,-0.4822730273835081,-0.4282175702352401,0.021282944918224637,-0.00658450056166604,-0.6295808400319728,0.02712116818163706
2023-05-14,0.005471927993601522,0.0015688653640222316,-0.558037902299405,0.021317363463827614,0.0024419977119398695,-0.710934991731595,0.02562129274823143
2023-05-15,0.009730726801279843,0.43918470055410386,0.2070690530508006,0.02145898254864483,0.009469003581359825,-0.16021699862262861,0.02575391355555439
2023-05-16,-0.005738415341494774,-0.11662845642522923,-0.009535538822467826,0.0214538261386253,0.003615599828307614,-0.29148268063725813,0.025588429369693917
2023-05-17,0.013394867282656264,0.189107991437788,-0.15287328145032508,0.021128268294656426,-0.0012399617404651453,-0.3416686804179905,0.025415597148454584
2023-05-18,-0.02067950762275983,0.005477651061246203,-0.21855622029546096,0.020343503324524413,-0.011049755592651422,-0.37890137401976054,0.02522299854027943
2023-05-19,0.0021585968530852817,-0.26039356809860614,-0.5417881153238389,0.018243041947066246,0.006028079047355472,-0.6519449306190235,0.02091970163728136
2023-05-20,0.008905016115201336,-0.37428529986590486,-0.6698785193334945,0.018029528702434818,0.004352088491321293,-0.7393482272001013,0.02092837286367432
2023-05-21,-0.013850552916312875,0.22746993952241867,-0.5834478134189633,0.017096261492671936,-0.008759597772627692,-0.7188067374067781,0.01910532174357869
2023-05-22,0.0036425134576618667,0.27862118746107356,-0.15762653845558838,0.016683309242402564,0.0072059805498594365,-0.34943717139807406,0.018989042671678134
2023-05-23,0.013945303754316907,0.23880686072940138,0.07131204118091627,0.016846012788045133,0.020272418111193957,0.03217508086932175,0.019340330312637374
2023-05-24,-0.03272302765106416,0.18995858189704307,-0.0793176880941644,0.017855380009624833,-0.029271574132356037,-0.15839222713297518,0.01998828288170622
2023-05-25,0.005368887301425707,-0.15019118024636047,-0.21892340569217406,0.017007395982752558,0.0032519081412234474,-0.27146436187776457,0.019837910008671855
2023-05-26,0.009181223884829448,-0.08226795018188693,-0.6009442253431132,0.017096610904343026,0.012589448704585449,-0.6202831553294463,0.019990561529952953
2023-05-27,0.005578834405180588,-0.379149500837884,-0.7093549222519433,0.015521830103262014,0.001328048640957702,-0.7703666354884598,0.019514025329216506
2023-05-28,0.0453058267244435,0.8430311293291524,-0.17095051506656989,0.017841742001126433,0.04357768640169235,-0.17319172962263407,0.02109427603665227
2023-05-29,-0.0120973437068298,0.04373113553065422,0.42378595287799214,0.017948235858702935,-0.009333783648857397,0.22682977564969287,0.02111101002386287
2023-05-30,-0.0015690671469931194,-0.1271449737986573,-0.09562505907747931,0.01794301120279848,0.004198710144688311,-0.17985727364492776,0.020885035734839658
2023-05-31,-0.01742420455507676,0.18151647616745215,-0.16076826507099418,0.016693503055214328,-0.01414820708126352,-0.30620647325031236,0.020560951602233684
2023-06-01,-0.014683709247646393,-0.062428329378709235,-0.10673414273388637,0.016347384155580597,-0.006365126223573325,-0.25166677528569326,0.02023879525774886
2023-06-02,0.01601855426947596,0.010793984899519327,-0.22410519671908258,0.01650113598063593,0.024194577124557304,-0.26589705226162763,0.02045570489130374
2023-06-03,-0.0064023326039167605,-0.434834338056865,-0.4606874492613874,0.016508888701715355,-0.00778296757488306,-0.47217341198375584,0.020333899337276178
2023-06-04,0.001622799291266075,0.11630833121781126,-0.47811013280574166,0.015795616178972575,-0.0010034418002142775,-0.6055022541514903,0.016618488511038348
2023-06-05,-0.05011119223804861,1.2982046957786704,0.351858290171174,0.017721789252141695,-0.04162106146882261,-0.03913961255595799,0.016081752846032978
2023-06-06,0.057402171630208665,0.019354454655150954,0.9404460571270628,0.02077817122680514,0.040106725970251,0.2644516002007893,0.017582229418674832
2023-06-07,-0.03277624957004588,-0.10942369562193044,0.021290769188618608,0.021061112908798134,-0.027646069882318547,-0.19961474520892697,0.018163697384704327
2023-06-08,0.0061572444403654725,-0.3904353909570766,-0.1573949310244055,0.02110688882762186,0.0075889075389306004,-0.25996736677461507,0.01821840401411364
2023-06-09,-0.0010503081775867784,-0.07469851154153473,-0.46671483859384433,0.021106889567154594,-0.003291260341800495,-0.5363924877908026,0.01821799009320381
2023-06-10,-0.02375852931180167,0.8040797082587141,0.18826384202160873,0.021152560868596,-0.047733534547806156,0.29144387496001967,0.019714033801675246
2023-06-11,0.0034399794195076883,-0.45993832410503555,-0.44429781810551505,0.02113773589206298,0.0005880658165602348,-0.49607462460650775,0.019670754882957407
2023-06-12,-0.001452109670044499,0.08807554070873613,0.16788574677131973,0.021137985377762868,-0.006208795362955599,0.2977332181689376,0.019667086837573407
2023-06-13,0.0006265231396582749,0.21113270373615434,0.41224899361061484,0.021106108869704047,-0.002003461345679858,0.31900825586611736,0.019658395109264495
2023-06-14,-0.030636253390914137,0.008643086967138336,-0.010234625247744766,0.021673489920033855,-0.050900745714856144,0.10579758407554718,0.02155168629208294
2023-06-15,0.017979087727655774,0.11017087739852882,0.2438805647517317,0.021978202066267383,0.00908834473998854,0.3096171728877444,0.021632468584128643
2023-06-16,0.029365685552642073,0.030766605357075205,0.07824567358974299,0.022540571461806335,0.030710561716126517,-0.011199038172325482,0.02248173095233189
2023-06-17,0.006959002900740696,-0.3206421631182883,-0.2714759520872009,0.022275299021319937,0.006137047622507996,-0.14065208906657378,0.022455137561518707
2023-06-18,-0.006580854145875503,-0.13747012284909732,-0.15039441188704894,0.022301028089915586,-0.0038365974861148677,-0.20351313132728377,0.022418420144511432
2023-06-19,0.019547852547670663,0.34093613156380576,0.8207448705216924,0.022538430740959105,0.00992800907500957,0.7652735195847615,0.022491524610356604
2023-06-20,0.05498705349618893,0.731650659209697,1.5686120317686023,0.024508182051935015,0.031341337975818284,1.1173787949063363,0.02321323486112814
2023-06-21,0.06000562340273241,0.5013043599055917,2.0159585028130653,0.026686499215662622,0.05517889834423939,1.586961171127919,0.02528443112644366
2023-06-22,-0.0038303689299371557,-0.38065467575677736,0.5078377881512888,0.026657094266419226,-0.009552691795067014,0.24304963647788025,0.025111956631028807
2023-06-23,0.02618280743799839,0.16764550856556837,0.4795641190918567,0.02606114499898316,0.010635170133588945,0.16742138617287505,0.02452307782583774
2023-06-24,-0.0047815994828226405,-0.496266418202736,-0.12297199571908468,0.026127975957876373,-0.008876699741770189,-0.20492909078031374,0.024601019774900725
2023-06-25,-0.002240147837737516,0.04574001786599702,-0.0006415477726048335,0.026149762834303876,0.013030721374202692,0.27262053123536445,0.02460797088566441
2023-06-26,-0.006861189753050945,0.29832200484775573,1.089857495497676,0.026234272083060096,-0.021611739163331922,1.6796410601407663,0.02496974535659846
2023-06-27,0.013776598074988877,-0.0039021599046750177,0.129499390566443,0.02514426667262159,0.016279430380120807,0.20857120546567387,0.023828921118771235
2023-06-28,-0.01961401038928634,-0.11305293179348908,-0.040168354760626634,0.025339275110472504,-0.03266765501002877,0.2125165000543041,0.02451184645656146
2023-06-29,0.011935868224670187,-0.09543560262537598,-0.005299267696750376,0.02537505691161754,0.013269412357076016,0.058505146069893765,0.024632235160080784
2023-06-30,0.0010477918298796851,1.0019410382483698,0.6854036798817833,0.025073135879010392,0.04371043993566137,1.1547504737557115,0.025771373090272328
2023-07-01,0.0037019798257575953,-0.6556447761221997,-0.3809779244656921,0.024822231913558562,-0.004460529742211228,-0.08922254351320635,0.025754036197114086
2023-07-02,0.0010033124506771962,0.1592245985231855,-0.2900772781512143,0.024737138371978832,0.0066884882472739715,0.040378931348020064,0.0254163197604919
2023-07-03,0.01749367929268808,0.4498508282977345,0.8212041452783925,0.024769068915508702,0.009265226747700694,1.2632164723255137,0.0254075486519806
2023-07-04,-0.012159843310882601,-0.16114948917347038,0.36854485885592503,0.024960657710957092,-0.009591755757138554,0.5167758248570542,0.025483883830081735
2023-07-05,-0.0085586975402272,-0.02569749090590956,-0.4198181335891079,0.022891413793213283,-0.013448869712526679,-0.3474257974299235,0.02434842232232876
2023-07-06,-0.019821224171432172,0.6928263838633002,-0.0365008300947951,0.021179382156374507,-0.03242537777599708,0.023045395043590267,0.0240390805913725
2023-07-07,0.014474667943441766,-0.3665279425348035,-0.3146574880497247,0.020132275444998207,0.01188230609685803,-0.1832106871176732,0.02357069137823997
2023-07-08,-0.0016387902600796256,-0.438960952482639,-0.3692154950868176,0.020165926034953152,-0.0027066082588487195,-0.05225570676057312,0.023545741004772965
2023-07-09,-0.004004505286051452,0.052460930363315006,-0.2825300129953364,0.020201909465853023,-0.0013560608539179286,-0.04727297052051094,0.023537322733069327
2023-07-10,0.008061862007427312,0.876198195604313,-0.25384899078674195,0.01948688038546744,0.009418432035694924,-0.41266459697438695,0.02172711201856012
2023-07-11,0.006788889103658935,-0.1804917893336797,0.1322352718954105,0.01948359092805094,-0.0011806808443574068,0.07591672161721319,0.021735111780384647
2023-07-12,-0.007488490028050299,0.21838838811187067,0.2678368884107927,0.01959114284809215,-0.0033126606963428396,0.05763552557508622,0.02170139018418045
2023-07-13,0.03568093437476372,0.5997989958396395,0.6747001998303743,0.020320758101749943,0.07178928293005193,0.7886433900034826,0.025078432024109823
2023-07-14,-0.036280934592069825,-0.11686935705802515,0.4663056568982735,0.02070089278684955,-0.033473234297856425,0.42403644566888343,0.023911662487440703
2023-07-15,-0.001261344778969442,-0.6169946917613203,-0.49412936195151236,0.020631061684229242,-0.0040634775404070345,-0.4023271533075382,0.023967170663817077
2023-07-16,-0.001540603578530031,0.06302017624506195,-0.4783002359402019,0.020183794245537286,-0.0040304440984128,-0.31073230653019823,0.023528512012652873
2023-07-17,-0.0034131272874816654,0.554635806567199,0.193852620009211,0.02023488828056136,-0.0062566304215259105,0.36981209225402667,0.023599580321227772
2023-07-18,-0.009597533349379406,-0.007647855843545881,0.37354338517095753,0.020299179861564567,-0.007348051957174251,0.5221595081885819,0.023646664752208738
2023-07-19,0.0019212301525000086,-0.07689339800104045,-0.054446414606899585,0.020099322782130374,-0.004527462068031229,0.15507355564863512,0.023659181407336475
2023-07-20,-0.0040752996439197275,0.20831783744292354,-0.3402079932161205,0.017656696613244743,0.0010382072011105858,0.027298302153650367,0.023048813483523875
2023-07-21,0.0039181140710413676,-0.2512702326617633,-0.6709488569246629,0.013841633930316951,0.0005875092853384611,-0.6020819939858879,0.020749374723275392
2023-07-22,-0.004578641136054662,-0.2824704812002806,-0.6187847084502667,0.013849372907395739,-0.014358654754347167,-0.5162218082402108,0.020845784384355106
2023-07-23,0.010504447141318263,0.17106478220101606,-0.6176683770069789,0.013100333797000732,0.013019001578937539,-0.45955709437632497,0.02089196477152224
2023-07-24,-0.03016908602087709,0.6698020813674725,0.26737260114473105,0.014157939605963217,-0.020744097184216215,0.2622625523715998,0.021179012443190013
2023-07-25,0.0017299501204297574,-0.33314532579905287,-0.1918131384584002,0.014168686726389244,0.004183707828136152,-0.39987997523706,0.021048865350499713
2023-07-26,0.004365152978824893,0.3146832921249394,-0.18162847135274007,0.014165016259840098,0.007761018047494739,-0.3292635918103701,0.02071578832428817
2023-07-27,-0.004915119656712763,-0.20201995899975111,-0.3443975885733459,0.01390467740708799,-0.006304340937255626,-0.44167113122494406,0.020529523943211607
2023-07-28,0.0037163327075591113,0.04156577031059938,-0.23010847529392975,0.013506227581292373,0.007733834924120275,-0.46729752469224894,0.019640370719211576
2023-07-29,0.001284885528077373,-0.42222307517436264,-0.5082433501859673,0.013299063262648287,0.0033732454481110175,-0.5601194898649257,0.01951030680903703
2023-07-30,-0.002779902682116475,0.33890072441487185,-0.6711125242490019,0.013295839920232056,-0.010326601736203367,-0.6895723300512466,0.017823625057218045
2023-07-31,-0.0015438698273756435,0.3431863871307925,0.2828531402889758,0.013262860011441486,-0.002944411447533879,-0.14506987126274906,0.017815932896641042
2023-08-01,0.015245275282999904,0.5675331681775979,0.734706846167342,0.01360345706641006,0.008420470716143935,0.2034837586287439,0.0178446751305771
2023-08-02,-0.01764989082843693,0.051458133498880176,0.25804088740657694,0.013472556490674439,-0.01747116697897355,-0.1794229222604703,0.017981568074553648
2023-08-03,0.0009166006009861949,-0.3347948345396661,-0.002378509803142803,0.013347694752910401,-0.0021495672689108014,-0.17117194500049893,0.01792287401518706
2023-08-04,-0.0035843942133476636,-0.05819224882282881,-0.035650998084841956,0.013290203192865196,-0.00404524899760117,-0.19436998207885792,0.01779098434705491
2023-08-05,-0.0010994270766331304,-0.4518099436737927,-0.6877136729925389,0.012833122346011847,0.0039803978247230365,-0.6781530543924528,0.016811278498001774
2023-08-06,-9.347950838400898e-06,0.10175861797893715,-0.4568597809440681,0.012502950847918335,-0.004101323417211589,-0.5419001872370544,0.01667067785488627
2023-08-07,0.004776645775930843,0.8732496916684993,0.8134874076617666,0.012553192113282579,-0.00028629506333344157,0.35796029508719296,0.016666220266504394
2023-08-08,0.020044635853149417,0.2902298526561038,1.2231852254823599,0.013120941195678795,0.015801585470486934,0.3232496297147325,0.016930465804796922
2023-08-09,-0.006853508270246889,0.04604063806292191,0.23949703034789716,0.013073011645777708,-0.000813535740253668,-0.07360352546194115,0.016837119385795817
2023-08-10,-0.004461964714047806,-0.35442579534620655,-0.023576214218803848,0.013007085664874407,-0.0019113379853046286,-0.23340849110889428,0.016838913241476426
2023-08-11,-0.001083159880198692,-0.14076089837257577,-0.31140061355767823,0.01295344006497925,-0.001960838372674689,-0.4743656650635436,0.01683254520326383
2023-08-12,0.0006207965516027425,-0.39242218585243804,-0.7384810772315827,0.010954869075723971,0.0009558116061816335,-0.7938682013825745,0.009917149561611572
2023-08-13,-0.004523080645381872,0.1833182987701798,-0.6495873750279704,0.008886685875869783,-0.005197573554548973,-0.7125720833267277,0.008058728412272537
2023-08-14,0.004286776125049352,0.9118542811537773,0.7491608153002893,0.00894155883873528,0.0026671519533283394,-0.06774287756768282,0.008085253705658704
2023-08-15,-0.008096168172366025,-0.09801123081418472,0.4841895254272641,0.009036055291532914,-0.009355376145866234,0.03571410909411665,0.008200160573837446
2023-08-16,-0.016063173634291772,0.18267724372087835,0.12908577666665355,0.009430868576892208,-0.011644479943616615,-0.25479099291390617,0.008361135861096205
2023-08-17,-0.07097917151940503,1.081763674568856,1.3686045011118808,0.01576139738242929,-0.06685956876976196,1.4435381767451627,0.014507372913477791
2023-08-18,-0.02306411031148714,-0.2279698146396565,0.9809566609954874,0.016113709069680855,-0.014237003254733427,0.6025760796590798,0.014630805429512787
2023-08-19,0.0017907574452629138,-0.5575069029572026,-0.27456202261612517,0.016154212602590996,0.005133737190461396,-0.33876159654655635,0.014700050410827899
2023-08-20,0.00357825614760654,-0.15001380999632752,-0.1764555259068027,0.016148386853021796,0.009212569995102449,-0.12062600144151925,0.014876884462333132
2023-08-21,-0.002498831574187843,0.47971436887848773,0.6983421027258485,0.016151553313080685,-0.010435935786971329,0.2379590366949884,0.014797444058638962
2023-08-22,-0.0035401882238949023,0.08467695552458698,0.5730577585653058,0.01591189763901695,-0.020018643652328416,0.6168853510177343,0.01474584804664184
2023-08-23,0.015365306423789304,0.17108906193065843,0.1032389738862578,0.015565163186492731,0.027775287399602888,0.13358212119491908,0.015565666951932967
2023-08-24,-0.01018731988472621,-0.2421942531881317,0.2537076920389194,0.015587920277836403,-0.011510825045927042,0.22605427011835588,0.015576088210529146
2023-08-25,-0.004384352975912553,-0.03616406377797343,-0.08086720631249034,0.015516122699913917,-0.004222744282248891,-0.06651338390521455,0.015426961291288432
2023-08-26,-0.0015051281432193475,-0.5135583291371357,-0.43970466811955633,0.015520588710520191,-0.004010015919244325,-0.4353166676045557,0.015420956585516055
2023-08-27,0.0031232321991347956,0.14564671123840855,-0.38371582228585965,0.01551113469373109,0.006806932390764908,-0.30963340201658285,0.01539765466299018
2023-08-28,0.0006307866874213364,0.5914338163551247,0.6974985305875179,0.015504253412183233,-0.0030501503607176517,0.9443335688416066,0.015336428290062544
2023-08-29,0.062101924766441385,1.6691731125760443,2.3840577974604162,0.01962645448961589,0.04675963850299536,1.8241071855302127,0.01787980019406945
2023-08-30,-0.015512708305083889,-0.4434950542994174,0.40207265266154146,0.01978957240263261,-0.014229727451395946,0.14397690115027273,0.01801226074724235
2023-08-31,-0.0500340578984273,0.23479118721143277,0.10445315638799868,0.021345784410781787,-0.03487924317662927,-0.136440883555638,0.01881034286764872
2023-09-01,-0.005042060225742162,-0.14757142935800283,-0.10460778660963532,0.021196727094170555,-0.01042023648557433,-0.05334599788105987,0.018681247188351267
2023-09-02,0.0026384615075991658,-0.41286587410610176,-0.20969446444789686,0.021212384358471642,0.0052405439035725365,-0.37511085155775836,0.01875336730010229
2023-09-03,0.0038953327054152,-0.11265537614687504,-0.25539647842460667,0.021258736064684883,-0.0005544903878390572,-0.35163112550466225,0.018761520396424272
2023-09-04,-0.006051329012069284,0.19169940105501682,0.6186787053956111,0.0212583881435901,-0.003949839574139524,0.35656016206856145,0.018708103685785595
2023-09-05,-0.0012565113521479931,0.03877156460175013,0.526139559022246,0.021252138025480698,0.0024386268424532176,0.4906861180193174,0.018742261077705803
2023-09-06,-0.0010374752516241204,0.14943705585011613,-0.06355176817007147,0.02119820975558971,-0.0008429544668588917,-0.14568381679995912,0.01873918507045507
2023-09-07,0.018908652030005024,-0.13051334476271004,-0.36892698675318714,0.02115486546940981,0.009401700388986134,-0.1557866223655383,0.018546405299435156
2023-09-08,-0.012749181613965876,-0.02443571390622834,-0.4114451473116293,0.02120984625015972,-0.006955851709160243,-0.21662156903017749,0.01854631284628371
2023-09-09,-0.0003851113886439439,-0.4932852418544701,-0.5380400460775856,0.021220975264674428,-0.0005961990834900677,-0.4464209661649535,0.01855296133705761
2023-09-10,-0.0024502611024840304,0.4411786766392902,-0.2251669718088124,0.0212158849272579,-0.011212034116571123,0.2942044324128654,0.018595570411085005
2023-09-11,-0.02592003689674205,0.8482066491780342,1.3569846056918444,0.021563597470610856,-0.04032038506124014,2.358045266097329,0.019691099735499876
2023-09-12,0.026654161568650414,0.27789527807200254,1.5453671266914006,0.022323538786403113,0.02628947992827646,1.230656223116172,0.020536268998885242
2023-09-13,0.01528956036711282,-0.2993578086605271,-0.06719271495300949,0.022552334856491187,0.009770657090104162,0.21945244732441882,0.020663340352587767
2023-09-14,0.011870739692642074,0.05655429126076905,0.09265389282543635,0.02270792239519482,0.011807198586281986,0.23529272244050548,0.020846958829333805
2023-09-15,0.0026006171627044328,-0.16881925341788684,-0.2320872975139111,0.022590039936491297,0.009014288078772026,-0.1261889584799879,0.020914658428351298
2023-09-16,-0.001518755875352329,-0.35520890430792895,-0.7621520257651669,0.018493249576152185,-0.003909931338625383,-0.8015565713789379,0.017090344495132033
2023-09-17,-0.0012832501161511578,-0.0848173577807445,-0.7180494472439146,0.017975064532626654,-0.007537174515831024,-0.6855687234686463,0.016952691144619163
2023-09-18,0.008294723552398242,1.3051157419938932,0.4687882409136699,0.01802695173137037,0.008904027674040416,0.2146158438674528,0.01701079589127555
2023-09-19,0.017075246134672373,-0.11576111342677031,0.5279773883758565,0.01826077080233047,0.0037851668963291285,0.07327836528613174,0.016932533155260224
2023-09-20,-0.00290724465500225,-0.038136279495342595,-0.006763706198164576,0.01826395772808312,-0.012566772911124402,0.01559577098200049,0.01697923487739573
2023-09-21,-0.02080107760178318,0.006801167905776451,-0.0780743930136667,0.018692549086520197,-0.023774626317816128,-0.28336751040214525,0.017139234180526618
2023-09-22,0.0004492514240630463,-0.2088553083710144,-0.3771809730323864,0.018490355223303053,0.005656292418243947,-0.5187910264178404,0.016319985327250017
2023-09-23,-6.686879658768241e-06,-0.3000399286712896,-0.4247226913028984,0.01838340376964927,0.000369980081296406,-0.5883194167585889,0.016215569963944833
2023-09-24,-0.01213588594546644,0.10644149701690941,-0.3396068119957969,0.018511209490538742,-0.008159068286052618,-0.4281159553471252,0.016256526520905357
2023-09-25,0.0015864178176880905,0.464424145101469,0.9881021460567441,0.0185086634096982,0.004724968458383216,0.8136531807121081,0.016285578290106528
2023-09-26,-0.0030887894396227633,-0.16772487605842712,0.44429163352571455,0.018513448311480628,0.0032073833529790985,0.3509044623978299,0.016238764171005143
2023-09-27,0.005167086436411061,0.17353994843923348,0.06503576317166981,0.01853452682189705,0.0025567531946391053,0.13951914526042497,0.016248835384534952
2023-09-28,0.02537992888096885,0.20144606243851748,-0.5206069557684603,0.015245133098619551,0.034674043345553685,-0.41104456338715945,0.015135611248034175
2023-09-29,-0.004064392478456136,-0.2615645018783218,-0.36388554289030806,0.015004123827967383,0.009112054541902559,0.10067535682841111,0.01505319317686221
2023-09-30,0.0020881352448591795,-0.48721147127080344,-0.7358320986228445,0.011710496037976083,0.001929332083119517,-0.5214289808955388,0.013594255140828888
2023-10-01,0.037668241913332734,0.7827066930220858,-0.4475385949206574,0.013380753681194265,0.03748802606953139,-0.17194334945494594,0.014996342852381694
2023-10-02,-0.016186709920936293,1.0826192419550011,0.95963188292628,0.013822565782917325,-0.040478970667183534,1.8606395839104546,0.01688129516005959
2023-10-03,-0.003661597010505724,-0.42364520937365024,0.2728349203089817,0.013858840375430366,-0.00417274556135816,0.5047621841599279,0.016903298484414086
2023-10-04,0.013467601347721292,-0.023182256360852138,0.04332328587277168,0.013929817577016765,-0.0053405026345882955,0.3188183802535507,0.01691797933076605
2023-10-05,-0.01379463216164356,0.06585972853956856,0.07053014556256332,0.01423331399528981,-0.022066302247040093,0.22326405500674995,0.01740611794684008
2023-10-06,0.01935684447622399,0.1359858073150002,0.05800230249450977,0.01455911635605258,0.02131902252936535,-0.009261006608054956,0.01784733020865255
2023-10-07,0.0007958817661306572,-0.5143155853491768,-0.4090130930807283,0.01424145403954319,-0.006878172039150754,-0.47445640415808,0.01781262015626252
2023-10-08,-0.001206700034343422,0.20812173826904434,-0.2681321575019937,0.013976371013512826,-0.0005889506700414993,-0.2789915358438355,0.017766135572845083
2023-10-09,-0.012579594744121514,0.5167181657095421,1.1906550653426407,0.014241334667395819,-0.032898895010697204,2.3727492768486336,0.018760842005735478
2023-10-10,-0.006984500217130485,-0.1694182245687046,0.2625208817083091,0.014316303160136573,-0.007655131722261621,0.21096121367876997,0.01870508232423155
2023-10-11,-0.018900326735168282,0.36845627649552504,-0.06519943235310077,0.013894480779419783,-0.0009301778714058129,-0.2959819562510436,0.017158014166183014
2023-10-12,-0.0043359541366684295,-0.31177869482564335,-0.49655525160534386,0.013152635593686735,-0.017010217400233896,-0.2656203322161851,0.01672562320405535
2023-10-13,0.003945769916393171,0.6145490576676542,0.16013031209890194,0.012895779683217524,0.008104020573232784,-0.08119893635102715,0.01669138770655204
2023-10-14,-2.4866332556272575e-05,-0.6447078385432248,-0.6098778741740869,0.01272785639590794,0.002040706057398145,-0.5614311436426449,0.016526526340115456
2023-10-15,0.011091823470242623,0.31738087112604085,-0.3816754922687424,0.012870260970389657,0.0018086969407560272,-0.3277495928111459,0.016422445694653037
2023-10-16,0.05006744695824206,2.9212573293103166,2.7603024049688387,0.015691746390885615,0.0272545407651128,2.1376805408952686,0.017237365362071603
2023-10-17,-0.0036367703063566736,-0.46566812254264844,1.1954627974391001,0.015717084662366123,-0.02192688186935865,0.6594651608848268,0.01763355653333095
2023-10-18,-0.0030759792019486865,-0.14445419050960684,-0.18515198086480555,0.015707229321703507,-0.0010793755903438784,-0.26409021785429077,0.017533135948313135
2023-10-19,0.013818840741083749,0.13548508232593548,0.0463776069344195,0.015610590340966648,0.0023706817647974887,0.14281905019233387,0.017520655561134614
2023-10-20,0.033535830870205396,0.49058959614745645,0.621559833569548,0.01660834583656759,0.023738984945261388,0.3085571855344549,0.017972935426073405
2023-10-21,0.007932597562652743,-0.4641029027857302,-0.13688100940850179,0.015997907950054888,0.015353699699918177,-0.18867549772084624,0.017620974131183305
2023-10-22,0.002523007395046406,-0.09484559518905555,-0.012499275447015568,0.015986114828632436,0.020944819993793384,0.5165336061951427,0.017975284077869032
2023-10-23,0.10309890521346299,2.672378185664209,4.1809756980736985,0.02408942053212693,0.061290684296216646,5.834512802293442,0.021016192681900085
2023-10-24,0.02464145540134477,0.17129341555389432,4.484648522004704,0.023986274106563576,0.0107935858177437,4.147873682763416,0.020934464782873977
2023-10-25,0.017736456610143003,-0.43798112367827524,1.1049065666307416,0.02399953768412686,0.0016588325496478262,1.1477166557025504,0.020939581223181226
2023-10-26,-0.010033147199696724,-0.2307376754404573,0.9455409297330899,0.024156714806774632,0.009310588640725648,2.1585645049635738,0.020959705729271205
2023-10-27,-0.007226928505637331,-0.15489433481054415,0.4010495882667706,0.024332131447780146,-0.01330016395228506,0.3543016240969774,0.021205184221884034
2023-10-28,0.005301518539129857,-0.3811481006992802,-0.2783344789082013,0.02413325225950565,-0.0019253015900079218,-0.3652667123907558,0.02040720800515512
2023-10-29,0.013168432293093613,0.09842131897314466,0.07347601185401964,0.02403998519005248,0.010653868584812098,-0.21179481610192108,0.020426083166177247
2023-10-30,-0.0010457086417764438,0.5398173329517533,2.223467134994486,0.02407612724308432,0.008099264721129318,1.3877506676250158,0.02044951791545494
2023-10-31,0.004794395311462418,-0.08301432067823011,0.6580816194409713,0.02344330023073336,0.0035193643267046326,0.28151855559907646,0.019378780229806276
2023-11-01,0.022195613001625203,0.42441212463209355,0.13404866083166955,0.02315617082407665,0.016862884088311603,0.26224794814014474,0.01783831765792614
2023-11-02,-0.014081557224217889,-0.06451465351027674,0.8406820272308491,0.02342455713848419,-0.02515781959835861,0.8984873685371224,0.018552599861616517
2023-11-03,-0.005893770145759425,-0.18285897951261798,0.5397926582707906,0.023545147546757583,0.017868388096093257,0.4866556981529746,0.0186786319502858
2023-11-04,0.010073356782761111,-0.4427649041744667,-0.1949911545502926,0.023194214552723958,0.013587684453004956,-0.10338703560002194,0.018106933849836426
2023-11-05,-0.0009360829177728069,0.29822842528089777,-0.08001899404402246,0.02316261014379839,0.01962595346763174,0.7945310816275779,0.01805658756355074
2023-11-06,-0.0003419285416157436,0.022613245233322532,0.9370289300512644,0.023175445190030765,0.002998529349214518,2.142356863703994,0.01792491307234771
2023-11-07,0.011593090279608864,0.4838170819781835,1.3790620793017445,0.02312191461833338,-0.006165335386688842,1.7757737217489442,0.018015488394608977
2023-11-08,0.005973294692089626,-0.08172892493884454,0.44036245005059493,0.022792343610703158,0.0006345557534324087,-0.0383395956599325,0.01656522134196409
2023-11-09,0.029107827327892632,1.1833946296709823,2.7863576245543906,0.022881047775089768,0.12239237144858817,3.702160668828289,0.026733389854449383
2023-11-10,0.01691989303173269,-0.39857897435708023,0.6640612675196695,0.02224477260778913,-0.019933988946118864,1.7214276430055722,0.027232767679544852
2023-11-11,-0.0047145338500075296,-0.386900199219659,0.48242378422754695,0.022254012784451296,-0.012306237463546976,1.0440633300564008,0.027086143623050198
2023-11-12,-0.002249209321512735,-0.17082086005957353,-0.2386760423317824,0.02235233498844139,-0.003666782589169526,0.737872299443286,0.027199132525388473
2023-11-13,-0.014901395821212304,0.6506306574361114,2.5369895570314682,0.022766769354349386,0.004927847225156823,4.8957439471598,0.027176641499972242
2023-11-14,-0.026428838121854925,0.25185030422530574,2.36104884324523,0.02374360350605547,-0.03708171667973115,3.477026953028406,0.02846194081251169
2023-11-15,0.06592844558740318,0.14705783540354167,-0.016816014087875142,0.024835013539619893,0.04110847506282056,0.4271989373365941,0.02888797590383788
2023-11-16,-0.04555929205565723,-0.049639887628239454,0.7486863179113643,0.026724299448351977,-0.04830442993030459,1.9112916343903117,0.030227087240328267
2023-11-17,0.012222842746045792,-0.13697482026229146,0.7639737195595171,0.026643702617834605,0.0002035665608492998,1.7288171401231072,0.030214761560646307
2023-11-18,-0.000300039994658885,-0.47043850917501373,-0.17732732270462725,0.026678588320076777,0.0010219202166554808,0.6016880777850804,0.030224433854168665
2023-11-19,0.021889527372586093,0.086653362569036,-0.4002641415268182,0.026383840757524316,0.025426483024461932,0.1435442285867481,0.030256368698940782
2023-11-20,0.0024182537251242753,0.6172368237057579,0.8098902193377799,0.026403861155219605,0.004487705105652884,2.0545859725791553,0.030230511591790996
2023-11-21,-0.04437779006078835,0.20508961175435902,1.4096219276481663,0.0280670158839092,-0.04211784935612506,1.6014562736972375,0.03144259803930475
2023-11-22,0.045192824521265385,-0.03078463589826652,-0.36405171910946965,0.02264852390210636,0.06574813130783808,-0.06893711864324414,0.03172435003195205
2023-11-23,-0.003812712499291715,-0.4173544369196731,-0.6836553170289894,0.022364293982000544,-0.0010727438851469984,-0.5072949555963957,0.031732614306427064
2023-11-24,0.011549062275727495,0.6125952393963616,-0.092315309574445,0.02225598532789631,0.009185000500188556,0.2862658454791738,0.031732557157445634
2023-11-25,0.0020283973558654633,-0.6030367793169411,-0.5316065449034686,0.022116932669842503,0.0015669139841998359,-0.5210520513713314,0.0317324437918342
2023-11-26,-0.008404730932136117,0.5104883316773312,-0.16282320933355376,0.02213787968581537,-0.010135684364837805,0.07492118399617675,0.03167370064976642
2023-11-27,-0.006002091789647501,0.3825542136810407,0.870305804732495,0.022203611976993543,-0.01738429481187309,1.5022546112956494,0.031921793810462874
2023-11-28,0.01548599794884531,0.14172613910527887,0.9440418612592776,0.02224348596226648,0.010812167645887882,1.2738484574126607,0.03192279310819348
2023-11-29,0.0007244373065387055,-0.04459735644993568,0.20620978454546135,0.022233968368769442,-0.009470831200383945,0.18729642470999153,0.03202293339735094
2023-11-30,-0.0038497596002547985,-0.12603700944907803,0.1496174196666189,0.022270404282314294,0.011146671092621574,0.2516032499391583,0.03204674189358631
2023-12-01,0.025879947957747618,0.29790276829679807,0.04751399237977827,0.022389474392541176,0.016849107974407973,0.022398126555476683,0.03204655962617176
2023-12-02,0.020356874575942596,-0.33933660894096274,-0.26021914829104453,0.022357233204822552,0.03764204271297267,0.013985377804882182,0.03208948461171776
2023-12-03,0.012717964611113297,0.015170604464042281,-0.08093737118671418,0.022322266170543868,0.012923071442646705,0.08600464632056193,0.03204255280137519
2023-12-04,0.05006972516793251,1.5273872757712827,3.168486893773945,0.023785886990293825,0.022575720663866372,2.3331473805893954,0.03215305098708347
2023-12-05,0.05003682455553493,-0.08891920282734478,1.9253930111425461,0.02504066465839404,0.02256848231190145,0.7348379096275273,0.032198021260922624
2023-12-06,-0.007581629055975703,-0.17631542471072492,1.356317122987567,0.025158158440230408,-0.027107545082919904,0.5782846828900923,0.03278713924975671
2023-12-07,-0.010372985662227885,-0.07602872087300094,0.46727610336789693,0.025360698276953645,0.05642353010676748,0.6045338437894678,0.033964268357081405
2023-12-08,0.02018673414826888,-0.11632189257498293,0.41200110218842,0.02547340557980303,0.0004887825441670657,0.8578423641318871,0.033965364212895574
2023-12-09,-0.009976252913108663,-0.28880360412652406,-0.5400693575045088,0.025327749885367574,-0.007443253883560597,-0.5704798132658491,0.026285776302851855
2023-12-10,0.0012284421841561866,-0.25147834520639734,-0.4275756401383092,0.0252600129185707,0.004821233826242777,-0.5000477132771446,0.025906164650498994
2023-12-11,-0.05792335792051162,2.1254744137198998,1.918118205650336,0.02775716569737598,-0.054361666168691425,0.7587633737804886,0.027905491682951165
2023-12-12,0.005004157345118276,-0.3901577501763607,1.1462090470739286,0.027733583651970924,-0.010132601687358522,0.43266450367131637,0.02798409061163495
2023-12-13,0.03475299863154757,0.08145293093846107,0.40614379958865987,0.028039592785345128,0.02661652224701272,-0.1218844482538739,0.02831795413653844
2023-12-14,0.0031062756659134827,-0.045501893557406414,0.07214224381560719,0.02738085696213965,0.02474087211166509,-0.03661036652723482,0.02749541158821641
2023-12-15,-0.025432678020983368,-0.23219034380279546,-0.28233682538862237,0.02559482821595839,-0.041976420815141524,-0.18747883645713515,0.02797848016530338
2023-12-16,0.007401888090740938,-0.2674573314473351,-0.44682137833016955,0.02384618873212058,0.0034195392373013167,-0.5313449521421754,0.02625774451192677
2023-12-17,-0.02072563201266564,0.15931162615255623,-0.256908810429161,0.02427945493661985,-0.013671449108484612,-0.37631098036926325,0.02645895325431044
2023-12-18,0.030433584522719714,0.512386316582045,1.1222104827313197,0.024719761960899513,0.009466157195896718,0.28542487577251463,0.026469776096305988
2023-12-19,-0.008282083715112631,-0.08141406828880615,0.7939784302127555,0.024639393502402678,-0.017769968394459656,0.3762457806419752,0.02646149864227192
2023-12-20,0.032687613405284255,0.2027494123377498,0.3341932802029537,0.025169734083048106,0.011037752537226941,-0.016645910118255447,0.026501519926418193
2023-12-21,0.0049688697318006625,-0.1943435304743274,-0.10803193612435513,0.023350996375778928,0.017090198956007274,-0.07594904172020767,0.02518372582377225
2023-12-22,0.002934864092908329,-0.06343374096000898,-0.13807887936094443,0.022217725285195014,0.03883937127050796,0.20677566931716607,0.02336461864425483
2023-12-23,-0.005872083923035065,-0.35764346043791195,-0.04974704432298249,0.02225109362183939,-0.007512713750621014,0.021375273094615288,0.023444714327021277
2023-12-24,-0.01653939964043194,0.3940507620280669,-0.17852860741617915,0.022579407957188217,-0.018775823775668332,-0.22158937542781887,0.023786479688123915
2023-12-25,0.013879063861056418,0.1213581541299611,1.3205264277967763,0.02263582978357041,0.003032022219169095,0.49857673596579,0.02378470723980561
2023-12-26,-0.025055253200995553,0.4220089963866702,1.1845977803851984,0.023174320595624947,-0.0180837485401647,0.3244975315416818,0.0239813480638509
2023-12-27,0.021694364920222586,-0.15872160396896062,0.3293185167489041,0.023293927744620555,0.06599907965814755,0.339158134718079,0.026272723338662735
2023-12-28,-0.01876027694786908,-0.08981644884590301,0.059732108032123366,0.023619370320650968,-0.013105185204343561,0.5802016884241739,0.026473512505001177
2023-12-29,-0.012396896798793966,0.13082445513631402,0.25430988886842787,0.023807767938779534,-0.019967696347748753,0.4015378599283459,0.0267377146849721
2023-12-30,0.0013658151137276864,-0.38408027012268897,-0.11603326881463782,0.023768847659063518,-0.003748980355657072,-0.15042247787666108,0.026748828108941938
2023-12-31,0.002568622223877659,0.023952456525488275,-0.3026134715223333,0.023406938232243664,-0.004622136062972015,-0.3676681332225291,0.026681146257706165
