coin,date,n_transfers,onchain_volume,n_unique_senders,n_unique_receivers,minted,burned,volume_large_transfers,onchain_source
DAI,2022-04-01,5576,528224719.97831,1818,2173,14026066.03294802,67276546.86276007,330031562.4801329,stanford_transfers
DAI,2022-04-02,9185,1253613908.271091,2891,3000,33459396.34401209,142213942.1537398,921778723.4568181,stanford_transfers
DAI,2022-04-03,7272,795005437.6618662,2440,2637,16509794.65628381,30075299.54339981,538039032.3497293,stanford_transfers
DAI,2022-04-04,8551,657397285.3263106,2874,3112,35580448.17474563,42210208.05690116,305234683.2413455,stanford_transfers
DAI,2022-04-05,7489,777265181.3073226,2708,2857,65038841.80267258,86019821.12674916,504433417.7590652,stanford_transfers
DAI,2022-04-06,10369,2242428363.982123,3248,3161,139524134.4665343,207425679.6606903,1796288104.806826,stanford_transfers
DAI,2022-04-07,7627,2184960443.062726,2765,2684,284687547.2529631,309937516.8307141,1878286683.745886,stanford_transfers
DAI,2022-04-08,7546,1457486139.930689,2517,2800,215426378.9742779,148269609.5975423,1138165258.761971,stanford_transfers
DAI,2022-04-09,6879,1484556500.845092,2459,2455,26350192.31822379,35863381.56061064,1275355090.391852,stanford_transfers
DAI,2022-04-10,7244,494340914.0017557,2487,2578,28604082.17928301,32567515.18832328,276916901.1007378,stanford_transfers
DAI,2022-04-11,10985,2329615453.119961,3045,3316,49082870.23326373,268254651.9855935,1758725582.558424,stanford_transfers
DAI,2022-04-12,8584,920151650.437155,2933,3040,32582343.35467241,83674928.1281372,596270922.703069,stanford_transfers
DAI,2022-04-13,7812,1105342456.540049,2777,2683,65732169.33046579,85073270.96617322,785204858.620455,stanford_transfers
DAI,2022-04-14,7362,1322392938.030414,2764,2765,214610925.063831,151588986.9639164,1065063133.107642,stanford_transfers
DAI,2022-04-15,6455,756212922.3028989,2534,2615,42540797.13025261,58903959.01822552,572175510.380995,stanford_transfers
DAI,2022-04-16,6651,446675852.1219484,2502,2597,49006856.1257192,51051256.88474114,275804349.0256736,stanford_transfers
DAI,2022-04-17,8086,2743511607.99676,2455,2679,21502415.75418774,55191201.4636684,2408072464.650086,stanford_transfers
DAI,2022-04-18,10413,1508326663.073436,3597,3533,103023683.8189505,124754848.6684846,1125971719.7855,stanford_transfers
DAI,2022-04-19,7513,730010431.8845426,2943,2908,55298533.64004876,72539355.47046,456209009.8139892,stanford_transfers
DAI,2022-04-20,7546,1260230508.022019,2578,2706,121031956.5720435,99615639.15249793,816155708.4976766,stanford_transfers
DAI,2022-04-21,7916,1062064114.165748,2488,2839,34407123.427447,59606098.26830909,728059144.9013295,stanford_transfers
DAI,2022-04-22,7182,1290851139.573936,2574,2672,85002373.70873651,86587443.5268988,1002793701.529996,stanford_transfers
DAI,2022-04-23,6039,732243933.5176535,2381,2325,43575960.16154516,39365609.14423525,567279070.8492036,stanford_transfers
DAI,2022-04-24,5487,504564987.7972032,2152,2226,48308122.15121316,42471501.33315417,385164885.1861948,stanford_transfers
DAI,2022-04-25,8231,1502041277.409365,2928,2873,144016457.309944,184616566.2128341,1205075898.100903,stanford_transfers
DAI,2022-04-26,7614,1730524611.240033,2805,2873,161093366.9190135,186567438.3550301,1515310733.410305,stanford_transfers
DAI,2022-04-27,7480,1082599975.681779,2947,2791,17909850.99755327,58867652.18777005,855890815.2506305,stanford_transfers
DAI,2022-04-28,6789,1832305046.035892,2543,2516,145046944.3060752,166993222.2729042,1587201006.032685,stanford_transfers
DAI,2022-04-29,7566,1424476723.729936,2673,2900,85280538.89510116,165985862.557385,1211572046.966415,stanford_transfers
DAI,2022-04-30,7532,2636131056.898076,2470,2590,29178773.00541428,73397090.04717545,2314297523.264571,stanford_transfers
DAI,2022-05-01,6147,972284389.5034328,2486,2326,46314290.82415485,80616024.26355283,751715912.3268161,stanford_transfers
DAI,2022-05-02,6149,749525807.9078584,2387,2660,19594921.11191974,95440204.62343249,550076833.793716,stanford_transfers
DAI,2022-05-03,5811,948038091.6468664,2362,2469,13575062.99127765,76667204.0823495,775292121.5700328,stanford_transfers
DAI,2022-05-04,7155,1653621341.223357,2809,2799,13430089.08124503,101822236.9419595,1431580941.770445,stanford_transfers
DAI,2022-05-05,7766,1764449529.031206,2741,2930,198709880.8663676,210856341.5430534,1495290206.761549,stanford_transfers
DAI,2022-05-06,8691,2930694986.236034,2745,3072,396402889.285804,427586078.3014549,2543507280.842715,stanford_transfers
DAI,2022-05-07,7933,2015292443.994518,2658,2719,44851489.54951968,241955596.1920003,1606404647.750988,stanford_transfers
DAI,2022-05-08,12047,6181124367.058645,3292,3354,622310217.5046331,1069581049.176335,5572627415.160274,stanford_transfers
DAI,2022-05-09,20152,7166776537.129478,4625,4829,417179630.8645824,772169719.2234489,5778755967.282319,stanford_transfers
DAI,2022-05-10,17836,3150062819.149645,4325,3996,139823534.9199977,319710701.3452025,2098567105.698767,stanford_transfers
DAI,2022-05-11,24117,8474533513.648412,5191,5307,465138489.5252078,1253239816.279131,7072232702.237713,stanford_transfers
DAI,2022-05-12,30401,10289765690.98646,7168,7072,722351813.3288485,892632909.5705227,8010587626.199015,stanford_transfers
DAI,2022-05-13,15684,3236514620.391887,4714,4298,226456792.641702,213164790.1254754,2554151240.447816,stanford_transfers
DAI,2022-05-14,11520,2438898824.242823,3568,3404,260420957.0732322,294745399.230882,2082220008.378094,stanford_transfers
DAI,2022-05-15,11248,3355612240.868019,3873,3048,257287735.8891354,203230728.7082862,3087230364.971601,stanford_transfers
DAI,2022-05-16,11534,2262815830.597214,3829,3429,126041856.9834839,150392072.6593817,1968140712.867281,stanford_transfers
DAI,2022-05-17,9551,1590113098.808359,2959,2925,154943290.5884877,48948714.36083041,1294460348.166753,stanford_transfers
DAI,2022-05-18,10356,1184969993.336403,3207,3180,50985258.35974779,76235367.9386933,862269964.8309045,stanford_transfers
DAI,2022-05-19,10435,3213207972.651109,3358,2954,555377869.0029049,446537392.3199937,2852494617.025482,stanford_transfers
DAI,2022-05-20,9258,5270116505.482901,3130,2830,657859543.3277873,732076248.484433,4945380019.82283,stanford_transfers
DAI,2022-05-21,6506,2929994901.045927,2502,2272,66598869.49198256,84796673.02949789,2789251100.650442,stanford_transfers
DAI,2022-05-22,6700,490745725.8559764,2440,2269,45817866.3305226,26499292.89585803,347788614.9702972,stanford_transfers
DAI,2022-05-23,8977,2181500923.509505,2816,2733,305779923.264483,272004786.7430034,1929178820.984387,stanford_transfers
DAI,2022-05-24,7790,2471535656.077415,2615,2552,245977200.2563109,244001557.6223585,2238595935.507109,stanford_transfers
DAI,2022-05-25,6927,2135642924.298366,2387,2379,372045951.5981117,372741595.7739565,1956511132.434972,stanford_transfers
DAI,2022-05-26,10043,3310701025.788856,2817,2855,250677261.3302767,236549228.0662536,2939995551.854457,stanford_transfers
DAI,2022-05-27,10348,2651411331.901937,2787,2787,106844961.5439492,85983894.80700095,2309240184.334543,stanford_transfers
DAI,2022-05-28,7879,1560017622.983132,2325,2657,137307543.8680879,113363801.2604451,1414786302.587886,stanford_transfers
DAI,2022-05-29,6359,256589440.0045104,2430,2221,18180663.33109452,7268345.14872143,162867517.0026232,stanford_transfers
DAI,2022-05-30,12909,2518864489.446919,4164,3942,214554371.8952514,161376622.7555089,2236382849.352842,stanford_transfers
DAI,2022-05-31,8594,2298145683.115788,3272,3311,163184163.553846,92334123.36703572,2131748900.86936,stanford_transfers
DAI,2022-06-01,7984,1810165834.247824,2617,3063,65809736.12681016,38618916.87537889,1653866484.103459,stanford_transfers
DAI,2022-06-02,7107,2304389127.975527,2663,2841,47770261.98346562,31362134.85338398,2115952247.755584,stanford_transfers
DAI,2022-06-03,6880,1541826732.107842,2503,2588,79979995.10982369,66220590.80103624,1358475329.900825,stanford_transfers
DAI,2022-06-04,5881,1944452944.54705,2227,2194,75534566.53963324,81840314.58749656,1828519473.550076,stanford_transfers
DAI,2022-06-05,5483,1265661989.318582,1813,2164,220407976.4033236,204972732.3367542,1121245529.051851,stanford_transfers
DAI,2022-06-06,6973,1337868435.627863,2289,2556,101637127.7607638,76257943.1884006,1130971442.792316,stanford_transfers
DAI,2022-06-07,7551,2722034056.278855,2286,2461,203850052.7385241,156390849.524008,2456078614.400599,stanford_transfers
DAI,2022-06-08,5759,1391711623.681339,2089,2214,182685242.258164,115289268.9661446,1235177520.012641,stanford_transfers
DAI,2022-06-09,6379,1552646963.668766,2242,2450,42945942.91149127,32014147.43822022,1423286730.453478,stanford_transfers
DAI,2022-06-10,9294,1971576348.219346,2822,2990,261057046.4890193,187801108.3325591,1672231388.270324,stanford_transfers
DAI,2022-06-11,15552,3134322410.676169,3966,3836,165521843.9689198,208574913.0515913,2685418166.465947,stanford_transfers
DAI,2022-06-12,17626,5787365067.060414,4075,3928,325165291.8903024,344273426.9145917,5339743915.851358,stanford_transfers
DAI,2022-06-13,29742,9996489214.481094,7025,6421,740540550.2736888,875735834.5437357,8744017900.981379,stanford_transfers
DAI,2022-06-14,20735,6683900074.757488,5972,4956,341322658.3551617,442189638.0233238,5968905087.84744,stanford_transfers
DAI,2022-06-15,20422,5961172432.058776,5041,4863,498986991.5494441,582107396.8432102,5253234762.838512,stanford_transfers
DAI,2022-06-16,13949,4703590301.604326,3807,3643,348628247.9380882,387152985.6121795,4293742848.741581,stanford_transfers
DAI,2022-06-17,11901,6110351857.831834,3575,3357,258810109.0921023,127168145.8732866,5736283541.239799,stanford_transfers
DAI,2022-06-18,21725,13351522423.21524,5077,5241,674320122.5029515,757749548.7390982,12527084361.57045,stanford_transfers
DAI,2022-06-19,17710,5375347124.521817,4343,3667,92276132.82972161,93440708.93933232,4854747050.939835,stanford_transfers
DAI,2022-06-20,18933,3561484026.411041,7645,3368,174719397.1540513,177725380.001503,3116805832.408439,stanford_transfers
DAI,2022-06-21,10977,3880549746.482548,2877,3026,189433547.767732,151266059.3266446,3619508280.648239,stanford_transfers
DAI,2022-06-22,13675,1792857127.523404,3225,3284,87082873.67693967,72189336.32723188,1561980551.459854,stanford_transfers
DAI,2022-06-23,13652,4244362913.501271,3422,3322,147749866.923324,152719363.9824071,4009007918.452677,stanford_transfers
DAI,2022-06-24,9070,4749777058.975935,2715,2583,106999425.0103652,112778076.2570024,4503810708.988083,stanford_transfers
DAI,2022-06-25,6602,593234789.3319337,2120,1955,103534242.8221079,81617759.21251589,438862827.5010744,stanford_transfers
DAI,2022-06-26,5968,2297669993.320846,2123,1870,27694793.56207277,45599206.03700869,2187391198.775028,stanford_transfers
DAI,2022-06-27,7321,2101000993.817116,2460,2287,84804584.62480178,79579126.97800389,1912497108.642663,stanford_transfers
DAI,2022-06-28,9071,3090563473.556101,2578,2442,88931186.40892524,170151708.5104062,2807914328.954519,stanford_transfers
DAI,2022-06-29,12125,4267943030.762719,5041,2555,110241424.1415124,28765842.40467488,4025473432.765008,stanford_transfers
DAI,2022-06-30,10803,2966718521.173948,2717,2783,71734384.89865254,83906836.85919449,2704527839.285812,stanford_transfers
DAI,2022-07-01,12228,5898374632.71937,3281,3273,426260461.0804713,349714601.2134476,5621684246.088674,stanford_transfers
DAI,2022-07-02,9111,6665609094.056127,2751,2763,138747688.574186,129312504.8289565,6503692891.822423,stanford_transfers
DAI,2022-07-03,8023,4513849530.057985,2533,2326,133330406.6614438,108480148.9156072,4394889235.076668,stanford_transfers
DAI,2022-07-04,8925,4212139007.11141,2907,2840,295828940.9510345,286381853.4027326,4011504487.482319,stanford_transfers
DAI,2022-07-05,9448,6603858779.032901,2972,2856,204544814.285946,211245787.9320232,6367270357.117428,stanford_transfers
DAI,2022-07-06,8674,1372721411.261413,2663,2649,111008218.0973158,125798762.5018808,1188484744.371707,stanford_transfers
DAI,2022-07-07,7800,4192726082.901516,2737,2643,221692640.8060856,194817331.1744368,4011049673.858467,stanford_transfers
DAI,2022-07-08,8775,3138168407.453725,2744,2670,231005898.2314478,214973469.7265345,2959787303.85527,stanford_transfers
DAI,2022-07-09,6649,6023717489.345722,2340,2303,85267889.29530062,60129510.50401761,5954598456.061693,stanford_transfers
DAI,2022-07-10,6743,5814730280.983364,2409,1970,145444076.1170549,206601273.3764878,5722825297.560404,stanford_transfers
DAI,2022-07-11,7352,6171553237.335227,2377,2443,58719623.86830688,32249622.35976965,6017186773.325212,stanford_transfers
DAI,2022-07-12,8474,5115977810.210233,2840,2526,140491286.0301049,191191755.8137832,4896433848.928218,stanford_transfers
DAI,2022-07-13,9118,3917085992.140068,2542,2474,123905800.650046,70064961.02275288,3707625260.668247,stanford_transfers
DAI,2022-07-14,8680,3004727089.43214,2720,2556,74895856.29886624,33594542.12450238,2791249572.817051,stanford_transfers
DAI,2022-07-15,8361,6757643261.022985,2446,2571,80629767.11002217,42775321.87771054,6561962036.905373,stanford_transfers
DAI,2022-07-16,9184,1367400778.71256,2268,2508,142896712.7327594,89875241.89977758,1186340988.262455,stanford_transfers
DAI,2022-07-17,7878,3435595983.98891,2140,2215,341216532.2229705,215446811.3613375,3266691993.959934,stanford_transfers
DAI,2022-07-18,11931,3229006061.014628,3009,3023,272797095.0959213,214291422.915016,2911496789.79883,stanford_transfers
DAI,2022-07-19,9669,5030132518.937227,2741,2732,67832467.25351681,25624812.04933036,4815943506.805285,stanford_transfers
DAI,2022-07-20,9710,9714931397.452572,3208,2581,47494977.93710519,28210962.2977297,9479193422.3895,stanford_transfers
DAI,2022-07-21,9395,5158105230.986699,2775,2593,34989793.75232949,59462401.25807792,4921015604.188721,stanford_transfers
DAI,2022-07-22,9433,5072949385.830402,2754,2633,338990706.0878011,279142573.3993641,4880938122.588212,stanford_transfers
DAI,2022-07-23,7853,12808114930.48678,2193,2167,194683228.2276685,144619675.7467058,12687701636.99109,stanford_transfers
DAI,2022-07-24,8721,3579763132.555999,2641,2327,17308048.71154881,22895490.14730187,3451865373.925861,stanford_transfers
DAI,2022-07-25,9409,3114458152.489196,2863,2588,67590601.21021764,107294149.3994859,2948072911.301838,stanford_transfers
DAI,2022-07-26,9579,3245110577.939046,2651,2626,343378788.5771244,333380486.8704029,3039695053.041475,stanford_transfers
DAI,2022-07-27,11791,4490679509.910872,3767,2975,86748318.39204988,42140046.12273706,4269055202.749762,stanford_transfers
DAI,2022-07-28,11231,5537498315.270659,2903,3111,130707339.461962,70850961.41820575,5244582810.745788,stanford_transfers
DAI,2022-07-29,10198,10579703392.86378,2706,2844,69202126.74597847,39636134.68691403,10348382765.99791,stanford_transfers
DAI,2022-07-30,10471,3220234156.657903,3872,2511,49513983.80109528,66812715.64665443,3067855689.597675,stanford_transfers
DAI,2022-07-31,8366,3040611837.548708,2631,2488,39127315.98032777,68174966.83033492,2950482961.252707,stanford_transfers
DAI,2022-08-01,9594,8826993187.051207,3381,3173,239819930.4590119,222988119.9868241,8629593711.035976,stanford_transfers
DAI,2022-08-02,10917,12814448805.50928,3431,2949,503462694.9226919,561505090.2987108,12579576497.68067,stanford_transfers
DAI,2022-08-03,9496,11014846617.2801,3339,2866,39960605.21461728,27240234.79660887,10861684937.23095,stanford_transfers
DAI,2022-08-04,8104,7724515193.297953,2509,2809,354958405.7943951,309041946.3615589,7555570601.549675,stanford_transfers
DAI,2022-08-05,9478,3871657945.605015,3032,2674,250360591.5001164,199521685.4375446,3685534631.721574,stanford_transfers
DAI,2022-08-06,7284,2963847645.910156,2610,2263,46808726.4723165,7367606.063784323,2852720117.028913,stanford_transfers
DAI,2022-08-07,8636,2471507029.828181,3563,2323,27592843.42994181,99075556.48787355,2318380886.515465,stanford_transfers
DAI,2022-08-08,10366,11786496574.08152,3020,3221,264080517.1927278,233913017.3037444,11438908656.17531,stanford_transfers
DAI,2022-08-09,12147,4250846344.417734,2840,3074,92261512.00427586,60079774.24617075,3940660171.155261,stanford_transfers
DAI,2022-08-10,11646,6145856991.12452,2982,2938,500358682.3972034,453455741.0408481,5858886115.392591,stanford_transfers
DAI,2022-08-11,12098,8352072612.69404,3502,3274,230647288.8535997,340835730.7290928,7988253346.641029,stanford_transfers
DAI,2022-08-12,9625,4520049558.803656,3105,2822,278519509.7261868,450418038.1683901,4280205402.911437,stanford_transfers
DAI,2022-08-13,10520,6654268053.666753,2886,2777,76651718.63924074,58284665.84989761,6435679424.651276,stanford_transfers
DAI,2022-08-14,10627,8550108459.802905,2638,2646,142093772.2830565,185758456.8901224,8372748873.92119,stanford_transfers
DAI,2022-08-15,9389,5659581663.454719,2808,2504,24284127.27807064,32894472.26272995,5449704512.11308,stanford_transfers
DAI,2022-08-16,9248,2301851261.196566,2879,2611,45146635.62449643,71490304.63294467,2087440092.226473,stanford_transfers
DAI,2022-08-17,10057,17907106069.69423,2993,2603,47617770.8505753,86112556.38318042,17646657814.76742,stanford_transfers
DAI,2022-08-18,7960,5788281001.411496,2556,2386,689090757.4308169,731108392.3087268,5647612659.309413,stanford_transfers
DAI,2022-08-19,13390,10452677418.30032,3018,2941,78863509.92906305,130687421.1177086,10047574707.20365,stanford_transfers
DAI,2022-08-20,11365,14398178192.64308,2688,2354,198333807.8449212,253490812.8073551,14132122776.6593,stanford_transfers
DAI,2022-08-21,12152,9881638121.0414,3777,2241,60095049.26297866,95974218.64912678,9646622079.679527,stanford_transfers
DAI,2022-08-22,11557,6872821426.225026,2526,2454,116399044.567716,140054200.5367751,6646995657.032036,stanford_transfers
DAI,2022-08-23,11507,11215328930.5114,2628,2625,96181655.50181267,112755094.2351277,10880548759.54168,stanford_transfers
DAI,2022-08-24,9253,2235135977.120379,2634,2408,83227266.05236351,97041980.86356136,1975775074.811926,stanford_transfers
DAI,2022-08-25,8333,2331274939.650655,2368,2376,89644409.93478082,73586281.17908596,2195306290.342657,stanford_transfers
DAI,2022-08-26,11805,7406656789.730213,2633,2632,91838980.94595563,99593668.30916408,7097043182.931896,stanford_transfers
DAI,2022-08-27,10341,7667066923.908215,2582,2337,40193282.37308478,66438986.91031598,7503721486.482924,stanford_transfers
DAI,2022-08-28,7930,5428408708.88662,2282,2143,59209217.55203146,63922953.57833269,5281124104.70118,stanford_transfers
DAI,2022-08-29,14808,27799210175.9972,3097,2567,88509118.51306456,79638455.81477948,27520777887.02918,stanford_transfers
DAI,2022-08-30,14645,12106475963.10636,2565,2522,528997139.2342458,497743957.7715616,11820701071.31336,stanford_transfers
DAI,2022-08-31,10486,3055165339.395203,2563,2485,20425721.99983114,21814349.42069901,2813051881.348178,stanford_transfers
DAI,2022-09-01,9323,2349536677.141483,2572,2625,108701852.5445172,72292126.08178493,2184896968.988285,stanford_transfers
DAI,2022-09-02,9565,4850037133.276347,2636,2586,87084808.2155872,93017096.57398605,4644333749.502973,stanford_transfers
DAI,2022-09-03,7929,10192163467.32574,2348,2009,10970052.08532879,18726890.58913665,10016591023.83502,stanford_transfers
DAI,2022-09-04,7243,2725595099.457726,2109,1965,113220674.2467969,201179389.5755419,2584151688.223311,stanford_transfers
DAI,2022-09-05,9312,3450104964.002954,2892,2648,120396577.2874402,145453677.308341,3268990338.393167,stanford_transfers
DAI,2022-09-06,13249,4687360640.998362,2899,2937,128335279.695858,142280654.2126972,4450744832.607515,stanford_transfers
DAI,2022-09-07,11634,6899972307.56153,2944,3096,167142561.6555161,172943256.8602019,6656570365.076574,stanford_transfers
DAI,2022-09-08,9873,1625096306.43829,2466,2758,77452396.17394903,69986538.23106453,1448897362.742768,stanford_transfers
DAI,2022-09-09,9577,2176017399.245391,2553,2746,36208647.67006116,34584316.7837668,2028251517.907809,stanford_transfers
DAI,2022-09-10,9454,3909766300.500074,2220,2579,48658495.02012837,24605232.46582079,3762264885.171574,stanford_transfers
DAI,2022-09-11,12371,12497867868.17681,2548,2774,21462059.188114,15938694.97348992,12336655104.40948,stanford_transfers
DAI,2022-09-12,11137,3707413677.146768,2710,3005,26136433.72620513,39071141.75992824,3483175990.198133,stanford_transfers
DAI,2022-09-13,13057,7114148039.912839,2883,3083,40940654.41424231,78839650.06033476,6803545040.244164,stanford_transfers
DAI,2022-09-14,12963,12217977746.83491,3444,3343,98381867.00798693,105819294.3010679,11919407216.44267,stanford_transfers
DAI,2022-09-15,16000,15259840028.03765,4259,4057,57898152.34969148,68499372.1735962,14934943158.80579,stanford_transfers
DAI,2022-09-16,12355,4439942006.81117,3261,3571,47661730.0085959,45868717.60310758,4210111841.656988,stanford_transfers
DAI,2022-09-17,12519,5373077152.422126,3240,3136,20989309.0056101,20843303.12949675,5186273421.243553,stanford_transfers
DAI,2022-09-18,18018,5862127705.36532,5877,3277,102651938.6311398,53458086.61685735,5672882835.633547,stanford_transfers
DAI,2022-09-19,17222,23618076403.92326,4636,3669,109175186.8793307,152950242.9544495,23374619249.5953,stanford_transfers
DAI,2022-09-20,13141,5308368832.011352,2999,3653,150338518.726579,111486029.0826017,5086828088.694806,stanford_transfers
DAI,2022-09-21,18863,6558367305.857569,5400,3768,119434539.0206857,124486244.8103736,6166335886.018293,stanford_transfers
DAI,2022-09-22,19495,19165412310.85146,3701,3795,171755476.7727804,111149922.6108748,18835190577.02586,stanford_transfers
DAI,2022-09-23,15105,4193520766.314057,2968,2959,83469510.34457114,81469514.60296807,3822553259.331016,stanford_transfers
DAI,2022-09-24,10496,4808962835.725488,2763,2378,41099654.71818491,44879607.92616554,4608668592.583397,stanford_transfers
DAI,2022-09-25,9081,4803197524.646618,2137,2116,47788534.90302381,49814555.4241467,4689513106.002922,stanford_transfers
DAI,2022-09-26,10651,3441562507.940048,2631,2752,58736651.96968499,67724004.12931964,3235901861.567939,stanford_transfers
DAI,2022-09-27,9672,4847429649.059714,2465,2588,25561249.74773842,37353409.40631495,4642339697.545983,stanford_transfers
DAI,2022-09-28,10438,4214534245.840613,2622,2585,12932741.09260943,57563665.7529217,3978092055.352866,stanford_transfers
DAI,2022-09-29,9766,4694215587.038399,2529,2476,83920977.97114944,76534881.01188464,4512672451.361602,stanford_transfers
DAI,2022-09-30,9606,2976757012.989149,2573,2462,37599637.58712342,39577900.99303216,2789167199.936436,stanford_transfers
DAI,2022-10-01,8980,5054126875.631789,2549,2603,36652834.01661313,39509263.33530322,4921307012.006233,stanford_transfers
DAI,2022-10-02,10465,14846593845.66243,2554,2495,31177771.99707339,64028126.46964869,14716190819.4873,stanford_transfers
DAI,2022-10-03,8278,5496892589.088473,2457,2568,38888522.9442304,85729885.657872,5349541679.10594,stanford_transfers
DAI,2022-10-04,8939,3030567578.563323,2686,2585,145245361.5696592,125603350.5037945,2862747025.0316,stanford_transfers
DAI,2022-10-05,9009,8279801094.14295,2552,2594,523769383.8591098,532226851.840081,8133613374.603416,stanford_transfers
DAI,2022-10-06,9512,7856605775.991767,2831,2672,39015306.96524484,48428710.62255468,7680938197.081671,stanford_transfers
DAI,2022-10-07,8665,5047768521.677899,2466,2571,42747029.57530472,59495251.03969178,4912948970.232239,stanford_transfers
DAI,2022-10-08,5855,980421652.0506606,1843,1869,12455243.51665797,11479513.43993327,894092700.4102435,stanford_transfers
DAI,2022-10-09,4463,1078898724.900907,1501,1449,25412706.89613662,33114926.49262919,1013256871.383875,stanford_transfers
DAI,2022-10-10,5211,616749457.3418111,1846,1861,69578486.82418904,95288157.88238767,508498414.803485,stanford_transfers
DAI,2022-10-11,7431,2066653350.808833,2388,2323,41827883.37472915,76055589.34394428,1955102332.567137,stanford_transfers
DAI,2022-10-12,6993,1866060397.83264,2239,2249,190113641.3405974,234465350.9058622,1759188644.995123,stanford_transfers
DAI,2022-10-13,10856,4629689216.746442,2971,2791,556223069.6562389,720897648.7059251,4440475273.673152,stanford_transfers
DAI,2022-10-14,8135,965434680.1622844,2439,2481,64689639.95149978,72503456.38621485,820796109.061135,stanford_transfers
DAI,2022-10-15,5339,534550766.1804513,1655,1788,6549486.551663759,17097155.73825418,482458515.7786387,stanford_transfers
DAI,2022-10-16,6282,166013664.4495049,1794,1702,21322566.315127,18780510.52849858,116593095.8567778,stanford_transfers
DAI,2022-10-17,6314,1721159914.614325,1995,2110,114683239.9111485,134750090.5410161,1596236621.096226,stanford_transfers
DAI,2022-10-18,6300,368279891.4492784,2119,2068,29559051.1732362,28323290.15758888,247193279.9343129,stanford_transfers
DAI,2022-10-19,7203,1628366693.940049,2287,2488,174780085.1308109,300414095.253458,1489636271.67142,stanford_transfers
DAI,2022-10-20,7203,979966253.9886168,2129,2186,25820386.671122,105811459.0432468,853823565.4754472,stanford_transfers
DAI,2022-10-21,6107,1052035645.032956,2087,2101,54112626.25445294,103709071.6171783,948098714.833821,stanford_transfers
DAI,2022-10-22,5575,685045401.0564553,1759,1897,30953018.1513574,23307537.84831525,591537878.1862321,stanford_transfers
DAI,2022-10-23,6454,1236987614.485815,2012,2092,61211530.4787915,29119993.19547744,1147235701.27131,stanford_transfers
DAI,2022-10-24,7355,2354263595.995298,2506,2424,80916878.52222173,82808892.08914162,2208965760.270114,stanford_transfers
DAI,2022-10-25,9673,3987568579.067047,2709,2849,228967493.3830145,223725140.4889058,3747571123.691464,stanford_transfers
DAI,2022-10-26,10908,1745907505.884799,2905,2922,119141595.1348318,117525452.9414459,1541112030.596441,stanford_transfers
DAI,2022-10-27,11055,2488872617.449477,3146,2669,72856429.78536989,67459416.66868097,2286529182.268627,stanford_transfers
DAI,2022-10-28,9658,2297625830.441742,2801,2898,213828216.328115,245237638.347669,2112776809.304968,stanford_transfers
DAI,2022-10-29,9815,3027073605.973611,2431,2652,457772273.8352723,441028915.3597617,2863096803.48344,stanford_transfers
DAI,2022-10-30,9082,2779430009.818384,2434,2672,210301368.0202826,218151528.2415313,2663559291.281818,stanford_transfers
DAI,2022-10-31,9282,1480891462.043926,2724,2911,126959302.0533573,218146561.1282138,1268536116.328022,stanford_transfers
DAI,2022-11-01,1821,110680058.9940048,642,692,8622616.787175002,15900485.744332,85076354.2362388,stanford_transfers
PAX,2022-04-01,191,68182571.76860961,94,104,22439753.74,0.0,53140042.8539709,stanford_transfers
PAX,2022-04-02,167,11382782.41583275,82,95,0.0,0.0,3421325.73487291,stanford_transfers
PAX,2022-04-03,145,7336792.922759847,89,86,0.0,0.0,2127646.12945765,stanford_transfers
PAX,2022-04-04,242,26011049.84286306,124,142,1462595.69,0.0,14054392.94317474,stanford_transfers
PAX,2022-04-05,270,116261521.377317,162,139,15946891.48,0.0,95493084.40172,stanford_transfers
PAX,2022-04-06,402,94103612.78419715,163,166,1614272.12,7626301.16,66096957.06948783,stanford_transfers
PAX,2022-04-07,225,27952933.80394101,124,112,1856031.99,0.0,11662705.74,stanford_transfers
PAX,2022-04-08,313,62945374.51655944,141,142,0.0,5383365.14,36317264.46152993,stanford_transfers
PAX,2022-04-09,149,15184223.48885045,106,92,35680.77,0.0,6960000.0,stanford_transfers
PAX,2022-04-10,157,5733937.369775262,94,76,0.0,0.0,0.0,stanford_transfers
PAX,2022-04-11,365,36609069.73290677,135,148,2185361.05,0.0,13899372.18,stanford_transfers
PAX,2022-04-12,274,68426906.47031224,145,139,3326366.83,0.0,50814805.31384976,stanford_transfers
PAX,2022-04-13,252,81340284.61808929,127,122,3556736.85,0.01,64465920.43293055,stanford_transfers
PAX,2022-04-14,234,37494748.96053864,141,113,1567979.82,0.0,21838947.72873823,stanford_transfers
PAX,2022-04-15,168,51952510.52330539,106,100,272400.0,0.0,43985705.46950475,stanford_transfers
PAX,2022-04-16,106,8485290.662422331,74,65,0.0,0.0,6080916.0363929,stanford_transfers
PAX,2022-04-17,138,1963514.566210632,74,69,0.0,0.0,0.0,stanford_transfers
PAX,2022-04-18,278,50811318.13027538,143,132,3169414.1,0.0,34036267.84601862,stanford_transfers
PAX,2022-04-19,333,38076485.11174432,247,122,1205794.13,0.0,24054520.59,stanford_transfers
PAX,2022-04-20,209,106068955.1720876,114,113,6867388.67,0.0,87895404.31478806,stanford_transfers
PAX,2022-04-21,229,29120799.854732,108,108,965312.97,0.0,11962458.18573284,stanford_transfers
PAX,2022-04-22,249,59321629.50954664,133,135,1823377.76,9520019.56,36418421.18000001,stanford_transfers
PAX,2022-04-23,92,1936672.545588892,66,61,0.0,0.0,0.0,stanford_transfers
PAX,2022-04-24,128,10097983.44266094,69,68,0.0,0.0,2392795.75390872,stanford_transfers
PAX,2022-04-25,306,54448923.94148849,129,142,4194875.78,0.0,24865548.89747,stanford_transfers
PAX,2022-04-26,292,35473441.1064078,157,133,1701808.39,0.0,14792462.41,stanford_transfers
PAX,2022-04-27,305,68211717.62709408,140,141,278551.4,0.0,41581567.37110979,stanford_transfers
PAX,2022-04-28,345,87628825.90391855,178,126,0.0,5525476.34,61876631.29981244,stanford_transfers
PAX,2022-04-29,272,120066095.2449625,149,142,203832.96,0.0,98330107.55647999,stanford_transfers
PAX,2022-04-30,151,13413082.43588914,80,87,0.0,0.0,2616364.0,stanford_transfers
PAX,2022-05-01,156,39473850.71005216,72,74,0.0,0.0,29328417.51585085,stanford_transfers
PAX,2022-05-02,257,31620039.72198034,131,135,1515615.72,0.0,17375932.36,stanford_transfers
PAX,2022-05-03,250,60127031.71939829,133,141,0.0,8055021.4,37292671.93685862,stanford_transfers
PAX,2022-05-04,280,111219866.426247,135,125,2923364.59,17522106.91,87953763.52858952,stanford_transfers
PAX,2022-05-05,291,98331422.21352534,137,139,1001320.8,8508671.41,69293270.4812468,stanford_transfers
PAX,2022-05-06,306,69885530.79165734,134,130,1449416.4,0.0,44240606.26537562,stanford_transfers
PAX,2022-05-07,177,47577131.84214116,94,85,0.0,0.0,37738911.05300239,stanford_transfers
PAX,2022-05-08,255,35166221.6607368,113,101,0.0,8774620.29,18409126.04,stanford_transfers
PAX,2022-05-09,603,51266046.49052898,192,189,1776251.53,0.0,12113020.38,stanford_transfers
PAX,2022-05-10,704,146765411.1276534,235,213,2286887.42,10296845.59,100651487.7928965,stanford_transfers
PAX,2022-05-11,843,113350051.513565,215,266,2192425.65,0.01,44370370.62828615,stanford_transfers
PAX,2022-05-12,1279,557194410.8063211,319,369,1477039.85,9695839.18,459107664.3507724,stanford_transfers
PAX,2022-05-13,686,138924103.7571602,255,219,49964.1,27037981.82,93727540.0810484,stanford_transfers
PAX,2022-05-14,403,15129406.98716822,135,130,689194.93,0.0,0.0,stanford_transfers
PAX,2022-05-15,463,11011494.1514127,195,147,0.0,0.0,1860000.0,stanford_transfers
PAX,2022-05-16,565,38262243.17019343,181,183,2343403.5,0.0,18699407.8,stanford_transfers
PAX,2022-05-17,470,115086080.7823375,196,163,6458316.74,0.0,77407334.68845086,stanford_transfers
PAX,2022-05-18,423,36625424.28483509,154,162,1660119.03,0.0,13426000.91206514,stanford_transfers
PAX,2022-05-19,546,68920255.057041,269,150,3680148.13,0.0,42645154.16857043,stanford_transfers
PAX,2022-05-20,366,51318679.4987069,131,133,0.0,8581826.69,20720862.460211,stanford_transfers
PAX,2022-05-21,171,2935358.504948569,87,79,0.0,0.0,0.0,stanford_transfers
PAX,2022-05-22,235,3688588.012574854,121,82,0.0,0.0,0.0,stanford_transfers
PAX,2022-05-23,489,45057801.1152064,255,135,2219938.44,0.0,24628742.44875862,stanford_transfers
PAX,2022-05-24,322,26807717.7716116,153,138,1267958.23,0.0,7310235.529999999,stanford_transfers
PAX,2022-05-25,293,37837429.14682463,118,113,3146235.54,0.0,22484119.94196411,stanford_transfers
PAX,2022-05-26,442,47955764.03808552,162,158,1159128.38,0.0,21052796.96,stanford_transfers
PAX,2022-05-27,440,30822047.82579953,134,137,235757.36,0.0,9777122.57,stanford_transfers
PAX,2022-05-28,249,5548193.97455807,120,110,0.0,0.0,0.0,stanford_transfers
PAX,2022-05-29,200,4286592.698063537,84,85,0.0,0.0,0.0,stanford_transfers
PAX,2022-05-30,330,17485054.8030925,134,132,0.0,0.0,0.0,stanford_transfers
PAX,2022-05-31,346,62268182.06673334,148,155,3925960.75,0.0,36718889.53190794,stanford_transfers
PAX,2022-06-01,352,62615957.07513291,151,145,2868709.93,0.0,38921404.75475075,stanford_transfers
PAX,2022-06-02,256,38813211.00751686,114,117,2177854.77,0.0,25313891.73291282,stanford_transfers
PAX,2022-06-03,297,123485515.4873622,152,115,0.0,23524168.34,109073424.249,stanford_transfers
PAX,2022-06-04,124,2662362.334021996,68,67,0.0,0.0,0.0,stanford_transfers
PAX,2022-06-05,117,3386968.227621666,71,67,0.0,0.0,0.0,stanford_transfers
PAX,2022-06-06,249,48817259.71083582,123,111,419001.38,5756727.76,25324507.0,stanford_transfers
PAX,2022-06-07,373,56074389.84159077,134,123,760321.23,2530013.6,35688763.09,stanford_transfers
PAX,2022-06-08,291,33555277.46805412,111,107,118209.56,0.0,17173445.0594412,stanford_transfers
PAX,2022-06-09,205,50704817.32976183,102,106,0.0,443646.05,35551446.42799557,stanford_transfers
PAX,2022-06-10,257,32692776.46013502,102,105,364705.92,4345454.45,14524789.91,stanford_transfers
PAX,2022-06-11,410,19646578.79178231,143,141,0.01,0.0,5357036.73351326,stanford_transfers
PAX,2022-06-12,488,12188301.62790999,110,121,0.0,0.0,0.0,stanford_transfers
PAX,2022-06-13,1347,174782409.3773301,262,280,592782.07,20268954.83,111614318.5241986,stanford_transfers
PAX,2022-06-14,1444,120019811.3237679,487,258,34694.38,10294565.61,70321442.19507875,stanford_transfers
PAX,2022-06-15,1433,136685027.9752357,268,271,60233.55,5458597.109999999,57450567.54673719,stanford_transfers
PAX,2022-06-16,882,55388957.69822475,212,192,209559.12,6143919.91,23783764.12487665,stanford_transfers
PAX,2022-06-17,672,30026199.11090188,191,174,975889.8300000001,0.0,5899966.560000001,stanford_transfers
PAX,2022-06-18,847,31774916.0412304,205,177,0.0,0.0,2000000.0,stanford_transfers
PAX,2022-06-19,553,47652032.4374607,147,138,369991.65,0.0,36445630.58018635,stanford_transfers
PAX,2022-06-20,505,12547907.37942035,139,127,0.0,0.0,0.0,stanford_transfers
PAX,2022-06-21,495,54265349.77640001,177,180,1414260.97,12429829.55,31564487.09916521,stanford_transfers
PAX,2022-06-22,430,39846155.9708176,172,152,0.0,4483972.72,23014635.73,stanford_transfers
PAX,2022-06-23,368,35932615.485514,155,127,1234350.97,0.01,21002392.95,stanford_transfers
PAX,2022-06-24,361,22243851.68994152,126,125,670683.2,0.0,3834418.34426419,stanford_transfers
PAX,2022-06-25,202,2765282.914019363,71,61,0.0,0.0,0.0,stanford_transfers
PAX,2022-06-26,202,8174320.026301945,70,68,0.0,0.0,1051046.0,stanford_transfers
PAX,2022-06-27,307,27880452.53284283,125,132,443659.95,0.01,3920486.18222376,stanford_transfers
PAX,2022-06-28,324,31168195.49917506,122,132,116650.72,0.0,11382287.62,stanford_transfers
PAX,2022-06-29,384,89928315.36336398,172,158,0.0,15123828.45,70384831.06663242,stanford_transfers
PAX,2022-06-30,402,21129250.14804827,143,156,99966.11,2521581.88,2521581.88,stanford_transfers
PAX,2022-07-01,463,10035148.55729007,165,184,354845.68,0.0,0.0,stanford_transfers
PAX,2022-07-02,325,12068793.64255387,157,124,0.0,0.0,1500480.0,stanford_transfers
PAX,2022-07-03,314,11571050.89147543,149,120,0.0,0.0,3990558.65244221,stanford_transfers
PAX,2022-07-04,373,8746325.287999706,118,148,0.0,0.0,1028039.69882451,stanford_transfers
PAX,2022-07-05,478,27889558.02929342,177,170,76644.51999999999,5022220.37,13158849.71698906,stanford_transfers
PAX,2022-07-06,367,24337592.70566693,144,127,150520.87,0.0,7625833.51939049,stanford_transfers
PAX,2022-07-07,201,13526384.9475219,92,95,71530.36,0.0,5676933.46,stanford_transfers
PAX,2022-07-08,378,15878469.88203483,134,129,28581.56,0.0,6000000.0,stanford_transfers
PAX,2022-07-09,189,5964453.890865989,78,78,0.0,0.0,0.0,stanford_transfers
PAX,2022-07-10,192,5827137.498104019,89,88,0.0,0.0,0.0,stanford_transfers
PAX,2022-07-11,322,52542372.41125124,156,122,0.0,4845793.6,38547682.71096964,stanford_transfers
PAX,2022-07-12,261,33427043.2938315,102,108,0.0,4565083.91,24961623.984758,stanford_transfers
PAX,2022-07-13,307,7883617.923655469,104,105,21925.39,0.01,0.0,stanford_transfers
PAX,2022-07-14,297,7991172.118250853,100,115,108202.05,0.0,0.0,stanford_transfers
PAX,2022-07-15,346,16599232.45209826,132,126,26840.93,0.0,3708125.5347507,stanford_transfers
PAX,2022-07-16,308,20010221.08849362,83,89,0.0,0.0,12050745.4127053,stanford_transfers
PAX,2022-07-17,352,10819317.56206657,140,100,0.0,0.0,2996091.84261989,stanford_transfers
PAX,2022-07-18,453,27155172.01958181,143,139,0.01,4750984.62,9366426.4928399,stanford_transfers
PAX,2022-07-19,512,23200642.65145938,169,131,178885.56,0.0,9134792.96194206,stanford_transfers
PAX,2022-07-20,356,98047485.75779921,107,101,40115605.53,0.0,85915421.07544792,stanford_transfers
PAX,2022-07-21,313,12502819.97937626,86,84,0.0,4411220.48,5411304.380000001,stanford_transfers
PAX,2022-07-22,305,34048350.81409229,107,108,48748.04,0.0,26467174.32999999,stanford_transfers
PAX,2022-07-23,276,4611895.142928704,79,74,0.0,0.0,0.0,stanford_transfers
PAX,2022-07-24,292,4937813.141338862,79,74,0.0,0.0,0.0,stanford_transfers
PAX,2022-07-25,426,26111271.25513867,120,108,7221.37,0.0,15648700.02,stanford_transfers
PAX,2022-07-26,317,8958476.18199925,107,99,180809.49,0.0,1345699.0,stanford_transfers
PAX,2022-07-27,289,12530038.23084892,102,106,65492.07,0.0,1344600.0,stanford_transfers
PAX,2022-07-28,369,14836573.62290505,127,115,28980.62,0.0,3745362.80296362,stanford_transfers
PAX,2022-07-29,340,14744428.80107598,108,97,0.0,4348953.66,7791853.66,stanford_transfers
PAX,2022-07-30,229,7242198.846782075,78,74,0.0,0.0,0.0,stanford_transfers
PAX,2022-07-31,193,4539382.102165549,69,68,0.0,0.0,0.0,stanford_transfers
PAX,2022-08-01,272,8676479.720428597,108,103,52429.66,0.0,0.0,stanford_transfers
PAX,2022-08-02,348,4810320.016543487,102,109,28507.37,0.0,0.0,stanford_transfers
PAX,2022-08-03,269,4498330.402747818,116,110,53416.55,0.0,0.0,stanford_transfers
PAX,2022-08-04,253,6772103.639031737,96,93,20471.05,0.0,0.0,stanford_transfers
PAX,2022-08-05,288,8464234.27908931,105,95,32663.65,0.0,0.0,stanford_transfers
PAX,2022-08-06,160,1966259.966187501,65,66,0.0,0.0,0.0,stanford_transfers
PAX,2022-08-07,130,1347417.159846142,54,50,0.0,0.0,0.0,stanford_transfers
PAX,2022-08-08,279,16924097.26478967,108,102,95.61,4238145.57,5884719.77990125,stanford_transfers
PAX,2022-08-09,297,15326363.09235215,125,116,0.0,0.0,4577667.0132066,stanford_transfers
PAX,2022-08-10,275,8494380.431655342,98,90,0.01,0.01,1000025.0,stanford_transfers
PAX,2022-08-11,349,22068272.83807924,121,120,0.0,4399506.76,11880589.30593815,stanford_transfers
PAX,2022-08-12,266,23232098.36952737,117,115,0.01,0.0,7750552.35545655,stanford_transfers
PAX,2022-08-13,228,3164882.882166075,97,87,0.0,0.0,0.0,stanford_transfers
PAX,2022-08-14,265,2175749.628901471,78,74,0.0,0.01,0.0,stanford_transfers
PAX,2022-08-15,348,17521683.58026014,121,100,0.0,4455701.66,7745272.43904,stanford_transfers
PAX,2022-08-16,195,3212424.662317847,71,71,16813.24,0.0,0.0,stanford_transfers
PAX,2022-08-17,295,119238316.7720193,137,101,0.0,6403781.41,111802420.0,stanford_transfers
PAX,2022-08-18,205,47306185.48398264,86,89,0.0,43000000.0,42999999.99,stanford_transfers
PAX,2022-08-19,343,110491899.5275506,115,121,39999900.01000001,0.01,101600538.2990381,stanford_transfers
PAX,2022-08-20,284,200129529.8378373,93,87,0.0,0.0,196437069.541407,stanford_transfers
PAX,2022-08-21,267,2748114.987169391,77,70,0.0,0.0,0.0,stanford_transfers
PAX,2022-08-22,266,44880727.92078891,84,93,0.03,0.01,40334744.372919,stanford_transfers
PAX,2022-08-23,299,129174621.9108346,92,91,30000000.01,0.02,120000000.01,stanford_transfers
PAX,2022-08-24,232,125870906.2267368,92,85,30000000.01,0.0,120000000.01,stanford_transfers
PAX,2022-08-25,210,162671562.1211411,93,93,40000000.0,0.01,160000000.0,stanford_transfers
PAX,2022-08-26,305,58310830.68039491,98,93,13000000.01,0.01,52000000.0,stanford_transfers
PAX,2022-08-27,331,4123271.547746154,95,92,0.0,0.0,0.0,stanford_transfers
PAX,2022-08-28,214,2863978.090141173,82,74,0.0,0.0,0.0,stanford_transfers
PAX,2022-08-29,263,41753735.42188846,113,83,10000000.99,4251361.47,34435006.24,stanford_transfers
PAX,2022-08-30,256,21797255.13849415,84,83,20658.6,0.0,17599980.0,stanford_transfers
PAX,2022-08-31,279,7273310.835634662,82,86,135570.08,0.0,2767839.00550854,stanford_transfers
PAX,2022-09-01,274,4831700.787489073,108,95,25973.57,0.0,0.0,stanford_transfers
PAX,2022-09-02,267,7167585.461202632,93,87,40363.56,0.0,2524076.3202909,stanford_transfers
PAX,2022-09-03,230,1391666.949856627,129,86,0.0,0.0,0.0,stanford_transfers
PAX,2022-09-04,128,798296.4878931337,69,62,0.0,0.0,0.0,stanford_transfers
PAX,2022-09-05,237,8263492.023610501,109,111,0.0,0.0,4566415.4802909,stanford_transfers
PAX,2022-09-06,387,13786133.22120251,162,126,216491.97,4176234.39,4176234.39,stanford_transfers
PAX,2022-09-07,250,8686802.331965301,104,98,322645.72,0.0,0.0,stanford_transfers
PAX,2022-09-08,277,8070396.993869118,125,64,303662.1300000001,0.0,1800000.0,stanford_transfers
PAX,2022-09-09,219,5016576.738085522,100,111,42949.11,0.0,1800000.0,stanford_transfers
PAX,2022-09-10,165,7724975.635111636,76,62,0.0,0.0,0.0,stanford_transfers
PAX,2022-09-11,169,3047797.461063822,74,73,0.0,0.0,0.0,stanford_transfers
PAX,2022-09-12,255,12409674.60308856,97,87,861907.15,0.0,0.0,stanford_transfers
PAX,2022-09-13,376,15611376.17589911,130,119,194010.57,0.0,3800000.0,stanford_transfers
PAX,2022-09-14,259,20050530.16143832,86,81,3253703.52,0.0,11351671.62951034,stanford_transfers
PAX,2022-09-15,335,16685587.3685533,107,93,0.01,0.0,5947579.14,stanford_transfers
PAX,2022-09-16,283,5823629.259808862,92,74,0.01,0.0,0.0,stanford_transfers
PAX,2022-09-17,204,1186580.032173938,73,65,0.0,0.0,0.0,stanford_transfers
PAX,2022-09-18,222,1908740.183546074,61,52,0.0,0.0,0.0,stanford_transfers
PAX,2022-09-19,409,12299775.76678591,124,114,1217199.14,0.0,0.0,stanford_transfers
PAX,2022-09-20,270,38795046.69493857,86,73,11801688.11,0.0,30104991.08602495,stanford_transfers
PAX,2022-09-21,441,43817296.92812296,165,96,0.0,9168743.12,33168845.33907812,stanford_transfers
PAX,2022-09-22,401,14445994.58682536,125,110,768538.25,0.0,4366447.24827916,stanford_transfers
PAX,2022-09-23,440,22652121.9616171,119,118,1789568.42,0.0,5260537.2682567,stanford_transfers
PAX,2022-09-24,162,2264176.81391055,48,49,0.0,0.0,0.0,stanford_transfers
PAX,2022-09-25,191,1767759.32360654,65,64,0.0,0.0,0.0,stanford_transfers
PAX,2022-09-26,313,26979284.60917015,90,94,715829.3899999999,0.01,10482264.04700226,stanford_transfers
PAX,2022-09-27,230,72190653.21000522,86,78,0.0,15643049.04,66207887.82508363,stanford_transfers
PAX,2022-09-28,319,136804452.6385454,103,100,0.0,21144627.79,122282277.1350836,stanford_transfers
PAX,2022-09-29,280,33084789.27931952,101,88,1668168.1,12572810.58,25909146.7456,stanford_transfers
PAX,2022-09-30,259,48188657.70106705,93,93,5901.6,9994280.08,41883404.08,stanford_transfers
PAX,2022-10-01,160,1523959.191528384,80,85,0.0,0.0,0.0,stanford_transfers
PAX,2022-10-02,178,1242537.373235369,63,56,0.0,0.0,0.0,stanford_transfers
PAX,2022-10-03,267,50493584.61211565,98,96,895831.4400000001,0.0,39798604.67681795,stanford_transfers
PAX,2022-10-04,252,82000739.08053306,132,97,157215.79,0.0,79182595.0,stanford_transfers
PAX,2022-10-05,176,12098859.6847968,84,83,352.07,0.0,8938355.4914797,stanford_transfers
PAX,2022-10-06,281,10690448.61413418,130,117,99.17,0.0,2396349.39111111,stanford_transfers
PAX,2022-10-07,158,52312109.82740974,84,79,0.0,14955541.1,49048484.40641875,stanford_transfers
PAX,2022-10-08,99,6343985.126570457,68,59,0.0,0.0,0.0,stanford_transfers
PAX,2022-10-09,88,4631567.757380794,70,46,0.0,0.0,2101476.0,stanford_transfers
PAX,2022-10-10,99,5691529.031272961,50,47,408670.12,0.0,0.0,stanford_transfers
PAX,2022-10-11,123,5493142.076120569,60,59,0.0,0.0,3899997.0,stanford_transfers
PAX,2022-10-12,105,34451777.12392547,62,54,15010100.58,0.0,33082027.59184676,stanford_transfers
PAX,2022-10-13,269,84214164.72401033,111,92,0.0,20074976.89,73956195.1781808,stanford_transfers
PAX,2022-10-14,214,6351215.156601884,108,98,948496.6600000001,0.0,2134533.0,stanford_transfers
PAX,2022-10-15,106,741547.379153373,65,56,0.0,0.0,0.0,stanford_transfers
PAX,2022-10-16,142,2850616.603826331,76,68,998.86,0.0,2115700.0,stanford_transfers
PAX,2022-10-17,167,10915445.75682662,90,84,99699.57,0.0,3000000.0,stanford_transfers
PAX,2022-10-18,163,2805316.473680346,88,78,100568.64,0.0,0.0,stanford_transfers
PAX,2022-10-19,144,2256849.998025781,83,83,50049.14,0.0,1000139.0,stanford_transfers
PAX,2022-10-20,147,8994749.075469363,90,87,0.0,1853499.87,4954231.85037434,stanford_transfers
PAX,2022-10-21,132,5539152.375759644,79,67,34882.96,0.01,0.0,stanford_transfers
PAX,2022-10-22,96,529390.9409385863,61,56,0.0,0.0,0.0,stanford_transfers
PAX,2022-10-23,110,547489.2939700813,61,51,0.0,0.0,0.0,stanford_transfers
PAX,2022-10-24,132,1753790.61131405,59,53,50187.16,0.0,0.0,stanford_transfers
PAX,2022-10-25,226,6377496.948711369,85,79,195110.38,0.01,0.0,stanford_transfers
PAX,2022-10-26,283,6116316.643279621,97,95,2744.76,0.0,0.0,stanford_transfers
PAX,2022-10-27,231,6037665.678366091,107,86,95091.01,0.0,0.0,stanford_transfers
PAX,2022-10-28,172,2900441.145754386,69,68,50940.86,0.0,0.0,stanford_transfers
PAX,2022-10-29,210,2075644.497873563,71,61,0.0,0.0,0.0,stanford_transfers
PAX,2022-10-30,194,4038784.055930138,108,61,0.0,0.0,0.0,stanford_transfers
PAX,2022-10-31,206,7964001.107714161,80,79,1466568.39,0.01,2031778.79697206,stanford_transfers
PAX,2022-11-01,32,61576333.40410995,11,12,0.0,0.0,61000000.0,stanford_transfers
USDC,2022-04-01,37419,5998725801.233363,13531,15036,431244905.45,235008682.59,4511156793.534426,stanford_transfers
USDC,2022-04-02,54685,4982640292.461202,19548,18771,73576676.72999999,115683690.56,3020781331.863064,stanford_transfers
USDC,2022-04-03,45927,3259890771.758495,16159,16126,51416937.63000001,56114449.47000001,1738190965.177897,stanford_transfers
USDC,2022-04-04,57800,10264949409.0298,19938,22394,796752344.7,901121243.5200001,8040451275.078668,stanford_transfers
USDC,2022-04-05,52471,8797780241.18772,18968,20344,264517379.78,522932458.1700001,6823730553.075857,stanford_transfers
USDC,2022-04-06,61287,10374848069.38794,20357,22080,345314143.0700001,707722272.41,7696006137.302137,stanford_transfers
USDC,2022-04-07,56374,8366196223.846239,20395,20400,407775814.8099999,439886612.72,6171337594.221146,stanford_transfers
USDC,2022-04-08,53093,9646926125.901194,18035,19890,442356545.7700001,497750017.05,7550487128.397885,stanford_transfers
USDC,2022-04-09,41918,3748368440.225214,15507,15425,69777750.52,37303290.1,2500378407.775326,stanford_transfers
USDC,2022-04-10,41178,3086140630.909083,14683,15168,53924192.01,40510989.35999999,1910595107.785385,stanford_transfers
USDC,2022-04-11,67303,13181737575.22476,21813,23602,637488873.87,838393514.9700001,10327876970.69761,stanford_transfers
USDC,2022-04-12,61250,9898496301.296835,23371,21141,378753441.1899999,471538734.3800001,7602269322.361477,stanford_transfers
USDC,2022-04-13,52816,9834356632.39802,18479,19277,440243133.9900001,699291935.4900001,7790700738.399768,stanford_transfers
USDC,2022-04-14,50458,7979065013.947918,18255,18831,314440164.91,515584921.1000001,6104729095.668038,stanford_transfers
USDC,2022-04-15,47650,5559401016.076345,18083,18242,201732235.66,318493988.51,4095114275.890478,stanford_transfers
USDC,2022-04-16,38770,2505069922.283743,14742,14606,16713292.65,19752408.09,1623793844.76949,stanford_transfers
USDC,2022-04-17,46774,6191039411.157195,13335,14231,37783691.18,195705655.83,4902953767.875925,stanford_transfers
USDC,2022-04-18,59532,9517040710.710281,19301,20475,542365783.0699999,620229407.26,7507826174.262158,stanford_transfers
USDC,2022-04-19,56886,8266135139.034962,19219,20453,426762958.69,297015353.7700001,6471177310.706083,stanford_transfers
USDC,2022-04-20,52212,10872091249.22455,17471,18684,339984363.61,625176717.8300002,9041754980.790947,stanford_transfers
USDC,2022-04-21,57480,7815567347.251887,17466,18965,374176013.13,471158159.66,5804054312.292686,stanford_transfers
USDC,2022-04-22,51139,7376626298.023513,17151,17904,294747433.7399999,284067482.7,5557480791.229701,stanford_transfers
USDC,2022-04-23,44407,2593968388.475665,14103,14867,18806858.22,57309442.20000002,1659180192.909277,stanford_transfers
USDC,2022-04-24,38575,2703208391.499632,12873,13813,23353855.84,78984479.92000002,1765325208.015837,stanford_transfers
USDC,2022-04-25,55915,10775480395.95872,18984,20343,754856424.19,787045494.13,8861190695.48275,stanford_transfers
USDC,2022-04-26,54181,9187179720.776724,18482,20511,280680031.4299999,421411911.86,7350197020.121756,stanford_transfers
USDC,2022-04-27,51701,6765714589.01147,18731,19445,202694918.35,189903754.2,4933288834.658995,stanford_transfers
USDC,2022-04-28,57432,9478413181.70992,19179,20855,410745498.27,472831730.3299999,7449315241.980778,stanford_transfers
USDC,2022-04-29,63707,8498288383.151302,20665,22868,319608524.15,437923825.1200001,6469130301.228701,stanford_transfers
USDC,2022-04-30,59538,7713238903.044147,18255,20105,34925600.13,116502309.61,5814562266.976839,stanford_transfers
USDC,2022-05-01,45845,4679283949.081134,15178,17192,97076626.81,155412922.48,3075113135.353832,stanford_transfers
USDC,2022-05-02,55592,10940858904.10629,19536,24291,845070790.6000001,843403113.8799998,9069998076.023098,stanford_transfers
USDC,2022-05-03,50573,8499873861.345836,18715,21249,308874555.53,600479803.6200002,6762240823.227838,stanford_transfers
USDC,2022-05-04,56570,10318243818.56179,20848,20982,412542976.95,659397682.4200001,8268922713.709871,stanford_transfers
USDC,2022-05-05,88202,10553926209.68988,47679,22584,329234876.32,240153903.21,8269574296.018979,stanford_transfers
USDC,2022-05-06,61536,11161804293.76081,22501,21622,339856369.5700001,611829677.0599998,8840478098.480833,stanford_transfers
USDC,2022-05-07,50648,7207145298.36163,17967,18805,33310836.7,40698850.01000001,5591480957.278973,stanford_transfers
USDC,2022-05-08,72455,13253023967.68254,27725,22030,275966316.06,188070121.77,10684649410.91525,stanford_transfers
USDC,2022-05-09,104090,24811201686.13767,28057,33771,947123128.31,1188489308.63,19220545937.86531,stanford_transfers
USDC,2022-05-10,102587,19950207453.41426,29941,30482,806940214.3499999,867371131.3100002,14416825016.01144,stanford_transfers
USDC,2022-05-11,132938,32081278478.01114,31713,40260,1358999292.52,854058788.9500003,24051445977.00496,stanford_transfers
USDC,2022-05-12,156080,43021261068.66314,42926,51254,2164186538.72,1337212566.88,33554591808.96019,stanford_transfers
USDC,2022-05-13,104250,24265804932.4871,34910,34759,1665446542.26,1267295909.110001,20055928587.13413,stanford_transfers
USDC,2022-05-14,75986,12061060884.42696,25401,25454,412679290.15,626781403.21,9898824274.022581,stanford_transfers
USDC,2022-05-15,68803,8005581731.0346,24021,22166,95071205.58,25374383.18,6321986952.288151,stanford_transfers
USDC,2022-05-16,79274,21009495385.03456,25601,27730,1805757992.59,1608947182.62,18599073846.93716,stanford_transfers
USDC,2022-05-17,66686,13200386642.76114,23077,24235,542760896.5600001,351644595.8300001,11114416920.43229,stanford_transfers
USDC,2022-05-18,74025,15753789968.53164,27806,24236,1234127390.07,1101753856.03,13553521120.92822,stanford_transfers
USDC,2022-05-19,68987,18110576335.89088,23019,23116,1155843676.48,895909630.3599999,15766055828.00559,stanford_transfers
USDC,2022-05-20,60284,15687056126.85487,21358,21593,850794255.8700001,677968021.19,13626750421.61833,stanford_transfers
USDC,2022-05-21,44922,7400822926.372703,16077,16137,136860868.23,29617384.77999998,6474131688.310307,stanford_transfers
USDC,2022-05-22,48008,5214745191.335298,17165,16201,98905837.45,41378342.87,4170538461.440542,stanford_transfers
USDC,2022-05-23,69513,17792086041.06083,22048,23501,1244000981.19,1056464828.56,15897277553.94785,stanford_transfers
USDC,2022-05-24,60540,13506004417.81391,20756,21287,562314708.79,464920242.41,11842827157.15986,stanford_transfers
USDC,2022-05-25,53565,11848408610.87136,18883,19401,581457803.44,568992818.2000003,10300707561.53918,stanford_transfers
USDC,2022-05-26,65899,13611105079.5863,19804,22307,453705866.35,658509137.8700001,11056375713.87318,stanford_transfers
USDC,2022-05-27,72937,13221019631.84086,21696,23770,836340511.4200001,516318166.55,10744895443.76399,stanford_transfers
USDC,2022-05-28,51203,5531468298.390032,17616,17902,164400000.0,26905562.61,4379399824.755556,stanford_transfers
USDC,2022-05-29,45217,2947202292.096649,15679,15997,15000000.0,8768553.15,2049652385.070043,stanford_transfers
USDC,2022-05-30,61295,13579415617.24044,20037,21920,756414758.4800001,750869020.1900003,11676012251.77623,stanford_transfers
USDC,2022-05-31,62649,9647260778.040567,21438,25505,365963239.0600002,171412273.56,7760923739.425313,stanford_transfers
USDC,2022-06-01,64933,9633070636.428087,21862,25690,370201845.3500001,314109511.04,7714824858.739518,stanford_transfers
USDC,2022-06-02,53130,9698680062.239162,19535,21227,245213130.46,324952123.16,8026222844.528133,stanford_transfers
USDC,2022-06-03,53393,6564966726.364482,18306,20249,335007082.72,355152886.1999999,5105494593.685564,stanford_transfers
USDC,2022-06-04,41000,3690128004.243454,13685,14984,4319392.140000001,26623460.76999999,2857523800.042358,stanford_transfers
USDC,2022-06-05,39912,4273274910.45362,13562,14394,151185145.69,122643970.62,3455579985.360229,stanford_transfers
USDC,2022-06-06,54461,8901337872.362127,19232,21109,351769682.09,682619331.5299997,7323436787.758138,stanford_transfers
USDC,2022-06-07,60938,9513820234.699917,19871,22964,358008211.13,294317961.9,7546024363.178818,stanford_transfers
USDC,2022-06-08,44814,6753984442.755946,16500,17747,291561098.1299999,334178404.7999999,5194442957.428954,stanford_transfers
USDC,2022-06-09,47093,8740647808.73786,17183,19090,481327263.04,458373534.28,7397922956.8009,stanford_transfers
USDC,2022-06-10,62571,9166546083.660343,24325,21854,370311736.1299999,279665908.89,7298956914.095108,stanford_transfers
USDC,2022-06-11,69068,7753661871.883812,20179,23402,84986501.0,16393656.01,5743554270.926459,stanford_transfers
USDC,2022-06-12,79325,11485549566.99948,20907,23922,172693747.0,8482562.68,9288267474.212584,stanford_transfers
USDC,2022-06-13,142687,38723548854.69781,37446,45903,1946554730.2,2182005627.199999,32772250044.68437,stanford_transfers
USDC,2022-06-14,107162,25309374126.78777,31823,34038,499182662.69,600842894.75,21012087320.26316,stanford_transfers
USDC,2022-06-15,113102,29778960690.19864,32047,35766,1216678229.24,987533026.7200003,25140346336.60791,stanford_transfers
USDC,2022-06-16,84506,18580419917.67425,25980,27803,959364929.9499998,591002445.1000001,15812042696.09215,stanford_transfers
USDC,2022-06-17,80978,16972196774.78095,34379,24712,883614821.52,624361560.3199999,14683419512.78828,stanford_transfers
USDC,2022-06-18,100786,20447437079.52265,31083,29122,289246647.03,19615744.86,17230694780.21223,stanford_transfers
USDC,2022-06-19,79520,13945328011.34725,25111,21911,434199927.89,17088727.19,11667238569.58446,stanford_transfers
USDC,2022-06-20,73751,14835407374.17777,22112,23984,531874928.53,666995991.4000001,12687951186.24185,stanford_transfers
USDC,2022-06-21,69091,11469773066.98108,23274,23352,318141994.11,215966461.95,9524734939.526955,stanford_transfers
USDC,2022-06-22,64145,10557592299.06103,20849,22185,305188415.16,241264848.47,8925173325.560808,stanford_transfers
USDC,2022-06-23,58992,11943377339.22395,21857,19877,173658706.65,383937175.4299999,10423830931.80766,stanford_transfers
USDC,2022-06-24,63498,12617937486.89209,22250,21565,427713707.91,332032891.85,10859679113.53929,stanford_transfers
USDC,2022-06-25,49291,4198998997.259109,16482,16399,89734153.78,12513409.64,3192641460.595504,stanford_transfers
USDC,2022-06-26,44854,4553911929.169696,14757,14989,5439242.0,8036281.89,3601836010.079243,stanford_transfers
USDC,2022-06-27,57822,9160111543.49908,22299,21178,246851279.47,433144560.2999999,7782599150.941554,stanford_transfers
USDC,2022-06-28,65878,9229054990.424255,24435,22199,260257860.92,337646157.88,7560405670.292259,stanford_transfers
USDC,2022-06-29,65909,11848110253.09223,21694,23115,247687819.54,182368203.3399999,10077034721.85699,stanford_transfers
USDC,2022-06-30,74728,10608796397.46362,24627,26147,297802181.74,245478963.8,8568300203.143027,stanford_transfers
USDC,2022-07-01,82616,14277889414.45289,30514,28364,350507204.4000001,408540402.0300001,12169558859.97709,stanford_transfers
USDC,2022-07-02,66767,9921133830.22352,22004,23214,55122953.65000001,9789935.549999997,8749341000.77007,stanford_transfers
USDC,2022-07-03,53288,8421983409.150246,18480,17246,32802000.0,12292191.29,7466188879.441613,stanford_transfers
USDC,2022-07-04,66004,15114812377.12741,23783,22657,963713776.0,846132164.6099995,13613144667.58549,stanford_transfers
USDC,2022-07-05,67697,12452458310.94045,22584,23213,193058023.26,289426854.3500001,10618595276.65063,stanford_transfers
USDC,2022-07-06,65650,10461091412.26204,23104,21655,294394268.05,529624229.2100002,8600850214.901257,stanford_transfers
USDC,2022-07-07,64663,11645646920.53816,21868,22689,297062342.61,495968435.6700003,10000741313.90153,stanford_transfers
USDC,2022-07-08,65669,12447265506.08607,20763,21401,358075778.54,722197028.6600002,10753611146.12056,stanford_transfers
USDC,2022-07-09,50179,9280411460.067625,16574,15654,25097548.13,39109577.96,8491317563.140493,stanford_transfers
USDC,2022-07-10,50544,9227669711.527079,15520,15799,85922762.69,43917883.55,8382567905.363028,stanford_transfers
USDC,2022-07-11,59894,13820785592.0638,20118,20025,746332673.4199998,707858754.6000003,12450887067.75602,stanford_transfers
USDC,2022-07-12,64670,12245391694.67326,21779,21611,130324786.73,278128958.3100002,10758262791.00457,stanford_transfers
USDC,2022-07-13,64158,11773882697.54784,21191,20175,323015114.94,292823234.23,10092180272.05078,stanford_transfers
USDC,2022-07-14,61071,10057017157.0681,19897,20012,93099013.04,219767261.89,8349506727.763588,stanford_transfers
USDC,2022-07-15,64932,12621088426.48398,20336,21672,291213912.8800001,693887716.9800003,10755103166.43523,stanford_transfers
USDC,2022-07-16,62975,6364763403.751555,18092,18537,5190317.28,18635446.19,4840204502.656754,stanford_transfers
USDC,2022-07-17,54400,6543302280.353647,15672,16589,3713384.85,22750141.0,5113290766.795603,stanford_transfers
USDC,2022-07-18,102915,14180486663.91091,27260,29555,666660065.26,684717455.7099998,11555219302.59085,stanford_transfers
USDC,2022-07-19,91765,11038299178.34301,26079,27042,167712927.65,230565968.43,8492320698.16523,stanford_transfers
USDC,2022-07-20,90254,20696609037.29756,24613,25891,411931513.8600001,344239621.32,18417992371.29462,stanford_transfers
USDC,2022-07-21,80825,13442038160.27209,22813,23542,292805191.16,155348458.47,11590981281.14161,stanford_transfers
USDC,2022-07-22,77529,12414397979.89095,22039,23937,264415195.55,234820690.3500001,10716077927.26523,stanford_transfers
USDC,2022-07-23,61986,11511258620.354,17075,17847,77079417.22,358015.5100000001,10359653801.33214,stanford_transfers
USDC,2022-07-24,60032,7546726355.391461,17265,17307,12850051.98,659131.93,6411009924.891289,stanford_transfers
USDC,2022-07-25,77077,13148190424.69333,22286,23208,363045754.84,402274665.3100001,11354304772.26762,stanford_transfers
USDC,2022-07-26,78822,10143406716.60577,25471,23094,294143168.9,268574141.25,8412938404.564009,stanford_transfers
USDC,2022-07-27,84403,12396628570.26172,24048,23501,211875504.18,225064089.33,10403595095.65319,stanford_transfers
USDC,2022-07-28,95020,13954015958.0521,27035,28455,285693368.62,246651523.12,11549013947.52244,stanford_transfers
USDC,2022-07-29,88637,14974606142.84875,25740,26076,231395286.87,286398055.9099999,12901925530.23242,stanford_transfers
USDC,2022-07-30,79091,8196492247.112875,21399,21890,2953748.83,97459570.86000001,6971526453.881678,stanford_transfers
USDC,2022-07-31,67432,7971285790.24592,18608,20050,46799029.26,69652032.26,6948233162.362034,stanford_transfers
USDC,2022-08-01,112411,15671449556.89915,56873,27011,445339375.75,573516512.5799999,13904191952.83513,stanford_transfers
USDC,2022-08-02,82743,15487043033.36302,25964,25637,145483351.39,120211432.24,13524593509.37534,stanford_transfers
USDC,2022-08-03,77941,12442775871.84963,24800,25040,129101331.76,207372218.02,10826957044.94334,stanford_transfers
USDC,2022-08-04,71502,9442241933.195908,22430,23466,116238918.24,225612308.8199999,7972296015.915304,stanford_transfers
USDC,2022-08-05,75275,11450469487.75338,22939,24270,318038641.1099999,225336807.3999999,9795435396.34513,stanford_transfers
USDC,2022-08-06,63016,7473616895.539822,19393,19066,8333780.2,12316341.61,6631220546.6593,stanford_transfers
USDC,2022-08-07,57200,5843581643.8988,17821,17989,11492715.39,8164099.9,5059743661.823049,stanford_transfers
USDC,2022-08-08,84071,20817630839.53512,26049,27152,274402283.1,314577507.7200001,19068599600.44535,stanford_transfers
USDC,2022-08-09,75079,11634303073.95839,24188,24458,149559156.7,292396984.02,9919682428.512419,stanford_transfers
USDC,2022-08-10,75565,12485039423.2169,23520,24803,162996392.07,182827986.18,10544024772.14609,stanford_transfers
USDC,2022-08-11,76521,14741836832.92312,23556,25088,110190599.05,216386711.59,12740156212.24932,stanford_transfers
USDC,2022-08-12,66955,9867975719.330322,20689,22330,218431270.37,208387187.7399999,8299806941.197954,stanford_transfers
USDC,2022-08-13,72039,12713865283.99904,20093,21708,77440689.11999999,106866077.3,11312691967.50727,stanford_transfers
USDC,2022-08-14,72665,10126115055.02662,18811,21253,24566722.11,172416178.86,8915433445.164463,stanford_transfers
USDC,2022-08-15,78930,13257863631.51392,22941,24410,384504025.03,485605920.6200001,11407806823.15631,stanford_transfers
USDC,2022-08-16,74284,10101825311.85471,23127,25210,270113355.13,252722804.35,8694909038.501692,stanford_transfers
USDC,2022-08-17,74887,28962504275.55714,22331,23503,189547373.56,477762665.83,27217662479.70524,stanford_transfers
USDC,2022-08-18,64854,10316059112.29218,20462,21245,116890599.28,454882883.9699999,8980763297.996534,stanford_transfers
USDC,2022-08-19,95195,20513292655.44901,25119,27333,165899199.01,556518846.17,18326994219.66483,stanford_transfers
USDC,2022-08-20,71847,19776436618.89571,18845,20140,4351359.8,25274238.26,18446457586.32646,stanford_transfers
USDC,2022-08-21,64168,15698000971.73516,18219,16826,313652714.78,598083056.9699999,14518159957.00609,stanford_transfers
USDC,2022-08-22,72347,14868913907.09095,21025,21818,330507468.23,525778747.6799998,13281657323.23159,stanford_transfers
USDC,2022-08-23,70236,17883536430.44221,20508,20566,388511597.25,303664667.0700001,16141575573.24685,stanford_transfers
USDC,2022-08-24,65162,7407834579.168499,20261,19903,94366888.10000001,194763859.04,5966202004.690701,stanford_transfers
USDC,2022-08-25,64713,8350356793.058266,19934,20308,17929307.19,167586047.04,7125909252.069584,stanford_transfers
USDC,2022-08-26,80401,13163406530.92007,21277,22919,476082521.75,366831803.5700001,11391033812.69531,stanford_transfers
USDC,2022-08-27,70374,11445726702.09443,20237,19949,55518977.84,17074029.28,10294336727.15896,stanford_transfers
USDC,2022-08-28,64883,9253999786.147802,17314,17478,5019060.98,25177272.05,8237737559.337139,stanford_transfers
USDC,2022-08-29,76164,36610586858.86199,22580,22950,317366411.26,235414883.6699999,35058689828.13673,stanford_transfers
USDC,2022-08-30,74697,15724136696.15811,21968,23668,283628679.4,146830331.99,14097021377.02766,stanford_transfers
USDC,2022-08-31,75723,9536711643.364212,23030,24071,274513967.38,286139348.8399999,7810580539.461186,stanford_transfers
USDC,2022-09-01,111409,8704636122.230219,33331,34019,216809373.55,473351487.27,7144461760.40777,stanford_transfers
USDC,2022-09-02,76295,12002303446.34203,25182,25167,381521035.19,463786470.5,10467276693.10492,stanford_transfers
USDC,2022-09-03,57239,12297681146.26522,17542,16758,44300242.22,9040405.440000001,11590561614.15371,stanford_transfers
USDC,2022-09-04,58315,6003811517.44091,15928,17038,42829032.9,17610896.43,5275043754.04494,stanford_transfers
USDC,2022-09-05,66635,11734203647.65928,21549,21374,677516442.66,677545200.79,10548837415.41132,stanford_transfers
USDC,2022-09-06,82674,10928973991.32518,25000,24587,114960870.32,274438775.55,9136620477.129606,stanford_transfers
USDC,2022-09-07,74968,13410285125.31277,24104,23145,399207351.86,268896177.1200001,11588830546.64281,stanford_transfers
USDC,2022-09-08,66968,8188907264.573151,21434,20707,419509569.85,415033540.87,6665279721.658066,stanford_transfers
USDC,2022-09-09,70321,9932363020.102114,22601,22356,305927932.27,253185019.17,8283376525.861116,stanford_transfers
USDC,2022-09-10,61031,6819073030.053874,17313,18031,45575680.0,87578835.51999997,5843902077.11047,stanford_transfers
USDC,2022-09-11,59061,16711569901.34646,16715,17246,10522295.6,87374385.03999999,15862950794.64706,stanford_transfers
USDC,2022-09-12,65412,13963393256.25174,20361,21275,677228702.9599999,818093736.8000004,12347198858.42953,stanford_transfers
USDC,2022-09-13,84209,14807999443.30521,23779,24813,305683602.04,340276504.07,12808212272.547,stanford_transfers
USDC,2022-09-14,78365,23380468017.06832,25137,23003,393366036.09,779357821.9,21443089486.32578,stanford_transfers
USDC,2022-09-15,85745,29624035191.8622,26729,25362,536656833.52,824079898.9800003,27460012347.24099,stanford_transfers
USDC,2022-09-16,76840,13349217851.41274,22934,22884,355643501.11,469319808.8700001,11891232541.43843,stanford_transfers
USDC,2022-09-17,61856,7257937736.049702,18301,17195,1305170.3,23187167.64,6483886928.150249,stanford_transfers
USDC,2022-09-18,74445,7197483475.269884,20562,18725,6217406.57,30696715.91000001,6273946066.179277,stanford_transfers
USDC,2022-09-19,91055,28021426235.32702,26623,25505,69579803.45,160509429.24,26402023749.15844,stanford_transfers
USDC,2022-09-20,84698,13399572942.70119,24919,24503,793620643.05,515775482.16,12086094088.24265,stanford_transfers
USDC,2022-09-21,83995,13112432527.29433,24656,23789,175796336.93,376978222.6299999,11459741306.45124,stanford_transfers
USDC,2022-09-22,82203,28014671116.43802,23129,22323,234039034.16,298370936.7500001,26470737143.62397,stanford_transfers
USDC,2022-09-23,86908,11257479569.5683,22587,25252,171763444.98,341940038.1700001,9812572218.000912,stanford_transfers
USDC,2022-09-24,67945,7808158895.963809,18133,17261,105950675.94,5886064.719999998,7093974692.752946,stanford_transfers
USDC,2022-09-25,65783,6642029553.010335,16483,17116,10882.03,108365297.74,5962507573.320807,stanford_transfers
USDC,2022-09-26,81361,9979548545.51952,22459,21212,168068374.93,466483470.8,8629039303.335598,stanford_transfers
USDC,2022-09-27,81606,9933290630.563063,26006,23098,66931322.14,169703491.97,8424802567.257231,stanford_transfers
USDC,2022-09-28,77251,9586434970.827507,22263,21041,175399932.86,499019112.1299998,8004187218.56095,stanford_transfers
USDC,2022-09-29,74942,10391783207.93692,23503,21933,144407698.67,426324866.9,9002810877.944897,stanford_transfers
USDC,2022-09-30,74199,11742713097.25974,23672,22729,725942803.2,943570110.7,10302213446.33914,stanford_transfers
USDC,2022-10-01,64238,6477519284.220804,19126,18872,1277395.28,8057206.63,5816338292.749261,stanford_transfers
USDC,2022-10-02,63589,18376986110.60255,18432,17350,94640187.92,5495941.13,17698091840.50026,stanford_transfers
USDC,2022-10-03,64562,14553272873.48576,21943,21814,799313563.44,933706448.8499999,13373026766.14115,stanford_transfers
USDC,2022-10-04,70265,11344439555.88391,21737,22152,205877215.1,216239117.38,10116409912.91465,stanford_transfers
USDC,2022-10-05,64898,14576872651.55941,19156,20644,181662069.44,232382833.42,13423067825.11254,stanford_transfers
USDC,2022-10-06,66237,16586213659.86518,20943,20293,558269341.42,529794523.9300001,15232554795.01769,stanford_transfers
USDC,2022-10-07,61594,13546540343.52641,18575,19776,423649161.5900001,289639345.38,12480177586.64142,stanford_transfers
USDC,2022-10-08,49138,4296293024.280955,13887,14504,18015112.5,44775914.41,3840429254.01017,stanford_transfers
USDC,2022-10-09,40912,2158303605.607032,11689,13112,6487473.19,10811022.07,1737451340.569952,stanford_transfers
USDC,2022-10-10,55757,5736518037.146729,17413,17569,236905236.25,289370086.45,4783549398.573479,stanford_transfers
USDC,2022-10-11,62385,8592533408.071018,18557,19841,167887939.74,225964200.74,7591051705.888241,stanford_transfers
USDC,2022-10-12,58601,6217215633.488638,17536,18509,122531083.6,171541722.73,5191612311.667252,stanford_transfers
USDC,2022-10-13,71266,14809914839.61019,20276,20908,763261953.76,867890559.2499998,13416045993.40763,stanford_transfers
USDC,2022-10-14,59530,10825643343.23799,17032,19709,314762595.7,491968670.71,9500003582.33342,stanford_transfers
USDC,2022-10-15,42316,2976652784.284779,12643,14197,3310928.84,9853194.75,2514080836.442138,stanford_transfers
USDC,2022-10-16,45716,2965213176.854348,12369,12938,5555801.060000001,11450244.51,2481584617.498775,stanford_transfers
USDC,2022-10-17,71237,12382468460.08219,20427,20863,543156170.52,629681605.0400001,11211108204.67138,stanford_transfers
USDC,2022-10-18,60095,8207079227.532118,17902,19005,329791286.31,384887954.0599999,6931195694.975025,stanford_transfers
USDC,2022-10-19,55342,8497522860.763296,16746,18143,353788214.71,559742851.8200003,7500657503.279602,stanford_transfers
USDC,2022-10-20,54781,8828810173.184172,16856,18186,359447393.89,787708167.0400002,7899026201.619867,stanford_transfers
USDC,2022-10-21,54272,7475208618.923149,17187,18428,498895355.8299999,586675436.98,6336699968.481281,stanford_transfers
USDC,2022-10-22,43059,5028007957.191382,13358,14159,93416783.67999999,47939672.18999999,4482439905.459549,stanford_transfers
USDC,2022-10-23,48682,4478156341.172621,14231,15543,94102123.44999999,86018479.44000003,3813386435.044248,stanford_transfers
USDC,2022-10-24,63222,11408797417.33084,22558,20286,358466928.23,485577667.5500003,10269514853.81344,stanford_transfers
USDC,2022-10-25,71725,13866602095.19302,20721,23102,559965790.26,467038186.5700002,12105375625.20467,stanford_transfers
USDC,2022-10-26,82173,14038741639.09865,25417,23630,538039945.1599998,489795871.72,11978891871.55184,stanford_transfers
USDC,2022-10-27,77925,14416738742.07359,25442,22392,788352735.3299999,742080926.7299999,12797982500.88155,stanford_transfers
USDC,2022-10-28,70273,15970764115.37282,22345,22258,689250657.1899999,753973785.47,14449532804.5337,stanford_transfers
USDC,2022-10-29,71825,11291636395.67564,18407,19396,54323850.95,85109462.04999998,9946130315.086056,stanford_transfers
USDC,2022-10-30,64500,9266668067.43485,18842,17811,37196231.34,50304114.93000001,8330241309.464749,stanford_transfers
USDC,2022-10-31,83065,18586386712.11683,24393,26021,1095792018.2,1377567376.27,16795731961.11953,stanford_transfers
USDC,2022-11-01,13754,3515875752.100413,4784,5129,99716560.62,7984448.81,3253833483.441619,stanford_transfers
USDT,2022-04-01,50507,3112888114.395489,18556,28651,0.0,0.0,2076278646.969203,stanford_transfers
USDT,2022-04-02,78012,3006959536.862744,32320,37193,0.0,0.231868,1476349573.440867,stanford_transfers
USDT,2022-04-03,69720,1999257870.358864,29495,32805,0.0,140.493422,764719821.1662674,stanford_transfers
USDT,2022-04-04,87405,3938266307.630257,35626,42872,0.0,0.0,1960284504.480466,stanford_transfers
USDT,2022-04-05,82287,4252513624.24151,33512,41927,0.0,0.0,2499929064.487091,stanford_transfers
USDT,2022-04-06,93526,7107451508.376934,36549,45631,0.0,0.0,4868827796.742014,stanford_transfers
USDT,2022-04-07,86155,4404610291.820578,35741,43010,0.0,0.0,2439935657.019937,stanford_transfers
USDT,2022-04-08,86638,4941294055.8286,34625,43842,0.0,0.0,2983473122.004887,stanford_transfers
USDT,2022-04-09,69969,2296916181.904731,29898,33904,0.0,0.0,1132049264.561691,stanford_transfers
USDT,2022-04-10,61489,2173551328.55669,26068,30534,0.0,0.0,1202815051.681126,stanford_transfers
USDT,2022-04-11,95061,6443201532.296041,38297,44666,0.0,0.0,4005956613.318291,stanford_transfers
USDT,2022-04-12,89337,5635901576.718128,37131,42740,0.0,0.0,3513622723.749887,stanford_transfers
USDT,2022-04-13,78267,4665392562.794513,31586,39421,0.0,0.0,2777322398.980691,stanford_transfers
USDT,2022-04-14,75559,4026783866.27935,30646,38370,0.0,0.0,2418884667.960837,stanford_transfers
USDT,2022-04-15,80587,3557174183.044291,33115,39501,0.0,0.0,2074032844.833062,stanford_transfers
USDT,2022-04-16,65011,1804101109.209479,26723,31396,0.0,0.0,897186264.923771,stanford_transfers
USDT,2022-04-17,58787,2497282782.496502,22915,28837,0.0,0.0,1567171628.22261,stanford_transfers
USDT,2022-04-18,82796,4625951257.146544,32305,40622,0.0,0.0,2726949024.69911,stanford_transfers
USDT,2022-04-19,82784,4461775352.478719,32661,42431,0.0,0.0,2740766091.047211,stanford_transfers
USDT,2022-04-20,79492,4967344727.845653,30724,40520,0.0,0.0,3142274405.802373,stanford_transfers
USDT,2022-04-21,81891,4988383016.113142,31752,41040,0.0,0.0,3013842913.598601,stanford_transfers
USDT,2022-04-22,80028,5103261530.288324,32408,39750,0.0,0.0,3333185979.916774,stanford_transfers
USDT,2022-04-23,61759,2285441542.701072,24804,30853,0.0,0.0,1352084441.393186,stanford_transfers
USDT,2022-04-24,58388,2611866084.345519,24385,28902,0.0,0.0,1731085638.947688,stanford_transfers
USDT,2022-04-25,85294,6303633015.277559,33635,42889,0.0,0.0,4378681375.483639,stanford_transfers
USDT,2022-04-26,88384,5147253171.033444,35362,44205,0.0,0.0,3247241257.489537,stanford_transfers
USDT,2022-04-27,82619,4077801944.995638,33568,41244,0.0,0.0,2313257671.01925,stanford_transfers
USDT,2022-04-28,87458,5191358117.760185,34551,42674,0.0,1998.0,3200651976.293446,stanford_transfers
USDT,2022-04-29,97096,4411336441.591974,35884,47572,0.0,0.0,2509285843.460539,stanford_transfers
USDT,2022-04-30,84136,3064232216.055103,33389,37374,0.0,0.0,1559205890.574826,stanford_transfers
USDT,2022-05-01,65267,2907909099.728441,27956,31417,0.0,0.0,1652282525.718369,stanford_transfers
USDT,2022-05-02,75902,3630319872.701935,30808,39267,0.0,0.0,2030578493.872603,stanford_transfers
USDT,2022-05-03,75973,3349234457.54226,30565,39253,0.0,0.0,1901932238.950155,stanford_transfers
USDT,2022-05-04,85358,4490344587.350073,34357,42254,0.0,1.0,2742714710.888041,stanford_transfers
USDT,2022-05-05,90140,5470882066.917267,34657,45594,0.0,0.0,3490260210.404985,stanford_transfers
USDT,2022-05-06,88768,5990490142.560654,33747,44102,0.0,0.0,3974307523.419556,stanford_transfers
USDT,2022-05-07,74468,4265123422.493322,31405,34645,0.0,0.0,2873580090.08457,stanford_transfers
USDT,2022-05-08,77732,6368436336.914026,32359,34361,0.0,0.0,4412070974.674962,stanford_transfers
USDT,2022-05-09,118582,11442785751.7208,41429,54731,0.0,0.0,7578802944.060484,stanford_transfers
USDT,2022-05-10,136210,13164085990.88366,52572,56012,0.0,0.0,7806566428.092255,stanford_transfers
USDT,2022-05-11,151978,21947849664.74499,47146,68035,0.0,0.0,15926775646.99121,stanford_transfers
USDT,2022-05-12,182813,33198197194.59672,70931,73292,0.0,0.0,25121919408.50329,stanford_transfers
USDT,2022-05-13,139982,15565306085.6571,58150,62931,0.0,0.0,12242697558.27349,stanford_transfers
USDT,2022-05-14,111441,10100019118.98875,43243,53134,0.0,0.0,8381103741.005973,stanford_transfers
USDT,2022-05-15,86681,2637147097.28206,37446,38003,0.0,0.0,1414564505.210942,stanford_transfers
USDT,2022-05-16,101300,7454439039.297956,43518,45089,0.0,0.0,5446883747.347,stanford_transfers
USDT,2022-05-17,101547,8509765876.748537,50750,41468,0.0,0.0,6565306316.995313,stanford_transfers
USDT,2022-05-18,103307,5419658422.824064,51997,40893,0.0,0.0,3633107102.820384,stanford_transfers
USDT,2022-05-19,85354,5989928425.246672,34721,39615,0.0,0.0,4106325850.569681,stanford_transfers
USDT,2022-05-20,82202,5853140343.695683,34196,38755,0.0,916.0,4094553463.324418,stanford_transfers
USDT,2022-05-21,62400,2486348973.862811,28237,28722,0.0,0.0,1563801019.65881,stanford_transfers
USDT,2022-05-22,57515,1555539407.593909,25127,27351,0.0,0.0,812919156.1564298,stanford_transfers
USDT,2022-05-23,81731,4695135955.418922,34612,38491,0.0,0.0,3085546538.464127,stanford_transfers
USDT,2022-05-24,79529,4219813910.625978,35506,36858,0.0,0.0,2686557812.750016,stanford_transfers
USDT,2022-05-25,81265,3423017330.64632,38870,36045,0.0,0.0,1877886751.248217,stanford_transfers
USDT,2022-05-26,83592,4873405055.669798,34623,38877,0.0,0.0,2993712496.014853,stanford_transfers
USDT,2022-05-27,81218,4831560919.424363,31053,39490,0.0,0.0,3017474242.013381,stanford_transfers
USDT,2022-05-28,69230,1674036763.303675,28612,33645,0.0,0.0,730547536.727984,stanford_transfers
USDT,2022-05-29,59627,1199619778.45261,26127,27860,0.0,5381.41,468534889.324257,stanford_transfers
USDT,2022-05-30,79411,4230464799.743158,30250,40047,0.0,0.0,2625304269.102946,stanford_transfers
USDT,2022-05-31,79649,4933083244.973457,31403,41927,0.0,0.0,3217572419.711498,stanford_transfers
USDT,2022-06-01,80610,4574247137.586743,30802,41381,0.0,0.0,2929572239.142164,stanford_transfers
USDT,2022-06-02,70494,3612744297.719172,28184,36710,0.0,0.0,2033400905.749872,stanford_transfers
USDT,2022-06-03,64913,3119209526.22111,25148,34637,0.0,0.0,1835089335.460889,stanford_transfers
USDT,2022-06-04,50742,1800547424.55561,21226,26334,0.0,0.0,986088788.3172373,stanford_transfers
USDT,2022-06-05,48539,2452425747.300496,20197,25054,0.0,0.0,1632933035.307923,stanford_transfers
USDT,2022-06-06,71364,3922777164.845779,28234,37217,0.0,0.0,2463741946.054638,stanford_transfers
USDT,2022-06-07,74794,5321853558.627734,28809,37356,0.0,0.0,3439338201.386352,stanford_transfers
USDT,2022-06-08,66435,3731079965.521669,25824,34785,0.0,0.0,2105242680.601431,stanford_transfers
USDT,2022-06-09,66093,3235133278.826311,26814,35042,0.0,0.0,1848819976.687553,stanford_transfers
USDT,2022-06-10,88452,3460626975.020763,41216,38170,0.0,0.0,1851556278.53928,stanford_transfers
USDT,2022-06-11,71592,2740756855.727555,30642,31262,0.0,0.0,1383411381.097795,stanford_transfers
USDT,2022-06-12,71976,3145774158.280899,28916,30736,0.0,0.0,1802083466.15657,stanford_transfers
USDT,2022-06-13,121853,14007811907.59788,42964,52560,0.0,0.0,10072379356.25285,stanford_transfers
USDT,2022-06-14,104772,13519474449.94594,39293,46593,0.0,0.0,10520410418.56682,stanford_transfers
USDT,2022-06-15,114057,11146167187.66255,46434,47058,0.0,0.0,8159752154.263612,stanford_transfers
USDT,2022-06-16,88104,8761204700.537853,34306,40334,0.0,0.0,6577431733.234087,stanford_transfers
USDT,2022-06-17,92064,7058874500.102858,42913,37842,0.0,0.0,4949024269.467746,stanford_transfers
USDT,2022-06-18,97963,5665993328.219482,43300,36811,0.0,0.0,3610064520.22189,stanford_transfers
USDT,2022-06-19,80627,4377592433.822947,33570,31000,0.0,0.0,2708262231.760847,stanford_transfers
USDT,2022-06-20,84881,9845370074.834929,33292,38037,0.0,0.0,7921565817.878381,stanford_transfers
USDT,2022-06-21,84066,6016023398.869717,32518,38586,0.0,0.0,4228049071.479987,stanford_transfers
USDT,2022-06-22,87495,5877787391.206545,39321,36866,0.0,0.0,4094441597.899971,stanford_transfers
USDT,2022-06-23,78192,4446871628.37994,31719,35431,0.0,0.0,2863527842.261721,stanford_transfers
USDT,2022-06-24,79558,4888378822.255561,32671,37733,0.0,96.0,3295035561.098266,stanford_transfers
USDT,2022-06-25,58718,1812435767.108793,24479,27208,0.0,0.0,929723629.6236515,stanford_transfers
USDT,2022-06-26,52809,1658059750.18894,20845,25298,0.0,0.0,890532294.4781551,stanford_transfers
USDT,2022-06-27,75218,3496816243.765295,32995,34976,0.0,0.0,2116784412.797966,stanford_transfers
USDT,2022-06-28,78302,4318849242.22279,33525,36817,0.0,0.0,2680360761.528536,stanford_transfers
USDT,2022-06-29,78580,4905222236.371167,32555,36822,0.0,0.0,3241596879.711338,stanford_transfers
USDT,2022-06-30,85232,4260784425.567747,32755,41038,0.0,0.0,2500712556.545033,stanford_transfers
USDT,2022-07-01,100425,3732656859.648167,44366,43859,0.0,0.0,2051253693.332077,stanford_transfers
USDT,2022-07-02,74820,2117102166.520882,32615,33036,0.0,0.0,1199150099.256363,stanford_transfers
USDT,2022-07-03,65055,1305857861.540205,28488,27513,0.0,0.0,633317101.682982,stanford_transfers
USDT,2022-07-04,90039,3161983099.646219,40798,38565,0.0,0.0,1693840726.850426,stanford_transfers
USDT,2022-07-05,98323,3651845316.151727,45418,40681,0.0,0.0,2099220326.321683,stanford_transfers
USDT,2022-07-06,101675,3654991440.538539,51730,38310,0.0,0.0,2096171287.903072,stanford_transfers
USDT,2022-07-07,89737,3706780816.72132,40190,39104,0.0,0.0,2245548209.577569,stanford_transfers
USDT,2022-07-08,88130,3051408444.947857,38206,38530,0.0,0.0,1563484443.265591,stanford_transfers
USDT,2022-07-09,69544,1325827536.944119,33463,28596,0.0,49.67,638602908.5167626,stanford_transfers
USDT,2022-07-10,66549,1561752786.010094,31520,25795,0.0,0.0,831658884.8939587,stanford_transfers
USDT,2022-07-11,83936,2701720660.029987,37705,35649,0.0,0.0,1425681510.004399,stanford_transfers
USDT,2022-07-12,85398,3405597297.598695,36708,37446,0.0,0.0,1874440125.127935,stanford_transfers
USDT,2022-07-13,82586,3921293221.379392,33541,37326,0.0,0.0,2378574157.118709,stanford_transfers
USDT,2022-07-14,82687,3289308522.142427,32216,38272,0.0,0.0,1744857063.292128,stanford_transfers
USDT,2022-07-15,85678,3617744830.224415,35873,38248,0.0,0.0,2106658870.237778,stanford_transfers
USDT,2022-07-16,73945,2311177227.449325,31038,30709,0.0,0.0,1269866214.567224,stanford_transfers
USDT,2022-07-17,61268,1790621839.644273,23795,27381,0.0,0.0,931611850.7164918,stanford_transfers
USDT,2022-07-18,91585,3996348295.7902,33819,41640,0.0,0.0,2103203022.647279,stanford_transfers
USDT,2022-07-19,92722,4528518123.817106,35584,42185,0.0,0.0,2513337127.533641,stanford_transfers
USDT,2022-07-20,93386,4001900178.818499,37621,41358,0.0,0.0,2259121932.194282,stanford_transfers
USDT,2022-07-21,87228,3812172399.359744,34275,39636,0.0,0.0,2235181495.817715,stanford_transfers
USDT,2022-07-22,94077,3870185492.216146,40546,40603,0.0,0.0,2431098074.560009,stanford_transfers
USDT,2022-07-23,79170,1813083568.429318,31947,31377,0.0,0.0,964337453.146436,stanford_transfers
USDT,2022-07-24,68914,1456214583.109389,27445,30079,0.0,0.0,661173624.5715182,stanford_transfers
USDT,2022-07-25,92948,3361450338.771876,37331,41936,0.0,0.0,1733912914.150667,stanford_transfers
USDT,2022-07-26,126813,3795540798.301936,71998,42431,0.0,0.0,2153696659.511382,stanford_transfers
USDT,2022-07-27,120584,3617819620.119129,64756,41174,0.0,0.0,1921629077.746029,stanford_transfers
USDT,2022-07-28,98479,3980881636.149713,38488,42945,0.0,0.0,2165004949.91193,stanford_transfers
USDT,2022-07-29,99362,3204598879.243045,39884,42695,0.0,0.0,1710050466.062612,stanford_transfers
USDT,2022-07-30,83082,1769220025.944507,30884,38021,0.0,0.0,930267936.8859361,stanford_transfers
USDT,2022-07-31,80205,1437753499.092682,36268,32757,0.0,0.0,768199851.2931229,stanford_transfers
USDT,2022-08-01,108790,3467973452.652123,52680,45051,0.0,0.0,1989946245.118677,stanford_transfers
USDT,2022-08-02,131782,3016838091.56884,74028,42950,0.0,0.0,1340727512.406657,stanford_transfers
USDT,2022-08-03,133882,2766817710.077269,74188,47663,0.0,0.0,1391162649.858653,stanford_transfers
USDT,2022-08-04,103382,2600700253.379594,49909,42318,0.0,0.0,1338187066.63638,stanford_transfers
USDT,2022-08-05,98947,2833167961.374682,44792,41641,0.0,0.0,1505395148.297038,stanford_transfers
USDT,2022-08-06,86409,1183289622.61487,42677,34532,0.0,1.0,515324814.3122289,stanford_transfers
USDT,2022-08-07,84368,1265169091.697406,47656,29060,0.0,0.0,721376994.1897948,stanford_transfers
USDT,2022-08-08,95635,2985924680.422575,39609,43304,0.0,0.0,1535659541.30039,stanford_transfers
USDT,2022-08-09,90885,3006578390.257511,36388,41785,0.0,0.0,1548181589.370539,stanford_transfers
USDT,2022-08-10,92261,3870770137.93499,36225,43042,0.0,0.0,2195101022.888387,stanford_transfers
USDT,2022-08-11,92378,3836490554.423606,35465,43993,0.0,0.0,2176936410.945158,stanford_transfers
USDT,2022-08-12,95813,2726402930.744923,39302,44619,0.0,0.0,1274276757.594271,stanford_transfers
USDT,2022-08-13,83331,1974879938.415247,35932,34621,0.0,0.0,1039672755.993223,stanford_transfers
USDT,2022-08-14,77838,1336308747.450413,33846,32030,0.0,0.0,595809327.2860928,stanford_transfers
USDT,2022-08-15,94391,3412654329.539642,39113,41885,0.0,0.0,1900025774.736453,stanford_transfers
USDT,2022-08-16,91536,3424999028.559711,38079,41869,0.0,0.0,2051300506.371054,stanford_transfers
USDT,2022-08-17,96983,3413396725.45281,41420,41405,0.0,0.0,1883273301.272743,stanford_transfers
USDT,2022-08-18,91717,2806859349.144571,40104,39760,0.0,14.0,1423147909.145507,stanford_transfers
USDT,2022-08-19,106868,4486025574.294771,40803,45542,0.0,0.0,2688812090.765357,stanford_transfers
USDT,2022-08-20,80708,2687885740.488798,33203,32702,0.0,0.0,1736497312.795744,stanford_transfers
USDT,2022-08-21,76219,2042508037.077539,33025,29522,0.0,0.0,1229313394.627779,stanford_transfers
USDT,2022-08-22,89413,3246485138.917496,34077,40661,0.0,0.0,1643323394.48357,stanford_transfers
USDT,2022-08-23,91987,3161521915.271271,35883,40301,0.0,0.0,1607801545.323336,stanford_transfers
USDT,2022-08-24,87124,3141284850.984782,34801,38710,0.0,0.0,1733176112.812576,stanford_transfers
USDT,2022-08-25,85812,4108226697.445189,34531,39356,0.0,0.0,2778335756.860716,stanford_transfers
USDT,2022-08-26,93681,3403937363.793218,35016,42172,0.0,0.0,1889415752.354763,stanford_transfers
USDT,2022-08-27,77096,2175809011.26789,29806,33609,0.0,0.0,1382770442.998923,stanford_transfers
USDT,2022-08-28,66348,2107603910.721888,26878,28824,0.0,0.0,1440861098.85781,stanford_transfers
USDT,2022-08-29,91138,4195318974.174751,35207,42506,0.0,0.0,2807109031.035978,stanford_transfers
USDT,2022-08-30,94565,2923261612.325617,36055,44362,0.0,0.0,1389694684.862941,stanford_transfers
USDT,2022-08-31,94833,3135295926.549254,36303,44582,0.0,0.0,1581940476.377423,stanford_transfers
USDT,2022-09-01,100221,2852168309.875617,41452,46008,0.0,0.0,1360408723.733381,stanford_transfers
USDT,2022-09-02,92019,2858644403.562792,36514,43073,0.0,0.0,1466030874.754097,stanford_transfers
USDT,2022-09-03,73463,1312029782.258313,32290,31834,0.0,0.0,641282560.6851971,stanford_transfers
USDT,2022-09-04,62155,1867483369.82232,24464,29408,0.0,0.0,1294183765.598523,stanford_transfers
USDT,2022-09-05,89952,2396598006.315846,36487,43289,0.0,0.0,1206667491.046074,stanford_transfers
USDT,2022-09-06,99948,3862908104.336919,38403,46102,0.0,0.0,2339115725.196403,stanford_transfers
USDT,2022-09-07,98403,3701056371.928217,38104,45330,0.0,0.03,2091422763.731124,stanford_transfers
USDT,2022-09-08,91782,3559764777.818672,36166,43646,0.0,0.0,2145850723.823881,stanford_transfers
USDT,2022-09-09,97450,3157954022.335242,37925,46281,0.0,0.0,1624622543.624597,stanford_transfers
USDT,2022-09-10,74422,1581353808.105959,30352,33463,0.0,0.0,846256102.335149,stanford_transfers
USDT,2022-09-11,71113,1478422228.724286,27198,32602,0.0,0.0,763739425.8554568,stanford_transfers
USDT,2022-09-12,90704,2827669986.52369,34622,43535,0.0,118.620206,1361662356.400074,stanford_transfers
USDT,2022-09-13,102095,4228299918.95961,38329,48080,0.0,0.0,2415115235.638573,stanford_transfers
USDT,2022-09-14,99373,4222471788.093705,39730,45036,0.0,0.0,2534161464.102972,stanford_transfers
USDT,2022-09-15,90387,4301794178.764188,33457,42083,0.0,0.0,2904206301.007771,stanford_transfers
USDT,2022-09-16,98957,2961693972.839458,40851,44099,0.0,0.0,1689053414.65454,stanford_transfers
USDT,2022-09-17,77578,1127381567.93796,29994,33998,0.0,0.0,492765944.3338709,stanford_transfers
USDT,2022-09-18,78184,1385630770.734601,30099,33201,0.0,0.0,782616856.160792,stanford_transfers
USDT,2022-09-19,106126,3246806246.909507,41237,46648,0.0,0.0,1796350162.206594,stanford_transfers
USDT,2022-09-20,96682,3975655047.395772,37055,44396,0.0,0.0,2569770647.370574,stanford_transfers
USDT,2022-09-21,104904,3083457964.9311,41696,45051,0.0,0.0,1517632816.222339,stanford_transfers
USDT,2022-09-22,104016,3293386107.839646,43604,44060,0.0,0.0,1836818515.7818,stanford_transfers
USDT,2022-09-23,103446,2840757665.516768,41125,44430,0.0,0.001,1494651935.473577,stanford_transfers
USDT,2022-09-24,80712,2531654170.170471,34221,33601,0.0,0.0,1844471610.683165,stanford_transfers
USDT,2022-09-25,76111,2249239428.227717,32905,32085,0.0,0.0,1677902708.988264,stanford_transfers
USDT,2022-09-26,119257,3002755588.952745,59487,44841,0.0,0.001101,1622386668.942206,stanford_transfers
USDT,2022-09-27,178243,3546835257.081283,114792,47753,0.0,0.0,1941833235.529009,stanford_transfers
USDT,2022-09-28,127133,3241597088.369546,65638,46083,0.0,0.0,1758480546.668922,stanford_transfers
USDT,2022-09-29,110070,3534379678.558731,48589,46340,0.0,0.0,2086611770.851212,stanford_transfers
USDT,2022-09-30,119423,3252596861.663112,55516,49073,0.0,0.0,1822215509.390387,stanford_transfers
USDT,2022-10-01,98955,1616712271.860715,47221,38781,0.0,0.0,972095552.4275875,stanford_transfers
USDT,2022-10-02,88529,1557120862.356996,33296,38201,0.0,0.0,913868714.2617416,stanford_transfers
USDT,2022-10-03,119082,3151653396.685351,54147,50705,0.0,0.0,1892599836.938214,stanford_transfers
USDT,2022-10-04,120001,3068420083.175927,48216,53678,0.0,0.0,1656852051.255253,stanford_transfers
USDT,2022-10-05,105971,2806713239.455486,36859,51891,0.0,0.0,1483203832.408154,stanford_transfers
USDT,2022-10-06,113658,4087542501.689427,42404,55778,0.0,0.0,2616651398.553785,stanford_transfers
USDT,2022-10-07,112565,3010899804.509223,39791,56269,0.0,0.0,1678470929.858161,stanford_transfers
USDT,2022-10-08,101501,1960112785.946114,51439,42154,0.0,0.0,1327305308.895929,stanford_transfers
USDT,2022-10-09,72477,1195045466.057777,32478,34962,0.0,0.0,587974854.8285462,stanford_transfers
USDT,2022-10-10,86816,2545792008.412621,34122,45959,0.0,3.862538,1396133830.211359,stanford_transfers
USDT,2022-10-11,102193,3804090333.873539,41537,50688,0.0,0.0,2477890139.557292,stanford_transfers
USDT,2022-10-12,96784,2603978417.53154,38939,49430,0.0,0.0,1357611049.048567,stanford_transfers
USDT,2022-10-13,115891,4189463423.315061,42459,60243,0.0,47.297312,2633978011.07243,stanford_transfers
USDT,2022-10-14,125047,3616388690.241853,43319,73293,0.0,7344.3916,2253028104.46857,stanford_transfers
USDT,2022-10-15,89960,1878757723.997235,40797,42063,0.0,0.0,1292383079.376198,stanford_transfers
USDT,2022-10-16,73438,1023232840.096664,29367,36128,0.0,0.0,467881199.8963661,stanford_transfers
USDT,2022-10-17,99945,3408352332.048725,38754,49416,0.0,0.0,2094962116.975533,stanford_transfers
USDT,2022-10-18,99992,3408363968.900903,39697,50369,0.0,0.0,1888657452.715406,stanford_transfers
USDT,2022-10-19,97889,3197179987.653636,39713,49614,0.0,13.0,1803148507.361984,stanford_transfers
USDT,2022-10-20,141977,2905764806.824139,50078,90166,0.0,0.0,1581359071.369377,stanford_transfers
USDT,2022-10-21,121204,3821494687.471882,52695,61440,0.0,0.0,2376106921.962414,stanford_transfers
USDT,2022-10-22,75335,1494634672.618267,31799,37244,0.0,0.0,826699688.6056801,stanford_transfers
USDT,2022-10-23,74498,1519422236.086666,31340,35362,0.0,0.0,873089711.6725533,stanford_transfers
USDT,2022-10-24,104696,3364940388.687387,47584,48712,0.0,0.0,1992124011.847973,stanford_transfers
USDT,2022-10-25,107299,4536386130.360518,41685,51601,0.0,0.0,2777348489.322302,stanford_transfers
USDT,2022-10-26,111516,3888616961.224526,42594,53141,0.0,603.895065,2072859297.680287,stanford_transfers
USDT,2022-10-27,109392,3526421678.185731,44259,50094,0.0,394.82496,1960705521.0064,stanford_transfers
USDT,2022-10-28,105810,3638052064.277935,42144,50848,0.0,2044.255642,2157724405.300657,stanford_transfers
USDT,2022-10-29,98626,2752263619.814479,39109,42983,0.0,0.360639,1706385063.321366,stanford_transfers
USDT,2022-10-30,91602,2110997933.544192,36941,40107,0.0,0.0,1356138899.288641,stanford_transfers
USDT,2022-10-31,115293,5555764598.186907,49248,52578,0.0,3.714066,3930189543.527296,stanford_transfers
USDT,2022-11-01,17828,827013760.0697067,8160,9198,0.0,0.0,618206859.148756,stanford_transfers
UST,2022-04-01,1510,363326573.5157531,482,599,8505897.354732001,44373078.59430572,254193329.2907065,stanford_transfers
UST,2022-04-02,2306,257970395.8512759,829,885,11422294.300967,33139690.34447256,168721937.2328394,stanford_transfers
UST,2022-04-03,1757,4889970333.672863,661,707,722094415.1673533,672463554.0524175,4816009514.662098,stanford_transfers
UST,2022-04-04,2465,343197641.5736709,768,891,27092120.51292,41397080.12545039,198790127.7202611,stanford_transfers
UST,2022-04-05,2384,227510610.2169661,781,891,15753642.990762,36875324.67923163,121738751.3727188,stanford_transfers
UST,2022-04-06,2533,270769612.1017973,867,951,16495257.339473,34774244.29610891,139189002.7233354,stanford_transfers
UST,2022-04-07,2238,392771137.7250296,792,817,83763256.01887402,32317161.83260406,308683977.894821,stanford_transfers
UST,2022-04-08,1939,205889227.7990614,704,817,15204805.333989,28834817.23505486,120323524.0789698,stanford_transfers
UST,2022-04-09,2008,198339391.4309064,775,772,12312187.05616699,39617882.63874248,116543451.2322839,stanford_transfers
UST,2022-04-10,1701,141748404.4411725,660,687,7950503.447124001,20578739.87059788,62702255.76201367,stanford_transfers
UST,2022-04-11,2652,435614197.108632,898,980,76771555.89934897,29039830.50507974,286003602.6721237,stanford_transfers
UST,2022-04-12,2183,211571574.599196,826,882,12414095.912161,23618735.05132249,112888872.51276,stanford_transfers
UST,2022-04-13,1790,219656913.2989777,698,744,17654858.93338801,19857144.54953208,112996423.8245429,stanford_transfers
UST,2022-04-14,1571,140691170.042463,586,629,5891607.52593,16475586.44265003,63520109.94741227,stanford_transfers
UST,2022-04-15,1497,126057214.8925631,565,635,2678634.603223999,13625898.47820012,46456899.18825618,stanford_transfers
UST,2022-04-16,1176,40745941.01691204,488,506,1206551.467633,3144134.013574745,16755645.2351001,stanford_transfers
UST,2022-04-17,1162,45901764.08198627,470,500,1324471.728123,3965757.70110729,17059545.69153552,stanford_transfers
UST,2022-04-18,1938,246741037.6210958,646,738,4597509.115165999,8815781.158967678,162358775.6530511,stanford_transfers
UST,2022-04-19,1705,3740804602.918713,611,669,547686216.5301499,506434201.4840482,3672388710.625475,stanford_transfers
UST,2022-04-20,1473,82956114.53354906,523,577,2618309.430583,12636937.79317006,35356737.95706289,stanford_transfers
UST,2022-04-21,1645,176917701.6164693,568,625,4780777.616003999,28734573.17418709,111861726.3777181,stanford_transfers
UST,2022-04-22,1425,174149280.1578975,498,594,1309772.608858,15918493.10460291,119333381.1925866,stanford_transfers
UST,2022-04-23,1122,72548626.18061982,450,484,3216706.434343,3657054.557646116,33554583.67072412,stanford_transfers
UST,2022-04-24,1067,83378634.30072074,425,483,2403760.068949,7633130.089745109,39620273.8540764,stanford_transfers
UST,2022-04-25,1775,84817606.39308377,550,642,5830283.202166,12798427.99685767,39962047.94785734,stanford_transfers
UST,2022-04-26,1798,139482020.0630615,635,670,4220980.006011999,8584366.204577183,67756579.55688986,stanford_transfers
UST,2022-04-27,1497,98748354.97481577,546,623,6647196.245497,8215037.044462316,36314568.67979138,stanford_transfers
UST,2022-04-28,1650,193560073.9523839,610,665,10295297.005448,12498701.00087944,127592841.3052612,stanford_transfers
UST,2022-04-29,1510,63373101.78812,545,637,2727601.93941,4442267.848743482,5820547.46720006,stanford_transfers
UST,2022-04-30,1470,113466154.2405788,556,570,9050225.523985002,8239609.462949241,50628705.48600183,stanford_transfers
UST,2022-05-01,1115,113695523.0863117,435,469,12477633.188112,14926564.01469887,45315346.02192639,stanford_transfers
UST,2022-05-02,1438,140117137.1364964,506,583,9701159.448707998,20504900.01311199,52310297.90883681,stanford_transfers
UST,2022-05-03,1626,191166704.0566728,541,616,11451263.998942,21042131.29878411,82570914.6018426,stanford_transfers
UST,2022-05-04,1648,138493433.3580793,567,603,6986208.901489999,13983552.95800067,59467869.63868582,stanford_transfers
UST,2022-05-05,1404,161469457.7538367,540,570,2862618.873188001,8279991.319516403,98402673.12224582,stanford_transfers
UST,2022-05-06,1482,111218838.3456597,510,617,6974943.672047999,9004094.817112448,56791125.62007274,stanford_transfers
UST,2022-05-07,2430,520334440.5952023,834,815,82414890.05915399,10750076.07312649,367234118.4323919,stanford_transfers
UST,2022-05-08,3116,955177174.1048961,914,890,80405264.15498,118644386.9333603,692343671.4575181,stanford_transfers
UST,2022-05-09,7929,1950736613.831015,1581,1791,412557857.7175679,64079235.21594746,1195635789.254201,stanford_transfers
UST,2022-05-10,17760,3815003085.974693,2708,3286,323937188.5723371,284322258.3817042,2275756720.896382,stanford_transfers
UST,2022-05-11,18864,2391867784.571224,3279,3455,136586750.394197,362036137.7778672,1196296759.80205,stanford_transfers
UST,2022-05-12,12135,786557766.9003365,2566,3314,31153153.667651,99230428.85175812,362135833.4501251,stanford_transfers
UST,2022-05-13,7475,414424078.7305825,1719,1622,29033252.068654,3068881.962731819,101333439.1302951,stanford_transfers
UST,2022-05-14,3473,309482841.9215224,748,1056,28789028.39860599,303205.720951,219742569.0861489,stanford_transfers
UST,2022-05-15,3345,185672912.0597283,733,877,39733562.579109,1656678.312884,105677919.4324965,stanford_transfers
UST,2022-05-16,3053,176797493.8117962,601,742,16538662.915321,10662574.17121852,87301864.24570751,stanford_transfers
UST,2022-05-17,1191,35701478.20648218,360,397,2911097.125878,8971466.636996001,15269191.95225741,stanford_transfers
UST,2022-05-18,1393,35456968.93554572,353,573,4066551.650816001,919033.83290509,11427792.153034,stanford_transfers
UST,2022-05-19,1031,57425942.60091655,328,397,2470115.908545,19294571.47296401,35882896.235389,stanford_transfers
UST,2022-05-20,870,121758695.6203074,270,336,2181893.207687,1060160.194389,101601707.393381,stanford_transfers
UST,2022-05-21,826,198806551.9702577,274,320,2478953.692655,47085968.854619,185386670.7266946,stanford_transfers
UST,2022-05-22,760,15024361.15011954,208,290,287040.5427860001,1641089.009081,1145570.0,stanford_transfers
UST,2022-05-23,1079,73885853.47363098,294,389,1719083.072809,4497025.406366,54193771.2763534,stanford_transfers
UST,2022-05-24,1297,52059332.35451379,697,353,982871.1499619999,2438268.741048,26739319.46768536,stanford_transfers
UST,2022-05-25,1830,193600199.9497842,544,810,728727.748255,3047431.644113,167276649.6565489,stanford_transfers
UST,2022-05-26,7755,538437390.5559404,3236,2644,94974630.55225901,56932672.37416698,377241621.9553237,stanford_transfers
UST,2022-05-27,2602,274744732.8110386,572,924,10356001.725161,14205861.631794,145121173.4599931,stanford_transfers
UST,2022-05-28,2302,51370010.77577687,482,853,3094808.357194,1030521.779447,11654197.24,stanford_transfers
UST,2022-05-29,940,13949734.11584674,262,394,800981.6283039999,428255.444241,0.0,stanford_transfers
UST,2022-05-30,1107,283997137.3129678,283,483,409516.4113909999,70525763.101384,266045992.7905188,stanford_transfers
UST,2022-05-31,894,32065907.88691337,235,354,4254558.552206,4391877.768324998,10844575.13079174,stanford_transfers
UST,2022-06-01,511,15246000.22784416,159,219,850612.666262,520120.1611690001,4048580.0,stanford_transfers
UST,2022-06-02,405,12886034.61095423,132,197,280513.0218550001,123320.94186,1385467.53021368,stanford_transfers
UST,2022-06-03,327,5169291.445702249,113,168,470348.1900000001,516069.3310809999,0.0,stanford_transfers
UST,2022-06-04,239,5886897.460406587,89,141,627494.855,280919.372824,1041454.983859,stanford_transfers
UST,2022-06-05,271,6484178.395123531,85,127,178199.521182,120425.696845,0.0,stanford_transfers
UST,2022-06-06,210,6587433.562810161,86,105,319679.188466,99532.251003,0.0,stanford_transfers
UST,2022-06-07,203,6797141.390272964,74,106,549690.0833689999,160648.340096,0.0,stanford_transfers
UST,2022-06-08,301,30400077.12067736,127,124,1047912.044781,553130.511241,10227521.24473462,stanford_transfers
UST,2022-06-09,176,6437704.518967342,67,101,274513.110363,158441.444446,0.0,stanford_transfers
UST,2022-06-10,185,11670418.94821295,64,91,1200040.331126,297147.852566,1499890.0,stanford_transfers
UST,2022-06-11,182,6512405.419390528,69,93,335088.2868780001,51.0,0.0,stanford_transfers
UST,2022-06-12,223,17501492.83494161,82,107,689422.2977189999,46560.096033,1419671.0,stanford_transfers
UST,2022-06-13,152,7668178.127491132,65,81,222867.909,0.0,0.0,stanford_transfers
UST,2022-06-14,147,6186766.388779417,61,72,437619.630093,129360.349139,0.0,stanford_transfers
UST,2022-06-15,149,8380690.209968858,48,77,527335.013511,1482140.271098,4104329.12669616,stanford_transfers
UST,2022-06-16,135,5186051.645807659,48,72,307415.780687,13286.99,0.0,stanford_transfers
UST,2022-06-17,114,3839029.042026393,49,61,86365.021224,15162.124516,0.0,stanford_transfers
UST,2022-06-18,150,9411719.497154426,54,68,786548.300883,2055.663797,1911404.06747515,stanford_transfers
UST,2022-06-19,213,8450010.870625705,76,94,456690.107919,314850.658087,2444750.341,stanford_transfers
UST,2022-06-20,181,5879465.672461025,70,95,149271.121176,51537.34509,0.0,stanford_transfers
UST,2022-06-21,127,2752899.350197058,54,65,201846.832436,55480.582485,0.0,stanford_transfers
UST,2022-06-22,121,3792198.514636957,49,64,105843.589435,28150.393336,0.0,stanford_transfers
UST,2022-06-23,158,3848324.610232628,60,66,168175.327885,144344.695404,0.0,stanford_transfers
UST,2022-06-24,306,9184983.291454962,126,136,448454.500271,0.0,0.0,stanford_transfers
UST,2022-06-25,201,5275411.424485006,60,82,205655.205617,32674.002109,0.0,stanford_transfers
UST,2022-06-26,294,10149160.73262592,91,128,175074.75,1239.942929,0.0,stanford_transfers
UST,2022-06-27,803,14147490.24689386,153,270,102357.366698,67081.955141,0.0,stanford_transfers
UST,2022-06-28,1903,76201605.1194143,304,510,289187.45886,2853810.205628,31427958.23181853,stanford_transfers
UST,2022-06-29,4872,122195185.7670085,646,1176,714692.859322,3183563.304511,57762058.57514307,stanford_transfers
UST,2022-06-30,1707,47744509.05771337,290,446,391474.112911,1957352.025129,25897242.10761041,stanford_transfers
UST,2022-07-01,1290,16691075.82294501,208,287,244425.851257,511658.143041,1646709.37120322,stanford_transfers
UST,2022-07-02,1426,11632896.56132969,277,380,241988.449298,408145.772845,0.0,stanford_transfers
UST,2022-07-03,753,7327004.87404248,187,245,0.0,99458.3108,0.0,stanford_transfers
UST,2022-07-04,1050,13653635.89563869,219,314,106791.03451,547955.458188,3712095.56909524,stanford_transfers
UST,2022-07-05,543,5476117.710532182,152,196,56482.51,236521.377029,0.0,stanford_transfers
UST,2022-07-06,476,7520844.920648245,130,172,1095554.076364,77098.290979,0.0,stanford_transfers
UST,2022-07-07,552,7383975.060988016,141,163,10297.84,505375.315233,0.0,stanford_transfers
UST,2022-07-08,343,3926051.21242865,106,124,1266.238008,105333.132169,1834814.393,stanford_transfers
UST,2022-07-09,400,4101706.937801769,112,132,10619.37,153767.979519,0.0,stanford_transfers
UST,2022-07-10,504,5226821.28489061,135,146,42136.818268,296402.158738,0.0,stanford_transfers
UST,2022-07-11,304,7389288.568784518,106,103,16113.87,360290.376507,1000084.50751831,stanford_transfers
UST,2022-07-12,465,6381800.258653023,135,126,134720.145,382687.703135,0.0,stanford_transfers
UST,2022-07-13,321,5111474.901531708,105,102,73935.99,239119.529842,0.0,stanford_transfers
UST,2022-07-14,337,4961945.87903096,98,109,167872.963,0.0,0.0,stanford_transfers
UST,2022-07-15,776,13480225.97494972,170,169,88092.82,347623.6382789999,0.0,stanford_transfers
UST,2022-07-16,497,5376669.018159647,118,154,55958.985,195429.230328,0.0,stanford_transfers
UST,2022-07-17,261,3534292.498672101,84,96,0.0,267583.533838,0.0,stanford_transfers
UST,2022-07-18,260,3414249.772254852,81,100,0.0,234206.20674,0.0,stanford_transfers
UST,2022-07-19,234,4676612.274768334,74,91,0.0,89486.70474999999,2333469.76836441,stanford_transfers
UST,2022-07-20,451,6060507.533578835,111,125,579559.5808379999,132931.213065,0.0,stanford_transfers
UST,2022-07-21,328,5222399.946803558,94,111,251298.45,294945.955023,0.0,stanford_transfers
UST,2022-07-22,310,3679601.535992496,101,108,78355.2663,205360.25461,0.0,stanford_transfers
UST,2022-07-23,376,3075041.202651428,102,134,52555.39200000001,60752.675717,0.0,stanford_transfers
UST,2022-07-24,365,4791091.317375075,90,136,18660.33,44700.723473,0.0,stanford_transfers
UST,2022-07-25,320,3880770.940667408,80,129,331436.232,104444.159336,0.0,stanford_transfers
UST,2022-07-26,344,99570393.4022074,100,141,370561.069,244595.486677,93057103.91580592,stanford_transfers
UST,2022-07-27,538,8594834.042395836,119,164,454332.603913,165993.52177,0.0,stanford_transfers
UST,2022-07-28,379,11300446.91085606,106,125,956582.462,569881.121087,0.0,stanford_transfers
UST,2022-07-29,282,9044343.268078396,89,119,128646.229,170931.174994,0.0,stanford_transfers
UST,2022-07-30,394,9663323.294878595,107,121,234483.381,210916.593735,0.0,stanford_transfers
UST,2022-07-31,330,4510553.180691691,81,104,262847.8209,252837.740684,0.0,stanford_transfers
UST,2022-08-01,272,4461823.375717815,79,84,500129.3700000001,184740.55151,0.0,stanford_transfers
UST,2022-08-02,178,3543738.290417108,68,65,95455.34909999999,35387.78961,0.0,stanford_transfers
UST,2022-08-03,259,6607321.464416845,78,88,358041.6,90291.212728,0.0,stanford_transfers
UST,2022-08-04,360,14478303.23783176,100,108,383126.49,149.0,0.0,stanford_transfers
UST,2022-08-05,295,15054888.97417999,96,97,114286.9225,76701.738174,0.0,stanford_transfers
UST,2022-08-06,242,3692138.124656669,71,85,175836.987,81963.27366600001,0.0,stanford_transfers
UST,2022-08-07,247,5861257.164692097,88,64,252182.565,24773.5,0.0,stanford_transfers
UST,2022-08-08,402,15854633.0827943,98,115,614593.249445,341247.629801,0.0,stanford_transfers
UST,2022-08-09,215,2495602.149616604,75,74,6193.8,96981.966524,0.0,stanford_transfers
UST,2022-08-10,191,3185466.117722497,59,71,13056.550345,0.0,0.0,stanford_transfers
UST,2022-08-11,136,1308987.985640811,59,64,20209.77,32498.267683,0.0,stanford_transfers
UST,2022-08-12,345,29490905.89595279,71,90,219334.69106,1574237.948887,17719960.242154,stanford_transfers
UST,2022-08-13,305,5881323.377510141,65,70,684414.9,152371.220984,0.0,stanford_transfers
UST,2022-08-14,401,8458974.907003717,92,129,397167.435,842718.51039,0.0,stanford_transfers
UST,2022-08-15,222,4374079.117079527,64,82,1016962.414189,0.0,0.0,stanford_transfers
UST,2022-08-16,238,10245916.96899623,79,85,58151.79,145455.092279,5003651.08015359,stanford_transfers
UST,2022-08-17,267,7418790.286831292,73,93,869961.8685,19052.0,0.0,stanford_transfers
UST,2022-08-18,310,9942421.843243387,101,113,630854.514,40082.427401,0.0,stanford_transfers
UST,2022-08-19,155,2635714.915216779,54,75,2.0,0.0,0.0,stanford_transfers
UST,2022-08-20,215,2286985.428556423,68,66,89550.36,75287.619589,0.0,stanford_transfers
UST,2022-08-21,192,2692405.748740659,58,70,165899.142764,52143.9447,0.0,stanford_transfers
UST,2022-08-22,87,590011.2995455577,35,42,0.0,62569.316105,0.0,stanford_transfers
UST,2022-08-23,300,6794519.173720475,88,108,20779.2,303068.6735959999,0.0,stanford_transfers
UST,2022-08-24,299,8648249.488413112,85,97,0.0,54576.8497,0.0,stanford_transfers
UST,2022-08-25,385,11439446.33682712,100,124,0.0,2465210.623727,3624880.49666469,stanford_transfers
UST,2022-08-26,405,16599437.76067994,107,115,123421.313814,969637.069874,5646519.028593739,stanford_transfers
UST,2022-08-27,271,4543301.568965974,70,103,0.0,8857.335658,0.0,stanford_transfers
UST,2022-08-28,175,2512060.613683968,49,65,9.0,2173.173668,0.0,stanford_transfers
UST,2022-08-29,167,2530412.078182651,56,68,76224.238074,26000.0,0.0,stanford_transfers
UST,2022-08-30,233,3295954.472877048,58,90,119879.001,856.214552,0.0,stanford_transfers
UST,2022-08-31,359,7727291.890650538,93,136,2.22,26569.00319,3500000.0,stanford_transfers
UST,2022-09-01,961,15632740.72673049,175,284,0.0,296074.584991,2335723.95897438,stanford_transfers
UST,2022-09-02,627,8090265.183963188,125,171,28874.483851,346737.979787,0.0,stanford_transfers
UST,2022-09-03,329,2894289.207125869,92,134,32572.350871,165922.71785,0.0,stanford_transfers
UST,2022-09-04,312,2145175.709394241,79,113,40059.0,15883.547356,0.0,stanford_transfers
UST,2022-09-05,714,6616862.228329102,146,212,0.0,269604.153065,0.0,stanford_transfers
UST,2022-09-06,1324,128038934.4736231,207,353,119880.0,1111861.573154004,114638825.0,stanford_transfers
UST,2022-09-07,816,111863896.3950215,180,244,59940.0,544976.299896,104102513.930079,stanford_transfers
UST,2022-09-08,1607,23778943.19963725,209,445,360459.18,573819.041152,9656690.90231172,stanford_transfers
UST,2022-09-09,1442,26177551.23356096,242,332,471528.0,1060088.283763,8889102.29557132,stanford_transfers
UST,2022-09-10,1924,24081621.53565082,243,376,285838.999,1127244.430166,7871466.66712413,stanford_transfers
UST,2022-09-11,942,4785536.20893511,183,213,161918.0,89385.037648,0.0,stanford_transfers
UST,2022-09-12,626,5092411.138080377,133,169,340659.1,330910.939433,0.0,stanford_transfers
UST,2022-09-13,814,9581862.95164574,133,172,868389.7409999999,748327.058356,0.0,stanford_transfers
UST,2022-09-14,959,17395256.80185049,175,181,1056462.48,839045.019201,0.0,stanford_transfers
UST,2022-09-15,415,5716445.054412544,96,122,565612.9199999999,289671.035951,0.0,stanford_transfers
UST,2022-09-16,533,129038091.148192,113,155,30708.36,211662.992721,125068238.0,stanford_transfers
UST,2022-09-17,553,5583339.208100148,126,151,596981.62,220643.30181,0.0,stanford_transfers
UST,2022-09-18,331,2347688.893120486,90,119,34775.19,149241.619386,0.0,stanford_transfers
UST,2022-09-19,541,159225915.1229088,160,124,107782.11,133999912.220982,153896642.882,stanford_transfers
UST,2022-09-20,456,3094707.27699217,96,123,164988.875,106.02431,0.0,stanford_transfers
UST,2022-09-21,428,4552877.034095783,113,121,7002.0,308948.594481,0.0,stanford_transfers
UST,2022-09-22,325,2006707.077463749,90,95,24.0,14.0,0.0,stanford_transfers
UST,2022-09-23,359,3161189.729748082,85,89,27872.1,0.0,0.0,stanford_transfers
UST,2022-09-24,451,3660616.859635562,83,85,0.0,0.0,0.0,stanford_transfers
UST,2022-09-25,348,4394567.767204862,88,102,637118.279117,36352.602419,0.0,stanford_transfers
UST,2022-09-26,607,12571433.21944816,111,155,66233.7,98284.64,0.0,stanford_transfers
UST,2022-09-27,329,2840803.75636538,81,106,344355.3,1000.0,0.0,stanford_transfers
UST,2022-09-28,301,57773181.61208175,75,97,536557.014664,123186.7303777773,52834519.7300144,stanford_transfers
UST,2022-09-29,564,7855540.181503344,86,104,999001.3916,68802.090421,0.0,stanford_transfers
UST,2022-09-30,372,2120710.291669063,68,97,2.0,4.40926,0.0,stanford_transfers
UST,2022-10-01,334,4023715.222235299,92,111,499500.0,61976.50855300001,0.0,stanford_transfers
UST,2022-10-02,498,4662837.847245811,100,150,43022.26302999999,14299.155041,0.0,stanford_transfers
UST,2022-10-03,204,2690444.869652736,64,64,224325.45,317.214359,0.0,stanford_transfers
UST,2022-10-04,314,4648397.62672419,97,81,762225.9297540002,813.6608120000001,0.0,stanford_transfers
UST,2022-10-05,263,5475857.298504155,75,84,1949947.784262,0.0,0.0,stanford_transfers
UST,2022-10-06,297,5804271.957794045,73,75,606006.042936,168131.3683487193,0.0,stanford_transfers
UST,2022-10-07,310,2988436.592099687,73,72,200331.040695,3410.112178,0.0,stanford_transfers
UST,2022-10-08,97,3288324.346825775,41,41,0.0,0.0,0.0,stanford_transfers
UST,2022-10-09,257,5784790.514867282,54,73,0.0,85658.488567,0.0,stanford_transfers
UST,2022-10-10,571,6786499.549294702,107,148,0.0,565726.693263404,0.0,stanford_transfers
UST,2022-10-11,1988,36227823.13828164,238,333,0.0,2419227.303418948,7583571.82316362,stanford_transfers
UST,2022-10-12,1017,17121219.89003655,166,197,9990.0,647488.920081,0.0,stanford_transfers
UST,2022-10-13,576,3912014.705841605,107,155,1.0,54960.49105699999,0.0,stanford_transfers
UST,2022-10-14,436,3544392.472191968,98,130,206793.0,75965.93765,0.0,stanford_transfers
UST,2022-10-15,329,13766202.07454716,78,98,738284.976,0.0,9553718.31397558,stanford_transfers
UST,2022-10-16,267,2485380.450597447,68,87,115786.35775,1404.152853,0.0,stanford_transfers
UST,2022-10-17,207,2735778.972456444,65,79,316972.288558,51009.819302,0.0,stanford_transfers
UST,2022-10-18,168,2489662.484754852,57,72,483069.423426,0.0,0.0,stanford_transfers
UST,2022-10-19,279,5962296.986631233,66,96,962751.049716,57494.272353,0.0,stanford_transfers
UST,2022-10-20,346,5642158.522887615,75,94,387112.5473629999,46297.590006,0.0,stanford_transfers
UST,2022-10-21,179,4327110.150134906,52,68,1041042.678881,2504.761262,0.0,stanford_transfers
UST,2022-10-22,175,1272929.277553242,55,68,56459.508326,429.507477,0.0,stanford_transfers
UST,2022-10-23,237,3200677.53766453,67,71,561551.8484820001,93805.536496,0.0,stanford_transfers
UST,2022-10-24,216,5044219.036373616,66,67,1343217.239205,86000.0,0.0,stanford_transfers
UST,2022-10-25,154,1197603.797349592,40,47,0.0,0.0,0.0,stanford_transfers
UST,2022-10-26,175,1284866.544701451,55,60,0.0,0.0,0.0,stanford_transfers
UST,2022-10-27,212,4302711.199143066,56,59,60189.75,1253052.659798219,2212506.11171858,stanford_transfers
UST,2022-10-28,272,1922431.534986595,66,87,48245.059939,1005.0,0.0,stanford_transfers
UST,2022-10-29,913,44565068.89376284,141,154,614398.226015,3710768.326055,11648457.060036,stanford_transfers
UST,2022-10-30,337,4778659.117122691,91,93,350286.42714,95379.49056800001,0.0,stanford_transfers
UST,2022-10-31,202,1782063.906723598,59,71,289536.062334,1.01e-16,0.0,stanford_transfers
UST,2022-11-01,48,389820.6615061148,17,23,0.0,0.0,0.0,stanford_transfers
wLUNA,2022-04-01,241,201051.4491795838,91,122,1391.59053,4298.690633,0.0,stanford_transfers
wLUNA,2022-04-02,606,253076.9374002917,212,244,11010.101523,4195.657504999999,0.0,stanford_transfers
wLUNA,2022-04-03,514,350345.5631559634,199,225,1920.408409,43117.00321933997,0.0,stanford_transfers
wLUNA,2022-04-04,498,305356.9812589561,166,217,5558.358884,1919.281169,0.0,stanford_transfers
wLUNA,2022-04-05,518,397812.8057104976,182,231,1109.554666,5539.768839999999,0.0,stanford_transfers
wLUNA,2022-04-06,563,200071.3730551977,200,221,1665.810941,9208.804273770002,0.0,stanford_transfers
wLUNA,2022-04-07,543,942843.4287585716,175,225,2710.164525,84076.045074,0.0,stanford_transfers
wLUNA,2022-04-08,603,827319.786367911,199,258,7641.056491,3591.336397,0.0,stanford_transfers
wLUNA,2022-04-09,556,257267.5398770274,185,223,4769.321919,5123.350535,0.0,stanford_transfers
wLUNA,2022-04-10,454,154192.3077146433,172,199,3942.210154999999,33948.91096900001,0.0,stanford_transfers
wLUNA,2022-04-11,545,327913.1082509889,195,235,1463.629556,3755.038125,0.0,stanford_transfers
wLUNA,2022-04-12,497,461040.9972100485,187,221,9789.633192000001,23525.60421928,0.0,stanford_transfers
wLUNA,2022-04-13,447,703172.6554798009,169,227,804.3787759999999,6228.962662,0.0,stanford_transfers
wLUNA,2022-04-14,462,253770.1370624926,135,199,371.5590110000001,5193.143888,0.0,stanford_transfers
wLUNA,2022-04-15,349,274671.1844130069,120,166,1.570742,3050.198781000001,0.0,stanford_transfers
wLUNA,2022-04-16,337,148672.3039868533,128,165,7389.927925999999,3035.919036999999,0.0,stanford_transfers
wLUNA,2022-04-17,324,148689.2443802191,110,150,13564.621339,2409.435735,0.0,stanford_transfers
wLUNA,2022-04-18,509,374339.5383371246,144,208,13885.375962,4155.85837,0.0,stanford_transfers
wLUNA,2022-04-19,689,423279.84356432,176,228,10389.355602,16259.212772,0.0,stanford_transfers
wLUNA,2022-04-20,406,466040.0599736032,153,180,3768.429898,12011.234466,0.0,stanford_transfers
wLUNA,2022-04-21,380,278281.3691840817,136,186,3349.656698000001,11026.83786479,0.0,stanford_transfers
wLUNA,2022-04-22,382,488371.987608537,137,160,84.48767800000002,92924.74744099998,0.0,stanford_transfers
wLUNA,2022-04-23,315,109336.4595131912,124,141,428.520308,2138.233348999999,0.0,stanford_transfers
wLUNA,2022-04-24,253,94918.7382744715,97,112,3022.262822,1233.820493,0.0,stanford_transfers
wLUNA,2022-04-25,499,800378.5995841083,196,228,975.078241,17375.60009999999,0.0,stanford_transfers
wLUNA,2022-04-26,363,137894.9115878092,151,166,1385.569033,606.16645164,0.0,stanford_transfers
wLUNA,2022-04-27,318,179681.2240568175,132,145,1999.989321,49146.89445120999,0.0,stanford_transfers
wLUNA,2022-04-28,278,90582.98484986143,106,115,194.361176,1449.811453,0.0,stanford_transfers
wLUNA,2022-04-29,341,661263.7601813447,126,154,293758.010327,22810.93256999999,0.0,stanford_transfers
wLUNA,2022-04-30,324,144895.8619201475,121,142,4297.885109000001,1347.995786,0.0,stanford_transfers
wLUNA,2022-05-01,286,660650.9774026594,105,127,506.479295,252280.376021,0.0,stanford_transfers
wLUNA,2022-05-02,233,215260.6366252803,104,109,57.35714300000001,9179.990033,0.0,stanford_transfers
wLUNA,2022-05-03,272,152711.8677293186,108,132,13936.883541,14835.59176,0.0,stanford_transfers
wLUNA,2022-05-04,304,439742.4120050211,126,143,99926.70187500001,103117.583141,0.0,stanford_transfers
wLUNA,2022-05-05,408,717804.45465485,222,155,279838.976156,3891.3744711,0.0,stanford_transfers
wLUNA,2022-05-06,316,778193.40371535,113,148,359.947264,340883.284165,0.0,stanford_transfers
wLUNA,2022-05-07,595,310483.2649496089,180,204,16072.992729,2930.132153,0.0,stanford_transfers
wLUNA,2022-05-08,823,1043380.342114351,198,274,336850.78737,14174.039614,0.0,stanford_transfers
wLUNA,2022-05-09,1502,2358270.344128072,347,441,643854.459399,56556.65910212017,0.0,stanford_transfers
wLUNA,2022-05-10,6483,28120987.61264024,814,1263,14424592.587235,48254.65282205531,0.0,stanford_transfers
wLUNA,2022-05-11,16016,453580877.2824855,1624,3218,198443738.741106,3015181.704426635,107837524.490497,stanford_transfers
wLUNA,2022-05-12,17123,2166188830.586487,1825,3992,577639706.0467985,1017383.281634,1598012208.211298,stanford_transfers
wLUNA,2022-05-13,33115,2148849329100.071,1447,6011,982826712744.0087,13717778890.38276,2144217157052.249,stanford_transfers
wLUNA,2022-05-14,36375,1106530716473.274,2806,10693,2611790682.820273,14264215874.90128,1099777515277.105,stanford_transfers
wLUNA,2022-05-15,21792,641960643485.8337,2652,8126,2833754380.049929,12639145388.41768,638232994549.3018,stanford_transfers
wLUNA,2022-05-16,11073,660563258740.4796,1789,4032,4627681794.206465,4328610071.710911,658805620064.4332,stanford_transfers
wLUNA,2022-05-17,5803,1015167008579.466,1144,2274,7321122277.678764,6355481886.216249,1014222487890.181,stanford_transfers
wLUNA,2022-05-18,5732,701874789724.554,1157,2304,12081334226.2291,2711820818.017244,700925255765.8823,stanford_transfers
wLUNA,2022-05-19,3870,406362413589.6919,925,1504,4026077118.027322,3556423763.965805,405759716532.7078,stanford_transfers
wLUNA,2022-05-20,3050,889447215318.4858,811,1374,2070547863.987281,1463129670.962484,888946486972.3987,stanford_transfers
wLUNA,2022-05-21,3226,501460276406.1763,784,1406,3560683278.818082,5001728490.785794,500938433537.2522,stanford_transfers
wLUNA,2022-05-22,5728,922646492554.6042,1008,2441,11848899267.11713,21341957481.76549,921783816564.1582,stanford_transfers
wLUNA,2022-05-23,5845,2145300932225.466,1080,3051,5104214066.104729,22789020681.7542,2144589836404.878,stanford_transfers
wLUNA,2022-05-24,4768,1505603240033.609,1102,2417,2434603030.321736,67185101276.68105,1504977722736.328,stanford_transfers
wLUNA,2022-05-25,6457,1866424195272.093,1612,3277,4435026159.128935,108673752572.2261,1865494361707.704,stanford_transfers
wLUNA,2022-05-26,10332,1218253996489.925,4880,3494,7213056698.141231,386301445290.8718,1216598561020.874,stanford_transfers
wLUNA,2022-05-27,6287,533194966114.8188,1561,3208,669094682.0761452,24722628434.23035,532239554287.139,stanford_transfers
wLUNA,2022-05-28,8404,446172653097.6726,1695,3956,710351951.3138103,3478153968.271667,444927782829.3059,stanford_transfers
wLUNA,2022-05-29,5084,21797154099.10506,1045,2364,536120094.7229188,3401080053.875608,21081613309.70966,stanford_transfers
wLUNA,2022-05-30,6127,51184650753.69836,1230,2909,444890533.5610689,9137999864.460808,50297102570.78168,stanford_transfers
wLUNA,2022-05-31,3119,16352960739.63592,762,1609,1534850634.130595,1141256695.734132,15845527673.81083,stanford_transfers
wLUNA,2022-06-01,2408,10675784646.81726,762,1204,714873597.635889,764210138.1858201,10290599091.12866,stanford_transfers
wLUNA,2022-06-02,1555,6914186553.93136,438,880,475473884.0297029,421816745.019022,6663335744.584356,stanford_transfers
wLUNA,2022-06-03,1312,7477438711.417471,372,704,109551415.07593,634823021.727446,7266183156.932664,stanford_transfers
wLUNA,2022-06-04,1060,4487854617.197803,330,552,37703104.771782,423974373.2312419,4328094351.039175,stanford_transfers
wLUNA,2022-06-05,1103,7900712997.580719,313,584,542288471.763872,365519188.96504,7731546019.09995,stanford_transfers
wLUNA,2022-06-06,1319,6314422262.374018,391,762,135719873.813559,380665020.8670981,6095749438.509659,stanford_transfers
wLUNA,2022-06-07,1664,10600037695.30419,507,772,1032553165.648484,287989022.11479,10356249340.67093,stanford_transfers
wLUNA,2022-06-08,1093,360933268811.6893,299,516,1167395852.224128,465511751.319715,360812347624.5526,stanford_transfers
wLUNA,2022-06-09,1170,10103254785.1754,291,533,858680232.4424031,801854467.97834,9968201486.680202,stanford_transfers
wLUNA,2022-06-10,931,20299216954.39175,253,409,1163733119.571078,273877187.501042,20187801890.28272,stanford_transfers
wLUNA,2022-06-11,786,5017845586.513925,275,381,386778174.691259,459740879.779134,4913041536.231077,stanford_transfers
wLUNA,2022-06-12,798,5403615267.484312,255,348,492457188.653465,322302580.233851,5296694417.519293,stanford_transfers
wLUNA,2022-06-13,643,4567848512.443216,198,324,328809956.553007,233986721.235424,4487338364.042451,stanford_transfers
wLUNA,2022-06-14,554,2773985973.337311,191,295,168646127.699194,210001214.420053,2696375890.397793,stanford_transfers
wLUNA,2022-06-15,531,2881627026.053593,198,272,76539420.341743,172130462.531321,2816646979.55234,stanford_transfers
wLUNA,2022-06-16,660,4636655951.747252,225,300,65225810.60561299,333934890.324475,4541285600.08608,stanford_transfers
wLUNA,2022-06-17,673,3923801573.001058,227,333,45109682.739002,157588497.509722,3821431922.37668,stanford_transfers
wLUNA,2022-06-18,609,3152993160.335479,197,297,74106025.046276,195053567.340571,3066023596.144538,stanford_transfers
wLUNA,2022-06-19,725,5338173211.061943,246,352,30915727.808869,293134633.056829,5229824319.304819,stanford_transfers
wLUNA,2022-06-20,626,2529837788.200109,216,319,177082.961851,173830547.01135,2411434647.761837,stanford_transfers
wLUNA,2022-06-21,614,2780898566.955981,221,326,29401043.975781,81203073.50262499,2678415628.568972,stanford_transfers
wLUNA,2022-06-22,404,2382695914.834382,164,214,87626460.386872,98291370.442429,2319486830.07419,stanford_transfers
wLUNA,2022-06-23,389,2741334038.857251,145,202,253687120.450291,103936885.326646,2680952830.382308,stanford_transfers
wLUNA,2022-06-24,491,2918100965.922147,184,244,35536964.949491,108370167.28142,2834837328.072315,stanford_transfers
wLUNA,2022-06-25,458,4375770881.279461,163,231,173920358.438504,86880892.477979,4299363814.756323,stanford_transfers
wLUNA,2022-06-26,626,3931968511.652521,182,294,213698160.485854,122203586.336469,3844268224.91598,stanford_transfers
wLUNA,2022-06-27,1478,11292380772.70756,425,671,578295318.3439949,278969625.145745,11108453779.72227,stanford_transfers
wLUNA,2022-06-28,1609,22133848014.90854,421,657,406164650.588212,444532587.766451,21898303089.74751,stanford_transfers
wLUNA,2022-06-29,6385,58448403792.9077,1379,3026,1050753392.072767,832735926.4592614,57431275221.04868,stanford_transfers
wLUNA,2022-06-30,2836,14886949246.80183,754,1356,309623393.254568,334623764.0496271,14439162274.66153,stanford_transfers
wLUNA,2022-07-01,1740,9391063872.13974,524,853,89035431.681156,62764839.35788801,9092317830.302666,stanford_transfers
wLUNA,2022-07-02,1998,7662795741.422601,604,867,153205668.343335,100875346.825834,7355829820.201894,stanford_transfers
wLUNA,2022-07-03,1510,7134801347.670759,414,691,287450241.915182,258377206.169261,6896412919.470213,stanford_transfers
wLUNA,2022-07-04,1117,4570671493.563811,330,532,200216751.617016,138681601.946848,4371430783.71821,stanford_transfers
wLUNA,2022-07-05,1074,6823791120.116953,302,417,319935664.744622,126949654.438271,6667722046.712782,stanford_transfers
wLUNA,2022-07-06,921,4896278016.836399,255,374,19388392.27912,123655169.560858,4776591979.758497,stanford_transfers
wLUNA,2022-07-07,804,5404459868.081391,251,342,72820233.194266,79161943.464862,5264746937.131763,stanford_transfers
wLUNA,2022-07-08,716,2136785420.79989,238,324,7702663.042027,76076406.066688,2014385101.341057,stanford_transfers
wLUNA,2022-07-09,800,4955820618.686801,250,328,154288473.064123,155320916.168957,4834220613.109673,stanford_transfers
wLUNA,2022-07-10,675,1702978794.270216,212,328,6391071.428571,45407955.020533,1586637051.371733,stanford_transfers
wLUNA,2022-07-11,569,2110706940.700952,185,263,20903355.918781,102187206.008355,2014020112.141307,stanford_transfers
wLUNA,2022-07-12,787,4972926929.533457,208,292,98478722.57930401,77587817.082468,4868983663.918614,stanford_transfers
wLUNA,2022-07-13,614,3360386610.273197,199,251,68556685.819039,29155321.177588,3276860395.013564,stanford_transfers
wLUNA,2022-07-14,532,3250568490.015078,164,243,122702702.273107,74066113.94457051,3163971856.583187,stanford_transfers
wLUNA,2022-07-15,853,5251735235.076521,259,356,126112517.244429,158858701.155214,5100444508.000413,stanford_transfers
wLUNA,2022-07-16,757,3158642090.084684,221,342,20012333.462221,162933499.671275,3026488684.811328,stanford_transfers
wLUNA,2022-07-17,648,2186325049.892084,184,318,7368936.193426,49106195.58471701,2058664808.770583,stanford_transfers
wLUNA,2022-07-18,856,5337111933.973184,243,371,60036640.320182,22039532.145444,5190592175.184608,stanford_transfers
wLUNA,2022-07-19,648,3132926616.740296,230,336,32008201.347709,288253757.105602,3017608568.901165,stanford_transfers
wLUNA,2022-07-20,787,3367425707.715203,252,338,116534079.059148,53137579.829515,3239810183.609744,stanford_transfers
wLUNA,2022-07-21,701,3910732980.820848,210,288,45822296.491551,2802709.724917,3808891132.370678,stanford_transfers
wLUNA,2022-07-22,804,5922390418.220223,245,279,44348967.51346,634716534.679198,5805234276.487692,stanford_transfers
wLUNA,2022-07-23,595,2206493084.201846,217,243,19549009.326047,60341844.248538,2123234964.255405,stanford_transfers
wLUNA,2022-07-24,748,2799292037.838123,235,271,20013926.04,26250512.295675,2693578336.042181,stanford_transfers
wLUNA,2022-07-25,559,2579092527.466302,185,227,59758303.516488,152575659.97461,2492845586.542176,stanford_transfers
wLUNA,2022-07-26,593,4612363010.972417,162,231,267306188.465223,19435429.207337,4548520784.03072,stanford_transfers
wLUNA,2022-07-27,738,5096846606.566702,214,284,73359798.659281,25999888.07326,4992763326.906798,stanford_transfers
wLUNA,2022-07-28,661,4837467533.84948,217,269,1989717.22365,104056229.967082,4749075658.387003,stanford_transfers
wLUNA,2022-07-29,726,5101456761.784834,194,241,11576606.966393,67667693.057771,5004827163.518551,stanford_transfers
wLUNA,2022-07-30,760,3285496201.936815,214,275,31527579.010024,19099852.590554,3161888978.698189,stanford_transfers
wLUNA,2022-07-31,648,2261775498.412783,211,257,215.864822,43593236.2352,2138860708.316036,stanford_transfers
wLUNA,2022-08-01,931,6176341611.019265,223,300,128056362.75431,370639306.976216,6028553255.246372,stanford_transfers
wLUNA,2022-08-02,608,2871191695.735015,159,236,71211535.054128,71577684.90588701,2757176387.245587,stanford_transfers
wLUNA,2022-08-03,600,4020422082.879636,210,238,40022240.568938,40063377.513874,3928152979.110004,stanford_transfers
wLUNA,2022-08-04,514,5272897198.591979,157,233,15171.38094,68206359.81487301,5191015382.585907,stanford_transfers
wLUNA,2022-08-05,482,1863664501.083246,176,225,28306817.751693,142790406.736645,1761637800.6485,stanford_transfers
wLUNA,2022-08-06,539,3093421300.200161,177,227,49991726.60044,59006192.099957,3008994985.43897,stanford_transfers
wLUNA,2022-08-07,622,3105161599.398618,224,242,38291453.238018,119137407.913082,3019963570.997547,stanford_transfers
wLUNA,2022-08-08,580,2661532011.298513,189,212,16261252.399829,82171711.627186,2563197150.476364,stanford_transfers
wLUNA,2022-08-09,632,4389408103.595405,184,224,258563256.738425,254384843.61671,4301883226.598243,stanford_transfers
wLUNA,2022-08-10,486,1994996301.185023,158,205,56035373.76644599,23112964.016369,1915264156.603926,stanford_transfers
wLUNA,2022-08-11,565,2558700407.891956,172,225,5805127.298192,81717839.169115,2468939213.945839,stanford_transfers
wLUNA,2022-08-12,547,3626614392.845929,174,234,86135619.248342,17126856.835348,3556072020.161346,stanford_transfers
wLUNA,2022-08-13,754,5807603318.229506,197,244,36261403.557304,191062853.652849,5700501905.501286,stanford_transfers
wLUNA,2022-08-14,816,8482789377.068154,271,290,61337197.41374,979732055.543918,8373657274.329987,stanford_transfers
wLUNA,2022-08-15,497,5277552767.614721,151,216,26735537.159629,112602623.9088,5202848429.684523,stanford_transfers
wLUNA,2022-08-16,480,2456054217.02967,169,203,0.0,8387319.961607,2371098986.531726,stanford_transfers
wLUNA,2022-08-17,517,3097098870.769395,161,212,78079022.82000001,137957385.893922,3017307922.420465,stanford_transfers
wLUNA,2022-08-18,468,2173298382.078762,154,213,15744240.0,125353632.6146,2103836330.294882,stanford_transfers
wLUNA,2022-08-19,573,7161629026.373854,177,231,180060141.98472,230995248.516947,7064656554.475413,stanford_transfers
wLUNA,2022-08-20,441,3436487373.33696,160,194,0.0,138660599.158361,3364626376.539111,stanford_transfers
wLUNA,2022-08-21,522,2584846067.736327,189,237,0.0,36620707.128415,2504888594.022829,stanford_transfers
wLUNA,2022-08-22,445,13022759217.77768,144,179,489018.229738,101692647.531274,12955822965.13157,stanford_transfers
wLUNA,2022-08-23,668,4546640191.228322,195,281,0.0,176417752.531274,4451239497.061439,stanford_transfers
wLUNA,2022-08-24,790,4372455224.788857,209,320,240087.232355,205941967.048504,4239790977.053734,stanford_transfers
wLUNA,2022-08-25,1233,8498398944.715776,268,477,122374736.467165,642106784.184198,8328543969.220374,stanford_transfers
wLUNA,2022-08-26,1301,9800287703.628044,331,500,281482620.283385,521581393.5450211,9606073729.031944,stanford_transfers
wLUNA,2022-08-27,1565,8626603767.957445,383,538,0.0,443022939.207355,8441295672.529968,stanford_transfers
wLUNA,2022-08-28,1242,7057085458.313148,325,444,74269637.008609,123989935.268425,6878857202.145784,stanford_transfers
wLUNA,2022-08-29,825,4059341482.91514,263,331,157130621.757135,386635177.177679,3949505498.496404,stanford_transfers
wLUNA,2022-08-30,2102,11397551025.59476,480,816,363751632.9542419,353015265.816147,11095701142.35464,stanford_transfers
wLUNA,2022-08-31,4017,14349517660.74707,1026,1654,553141023.2265799,870481203.4582,13666142657.07109,stanford_transfers
wLUNA,2022-09-01,6310,34984189999.63376,1210,2214,1092780650.776135,446799470.0618229,34078203137.28107,stanford_transfers
wLUNA,2022-09-02,3418,19708342289.03555,834,1232,83829323.904973,610665501.8540223,19217467127.08436,stanford_transfers
wLUNA,2022-09-03,2902,11475922302.06321,857,1052,66079808.83834,1199076374.666694,11032897424.20916,stanford_transfers
wLUNA,2022-09-04,2317,11859620146.227,659,883,33949128.9717,1120295448.876439,11504791671.56237,stanford_transfers
wLUNA,2022-09-05,5916,32560625435.52267,1240,2028,88647749.473666,908701917.1980532,31640332547.89039,stanford_transfers
wLUNA,2022-09-06,7954,35210869179.97393,1698,3040,37205277.989818,831370833.64512,33961818236.80388,stanford_transfers
wLUNA,2022-09-07,5989,43956536348.72952,1391,2279,501740413.7250989,1629422692.319661,43025860643.53664,stanford_transfers
wLUNA,2022-09-08,9888,27096374202.15073,1834,3855,259448053.883733,789420726.3974453,25341272049.99899,stanford_transfers
wLUNA,2022-09-09,6074,23181299608.38522,1332,2244,293825439.746454,650865622.0041633,22133298989.52733,stanford_transfers
wLUNA,2022-09-10,4097,13405172800.16777,917,1487,395057339.005781,569334366.794058,12688425531.84804,stanford_transfers
wLUNA,2022-09-11,3136,11659470768.12205,768,1123,58443002.142145,191923197.473675,11106926203.63615,stanford_transfers
wLUNA,2022-09-12,3600,22473048161.12144,799,1114,138135943.506121,596479894.2270352,21942571843.52951,stanford_transfers
wLUNA,2022-09-13,2874,16473308796.99088,564,959,288525632.125256,618930131.275419,16057072570.34026,stanford_transfers
wLUNA,2022-09-14,2939,353436664790.4055,718,879,241103996.111436,402261222.671499,352914301732.2613,stanford_transfers
wLUNA,2022-09-15,2214,19869676242.29691,627,756,20026112.205607,255810199.920992,19491081676.38305,stanford_transfers
wLUNA,2022-09-16,3043,201805967402.9889,916,1063,110419882.261822,128725257.978847,201350717754.498,stanford_transfers
wLUNA,2022-09-17,2078,8482149690.075375,492,650,317116113.480698,20632601.249019,8109875183.550407,stanford_transfers
wLUNA,2022-09-18,1665,5982707350.804545,401,529,15079615.29,42114188.56607699,5663942814.25738,stanford_transfers
wLUNA,2022-09-19,1850,12297610139.01646,393,592,53043482.01980801,4481720712.551445,11945721749.16532,stanford_transfers
wLUNA,2022-09-20,1593,7394805277.520676,356,543,102604380.677794,332987872.6805539,7085763226.671099,stanford_transfers
wLUNA,2022-09-21,1474,5275799259.136337,371,546,19769197.818638,65046887.296913,4992140660.231344,stanford_transfers
wLUNA,2022-09-22,1189,4237252118.259784,347,441,0.0,0.0,4004498062.050388,stanford_transfers
wLUNA,2022-09-23,1688,9071237641.399593,397,465,0.0,14671209.414725,8759752191.064907,stanford_transfers
wLUNA,2022-09-24,1432,7099952187.641004,382,400,0.0,70612341.819426,6807820532.70171,stanford_transfers
wLUNA,2022-09-25,1559,11366818711.61885,369,424,0.0,153408203.409266,11114806569.75077,stanford_transfers
wLUNA,2022-09-26,3358,20204381280.17598,591,892,0.0,30394673.663964,19647285005.67801,stanford_transfers
wLUNA,2022-09-27,1623,8314959951.414244,450,557,0.0,69208917.167524,8038372098.459077,stanford_transfers
wLUNA,2022-09-28,1156,5700269568.285578,274,390,0.0,26714068.875315,5510298104.729609,stanford_transfers
wLUNA,2022-09-29,892,3284856945.074553,262,354,0.0,150675948.371301,3129820214.274672,stanford_transfers
wLUNA,2022-09-30,1244,5238365560.38058,325,490,0.0,58485904.91392499,5018215761.305984,stanford_transfers
wLUNA,2022-10-01,1653,4770703572.432107,409,591,1380903.647012,13822749.051727,4482705939.893566,stanford_transfers
wLUNA,2022-10-02,3028,12157469760.31787,669,953,285392.532184,17148562.756216,11618987450.59144,stanford_transfers
wLUNA,2022-10-03,2031,7578295727.778431,495,657,451521973.019227,40215818.490165,7220473823.215305,stanford_transfers
wLUNA,2022-10-04,1404,5435082359.891867,433,445,429547667.88352,67895422.91227499,5179083789.375256,stanford_transfers
wLUNA,2022-10-05,1205,6573667482.153276,364,376,158505.594067,73129328.45398,6386087351.548818,stanford_transfers
wLUNA,2022-10-06,1426,4164787901.293045,281,346,156198.636801,1608908.420683,3827118944.348234,stanford_transfers
wLUNA,2022-10-07,1296,3322486318.464417,280,342,164698.123013,7673474.478457,3019750325.706612,stanford_transfers
wLUNA,2022-10-08,749,2912619817.506734,223,277,0.0,180572902.762558,2762209768.506433,stanford_transfers
wLUNA,2022-10-09,566,2435604402.855449,184,223,0.0,51162814.644538,2330906740.540882,stanford_transfers
wLUNA,2022-10-10,729,5054970674.170125,239,280,0.0,24758461.885035,4921459558.505992,stanford_transfers
wLUNA,2022-10-11,837,3928473562.374223,272,324,171032.597796,98532130.60248698,3772242271.578631,stanford_transfers
wLUNA,2022-10-12,732,2915004013.323221,265,254,663783.555065,16933130.8861,2795823241.496021,stanford_transfers
wLUNA,2022-10-13,862,3513923763.69848,310,328,0.0,57469345.65230399,3369427250.538033,stanford_transfers
wLUNA,2022-10-14,893,1621607435.846335,175,231,0.0,13122188.621001,1427531200.500629,stanford_transfers
wLUNA,2022-10-15,663,3352195111.611991,228,220,0.0,8054287.258692,3236164625.147581,stanford_transfers
wLUNA,2022-10-16,660,2083233489.495297,228,236,0.0,14042192.872865,1963041458.830704,stanford_transfers
wLUNA,2022-10-17,547,2653105270.840575,204,213,0.0,84998970.832631,2554658378.525556,stanford_transfers
wLUNA,2022-10-18,610,3059592453.640642,212,204,0.0,7116285.835701,2962286614.523391,stanford_transfers
wLUNA,2022-10-19,598,3593144678.831037,197,215,0.0,14567724.273422,3497351249.514455,stanford_transfers
wLUNA,2022-10-20,472,2357387373.844955,179,192,0.0,57737270.068486,2265444567.353549,stanford_transfers
wLUNA,2022-10-21,525,4957789265.148163,185,191,0.0,113275803.465103,4865366783.788936,stanford_transfers
wLUNA,2022-10-22,484,4212197491.284782,179,173,0.0,17457249.749254,4131954374.92231,stanford_transfers
wLUNA,2022-10-23,542,2645736361.867964,187,194,362592092.017388,30241102.946209,2551089884.839365,stanford_transfers
wLUNA,2022-10-24,542,2177852113.684342,187,185,413073.023692,11657236.925195,2085543946.335633,stanford_transfers
wLUNA,2022-10-25,430,1963026369.214202,161,195,45924427.16462199,1777818.004524,1873047368.277453,stanford_transfers
wLUNA,2022-10-26,549,21772467455.396,176,195,317627.316734,78077977.027922,21684699622.10339,stanford_transfers
wLUNA,2022-10-27,522,2841852487.361626,188,206,483413.256783,230356031.955389,2762857734.204509,stanford_transfers
wLUNA,2022-10-28,475,2187321971.577204,172,180,9697088.066607,108993365.685963,2095728349.190754,stanford_transfers
wLUNA,2022-10-29,801,9792622598.062672,270,282,9966839.472165,151425722.94355,9670252639.856634,stanford_transfers
wLUNA,2022-10-30,752,6097233435.557865,215,264,681742.213913,170245982.417741,5978624342.509546,stanford_transfers
wLUNA,2022-10-31,505,4905416029.965219,164,214,0.0,1117464063.473775,4806604274.412365,stanford_transfers
wLUNA,2022-11-01,117,508308567.0064892,49,54,0.0,300000.0,487512846.9380589,stanford_transfers
