coin,date,open,high,low,close,volume_usd,price_source
BTC,2022-01-01,46311.74609375,47827.3125,46288.484375,47686.8125,24582667004,yahoo
BTC,2022-01-02,47680.92578125,47881.40625,46856.9375,47345.21875,27951569547,yahoo
BTC,2022-01-03,47343.54296875,47510.7265625,45835.96484375,46458.1171875,33071628362,yahoo
BTC,2022-01-04,46458.8515625,47406.546875,45752.46484375,45897.57421875,42494677905,yahoo
BTC,2022-01-05,45899.359375,46929.046875,42798.22265625,43569.00390625,36851084859,yahoo
BTC,2022-01-06,43565.51171875,43748.71875,42645.5390625,43160.9296875,30208048289,yahoo
BTC,2022-01-07,43153.5703125,43153.5703125,41077.4453125,41557.90234375,84196607520,yahoo
BTC,2022-01-08,41561.46484375,42228.94140625,40672.27734375,41733.94140625,28066355845,yahoo
BTC,2022-01-09,41734.7265625,42663.94921875,41338.16015625,41911.6015625,21294384372,yahoo
BTC,2022-01-10,41910.23046875,42199.484375,39796.5703125,41821.26171875,32104232331,yahoo
BTC,2022-01-11,41819.5078125,43001.15625,41407.75390625,42735.85546875,26327648900,yahoo
BTC,2022-01-12,42742.1796875,44135.3671875,42528.98828125,43949.1015625,33499938689,yahoo
BTC,2022-01-13,43946.7421875,44278.421875,42447.04296875,42591.5703125,47691135082,yahoo
BTC,2022-01-14,42598.87109375,43346.6875,41982.6171875,43099.69921875,23577403399,yahoo
BTC,2022-01-15,43101.8984375,43724.671875,42669.03515625,43177.3984375,18371348298,yahoo
BTC,2022-01-16,43172.0390625,43436.80859375,42691.0234375,43113.87890625,17902097845,yahoo
BTC,2022-01-17,43118.12109375,43179.390625,41680.3203125,42250.55078125,21690904261,yahoo
BTC,2022-01-18,42250.07421875,42534.40234375,41392.21484375,42375.6328125,22417209227,yahoo
BTC,2022-01-19,42374.0390625,42478.3046875,41242.9140625,41744.328125,23091543258,yahoo
BTC,2022-01-20,41744.02734375,43413.0234375,40672.82421875,40680.41796875,20382033940,yahoo
BTC,2022-01-21,40699.60546875,41060.52734375,35791.42578125,36457.31640625,43011992031,yahoo
BTC,2022-01-22,36471.58984375,36688.8125,34349.25,35030.25,39714385405,yahoo
BTC,2022-01-23,35047.359375,36433.3125,34784.96875,36276.8046875,26017975951,yahoo
BTC,2022-01-24,36275.734375,37247.51953125,33184.05859375,36654.328125,41856658597,yahoo
BTC,2022-01-25,36654.8046875,37444.5703125,35779.4296875,36954.00390625,26428189594,yahoo
BTC,2022-01-26,36950.515625,38825.41015625,36374.90625,36852.12109375,31324598034,yahoo
BTC,2022-01-27,36841.87890625,37148.32421875,35629.28125,37138.234375,25041426629,yahoo
BTC,2022-01-28,37128.4453125,37952.87890625,36211.109375,37784.33203125,22238830523,yahoo
BTC,2022-01-29,37780.71484375,38576.26171875,37406.47265625,38138.1796875,17194183075,yahoo
BTC,2022-01-30,38151.91796875,38266.33984375,37437.7109375,37917.6015625,14643548444,yahoo
BTC,2022-01-31,37920.28125,38647.26171875,36733.57421875,38483.125,20734730465,yahoo
BTC,2022-02-01,38481.765625,39115.1328125,38113.6640625,38743.2734375,20288500328,yahoo
BTC,2022-02-02,38743.71484375,38834.6171875,36832.73046875,36952.984375,19155189416,yahoo
BTC,2022-02-03,36944.8046875,37154.6015625,36375.5390625,37154.6015625,18591534769,yahoo
BTC,2022-02-04,37149.265625,41527.78515625,37093.62890625,41500.875,29412210792,yahoo
BTC,2022-02-05,41501.48046875,41847.1640625,41038.09765625,41441.1640625,19652846215,yahoo
BTC,2022-02-06,41441.12109375,42500.78515625,41244.90625,42412.43359375,16142097334,yahoo
BTC,2022-02-07,42406.78125,44401.86328125,41748.15625,43840.28515625,28641855926,yahoo
BTC,2022-02-08,43854.65234375,45293.8671875,42807.8359375,44118.4453125,33079398868,yahoo
BTC,2022-02-09,44096.703125,44727.80078125,43232.96875,44338.796875,23245887300,yahoo
BTC,2022-02-10,44347.80078125,45661.171875,43402.80859375,43565.11328125,32142048537,yahoo
BTC,2022-02-11,43571.12890625,43810.83203125,42114.5390625,42407.9375,26954925781,yahoo
BTC,2022-02-12,42412.30078125,42992.55078125,41852.57421875,42244.46875,18152390304,yahoo
BTC,2022-02-13,42236.56640625,42693.0546875,41950.94140625,42197.515625,14741589015,yahoo
BTC,2022-02-14,42157.3984375,42775.77734375,41681.95703125,42586.91796875,20827783012,yahoo
BTC,2022-02-15,42586.46484375,44667.21875,42491.03515625,44575.203125,22721659051,yahoo
BTC,2022-02-16,44578.27734375,44578.27734375,43456.69140625,43961.859375,19792547657,yahoo
BTC,2022-02-17,43937.0703125,44132.97265625,40249.37109375,40538.01171875,26246662813,yahoo
BTC,2022-02-18,40552.1328125,40929.15234375,39637.6171875,40030.9765625,23310007704,yahoo
BTC,2022-02-19,40026.0234375,40418.87890625,39713.05859375,40122.15625,13736557863,yahoo
BTC,2022-02-20,40118.1015625,40119.890625,38112.8125,38431.37890625,18340576452,yahoo
BTC,2022-02-21,38423.2109375,39394.4375,36950.4765625,37075.28125,29280402798,yahoo
BTC,2022-02-22,37068.76953125,38359.85546875,36488.93359375,38286.02734375,25493150450,yahoo
BTC,2022-02-23,38285.28125,39122.39453125,37201.81640625,37296.5703125,21849073843,yahoo
BTC,2022-02-24,37278.56640625,38968.83984375,34459.21875,38332.609375,46383802093,yahoo
BTC,2022-02-25,38333.74609375,39630.32421875,38111.34375,39214.21875,26545599159,yahoo
BTC,2022-02-26,39213.08203125,40005.34765625,38702.53515625,39105.1484375,17467554129,yahoo
BTC,2022-02-27,39098.69921875,39778.94140625,37268.9765625,37709.78515625,23450127612,yahoo
BTC,2022-02-28,37706.0,43760.45703125,37518.21484375,43193.234375,35690014104,yahoo
BTC,2022-03-01,43194.50390625,44793.6015625,42952.5859375,44354.63671875,32479047645,yahoo
BTC,2022-03-02,44357.6171875,45077.578125,43432.8515625,43924.1171875,29183112630,yahoo
BTC,2022-03-03,43925.1953125,44021.578125,41914.75,42451.7890625,24967782593,yahoo
BTC,2022-03-04,42458.140625,42479.61328125,38805.84765625,39137.60546875,28516271427,yahoo
BTC,2022-03-05,39148.44921875,39566.3359375,38777.03515625,39400.5859375,16975917450,yahoo
BTC,2022-03-06,39404.19921875,39640.17578125,38211.6484375,38419.984375,19745229902,yahoo
BTC,2022-03-07,38429.3046875,39430.2265625,37260.203125,38062.0390625,28546143503,yahoo
BTC,2022-03-08,38059.90234375,39304.44140625,37957.38671875,38737.26953125,25776583476,yahoo
BTC,2022-03-09,38742.81640625,42465.671875,38706.09375,41982.92578125,32284121034,yahoo
BTC,2022-03-10,41974.0703125,42004.7265625,38832.94140625,39437.4609375,31078064711,yahoo
BTC,2022-03-11,39439.96875,40081.6796875,38347.43359375,38794.97265625,26364890465,yahoo
BTC,2022-03-12,38794.46484375,39308.59765625,38772.53515625,38904.01171875,14616450657,yahoo
BTC,2022-03-13,38884.7265625,39209.3515625,37728.14453125,37849.6640625,17300745310,yahoo
BTC,2022-03-14,37846.31640625,39742.5,37680.734375,39666.75390625,24322159070,yahoo
BTC,2022-03-15,39664.25,39794.62890625,38310.2109375,39338.78515625,23934000868,yahoo
BTC,2022-03-16,39335.5703125,41465.453125,39022.34765625,41143.9296875,39616916192,yahoo
BTC,2022-03-17,41140.84375,41287.53515625,40662.87109375,40951.37890625,22009601093,yahoo
BTC,2022-03-18,40944.83984375,42195.74609375,40302.3984375,41801.15625,34421564942,yahoo
BTC,2022-03-19,41794.6484375,42316.5546875,41602.66796875,42190.65234375,19664853187,yahoo
BTC,2022-03-20,42191.40625,42241.1640625,41004.7578125,41247.82421875,20127946682,yahoo
BTC,2022-03-21,41246.1328125,41454.41015625,40668.04296875,41077.99609375,24615543271,yahoo
BTC,2022-03-22,41074.10546875,43124.70703125,40948.28125,42358.80859375,32004652376,yahoo
BTC,2022-03-23,42364.37890625,42893.5078125,41877.5078125,42892.95703125,25242943069,yahoo
BTC,2022-03-24,42886.65234375,44131.85546875,42726.1640625,43960.93359375,31042992291,yahoo
BTC,2022-03-25,43964.546875,44999.4921875,43706.28515625,44348.73046875,30574413034,yahoo
BTC,2022-03-26,44349.859375,44735.99609375,44166.2734375,44500.828125,16950455995,yahoo
BTC,2022-03-27,44505.35546875,46827.546875,44437.29296875,46820.4921875,28160889722,yahoo
BTC,2022-03-28,46821.8515625,48086.8359375,46690.203125,47128.00390625,36362175703,yahoo
BTC,2022-03-29,47100.4375,48022.2890625,47100.4375,47465.73046875,31397059069,yahoo
BTC,2022-03-30,47456.8984375,47655.1484375,46746.2109375,47062.6640625,29333883962,yahoo
BTC,2022-03-31,47062.1484375,47512.02734375,45390.5390625,45538.67578125,33327427106,yahoo
BTC,2022-04-01,45554.1640625,46616.2421875,44403.140625,46281.64453125,38162644287,yahoo
BTC,2022-04-02,46285.5,47028.28125,45782.51171875,45868.94921875,29336594194,yahoo
BTC,2022-04-03,45859.12890625,47313.4765625,45634.10546875,46453.56640625,25414397610,yahoo
BTC,2022-04-04,46445.2734375,46791.08984375,45235.81640625,46622.67578125,32499785455,yahoo
BTC,2022-04-05,46624.5078125,47106.140625,45544.80859375,45555.9921875,29640604055,yahoo
BTC,2022-04-06,45544.35546875,45544.35546875,43193.953125,43206.73828125,39393395788,yahoo
BTC,2022-04-07,43207.5,43860.69921875,42899.90625,43503.84765625,26101973106,yahoo
BTC,2022-04-08,43505.13671875,43903.01953125,42183.2890625,42287.6640625,27215995394,yahoo
BTC,2022-04-09,42282.078125,42786.81640625,42183.25390625,42782.13671875,16050772496,yahoo
BTC,2022-04-10,42781.08984375,43376.37890625,42021.20703125,42207.671875,17654475582,yahoo
BTC,2022-04-11,42201.0390625,42424.58984375,39373.05859375,39521.90234375,33949912166,yahoo
BTC,2022-04-12,39533.71484375,40617.5859375,39388.328125,40127.18359375,30991500854,yahoo
BTC,2022-04-13,40123.5703125,41430.0546875,39712.74609375,41166.73046875,27691105228,yahoo
BTC,2022-04-14,41160.21875,41451.48046875,39695.74609375,39935.515625,24342001973,yahoo
BTC,2022-04-15,39939.40234375,40617.72265625,39866.83203125,40553.46484375,21756855753,yahoo
BTC,2022-04-16,40552.31640625,40633.6796875,40078.42578125,40424.484375,16833150693,yahoo
BTC,2022-04-17,40417.77734375,40570.7265625,39620.89453125,39716.953125,19087633042,yahoo
BTC,2022-04-18,39721.203125,40986.3203125,38696.19140625,40826.21484375,33705182072,yahoo
BTC,2022-04-19,40828.17578125,41672.9609375,40618.6328125,41502.75,25303206547,yahoo
BTC,2022-04-20,41501.74609375,42126.30078125,40961.09765625,41374.37890625,27819532341,yahoo
BTC,2022-04-21,41371.515625,42893.58203125,40063.828125,40527.36328125,35372786395,yahoo
BTC,2022-04-22,40525.86328125,40777.7578125,39315.41796875,39740.3203125,28011716745,yahoo
BTC,2022-04-23,39738.72265625,39935.859375,39352.203125,39486.73046875,16138021249,yahoo
BTC,2022-04-24,39478.375,39845.92578125,39233.5390625,39469.29296875,17964398167,yahoo
BTC,2022-04-25,39472.60546875,40491.75390625,38338.37890625,40458.30859375,35445730570,yahoo
BTC,2022-04-26,40448.421875,40713.890625,37884.984375,38117.4609375,34569088416,yahoo
BTC,2022-04-27,38120.30078125,39397.91796875,37997.3125,39241.12109375,30981015184,yahoo
BTC,2022-04-28,39241.4296875,40269.46484375,38941.421875,39773.828125,33903704907,yahoo
BTC,2022-04-29,39768.6171875,39887.26953125,38235.53515625,38609.82421875,30882994649,yahoo
BTC,2022-04-30,38605.859375,38771.2109375,37697.94140625,37714.875,23895713731,yahoo
BTC,2022-05-01,37713.265625,38627.859375,37585.7890625,38469.09375,27002760110,yahoo
BTC,2022-05-02,38472.1875,39074.97265625,38156.5625,38529.328125,32922642426,yahoo
BTC,2022-05-03,38528.109375,38629.99609375,37585.62109375,37750.453125,27326943244,yahoo
BTC,2022-05-04,37748.01171875,39902.94921875,37732.05859375,39698.37109375,36754404490,yahoo
BTC,2022-05-05,39695.74609375,39789.28125,35856.515625,36575.140625,43106256317,yahoo
BTC,2022-05-06,36573.18359375,36624.359375,35482.1328125,36040.921875,37795577489,yahoo
BTC,2022-05-07,36042.50390625,36129.92578125,34940.82421875,35501.953125,24375896406,yahoo
BTC,2022-05-08,35502.94140625,35502.94140625,33878.96484375,34059.265625,36763041910,yahoo
BTC,2022-05-09,34060.015625,34222.07421875,30296.953125,30296.953125,63355494961,yahoo
BTC,2022-05-10,30273.654296875,32596.30859375,29944.802734375,31022.90625,59811038817,yahoo
BTC,2022-05-11,31016.18359375,32013.40234375,28170.4140625,28936.35546875,70388855818,yahoo
BTC,2022-05-12,28936.734375,30032.439453125,26350.490234375,29047.751953125,66989173272,yahoo
BTC,2022-05-13,29030.91015625,30924.802734375,28782.330078125,29283.103515625,42841124537,yahoo
BTC,2022-05-14,29285.642578125,30192.802734375,28702.91015625,30101.265625,28579868620,yahoo
BTC,2022-05-15,30098.5859375,31308.19140625,29527.740234375,31305.11328125,25835372065,yahoo
BTC,2022-05-16,31304.375,31305.341796875,29251.884765625,29862.91796875,32613897286,yahoo
BTC,2022-05-17,29862.408203125,30694.490234375,29570.302734375,30425.857421875,29101473475,yahoo
BTC,2022-05-18,30424.478515625,30618.716796875,28720.271484375,28720.271484375,31285268319,yahoo
BTC,2022-05-19,28720.359375,30430.751953125,28708.955078125,30314.333984375,33773447707,yahoo
BTC,2022-05-20,30311.119140625,30664.9765625,28793.60546875,29200.740234375,30749382605,yahoo
BTC,2022-05-21,29199.859375,29588.869140625,29027.39453125,29432.2265625,17274840442,yahoo
BTC,2022-05-22,29432.47265625,30425.861328125,29275.18359375,30323.72265625,21631532270,yahoo
BTC,2022-05-23,30309.396484375,30590.5859375,28975.560546875,29098.91015625,31483454557,yahoo
BTC,2022-05-24,29101.125,29774.35546875,28786.58984375,29655.5859375,26616506245,yahoo
BTC,2022-05-25,29653.134765625,30157.78515625,29384.94921875,29562.361328125,27525063551,yahoo
BTC,2022-05-26,29564.77734375,29834.16015625,28261.90625,29267.224609375,36774325352,yahoo
BTC,2022-05-27,29251.140625,29346.943359375,28326.61328125,28627.57421875,36582005748,yahoo
BTC,2022-05-28,28622.625,28814.900390625,28554.56640625,28814.900390625,35519577634,yahoo
BTC,2022-05-29,29019.8671875,29498.009765625,28841.107421875,29445.95703125,18093886409,yahoo
BTC,2022-05-30,29443.365234375,31949.630859375,29303.572265625,31726.390625,39277993274,yahoo
BTC,2022-05-31,31723.865234375,32249.86328125,31286.154296875,31792.310546875,33538210634,yahoo
BTC,2022-06-01,31792.5546875,31957.28515625,29501.587890625,29799.080078125,41135817341,yahoo
BTC,2022-06-02,29794.890625,30604.734375,29652.705078125,30467.48828125,29083562061,yahoo
BTC,2022-06-03,30467.806640625,30633.03515625,29375.689453125,29704.390625,26175547452,yahoo
BTC,2022-06-04,29706.138671875,29930.564453125,29500.005859375,29832.9140625,16588370958,yahoo
BTC,2022-06-05,29835.1171875,30117.744140625,29574.44921875,29906.662109375,17264085441,yahoo
BTC,2022-06-06,29910.283203125,31693.291015625,29894.1875,31370.671875,31947336829,yahoo
BTC,2022-06-07,31371.7421875,31489.68359375,29311.68359375,31155.478515625,40770974039,yahoo
BTC,2022-06-08,31151.48046875,31253.69140625,29944.404296875,30214.35546875,30242059107,yahoo
BTC,2022-06-09,30215.279296875,30609.310546875,30020.265625,30111.998046875,21692004719,yahoo
BTC,2022-06-10,30110.330078125,30245.80859375,28978.146484375,29083.8046875,29867476527,yahoo
BTC,2022-06-11,29084.666015625,29401.916015625,28236.212890625,28360.810546875,27246574439,yahoo
BTC,2022-06-12,28373.513671875,28502.685546875,26762.6484375,26762.6484375,34163220274,yahoo
BTC,2022-06-13,26737.578125,26795.58984375,22141.2578125,22487.388671875,68204556440,yahoo
BTC,2022-06-14,22487.986328125,23018.951171875,20950.818359375,22206.79296875,50913575242,yahoo
BTC,2022-06-15,22196.73046875,22642.671875,20178.376953125,22572.83984375,54912007015,yahoo
BTC,2022-06-16,22576.3046875,22868.921875,20265.2265625,20381.650390625,31183975654,yahoo
BTC,2022-06-17,20385.71875,21243.3125,20326.51953125,20471.482421875,27132421514,yahoo
BTC,2022-06-18,20473.42578125,20736.041015625,17708.623046875,19017.642578125,42009436760,yahoo
BTC,2022-06-19,19010.90234375,20683.822265625,18067.15234375,20553.271484375,35329942625,yahoo
BTC,2022-06-20,20553.37109375,20913.322265625,19689.169921875,20599.537109375,30818458597,yahoo
BTC,2022-06-21,20594.294921875,21620.62890625,20415.0625,20710.59765625,28970212744,yahoo
BTC,2022-06-22,20719.4140625,20835.75,19848.078125,19987.029296875,28574793478,yahoo
BTC,2022-06-23,19986.607421875,21135.76171875,19950.1171875,21085.876953125,26188097173,yahoo
BTC,2022-06-24,21084.6484375,21472.91796875,20777.51171875,21231.65625,24957784918,yahoo
BTC,2022-06-25,21233.609375,21520.9140625,20964.5859375,21502.337890625,18372538715,yahoo
BTC,2022-06-26,21496.494140625,21783.724609375,21016.26953125,21027.294921875,18027170497,yahoo
BTC,2022-06-27,21028.23828125,21478.08984375,20620.19921875,20735.478515625,20965695707,yahoo
BTC,2022-06-28,20731.544921875,21164.423828125,20228.8125,20280.634765625,21381535161,yahoo
BTC,2022-06-29,20281.169921875,20364.15625,19937.791015625,20104.0234375,23552740328,yahoo
BTC,2022-06-30,20108.3125,20141.16015625,18729.65625,19784.7265625,26267239923,yahoo
BTC,2022-07-01,19820.470703125,20632.671875,19073.708984375,19269.3671875,30767551159,yahoo
BTC,2022-07-02,19274.8359375,19371.748046875,19027.08203125,19242.255859375,18100418740,yahoo
BTC,2022-07-03,19242.095703125,19558.26953125,18966.951171875,19297.076171875,16390821947,yahoo
BTC,2022-07-04,19297.314453125,20258.748046875,19063.06640625,20231.26171875,21594638208,yahoo
BTC,2022-07-05,20225.353515625,20635.466796875,19341.232421875,20190.115234375,26715546990,yahoo
BTC,2022-07-06,20194.619140625,20595.529296875,19823.51171875,20548.24609375,24598943708,yahoo
BTC,2022-07-07,20547.814453125,21771.81640625,20296.103515625,21637.587890625,25814972520,yahoo
BTC,2022-07-08,21637.154296875,22314.94140625,21257.453125,21731.1171875,49899834488,yahoo
BTC,2022-07-09,21716.828125,21877.138671875,21445.95703125,21592.20703125,29641127858,yahoo
BTC,2022-07-10,21591.080078125,21591.080078125,20727.123046875,20860.44921875,28688807249,yahoo
BTC,2022-07-11,20856.353515625,20856.353515625,19924.5390625,19970.556640625,24150249025,yahoo
BTC,2022-07-12,19970.474609375,20043.4453125,19308.53125,19323.9140625,25810220018,yahoo
BTC,2022-07-13,19325.97265625,20223.052734375,18999.953125,20212.07421875,33042430345,yahoo
BTC,2022-07-14,20211.466796875,20789.89453125,19689.2578125,20569.919921875,31158743333,yahoo
BTC,2022-07-15,20573.15625,21138.244140625,20397.0,20836.328125,25905575359,yahoo
BTC,2022-07-16,20834.103515625,21514.404296875,20518.8984375,21190.31640625,24302954056,yahoo
BTC,2022-07-17,21195.041015625,21600.640625,20778.1796875,20779.34375,22927802083,yahoo
BTC,2022-07-18,20781.912109375,22633.033203125,20781.912109375,22485.689453125,39974475562,yahoo
BTC,2022-07-19,22467.849609375,23666.962890625,21683.40625,23389.43359375,48765202697,yahoo
BTC,2022-07-20,23393.19140625,24196.818359375,23009.94921875,23231.732421875,42932549127,yahoo
BTC,2022-07-21,23233.201171875,23388.322265625,22431.1484375,23164.62890625,33631012204,yahoo
BTC,2022-07-22,23163.751953125,23671.927734375,22603.416015625,22714.978515625,31421555646,yahoo
BTC,2022-07-23,22706.984375,22977.2109375,22002.91015625,22465.478515625,24021799169,yahoo
BTC,2022-07-24,22465.509765625,22974.001953125,22306.83984375,22609.1640625,23565495303,yahoo
BTC,2022-07-25,22607.15625,22649.12109375,21361.642578125,21361.701171875,35574561406,yahoo
BTC,2022-07-26,21361.12109375,21361.12109375,20776.81640625,21239.75390625,28624673855,yahoo
BTC,2022-07-27,21244.169921875,22986.529296875,21070.806640625,22930.548828125,31758955233,yahoo
BTC,2022-07-28,22933.640625,24110.470703125,22722.265625,23843.88671875,40212386158,yahoo
BTC,2022-07-29,23845.212890625,24294.787109375,23481.173828125,23804.6328125,35887249746,yahoo
BTC,2022-07-30,23796.818359375,24572.580078125,23580.5078125,23656.20703125,28148218301,yahoo
BTC,2022-07-31,23652.0703125,24121.642578125,23275.703125,23336.896484375,23553591896,yahoo
BTC,2022-08-01,23336.71875,23464.787109375,22890.796875,23314.19921875,25849159141,yahoo
BTC,2022-08-02,23308.43359375,23415.041015625,22710.083984375,22978.1171875,28389250717,yahoo
BTC,2022-08-03,22981.302734375,23578.650390625,22747.8359375,22846.5078125,26288169966,yahoo
BTC,2022-08-04,22848.21484375,23198.009765625,22485.701171875,22630.95703125,25120229769,yahoo
BTC,2022-08-05,22626.833984375,23422.828125,22612.177734375,23289.314453125,28881249043,yahoo
BTC,2022-08-06,23291.423828125,23326.5625,22961.279296875,22961.279296875,15978259885,yahoo
BTC,2022-08-07,22963.505859375,23359.009765625,22894.556640625,23175.890625,15886817043,yahoo
BTC,2022-08-08,23179.52734375,24203.689453125,23176.546875,23809.486328125,28575544847,yahoo
BTC,2022-08-09,23811.484375,23898.615234375,22982.0,23164.318359375,23555719219,yahoo
BTC,2022-08-10,23162.8984375,24127.4140625,22771.51953125,23947.642578125,32837431722,yahoo
BTC,2022-08-11,23948.345703125,24822.62890625,23900.99609375,23957.529296875,37127036580,yahoo
BTC,2022-08-12,23957.203125,24412.56640625,23657.265625,24402.818359375,27265804688,yahoo
BTC,2022-08-13,24402.1875,24860.05078125,24346.115234375,24424.068359375,22987346289,yahoo
BTC,2022-08-14,24429.056640625,24974.9140625,24206.259765625,24319.333984375,22994133555,yahoo
BTC,2022-08-15,24318.31640625,25135.58984375,23839.775390625,24136.97265625,35123501685,yahoo
BTC,2022-08-16,24126.13671875,24228.416015625,23733.5,23883.291015625,27753685646,yahoo
BTC,2022-08-17,23881.31640625,24407.05859375,23243.353515625,23335.998046875,30931623076,yahoo
BTC,2022-08-18,23341.0390625,23563.83203125,23177.6015625,23212.73828125,23747613147,yahoo
BTC,2022-08-19,23213.3125,23213.3125,20868.84765625,20877.552734375,40509610260,yahoo
BTC,2022-08-20,20872.841796875,21350.806640625,20856.73046875,21166.060546875,27595671000,yahoo
BTC,2022-08-21,21160.392578125,21668.845703125,21103.197265625,21534.12109375,23102307723,yahoo
BTC,2022-08-22,21531.462890625,21531.462890625,20939.18359375,21398.908203125,31666498758,yahoo
BTC,2022-08-23,21401.044921875,21646.203125,20955.138671875,21528.087890625,31878280659,yahoo
BTC,2022-08-24,21526.455078125,21783.076171875,21195.005859375,21395.01953125,31962253368,yahoo
BTC,2022-08-25,21395.458984375,21789.63671875,21362.44140625,21600.904296875,31028679593,yahoo
BTC,2022-08-26,21596.0859375,21804.908203125,20199.482421875,20260.01953125,42326789564,yahoo
BTC,2022-08-27,20262.48046875,20340.775390625,19890.5234375,20041.73828125,30116729776,yahoo
BTC,2022-08-28,20041.03515625,20139.0546875,19616.814453125,19616.814453125,24366810591,yahoo
BTC,2022-08-29,19615.154296875,20357.462890625,19600.78515625,20297.994140625,32637854078,yahoo
BTC,2022-08-30,20298.611328125,20542.64453125,19617.640625,19796.80859375,34483360283,yahoo
BTC,2022-08-31,19799.58203125,20420.990234375,19799.58203125,20049.763671875,33225232872,yahoo
BTC,2022-09-01,20050.498046875,20198.390625,19653.96875,20127.140625,30182031010,yahoo
BTC,2022-09-02,20126.072265625,20401.568359375,19814.765625,19969.771484375,29123998928,yahoo
BTC,2022-09-03,19969.71875,20037.009765625,19698.35546875,19832.087890625,23613051457,yahoo
BTC,2022-09-04,19832.470703125,19999.689453125,19636.81640625,19986.712890625,25245861652,yahoo
BTC,2022-09-05,19988.7890625,20031.16015625,19673.046875,19812.37109375,28813460025,yahoo
BTC,2022-09-06,19817.724609375,20155.26953125,18800.171875,18837.66796875,43403978910,yahoo
BTC,2022-09-07,18837.68359375,19427.171875,18644.466796875,19290.32421875,35239757134,yahoo
BTC,2022-09-08,19289.94140625,19417.3515625,19076.71484375,19329.833984375,32194477850,yahoo
BTC,2022-09-09,19328.140625,21439.41015625,19310.962890625,21381.15234375,48469528171,yahoo
BTC,2022-09-10,21376.912109375,21760.275390625,21168.72265625,21680.5390625,36913738894,yahoo
BTC,2022-09-11,21678.54296875,21770.552734375,21406.9453125,21769.255859375,34493951963,yahoo
BTC,2022-09-12,21770.1484375,22439.181640625,21603.896484375,22370.44921875,50212088965,yahoo
BTC,2022-09-13,22371.48046875,22673.8203125,20062.669921875,20296.70703125,51091116622,yahoo
BTC,2022-09-14,20184.5546875,20467.201171875,19793.396484375,20241.08984375,37872380889,yahoo
BTC,2022-09-15,20242.2890625,20318.166015625,19636.734375,19701.2109375,36389011503,yahoo
BTC,2022-09-16,19704.005859375,19870.62890625,19400.076171875,19772.583984375,30123362273,yahoo
BTC,2022-09-17,19777.033203125,20162.53125,19777.033203125,20127.576171875,24957448100,yahoo
BTC,2022-09-18,20127.234375,20127.234375,19387.4921875,19419.505859375,31254779144,yahoo
BTC,2022-09-19,19418.572265625,19639.48046875,18390.318359375,19544.12890625,40177002624,yahoo
BTC,2022-09-20,19545.591796875,19602.45703125,18813.455078125,18890.7890625,36791346508,yahoo
BTC,2022-09-21,18891.283203125,19674.630859375,18290.314453125,18547.400390625,46363793975,yahoo
BTC,2022-09-22,18534.650390625,19456.91015625,18415.591796875,19413.55078125,41135767926,yahoo
BTC,2022-09-23,19412.400390625,19464.671875,18617.552734375,19297.638671875,38896078052,yahoo
BTC,2022-09-24,19296.990234375,19310.197265625,18861.974609375,18937.01171875,26149643168,yahoo
BTC,2022-09-25,18936.310546875,19134.732421875,18696.46875,18802.09765625,23359966112,yahoo
BTC,2022-09-26,18803.900390625,19274.873046875,18721.28515625,19222.671875,44148798321,yahoo
BTC,2022-09-27,19221.83984375,20338.455078125,18915.66796875,19110.546875,58571439619,yahoo
BTC,2022-09-28,19104.62109375,19688.34375,18553.296875,19426.720703125,53071298734,yahoo
BTC,2022-09-29,19427.779296875,19589.265625,18924.353515625,19573.05078125,41037843771,yahoo
BTC,2022-09-30,19573.431640625,20109.849609375,19265.662109375,19431.7890625,43975248085,yahoo
BTC,2022-10-01,19431.10546875,19471.154296875,19231.08203125,19312.095703125,18719537670,yahoo
BTC,2022-10-02,19311.849609375,19370.30859375,18970.62109375,19044.107421875,20765955327,yahoo
BTC,2022-10-03,19044.068359375,19653.54296875,19025.2265625,19623.580078125,30484729489,yahoo
BTC,2022-10-04,19623.583984375,20380.34375,19523.83984375,20336.84375,35887278685,yahoo
BTC,2022-10-05,20335.900390625,20343.748046875,19801.80078125,20160.716796875,33223790572,yahoo
BTC,2022-10-06,20161.0390625,20408.392578125,19900.087890625,19955.443359375,34711412966,yahoo
BTC,2022-10-07,19957.55859375,20041.0859375,19395.79296875,19546.849609375,29227315390,yahoo
BTC,2022-10-08,19546.328125,19601.6953125,19299.4140625,19416.568359375,16437423167,yahoo
BTC,2022-10-09,19417.478515625,19542.5390625,19349.259765625,19446.42578125,16837262532,yahoo
BTC,2022-10-10,19446.416015625,19515.466796875,19102.978515625,19141.484375,27425022774,yahoo
BTC,2022-10-11,19139.0,19241.9609375,18925.603515625,19051.41796875,28711532910,yahoo
BTC,2022-10-12,19052.646484375,19203.19921875,19029.7578125,19157.4453125,24950173846,yahoo
BTC,2022-10-13,19156.966796875,19453.328125,18319.822265625,19382.904296875,44219840004,yahoo
BTC,2022-10-14,19382.533203125,19889.146484375,19115.408203125,19185.65625,38452356727,yahoo
BTC,2022-10-15,19185.4375,19212.541015625,19019.25,19067.634765625,16192235532,yahoo
BTC,2022-10-16,19068.9140625,19389.603515625,19068.9140625,19268.09375,17988916650,yahoo
BTC,2022-10-17,19268.5625,19635.802734375,19173.333984375,19550.7578125,27472552998,yahoo
BTC,2022-10-18,19550.466796875,19666.994140625,19144.76953125,19334.416015625,30580012344,yahoo
BTC,2022-10-19,19335.02734375,19348.416015625,19127.6875,19139.53515625,22425387184,yahoo
BTC,2022-10-20,19138.0859375,19315.19921875,18971.458984375,19053.740234375,24493974420,yahoo
BTC,2022-10-21,19053.203125,19237.384765625,18770.970703125,19172.46875,32459287866,yahoo
BTC,2022-10-22,19172.380859375,19248.068359375,19132.244140625,19208.189453125,16104440957,yahoo
BTC,2022-10-23,19207.734375,19646.65234375,19124.197265625,19567.0078125,22128794335,yahoo
BTC,2022-10-24,19567.76953125,19589.125,19206.32421875,19345.572265625,30202235805,yahoo
BTC,2022-10-25,19344.96484375,20348.412109375,19261.447265625,20095.857421875,47761524910,yahoo
BTC,2022-10-26,20092.236328125,20938.134765625,20076.1171875,20770.44140625,58895950537,yahoo
BTC,2022-10-27,20772.802734375,20854.044921875,20255.373046875,20285.8359375,49625110402,yahoo
BTC,2022-10-28,20287.95703125,20724.98046875,20086.068359375,20595.3515625,43994715910,yahoo
BTC,2022-10-29,20595.103515625,20988.39453125,20566.484375,20818.4765625,40369840645,yahoo
BTC,2022-10-30,20817.982421875,20917.005859375,20547.462890625,20635.603515625,31486345556,yahoo
BTC,2022-10-31,20633.6953125,20795.3203125,20287.458984375,20495.7734375,45668466815,yahoo
BTC,2022-11-01,20494.8984375,20647.2890625,20359.845703125,20485.2734375,39819303159,yahoo
BTC,2022-11-02,20482.958984375,20742.810546875,20087.134765625,20159.50390625,55552169483,yahoo
BTC,2022-11-03,20162.689453125,20382.095703125,20086.240234375,20209.98828125,43228750179,yahoo
BTC,2022-11-04,20208.76953125,21209.560546875,20188.01953125,21147.23046875,64072727950,yahoo
BTC,2022-11-05,21144.83203125,21446.88671875,21097.634765625,21282.69140625,37846047609,yahoo
BTC,2022-11-06,21285.056640625,21345.376953125,20920.19140625,20926.486328125,35082693210,yahoo
BTC,2022-11-07,20924.62109375,21053.24609375,20489.97265625,20602.81640625,53510852236,yahoo
BTC,2022-11-08,20600.671875,20664.607421875,17603.544921875,18541.271484375,118992465607,yahoo
BTC,2022-11-09,18543.76171875,18590.458984375,15682.6923828125,15880.7802734375,102905151606,yahoo
BTC,2022-11-10,15883.158203125,18054.3125,15834.0185546875,17586.771484375,83202283721,yahoo
BTC,2022-11-11,17583.251953125,17650.943359375,16543.482421875,17034.29296875,55871616488,yahoo
BTC,2022-11-12,17036.875,17066.67578125,16651.775390625,16799.185546875,29717699419,yahoo
BTC,2022-11-13,16799.72265625,16920.765625,16320.634765625,16353.365234375,27209183682,yahoo
BTC,2022-11-14,16352.0283203125,17109.32421875,15872.94140625,16618.19921875,49630243054,yahoo
BTC,2022-11-15,16617.484375,17051.962890625,16542.55078125,16884.61328125,36599436183,yahoo
BTC,2022-11-16,16884.341796875,16960.294921875,16430.111328125,16669.439453125,33925512989,yahoo
BTC,2022-11-17,16670.42578125,16726.439453125,16460.68359375,16687.517578125,27868914022,yahoo
BTC,2022-11-18,16687.912109375,16947.05859375,16564.611328125,16697.77734375,26862218609,yahoo
BTC,2022-11-19,16696.220703125,16797.876953125,16570.41015625,16711.546875,16106223492,yahoo
BTC,2022-11-20,16712.919921875,16746.779296875,16248.6923828125,16291.83203125,21313378652,yahoo
BTC,2022-11-21,16291.2236328125,16291.2236328125,15599.046875,15787.2841796875,37429485518,yahoo
BTC,2022-11-22,15782.30078125,16253.0478515625,15656.6064453125,16189.76953125,30726828760,yahoo
BTC,2022-11-23,16195.5888671875,16638.193359375,16170.5029296875,16610.70703125,32958875628,yahoo
BTC,2022-11-24,16611.63671875,16771.474609375,16501.767578125,16604.46484375,26129037414,yahoo
BTC,2022-11-25,16602.26953125,16603.31640625,16388.404296875,16521.841796875,18678255976,yahoo
BTC,2022-11-26,16521.576171875,16666.86328125,16416.228515625,16464.28125,18000008764,yahoo
BTC,2022-11-27,16463.8828125,16594.40625,16437.025390625,16444.626953125,20443898509,yahoo
BTC,2022-11-28,16440.22265625,16482.93359375,16054.5302734375,16217.322265625,27743025156,yahoo
BTC,2022-11-29,16217.6396484375,16522.2578125,16139.396484375,16444.982421875,23581685468,yahoo
BTC,2022-11-30,16445.4765625,17190.9375,16445.4765625,17168.56640625,29523576583,yahoo
BTC,2022-12-01,17168.001953125,17197.498046875,16888.388671875,16967.1328125,22895392882,yahoo
BTC,2022-12-02,16968.68359375,17088.66015625,16877.880859375,17088.66015625,19539705127,yahoo
BTC,2022-12-03,17090.09765625,17116.041015625,16888.140625,16908.236328125,16217776704,yahoo
BTC,2022-12-04,16908.169921875,17157.767578125,16903.439453125,17130.486328125,16824520830,yahoo
BTC,2022-12-05,17128.89453125,17378.15234375,16922.431640625,16974.826171875,22209086834,yahoo
BTC,2022-12-06,16975.23828125,17091.86328125,16939.921875,17089.50390625,19889922369,yahoo
BTC,2022-12-07,17089.505859375,17109.376953125,16750.55859375,16848.126953125,19675404389,yahoo
BTC,2022-12-08,16847.349609375,17267.916015625,16788.783203125,17233.474609375,20496603770,yahoo
BTC,2022-12-09,17232.1484375,17280.546875,17100.8359375,17133.15234375,20328426366,yahoo
BTC,2022-12-10,17134.220703125,17216.826171875,17120.68359375,17128.724609375,12706781969,yahoo
BTC,2022-12-11,17129.7109375,17245.634765625,17091.8203125,17104.193359375,14122486832,yahoo
BTC,2022-12-12,17102.5,17212.564453125,16899.39453125,17206.4375,19617581341,yahoo
BTC,2022-12-13,17206.44140625,17930.0859375,17111.763671875,17781.318359375,26634741631,yahoo
BTC,2022-12-14,17782.06640625,18318.53125,17739.513671875,17815.650390625,25534481470,yahoo
BTC,2022-12-15,17813.64453125,17846.744140625,17322.58984375,17364.865234375,20964448341,yahoo
BTC,2022-12-16,17364.546875,17505.525390625,16584.701171875,16647.484375,24031608960,yahoo
BTC,2022-12-17,16646.982421875,16800.58984375,16614.029296875,16795.091796875,14463581825,yahoo
BTC,2022-12-18,16795.609375,16815.38671875,16697.8203125,16757.9765625,10924354698,yahoo
BTC,2022-12-19,16759.041015625,16807.52734375,16398.13671875,16439.6796875,17221074814,yahoo
BTC,2022-12-20,16441.787109375,17012.984375,16427.8671875,16906.3046875,22722096615,yahoo
BTC,2022-12-21,16904.52734375,16916.80078125,16755.912109375,16817.53515625,14882945045,yahoo
BTC,2022-12-22,16818.380859375,16866.673828125,16592.408203125,16830.341796875,16441573050,yahoo
BTC,2022-12-23,16829.64453125,16905.21875,16794.458984375,16796.953125,15329265213,yahoo
BTC,2022-12-24,16796.9765625,16864.703125,16793.52734375,16847.755859375,9744636213,yahoo
BTC,2022-12-25,16847.505859375,16860.5546875,16755.25390625,16841.986328125,11656379938,yahoo
BTC,2022-12-26,16842.25,16920.123046875,16812.369140625,16919.8046875,11886957804,yahoo
BTC,2022-12-27,16919.291015625,16959.845703125,16642.072265625,16717.173828125,15748580239,yahoo
BTC,2022-12-28,16716.400390625,16768.169921875,16497.556640625,16552.572265625,17005713920,yahoo
BTC,2022-12-29,16552.322265625,16651.755859375,16508.68359375,16642.341796875,14472237479,yahoo
BTC,2022-12-30,16641.330078125,16643.427734375,16408.474609375,16602.5859375,15929162910,yahoo
BTC,2022-12-31,16603.673828125,16628.986328125,16517.51953125,16547.49609375,11239186456,yahoo
BTC,2023-01-01,16547.9140625,16630.439453125,16521.234375,16625.080078125,9244361700,yahoo
BTC,2023-01-02,16625.509765625,16759.34375,16572.228515625,16688.470703125,12097775227,yahoo
BTC,2023-01-03,16688.84765625,16760.447265625,16622.37109375,16679.857421875,13903079207,yahoo
BTC,2023-01-04,16680.205078125,16964.5859375,16667.763671875,16863.23828125,18421743322,yahoo
BTC,2023-01-05,16863.47265625,16884.021484375,16790.283203125,16836.736328125,13692758566,yahoo
BTC,2023-01-06,16836.47265625,16991.994140625,16716.421875,16951.96875,14413662913,yahoo
BTC,2023-01-07,16952.1171875,16975.017578125,16914.19140625,16955.078125,7714767174,yahoo
BTC,2023-01-08,16954.146484375,17091.14453125,16924.05078125,17091.14453125,9768827914,yahoo
BTC,2023-01-09,17093.9921875,17389.95703125,17093.9921875,17196.5546875,18624736866,yahoo
BTC,2023-01-10,17192.94921875,17484.720703125,17162.990234375,17446.29296875,15808338949,yahoo
BTC,2023-01-11,17446.359375,17934.896484375,17337.994140625,17934.896484375,18372283782,yahoo
BTC,2023-01-12,18117.59375,19030.087890625,17995.203125,18869.587890625,34971338710,yahoo
BTC,2023-01-13,18868.90625,19964.322265625,18753.1640625,19909.57421875,29225029694,yahoo
BTC,2023-01-14,19910.537109375,21075.142578125,19907.828125,20976.298828125,38967784639,yahoo
BTC,2023-01-15,20977.484375,20993.748046875,20606.986328125,20880.798828125,19298407543,yahoo
BTC,2023-01-16,20882.224609375,21360.875,20715.74609375,21169.6328125,26792494050,yahoo
BTC,2023-01-17,21175.833984375,21438.66015625,20978.533203125,21161.51953125,24999983362,yahoo
BTC,2023-01-18,21161.05078125,21564.501953125,20541.544921875,20688.78125,30005625418,yahoo
BTC,2023-01-19,20686.74609375,21163.01171875,20685.380859375,21086.79296875,21152848261,yahoo
BTC,2023-01-20,21085.373046875,22692.357421875,20919.126953125,22676.552734375,28799154319,yahoo
BTC,2023-01-21,22677.427734375,23282.34765625,22511.833984375,22777.625,32442278429,yahoo
BTC,2023-01-22,22777.986328125,23056.73046875,22387.900390625,22720.416015625,24746386230,yahoo
BTC,2023-01-23,22721.087890625,23126.486328125,22654.3046875,22934.431640625,26518700512,yahoo
BTC,2023-01-24,22929.626953125,23134.01171875,22549.744140625,22636.46875,26405069715,yahoo
BTC,2023-01-25,22639.267578125,23722.099609375,22406.076171875,23117.859375,30685366709,yahoo
BTC,2023-01-26,23108.955078125,23237.078125,22911.373046875,23032.77734375,26357839322,yahoo
BTC,2023-01-27,23030.716796875,23417.720703125,22654.59375,23078.728515625,25383335641,yahoo
BTC,2023-01-28,23079.96484375,23165.896484375,22908.845703125,23031.08984375,14712928379,yahoo
BTC,2023-01-29,23031.44921875,23919.890625,22985.0703125,23774.56640625,27423687259,yahoo
BTC,2023-01-30,23774.6484375,23789.34765625,22657.58203125,22840.138671875,27205595568,yahoo
BTC,2023-01-31,22840.796875,23225.021484375,22765.568359375,23139.283203125,22837828665,yahoo
BTC,2023-02-01,23137.8359375,23764.5390625,22877.75,23723.76953125,26683255504,yahoo
BTC,2023-02-02,23720.82421875,24167.2109375,23468.595703125,23471.87109375,32066936882,yahoo
BTC,2023-02-03,23469.412109375,23678.103515625,23279.955078125,23449.322265625,27083066007,yahoo
BTC,2023-02-04,23446.3203125,23556.94921875,23291.794921875,23331.84765625,15639298538,yahoo
BTC,2023-02-05,23332.248046875,23423.435546875,22841.759765625,22955.666015625,19564262605,yahoo
BTC,2023-02-06,22954.021484375,23119.279296875,22692.025390625,22760.109375,23825006542,yahoo
BTC,2023-02-07,22757.267578125,23310.974609375,22756.2578125,23264.291015625,27187964471,yahoo
BTC,2023-02-08,23263.416015625,23367.958984375,22731.09765625,22939.3984375,25371367758,yahoo
BTC,2023-02-09,22946.56640625,22996.4375,21773.974609375,21819.0390625,32572572185,yahoo
BTC,2023-02-10,21819.005859375,21941.185546875,21539.392578125,21651.18359375,27078406594,yahoo
BTC,2023-02-11,21651.841796875,21891.41015625,21618.44921875,21870.875,16356226232,yahoo
BTC,2023-02-12,21870.90234375,22060.994140625,21682.828125,21788.203125,17821046406,yahoo
BTC,2023-02-13,21787.0,21898.4140625,21460.087890625,21808.1015625,23918742607,yahoo
BTC,2023-02-14,21801.822265625,22293.140625,21632.39453125,22220.8046875,26792596581,yahoo
BTC,2023-02-15,22220.5859375,24307.841796875,22082.76953125,24307.841796875,32483312909,yahoo
BTC,2023-02-16,24307.349609375,25134.1171875,23602.5234375,23623.474609375,39316664596,yahoo
BTC,2023-02-17,23621.283203125,24924.041015625,23460.755859375,24565.6015625,41358451255,yahoo
BTC,2023-02-18,24565.296875,24798.8359375,24468.373046875,24641.27734375,19625427158,yahoo
BTC,2023-02-19,24640.02734375,25093.0546875,24327.642578125,24327.642578125,25555105670,yahoo
BTC,2023-02-20,24336.623046875,25020.458984375,23927.91015625,24829.1484375,28987376573,yahoo
BTC,2023-02-21,24833.048828125,25126.8515625,24200.36328125,24436.353515625,31252098714,yahoo
BTC,2023-02-22,24437.41796875,24472.33984375,23644.318359375,24188.84375,30199996781,yahoo
BTC,2023-02-23,24190.71875,24572.08984375,23693.919921875,23947.4921875,30476264066,yahoo
BTC,2023-02-24,23946.0078125,24103.705078125,23007.072265625,23198.126953125,26811744928,yahoo
BTC,2023-02-25,23200.125,23210.2109375,22861.55859375,23175.375,16100721565,yahoo
BTC,2023-02-26,23174.150390625,23654.3671875,23084.220703125,23561.212890625,16644534842,yahoo
BTC,2023-02-27,23561.451171875,23857.890625,23205.87890625,23522.87109375,22660763494,yahoo
BTC,2023-02-28,23521.837890625,23585.384765625,23077.650390625,23147.353515625,20535363434,yahoo
BTC,2023-03-01,23150.9296875,23880.6328125,23088.626953125,23646.55078125,24662841200,yahoo
BTC,2023-03-02,23647.01953125,23739.138671875,23245.021484375,23475.466796875,20386398516,yahoo
BTC,2023-03-03,23476.6328125,23479.34765625,22213.23828125,22362.6796875,26062404610,yahoo
BTC,2023-03-04,22362.923828125,22405.177734375,22198.98046875,22353.349609375,11166012913,yahoo
BTC,2023-03-05,22354.14453125,22613.685546875,22307.142578125,22435.513671875,13317001733,yahoo
BTC,2023-03-06,22436.81640625,22584.29296875,22331.314453125,22429.7578125,17353192895,yahoo
BTC,2023-03-07,22428.322265625,22527.41796875,22011.26171875,22219.76953125,22765452204,yahoo
BTC,2023-03-08,22216.44140625,22268.896484375,21708.05078125,21718.080078125,22536575684,yahoo
BTC,2023-03-09,21720.080078125,21802.716796875,20210.306640625,20363.021484375,30364664171,yahoo
BTC,2023-03-10,20367.001953125,20370.595703125,19628.25390625,20187.244140625,39578257695,yahoo
BTC,2023-03-11,20187.876953125,20792.525390625,20068.66015625,20632.41015625,30180288176,yahoo
BTC,2023-03-12,20628.029296875,22185.03125,20448.806640625,22163.94921875,29279035521,yahoo
BTC,2023-03-13,22156.40625,24550.837890625,21918.19921875,24197.533203125,49466362688,yahoo
BTC,2023-03-14,24201.765625,26514.716796875,24081.18359375,24746.07421875,54622230164,yahoo
BTC,2023-03-15,24770.92578125,25240.615234375,23964.91015625,24375.9609375,43655701450,yahoo
BTC,2023-03-16,24373.45703125,25190.326171875,24225.111328125,25052.7890625,33866061747,yahoo
BTC,2023-03-17,25055.123046875,27787.8125,24955.169921875,27423.9296875,50730261335,yahoo
BTC,2023-03-18,27448.1171875,27725.953125,26636.26171875,26965.87890625,35723036817,yahoo
BTC,2023-03-19,26969.50390625,28440.560546875,26907.716796875,28038.67578125,37769448859,yahoo
BTC,2023-03-20,28041.6015625,28527.724609375,27242.880859375,27767.236328125,44774027664,yahoo
BTC,2023-03-21,27768.392578125,28439.5625,27439.646484375,28175.81640625,36102192830,yahoo
BTC,2023-03-22,28158.720703125,28803.3359375,26759.99609375,27307.4375,33382021890,yahoo
BTC,2023-03-23,27301.95703125,28729.84375,27183.36328125,28333.97265625,24220433689,yahoo
BTC,2023-03-24,28324.111328125,28388.4375,27039.265625,27493.28515625,25980310960,yahoo
BTC,2023-03-25,27487.337890625,27791.826171875,27196.234375,27494.70703125,13383005987,yahoo
BTC,2023-03-26,27495.5234375,28178.14453125,27445.046875,27994.330078125,13878363192,yahoo
BTC,2023-03-27,27994.068359375,28037.92578125,26606.689453125,27139.888671875,18188895178,yahoo
BTC,2023-03-28,27132.888671875,27460.71875,26677.818359375,27268.130859375,17783600385,yahoo
BTC,2023-03-29,27267.03125,28619.54296875,27259.662109375,28348.44140625,20684945906,yahoo
BTC,2023-03-30,28350.140625,29159.90234375,27720.16015625,28033.5625,22435349951,yahoo
BTC,2023-03-31,28032.26171875,28639.896484375,27583.71484375,28478.484375,19001327598,yahoo
BTC,2023-04-01,28473.33203125,28802.45703125,28297.171875,28411.03515625,10876469901,yahoo
BTC,2023-04-02,28462.845703125,28518.958984375,27884.087890625,28199.30859375,12284641999,yahoo
BTC,2023-04-03,28183.080078125,28475.623046875,27276.720703125,27790.220703125,19556501327,yahoo
BTC,2023-04-04,27795.2734375,28433.7421875,27681.3046875,28168.08984375,15284538859,yahoo
BTC,2023-04-05,28169.7265625,28739.23828125,27843.763671875,28177.984375,17052315986,yahoo
BTC,2023-04-06,28175.2265625,28178.384765625,27738.759765625,28044.140625,13837809380,yahoo
BTC,2023-04-07,28038.966796875,28111.59375,27794.03125,27925.859375,10861680497,yahoo
BTC,2023-04-08,27920.513671875,28159.86328125,27883.38671875,27947.794921875,9373255556,yahoo
BTC,2023-04-09,27952.3671875,28532.830078125,27828.48046875,28333.05078125,12175322951,yahoo
BTC,2023-04-10,28336.02734375,29771.46484375,28189.271484375,29652.98046875,19282400094,yahoo
BTC,2023-04-11,29653.6796875,30509.083984375,29609.30078125,30235.05859375,20121259843,yahoo
BTC,2023-04-12,30231.58203125,30462.48046875,29725.57421875,30139.052734375,18651929926,yahoo
BTC,2023-04-13,29892.740234375,30539.845703125,29878.623046875,30399.06640625,17487721001,yahoo
BTC,2023-04-14,30409.5625,31005.607421875,30044.498046875,30485.69921875,22659995079,yahoo
BTC,2023-04-15,30490.75,30601.740234375,30245.8828125,30318.49609375,11940685378,yahoo
BTC,2023-04-16,30315.9765625,30555.537109375,30157.83203125,30315.35546875,12854816417,yahoo
BTC,2023-04-17,30317.146484375,30319.197265625,29275.37109375,29445.044921875,17872186762,yahoo
BTC,2023-04-18,29449.091796875,30470.302734375,29154.849609375,30397.552734375,19480529496,yahoo
BTC,2023-04-19,30394.1875,30411.0546875,28669.8984375,28822.6796875,24571565421,yahoo
BTC,2023-04-20,28823.68359375,29076.400390625,28037.2578125,28245.98828125,21340360360,yahoo
BTC,2023-04-21,28249.23046875,28349.96875,27177.365234375,27276.91015625,20759504330,yahoo
BTC,2023-04-22,27265.89453125,27872.142578125,27169.5703125,27817.5,13125734602,yahoo
BTC,2023-04-23,27816.14453125,27820.244140625,27400.314453125,27591.384765625,12785446832,yahoo
BTC,2023-04-24,27591.73046875,27979.982421875,27070.849609375,27525.33984375,17703288330,yahoo
BTC,2023-04-25,27514.873046875,28371.078125,27207.931640625,28307.59765625,17733373139,yahoo
BTC,2023-04-26,28300.05859375,29995.837890625,27324.548828125,28422.701171875,31854242019,yahoo
BTC,2023-04-27,28428.46484375,29871.546875,28402.88671875,29473.787109375,27153445027,yahoo
BTC,2023-04-28,29481.013671875,29572.791015625,28929.609375,29340.26171875,17544464887,yahoo
BTC,2023-04-29,29336.56640625,29452.455078125,29088.04296875,29248.48828125,10662634333,yahoo
BTC,2023-04-30,29245.515625,29952.029296875,29114.021484375,29268.806640625,14652199272,yahoo
BTC,2023-05-01,29227.103515625,29329.935546875,27680.79296875,28091.568359375,18655599976,yahoo
BTC,2023-05-02,28087.17578125,28881.298828125,27924.123046875,28680.537109375,16432924527,yahoo
BTC,2023-05-03,28680.494140625,29259.533203125,28178.388671875,29006.30859375,19122972518,yahoo
BTC,2023-05-04,29031.3046875,29353.185546875,28694.0390625,28847.7109375,15548678514,yahoo
BTC,2023-05-05,28851.48046875,29668.908203125,28845.509765625,29534.384765625,17936566518,yahoo
BTC,2023-05-06,29538.859375,29820.126953125,28468.966796875,28904.623046875,15913866714,yahoo
BTC,2023-05-07,28901.623046875,29157.517578125,28441.3671875,28454.978515625,11301355486,yahoo
BTC,2023-05-08,28450.45703125,28663.271484375,27310.134765625,27694.2734375,19122903752,yahoo
BTC,2023-05-09,27695.068359375,27821.400390625,27375.6015625,27658.775390625,14128593256,yahoo
BTC,2023-05-10,27654.63671875,28322.6875,26883.669921875,27621.755859375,20656025026,yahoo
BTC,2023-05-11,27621.0859375,27621.94140625,26781.826171875,27000.7890625,16724343943,yahoo
BTC,2023-05-12,26987.662109375,27055.646484375,25878.4296875,26804.990234375,19313599897,yahoo
BTC,2023-05-13,26807.76953125,27030.482421875,26710.873046875,26784.078125,9999171605,yahoo
BTC,2023-05-14,26788.974609375,27150.9765625,26661.35546875,26930.638671875,10014858959,yahoo
BTC,2023-05-15,26931.384765625,27646.34765625,26766.09765625,27192.693359375,14413231792,yahoo
BTC,2023-05-16,27171.513671875,27299.3046875,26878.947265625,27036.650390625,12732238816,yahoo
BTC,2023-05-17,27035.470703125,27465.927734375,26600.14453125,27398.802734375,15140006925,yahoo
BTC,2023-05-18,27401.650390625,27466.52734375,26415.1015625,26832.208984375,15222938600,yahoo
BTC,2023-05-19,26826.75390625,27128.619140625,26700.2109375,26890.12890625,11258983301,yahoo
BTC,2023-05-20,26888.841796875,27155.158203125,26843.27734375,27129.5859375,7044911360,yahoo
BTC,2023-05-21,27118.423828125,27265.91796875,26706.921875,26753.826171875,8647416921,yahoo
BTC,2023-05-22,26749.892578125,27045.734375,26549.734375,26851.27734375,11056770492,yahoo
BTC,2023-05-23,26855.9609375,27434.68359375,26816.1796875,27225.7265625,13697203143,yahoo
BTC,2023-05-24,27224.603515625,27224.603515625,26106.576171875,26334.818359375,16299104428,yahoo
BTC,2023-05-25,26329.4609375,26591.51953125,25890.59375,26476.20703125,13851122697,yahoo
BTC,2023-05-26,26474.181640625,26916.669921875,26343.94921875,26719.291015625,12711619225,yahoo
BTC,2023-05-27,26720.181640625,26888.8828125,26621.140625,26868.353515625,7892015141,yahoo
BTC,2023-05-28,26871.158203125,28193.44921875,26802.751953125,28085.646484375,14545229578,yahoo
BTC,2023-05-29,28075.591796875,28432.0390625,27563.876953125,27745.884765625,15181308984,yahoo
BTC,2023-05-30,27745.123046875,28044.759765625,27588.501953125,27702.349609375,13251081851,yahoo
BTC,2023-05-31,27700.529296875,27831.677734375,26866.453125,27219.658203125,15656371534,yahoo
BTC,2023-06-01,27218.412109375,27346.10546875,26671.720703125,26819.97265625,14678970415,yahoo
BTC,2023-06-02,26824.556640625,27303.861328125,26574.64453125,27249.58984375,14837415000,yahoo
BTC,2023-06-03,27252.32421875,27317.052734375,26958.00390625,27075.12890625,8385597470,yahoo
BTC,2023-06-04,27075.123046875,27407.01953125,26968.224609375,27119.06640625,9360912318,yahoo
BTC,2023-06-05,27123.109375,27129.982421875,25445.16796875,25760.09765625,21513292646,yahoo
BTC,2023-06-06,25732.109375,27313.8203125,25434.8671875,27238.783203125,21929670693,yahoo
BTC,2023-06-07,27235.650390625,27332.181640625,26146.98828125,26345.998046875,19530045082,yahoo
BTC,2023-06-08,26347.654296875,26797.513671875,26246.6640625,26508.216796875,11904824295,yahoo
BTC,2023-06-09,26505.923828125,26770.2890625,26339.314453125,26480.375,11015551640,yahoo
BTC,2023-06-10,26481.76171875,26531.044921875,25501.8359375,25851.240234375,19872933189,yahoo
BTC,2023-06-11,25854.03125,26203.439453125,25668.986328125,25940.16796875,10732609603,yahoo
BTC,2023-06-12,25934.28515625,26087.919921875,25675.197265625,25902.5,11677889997,yahoo
BTC,2023-06-13,25902.94140625,26376.3515625,25728.365234375,25918.728515625,14143474486,yahoo
BTC,2023-06-14,25920.2578125,26041.80078125,24902.15234375,25124.67578125,14265717766,yahoo
BTC,2023-06-15,25121.673828125,25735.30859375,24797.16796875,25576.39453125,15837384409,yahoo
BTC,2023-06-16,25575.283203125,26463.173828125,25245.357421875,26327.462890625,16324646965,yahoo
BTC,2023-06-17,26328.6796875,26769.39453125,26174.4921875,26510.67578125,11090276850,yahoo
BTC,2023-06-18,26510.45703125,26675.92578125,26325.890625,26336.212890625,9565695129,yahoo
BTC,2023-06-19,26335.44140625,26984.611328125,26312.83203125,26851.029296875,12826986222,yahoo
BTC,2023-06-20,26841.6640625,28388.96875,26668.791015625,28327.48828125,22211859147,yahoo
BTC,2023-06-21,28311.310546875,30737.330078125,28283.41015625,30027.296875,33346760979,yahoo
BTC,2023-06-22,29995.935546875,30495.998046875,29679.158203125,29912.28125,20653160491,yahoo
BTC,2023-06-23,29896.3828125,31389.5390625,29845.21484375,30695.46875,24115570085,yahoo
BTC,2023-06-24,30708.73828125,30804.1484375,30290.146484375,30548.6953125,12147822496,yahoo
BTC,2023-06-25,30545.150390625,31041.271484375,30327.943359375,30480.26171875,12703464114,yahoo
BTC,2023-06-26,30480.5234375,30636.029296875,29955.744140625,30271.130859375,16493186997,yahoo
BTC,2023-06-27,30274.3203125,31006.787109375,30236.650390625,30688.1640625,16428827944,yahoo
BTC,2023-06-28,30696.560546875,30703.279296875,29921.822265625,30086.24609375,14571500779,yahoo
BTC,2023-06-29,30086.1875,30796.25,30057.203125,30445.3515625,13180860821,yahoo
BTC,2023-06-30,30441.353515625,31256.86328125,29600.275390625,30477.251953125,26387306197,yahoo
BTC,2023-07-01,30471.84765625,30641.2890625,30328.865234375,30590.078125,9086606733,yahoo
BTC,2023-07-02,30587.26953125,30766.140625,30264.01953125,30620.76953125,10533418042,yahoo
BTC,2023-07-03,30624.515625,31375.61328125,30586.513671875,31156.439453125,15271884873,yahoo
BTC,2023-07-04,31156.865234375,31325.197265625,30659.35546875,30777.58203125,12810828427,yahoo
BTC,2023-07-05,30778.724609375,30877.330078125,30225.61328125,30514.166015625,12481622280,yahoo
BTC,2023-07-06,30507.150390625,31460.052734375,29892.2265625,29909.337890625,21129219509,yahoo
BTC,2023-07-07,29907.998046875,30434.64453125,29777.28515625,30342.265625,13384770155,yahoo
BTC,2023-07-08,30346.921875,30374.4375,30080.16015625,30292.541015625,7509378699,yahoo
BTC,2023-07-09,30291.611328125,30427.58984375,30085.591796875,30171.234375,7903327692,yahoo
BTC,2023-07-10,30172.423828125,31026.083984375,29985.39453125,30414.470703125,14828209155,yahoo
BTC,2023-07-11,30417.6328125,30788.314453125,30358.09765625,30620.951171875,12151839152,yahoo
BTC,2023-07-12,30622.24609375,30959.96484375,30228.8359375,30391.646484375,14805659717,yahoo
BTC,2023-07-13,30387.48828125,31814.515625,30268.3515625,31476.048828125,23686079548,yahoo
BTC,2023-07-14,31474.720703125,31582.25390625,29966.38671875,30334.068359375,20917902660,yahoo
BTC,2023-07-15,30331.783203125,30407.78125,30263.462890625,30295.806640625,8011667756,yahoo
BTC,2023-07-16,30297.47265625,30437.560546875,30089.669921875,30249.1328125,8516564470,yahoo
BTC,2023-07-17,30249.626953125,30336.400390625,29685.783203125,30145.888671875,13240156074,yahoo
BTC,2023-07-18,30147.0703125,30233.65625,29556.427734375,29856.5625,13138897269,yahoo
BTC,2023-07-19,29862.046875,30184.181640625,29794.26953125,29913.923828125,12128602812,yahoo
BTC,2023-07-20,29915.25,30195.53125,29638.095703125,29792.015625,14655207121,yahoo
BTC,2023-07-21,29805.111328125,30045.998046875,29733.8515625,29908.744140625,10972789818,yahoo
BTC,2023-07-22,29908.697265625,29991.615234375,29664.12109375,29771.802734375,7873300598,yahoo
BTC,2023-07-23,29790.111328125,30330.640625,29741.52734375,30084.5390625,9220145050,yahoo
BTC,2023-07-24,30081.662109375,30093.39453125,28934.294921875,29176.916015625,15395817395,yahoo
BTC,2023-07-25,29178.970703125,29353.16015625,29062.43359375,29227.390625,10266772793,yahoo
BTC,2023-07-26,29225.759765625,29675.552734375,29113.912109375,29354.97265625,13497554655,yahoo
BTC,2023-07-27,29353.798828125,29560.966796875,29099.3515625,29210.689453125,10770779217,yahoo
BTC,2023-07-28,29212.1640625,29521.513671875,29125.845703125,29319.24609375,11218474952,yahoo
BTC,2023-07-29,29319.4453125,29396.84375,29264.166015625,29356.91796875,6481775959,yahoo
BTC,2023-07-30,29357.09375,29443.169921875,29059.501953125,29275.30859375,8678454527,yahoo
BTC,2023-07-31,29278.314453125,29489.873046875,29131.578125,29230.111328125,11656781982,yahoo
BTC,2023-08-01,29230.873046875,29675.732421875,28657.0234375,29675.732421875,18272392391,yahoo
BTC,2023-08-02,29704.146484375,29987.998046875,28946.509765625,29151.958984375,19212655598,yahoo
BTC,2023-08-03,29161.8125,29375.70703125,28959.48828125,29178.6796875,12780357746,yahoo
BTC,2023-08-04,29174.3828125,29302.078125,28885.3359375,29074.091796875,12036639988,yahoo
BTC,2023-08-05,29075.388671875,29102.46484375,28957.796875,29042.126953125,6598366353,yahoo
BTC,2023-08-06,29043.701171875,29160.822265625,28963.833984375,29041.85546875,7269806994,yahoo
BTC,2023-08-07,29038.513671875,29244.28125,28724.140625,29180.578125,13618163710,yahoo
BTC,2023-08-08,29180.01953125,30176.796875,29113.814453125,29765.4921875,17570561357,yahoo
BTC,2023-08-09,29766.6953125,30093.435546875,29376.80078125,29561.494140625,18379521213,yahoo
BTC,2023-08-10,29563.97265625,29688.564453125,29354.447265625,29429.591796875,11865344789,yahoo
BTC,2023-08-11,29424.90234375,29517.7734375,29253.517578125,29397.71484375,10195168197,yahoo
BTC,2023-08-12,29399.787109375,29465.11328125,29357.587890625,29415.96484375,6194358008,yahoo
BTC,2023-08-13,29416.59375,29441.43359375,29265.806640625,29282.9140625,7329897180,yahoo
BTC,2023-08-14,29283.263671875,29660.25390625,29124.10546875,29408.443359375,14013695304,yahoo
BTC,2023-08-15,29408.048828125,29439.12109375,29088.853515625,29170.34765625,12640195779,yahoo
BTC,2023-08-16,29169.07421875,29221.9765625,28701.779296875,28701.779296875,14949271904,yahoo
BTC,2023-08-17,28699.802734375,28745.947265625,25409.111328125,26664.55078125,31120851211,yahoo
BTC,2023-08-18,26636.078125,26808.1953125,25668.921875,26049.556640625,24026236529,yahoo
BTC,2023-08-19,26047.83203125,26249.44921875,25802.408203125,26096.205078125,10631443812,yahoo
BTC,2023-08-20,26096.861328125,26260.681640625,26004.314453125,26189.583984375,9036580420,yahoo
BTC,2023-08-21,26188.69140625,26220.201171875,25846.087890625,26124.140625,13371557893,yahoo
BTC,2023-08-22,26130.748046875,26135.5078125,25520.728515625,26031.65625,14503820706,yahoo
BTC,2023-08-23,26040.474609375,26786.8984375,25804.998046875,26431.640625,16985265785,yahoo
BTC,2023-08-24,26431.51953125,26554.91015625,25914.92578125,26162.373046875,12871532023,yahoo
BTC,2023-08-25,26163.6796875,26248.103515625,25786.8125,26047.66796875,12406045118,yahoo
BTC,2023-08-26,26047.234375,26107.384765625,25983.87890625,26008.462890625,6034817316,yahoo
BTC,2023-08-27,26008.2421875,26165.373046875,25965.09765625,26089.693359375,6913768611,yahoo
BTC,2023-08-28,26089.615234375,26198.578125,25880.599609375,26106.150390625,11002805166,yahoo
BTC,2023-08-29,26102.486328125,28089.337890625,25912.62890625,27727.392578125,29368391712,yahoo
BTC,2023-08-30,27726.083984375,27760.16015625,27069.20703125,27297.265625,16343655235,yahoo
BTC,2023-08-31,27301.9296875,27456.078125,25752.9296875,25931.47265625,20181001451,yahoo
BTC,2023-09-01,25934.021484375,26125.869140625,25362.609375,25800.724609375,17202862221,yahoo
BTC,2023-09-02,25800.91015625,25970.28515625,25753.09375,25868.798828125,10100387473,yahoo
BTC,2023-09-03,25869.47265625,26087.1484375,25817.03125,25969.56640625,8962524523,yahoo
BTC,2023-09-04,25968.169921875,26081.525390625,25657.025390625,25812.416015625,10680635106,yahoo
BTC,2023-09-05,25814.95703125,25858.375,25589.98828125,25779.982421875,11094740040,yahoo
BTC,2023-09-06,25783.931640625,25953.015625,25404.359375,25753.236328125,12752705327,yahoo
BTC,2023-09-07,25748.3125,26409.302734375,25608.201171875,26240.1953125,11088307100,yahoo
BTC,2023-09-08,26245.208984375,26414.005859375,25677.48046875,25905.654296875,10817356400,yahoo
BTC,2023-09-09,25905.42578125,25921.9765625,25810.494140625,25895.677734375,5481314132,yahoo
BTC,2023-09-10,25895.2109375,25978.130859375,25640.26171875,25832.2265625,7899553047,yahoo
BTC,2023-09-11,25831.71484375,25883.947265625,24930.296875,25162.654296875,14600006467,yahoo
BTC,2023-09-12,25160.658203125,26451.939453125,25133.078125,25833.34375,18657279324,yahoo
BTC,2023-09-13,25837.5546875,26376.11328125,25781.123046875,26228.32421875,13072077070,yahoo
BTC,2023-09-14,26228.27734375,26774.623046875,26171.451171875,26539.673828125,13811359124,yahoo
BTC,2023-09-15,26533.818359375,26840.498046875,26240.701171875,26608.693359375,11479735788,yahoo
BTC,2023-09-16,26606.19921875,26754.76953125,26473.890625,26568.28125,7402031417,yahoo
BTC,2023-09-17,26567.927734375,26617.998046875,26445.07421875,26534.1875,6774210670,yahoo
BTC,2023-09-18,26532.994140625,27414.734375,26415.515625,26754.28125,15615339655,yahoo
BTC,2023-09-19,26760.8515625,27488.763671875,26681.60546875,27211.1171875,13807690550,yahoo
BTC,2023-09-20,27210.228515625,27379.505859375,26864.08203125,27132.0078125,13281116604,yahoo
BTC,2023-09-21,27129.83984375,27152.939453125,26389.30078125,26567.6328125,13371443708,yahoo
BTC,2023-09-22,26564.056640625,26726.078125,26495.533203125,26579.568359375,10578746709,yahoo
BTC,2023-09-23,26578.556640625,26634.185546875,26520.51953125,26579.390625,7404700301,yahoo
BTC,2023-09-24,26579.373046875,26716.05859375,26221.05078125,26256.826171875,8192867686,yahoo
BTC,2023-09-25,26253.775390625,26421.5078125,26011.46875,26298.48046875,11997833257,yahoo
BTC,2023-09-26,26294.7578125,26389.884765625,26090.712890625,26217.25,9985498161,yahoo
BTC,2023-09-27,26209.498046875,26817.841796875,26111.46484375,26352.716796875,11718380997,yahoo
BTC,2023-09-28,26355.8125,27259.5,26327.322265625,27021.546875,14079002707,yahoo
BTC,2023-09-29,27024.841796875,27225.9375,26721.763671875,26911.720703125,10396435377,yahoo
BTC,2023-09-30,26911.689453125,27091.794921875,26888.96875,26967.916015625,5331172801,yahoo
BTC,2023-10-01,26967.396484375,28047.23828125,26965.09375,27983.75,9503917434,yahoo
BTC,2023-10-02,27976.798828125,28494.458984375,27347.787109375,27530.78515625,19793041322,yahoo
BTC,2023-10-03,27508.251953125,27667.19140625,27216.001953125,27429.978515625,11407814187,yahoo
BTC,2023-10-04,27429.07421875,27826.658203125,27248.10546875,27799.39453125,11143355314,yahoo
BTC,2023-10-05,27798.646484375,28091.861328125,27375.6015625,27415.912109375,11877253670,yahoo
BTC,2023-10-06,27412.123046875,28252.537109375,27215.552734375,27946.59765625,13492391599,yahoo
BTC,2023-10-07,27946.78125,28028.091796875,27870.423828125,27968.83984375,6553044316,yahoo
BTC,2023-10-08,27971.677734375,28102.169921875,27740.662109375,27935.08984375,7916875290,yahoo
BTC,2023-10-09,27934.47265625,27989.470703125,27302.5625,27583.677734375,12007668568,yahoo
BTC,2023-10-10,27589.201171875,27715.84765625,27301.654296875,27391.01953125,9973350678,yahoo
BTC,2023-10-11,27392.076171875,27474.115234375,26561.099609375,26873.3203125,13648094333,yahoo
BTC,2023-10-12,26873.29296875,26921.439453125,26558.3203125,26756.798828125,9392909295,yahoo
BTC,2023-10-13,26752.87890625,27092.697265625,26686.322265625,26862.375,15165312851,yahoo
BTC,2023-10-14,26866.203125,26969.0,26814.5859375,26861.70703125,5388116782,yahoo
BTC,2023-10-15,26858.01171875,27289.169921875,26817.89453125,27159.65234375,7098201980,yahoo
BTC,2023-10-16,27162.62890625,29448.138671875,27130.47265625,28519.466796875,27833876539,yahoo
BTC,2023-10-17,28522.09765625,28618.751953125,28110.185546875,28415.748046875,14872527508,yahoo
BTC,2023-10-18,28413.53125,28889.009765625,28174.251953125,28328.341796875,12724128586,yahoo
BTC,2023-10-19,28332.416015625,28892.474609375,28177.98828125,28719.806640625,14448058195,yahoo
BTC,2023-10-20,28732.8125,30104.0859375,28601.669921875,29682.94921875,21536125230,yahoo
BTC,2023-10-21,29683.380859375,30287.482421875,29481.751953125,29918.412109375,11541146996,yahoo
BTC,2023-10-22,29918.654296875,30199.43359375,29720.3125,29993.896484375,10446520040,yahoo
BTC,2023-10-23,30140.685546875,34370.4375,30097.828125,33086.234375,38363572311,yahoo
BTC,2023-10-24,33077.3046875,35150.43359375,32880.76171875,33901.52734375,44934999645,yahoo
BTC,2023-10-25,33916.04296875,35133.7578125,33709.109375,34502.8203125,25254318008,yahoo
BTC,2023-10-26,34504.2890625,34832.91015625,33762.32421875,34156.6484375,19427195376,yahoo
BTC,2023-10-27,34156.5,34238.2109375,33416.88671875,33909.80078125,16418032871,yahoo
BTC,2023-10-28,33907.72265625,34399.390625,33874.8046875,34089.57421875,10160330825,yahoo
BTC,2023-10-29,34089.37109375,34743.26171875,33947.56640625,34538.48046875,11160323986,yahoo
BTC,2023-10-30,34531.7421875,34843.93359375,34110.97265625,34502.36328125,17184860315,yahoo
BTC,2023-10-31,34500.078125,34719.25390625,34083.30859375,34667.78125,15758270810,yahoo
BTC,2023-11-01,34657.2734375,35527.9296875,34170.69140625,35437.25390625,22446272005,yahoo
BTC,2023-11-02,35441.578125,35919.84375,34401.57421875,34938.2421875,20998158544,yahoo
BTC,2023-11-03,34942.47265625,34942.47265625,34133.44140625,34732.32421875,17158456701,yahoo
BTC,2023-11-04,34736.32421875,35256.03125,34616.69140625,35082.1953125,9561294264,yahoo
BTC,2023-11-05,35090.01171875,35340.33984375,34594.2421875,35049.35546875,12412743996,yahoo
BTC,2023-11-06,35044.7890625,35286.02734375,34765.36328125,35037.37109375,12693436420,yahoo
BTC,2023-11-07,35047.79296875,35892.41796875,34545.81640625,35443.5625,18834737789,yahoo
BTC,2023-11-08,35419.4765625,35994.41796875,35147.80078125,35655.27734375,17295394918,yahoo
BTC,2023-11-09,35633.6328125,37926.2578125,35592.1015625,36693.125,37762672382,yahoo
BTC,2023-11-10,36702.25,37493.80078125,36362.75390625,37313.96875,22711265155,yahoo
BTC,2023-11-11,37310.0703125,37407.09375,36773.66796875,37138.05078125,13924272142,yahoo
BTC,2023-11-12,37133.9921875,37227.69140625,36779.1171875,37054.51953125,11545715999,yahoo
BTC,2023-11-13,37070.3046875,37405.1171875,36399.60546875,36502.35546875,19057712790,yahoo
BTC,2023-11-14,36491.7890625,36753.3515625,34948.5,35537.640625,23857403554,yahoo
BTC,2023-11-15,35548.11328125,37964.89453125,35383.78125,37880.58203125,27365821679,yahoo
BTC,2023-11-16,37879.98046875,37934.625,35545.47265625,36154.76953125,26007385366,yahoo
BTC,2023-11-17,36164.82421875,36704.484375,35901.234375,36596.68359375,22445028430,yahoo
BTC,2023-11-18,36625.37109375,36839.28125,36233.3125,36585.703125,11886022717,yahoo
BTC,2023-11-19,36585.765625,37509.35546875,36414.59765625,37386.546875,12915986553,yahoo
BTC,2023-11-20,37374.07421875,37756.8203125,36882.53125,37476.95703125,20888209068,yahoo
BTC,2023-11-21,37469.16015625,37631.140625,35813.8125,35813.8125,25172163756,yahoo
BTC,2023-11-22,35756.5546875,37856.98046875,35670.97265625,37432.33984375,24397247860,yahoo
BTC,2023-11-23,37420.43359375,37643.91796875,36923.86328125,37289.62109375,14214948217,yahoo
BTC,2023-11-24,37296.31640625,38415.33984375,37261.60546875,37720.28125,22922957823,yahoo
BTC,2023-11-25,37721.4140625,37892.4296875,37617.41796875,37796.79296875,9099571165,yahoo
BTC,2023-11-26,37796.828125,37820.30078125,37162.75,37479.12109375,13744796068,yahoo
BTC,2023-11-27,37454.19140625,37559.35546875,36750.12890625,37254.16796875,19002925720,yahoo
BTC,2023-11-28,37247.9921875,38368.48046875,36891.08984375,37831.0859375,21696137014,yahoo
BTC,2023-11-29,37826.10546875,38366.11328125,37612.6328125,37858.4921875,20728546658,yahoo
BTC,2023-11-30,37861.1171875,38141.75390625,37531.140625,37712.74609375,18115982627,yahoo
BTC,2023-12-01,37718.0078125,38954.109375,37629.359375,38688.75,23512784002,yahoo
BTC,2023-12-02,38689.27734375,39678.9375,38652.59375,39476.33203125,15534035612,yahoo
BTC,2023-12-03,39472.20703125,40135.60546875,39298.1640625,39978.390625,15769696322,yahoo
BTC,2023-12-04,39978.62890625,42371.75,39978.62890625,41980.09765625,39856129827,yahoo
BTC,2023-12-05,41986.265625,44408.6640625,41421.1484375,44080.6484375,36312154535,yahoo
BTC,2023-12-06,44080.0234375,44265.76953125,43478.08203125,43746.4453125,29909761586,yahoo
BTC,2023-12-07,43769.1328125,44042.58984375,42880.6484375,43292.6640625,27635760671,yahoo
BTC,2023-12-08,43293.13671875,44705.515625,43125.296875,44166.6015625,24421116687,yahoo
BTC,2023-12-09,44180.01953125,44361.2578125,43627.59765625,43725.984375,17368210171,yahoo
BTC,2023-12-10,43728.3828125,44034.625,43593.28515625,43779.69921875,13000481418,yahoo
BTC,2023-12-11,43792.01953125,43808.375,40234.578125,41243.83203125,40632672038,yahoo
BTC,2023-12-12,41238.734375,42048.3046875,40667.5625,41450.22265625,24779520132,yahoo
BTC,2023-12-13,41468.46484375,43429.78125,40676.8671875,42890.7421875,26797884674,yahoo
BTC,2023-12-14,42884.26171875,43390.859375,41767.08984375,43023.97265625,25578530178,yahoo
BTC,2023-12-15,43028.25,43087.82421875,41692.96875,41929.7578125,19639442462,yahoo
BTC,2023-12-16,41937.7421875,42664.9453125,41723.11328125,42240.1171875,14386729590,yahoo
BTC,2023-12-17,42236.109375,42359.49609375,41274.54296875,41364.6640625,16678702876,yahoo
BTC,2023-12-18,41348.203125,42720.296875,40530.2578125,42623.5390625,25224642008,yahoo
BTC,2023-12-19,42641.51171875,43354.296875,41826.3359375,42270.52734375,23171001281,yahoo
BTC,2023-12-20,42261.30078125,44275.5859375,42223.81640625,43652.25,27868908174,yahoo
BTC,2023-12-21,43648.125,44240.66796875,43330.05078125,43869.15234375,22452766169,yahoo
BTC,2023-12-22,43868.98828125,44367.95703125,43441.96875,43997.90234375,21028503216,yahoo
BTC,2023-12-23,44012.19921875,44015.69921875,43351.35546875,43739.54296875,13507796558,yahoo
BTC,2023-12-24,43728.3671875,43945.5234375,42786.91796875,43016.1171875,18830554085,yahoo
BTC,2023-12-25,43010.57421875,43765.09375,42765.76953125,43613.140625,21115795370,yahoo
BTC,2023-12-26,43599.84765625,43603.17578125,41676.48828125,42520.40234375,30026850982,yahoo
BTC,2023-12-27,42518.46875,43683.16015625,42167.58203125,43442.85546875,25260941032,yahoo
BTC,2023-12-28,43468.19921875,43804.78125,42318.55078125,42627.85546875,22992093014,yahoo
BTC,2023-12-29,42614.64453125,43124.32421875,41424.0625,42099.40234375,26000021055,yahoo
BTC,2023-12-30,42091.75390625,42584.125,41556.2265625,42156.90234375,16013925945,yahoo
BTC,2023-12-31,42152.09765625,42860.9375,41998.25390625,42265.1875,16397498810,yahoo
BUSD,2022-01-01,1.000777006149292,1.001435041427612,0.998494029045105,1.000517010688782,2762196945,yahoo
BUSD,2022-01-02,1.000504970550537,1.001512050628662,0.9984610080718994,0.9994639754295349,2793373261,yahoo
BUSD,2022-01-03,0.9994800090789795,1.001490950584412,0.9982619881629944,0.9992660284042358,3583557288,yahoo
BUSD,2022-01-04,0.9992820024490356,1.001544952392578,0.9981250166893005,0.9991520047187805,3886337997,yahoo
BUSD,2022-01-05,0.999189019203186,1.001490950584412,0.9985299706459045,1.001073956489563,5141542084,yahoo
BUSD,2022-01-06,1.00102698802948,1.002714037895203,0.9986029863357544,1.0015629529953,5007802150,yahoo
BUSD,2022-01-07,1.00144898891449,1.001721978187561,0.9985479712486267,0.9996349811553955,5593632296,yahoo
BUSD,2022-01-08,0.9996560215950012,1.003224015235901,0.9986050128936768,1.000022053718567,4057500460,yahoo
BUSD,2022-01-09,0.999987006187439,1.001642942428589,0.9986609816551208,1.000787973403931,3296081351,yahoo
BUSD,2022-01-10,1.000764966011047,1.002208948135376,0.9980649948120117,1.002035975456238,4766195216,yahoo
BUSD,2022-01-11,1.002019047737122,1.002032041549683,0.9985629916191101,0.9995729923248291,4389687683,yahoo
BUSD,2022-01-12,0.9995930194854736,1.001474022865295,0.9982089996337891,0.9996870160102844,4543435607,yahoo
BUSD,2022-01-13,0.9997010231018066,1.001526951789856,0.99822598695755,1.000154972076416,4713084695,yahoo
BUSD,2022-01-14,1.000218033790588,1.001682043075562,0.9980639815330505,1.000097036361694,4371361697,yahoo
BUSD,2022-01-15,1.0001540184021,1.001535058021545,0.9985659718513489,0.9990820288658142,2928423910,yahoo
BUSD,2022-01-16,0.9991000294685364,1.001592040061951,0.9981070160865784,0.9995350241661072,3172063295,yahoo
BUSD,2022-01-17,0.9995930194854736,1.001894950866699,0.9982069730758667,1.001598000526428,3705356357,yahoo
BUSD,2022-01-18,1.001608967781067,1.001608967781067,0.998179018497467,0.999426007270813,3907773170,yahoo
BUSD,2022-01-19,0.9994009733200073,1.001710057258606,0.9975519776344299,0.9991469979286194,3870561691,yahoo
BUSD,2022-01-20,0.9991819858551025,1.002243041992188,0.9971160292625427,1.000084042549133,315551099744,yahoo
BUSD,2022-01-21,1.000097036361694,1.001750946044922,0.9973909854888916,1.001075983047485,6747147208,yahoo
BUSD,2022-01-22,1.001011967658997,1.001346945762634,0.9977579712867737,1.000476956367493,6830056358,yahoo
BUSD,2022-01-23,1.000512957572937,1.001996040344238,0.9982389807701111,1.00105094909668,4671389615,yahoo
BUSD,2022-01-24,1.00102698802948,1.001423001289368,0.9977890253067017,1.000473022460938,6931732958,yahoo
BUSD,2022-01-25,1.00049102306366,1.001252055168152,0.998054027557373,0.9993590116500854,4605027221,yahoo
BUSD,2022-01-26,0.9993219971656799,1.001737952232361,0.9981650114059448,1.000249981880188,5563978841,yahoo
BUSD,2022-01-27,1.00020694732666,1.001803994178772,0.9979140162467957,0.9996359944343567,4613092834,yahoo
BUSD,2022-01-28,0.9996839761734009,1.00206995010376,0.9981799721717834,1.000733971595764,4635698037,yahoo
BUSD,2022-01-29,1.00075101852417,1.001860976219177,0.9983239769935608,1.000843048095703,3085902665,yahoo
BUSD,2022-01-30,1.000833988189697,1.001196980476379,0.9979990124702454,1.000982046127319,2608403488,yahoo
BUSD,2022-01-31,1.001024961471558,1.002056956291199,0.998196005821228,1.000100016593933,3577878144,yahoo
BUSD,2022-02-01,1.00008499622345,1.00152599811554,0.9980289936065674,1.00088095664978,3448576549,yahoo
BUSD,2022-02-02,1.000916957855225,1.001566052436829,0.9982110261917114,0.9986940026283264,3585873801,yahoo
BUSD,2022-02-03,0.9987030029296875,1.001911997795105,0.9985470175743103,1.001276969909668,3624106074,yahoo
BUSD,2022-02-04,1.001224040985107,1.00151801109314,0.9984419941902161,0.999692976474762,4540384653,yahoo
BUSD,2022-02-05,0.9997100234031677,1.00140905380249,0.99823397397995,0.9988399744033813,3963213348,yahoo
BUSD,2022-02-06,0.9987789988517761,1.001382946968079,0.9984400272369385,0.9998980164527893,3226430907,yahoo
BUSD,2022-02-07,0.9999150037765503,1.00151801109314,0.9981139898300171,0.9992759823799133,4889396144,yahoo
BUSD,2022-02-08,0.9993069767951965,1.000857949256897,0.9976760149002075,1.000583052635193,5135296092,yahoo
BUSD,2022-02-09,1.000532984733582,1.001410007476807,0.9983149766921997,1.000342011451721,3805589182,yahoo
BUSD,2022-02-10,1.000311970710754,1.001073002815247,0.9979879856109619,0.9989380240440369,6896251108,yahoo
BUSD,2022-02-11,0.9989429712295532,1.001374006271362,0.9984099864959717,0.9989510178565979,5668341964,yahoo
BUSD,2022-02-12,0.9989889860153198,1.001714944839478,0.9983999729156494,0.9996200203895569,4072552039,yahoo
BUSD,2022-02-13,0.9995930194854736,1.001821994781494,0.9982550144195557,0.998665988445282,3570660651,yahoo
BUSD,2022-02-14,0.9987319707870483,1.002238035202026,0.9979469776153564,0.9986979961395264,3939768489,yahoo
BUSD,2022-02-15,0.9987019896507263,1.001178979873657,0.9983999729156494,1.000447988510132,4879125525,yahoo
BUSD,2022-02-16,1.000488042831421,1.001163005828857,0.9981290102005005,0.9992009997367859,4475930042,yahoo
BUSD,2022-02-17,0.9991480112075806,1.001320958137512,0.9981099963188171,1.000607967376709,4635798731,yahoo
BUSD,2022-02-18,1.000586986541748,1.002591013908386,0.998445987701416,0.9990609884262085,4258048034,yahoo
BUSD,2022-02-19,0.9990180134773254,1.001495957374573,0.9983279705047607,0.9997900128364563,3002762758,yahoo
BUSD,2022-02-20,0.999783992767334,1.001387000083923,0.9979860186576843,0.9988530278205872,3612352120,yahoo
BUSD,2022-02-21,0.9988660216331482,1.001355051994324,0.9981849789619446,0.998494029045105,5311212829,yahoo
BUSD,2022-02-22,0.9986039996147156,1.001381039619446,0.9977350234985352,1.000728011131287,5003666912,yahoo
BUSD,2022-02-23,1.000723958015442,1.001642942428589,0.9980959892272949,0.999737024307251,4784157895,yahoo
BUSD,2022-02-24,0.9997490048408508,1.001582026481628,0.9979270100593567,0.9997779726982117,9044548485,yahoo
BUSD,2022-02-25,0.9997209906578064,1.001335978507996,0.9983329772949219,1.000579953193665,5625014132,yahoo
BUSD,2022-02-26,1.000571012496948,1.001263976097107,0.9982230067253113,1.00042200088501,3994663167,yahoo
BUSD,2022-02-27,1.000424981117249,1.001729965209961,0.99794602394104,0.999222993850708,4655760911,yahoo
BUSD,2022-02-28,0.9991710186004639,1.00150203704834,0.9981200098991394,1.00068998336792,6135939226,yahoo
BUSD,2022-03-01,1.000663995742798,1.001508951187134,0.9981650114059448,1.000331044197083,7240470964,yahoo
BUSD,2022-03-02,1.000339984893799,1.001405000686646,0.9980999827384949,0.9990890026092529,6024195138,yahoo
BUSD,2022-03-03,0.9990720152854919,1.001968026161194,0.9984269738197327,1.000725030899048,5303229077,yahoo
BUSD,2022-03-04,1.000769019126892,1.001600027084351,0.9980499744415283,1.000314950942993,5218220679,yahoo
BUSD,2022-03-05,1.000344038009644,1.001477003097534,0.998320996761322,0.9997760057449341,3256741612,yahoo
BUSD,2022-03-06,0.9998210072517395,1.001937985420227,0.9987490177154541,1.000681042671204,3530909004,yahoo
BUSD,2022-03-07,1.000669002532959,1.00193202495575,0.9981690049171448,0.9992910027503967,4953274846,yahoo
BUSD,2022-03-08,0.9992190003395081,1.001773953437805,0.9985870122909546,1.000157952308655,4610123329,yahoo
BUSD,2022-03-09,1.000169038772583,1.001765966415405,0.9982529878616333,1.000156998634338,6174267011,yahoo
BUSD,2022-03-10,1.000149965286255,1.001778960227966,0.9980800151824951,0.9991689920425415,5575929156,yahoo
BUSD,2022-03-11,0.9991729855537415,1.001595020294189,0.998420000076294,0.999364972114563,5387572356,yahoo
BUSD,2022-03-12,0.9993540048599243,1.001773953437805,0.9986140131950378,0.9990230202674866,3768359315,yahoo
BUSD,2022-03-13,0.9990530014038086,1.001698017120361,0.9983620047569275,1.000319004058838,3953028284,yahoo
BUSD,2022-03-14,1.000314950942993,1.001482009887695,0.9983299970626831,1.000959038734436,4673513645,yahoo
BUSD,2022-03-15,1.000941038131714,1.001633048057556,0.9981380105018616,0.9990950226783752,4931281604,yahoo
BUSD,2022-03-16,0.9990959763526917,1.001309037208557,0.9981499910354614,0.9994720220565796,6387029888,yahoo
BUSD,2022-03-17,0.9994620084762573,1.00124204158783,0.9982609748840332,0.9998990297317505,5312806292,yahoo
BUSD,2022-03-18,0.9998649954795837,1.001466035842896,0.998511016368866,0.9991779923439026,6523372608,yahoo
BUSD,2022-03-19,0.9991369843482971,1.001600027084351,0.9984260201454163,1.001019954681396,5195729495,yahoo
BUSD,2022-03-20,1.00103497505188,1.001546025276184,0.9984930157661438,0.9993799924850464,5103760411,yahoo
BUSD,2022-03-21,0.9993950128555298,1.001577019691467,0.998054027557373,1.000923037528992,5920195296,yahoo
BUSD,2022-03-22,1.00090503692627,1.001873970031738,0.9984210133552551,1.000331044197083,5888237758,yahoo
BUSD,2022-03-23,1.000327944755554,1.001755952835083,0.9985769987106323,1.000686049461365,5781984849,yahoo
BUSD,2022-03-24,1.000684976577759,1.001937985420227,0.9983819723129272,0.9989759922027588,6662897462,yahoo
BUSD,2022-03-25,0.9989789724349976,1.001703023910522,0.998108983039856,1.000900030136108,4804152735,yahoo
BUSD,2022-03-26,1.000951051712036,1.001796960830688,0.9982039928436279,1.001355051994324,2998713889,yahoo
BUSD,2022-03-27,1.001361012458801,1.001816034317017,0.9980459809303284,1.000911951065063,3895506145,yahoo
BUSD,2022-03-28,1.000916957855225,1.001817941665649,0.9978520274162292,0.9998729825019836,6044972360,yahoo
BUSD,2022-03-29,0.9998610019683838,1.002625942230225,0.997704029083252,0.9986230134963989,5775301043,yahoo
BUSD,2022-03-30,0.9986159801483154,1.001894950866699,0.9980390071868896,0.9991999864578247,5809143325,yahoo
BUSD,2022-03-31,0.9992560148239136,1.002153038978577,0.9981799721717834,1.001186013221741,6782582380,yahoo
BUSD,2022-04-01,1.001286029815674,1.002042055130005,0.9983850121498108,0.9993889927864075,7223143041,yahoo
BUSD,2022-04-02,0.9994750022888184,1.001968026161194,0.9984250068664551,0.9994869828224182,5895317593,yahoo
BUSD,2022-04-03,0.9994360208511353,1.002120018005371,0.9980720281600952,0.9995030164718628,4953967845,yahoo
BUSD,2022-04-04,0.9994720220565796,1.00193202495575,0.9980419874191284,1.001150012016296,5918920482,yahoo
BUSD,2022-04-05,1.001134037971497,1.001845955848694,0.998341977596283,0.9993510246276855,5416144144,yahoo
BUSD,2022-04-06,0.99931800365448,1.001911997795105,0.9983170032501221,0.9991689920425415,6214875386,yahoo
BUSD,2022-04-07,0.9991499781608582,1.002181053161621,0.9982600212097168,0.9999889731407166,4565404259,yahoo
BUSD,2022-04-08,1.000043034553528,1.002416014671326,0.9979429841041565,0.9994509816169739,4417706795,yahoo
BUSD,2022-04-09,0.9994580149650574,1.001850962638855,0.9979429841041565,0.9988020062446594,2916229857,yahoo
BUSD,2022-04-10,0.9988200068473816,1.001875996589661,0.9978709816932678,1.000741004943848,3126220469,yahoo
BUSD,2022-04-11,1.000833988189697,1.002177000045776,0.9977989792823792,1.001371026039124,5047412231,yahoo
BUSD,2022-04-12,1.001513004302979,1.002117037773132,0.9982190132141113,1.001381039619446,4796880096,yahoo
BUSD,2022-04-13,1.001405000686646,1.001871943473816,0.9983109831809998,1.000677943229675,6057649189,yahoo
BUSD,2022-04-14,1.000653028488159,1.002104997634888,0.9982560276985168,0.9991199970245361,3712652655,yahoo
BUSD,2022-04-15,0.9991220235824585,1.001889944076538,0.998134970664978,0.9989809989929199,2705008680,yahoo
BUSD,2022-04-16,0.9989420175552368,1.001780986785889,0.9980490207672119,0.9994620084762573,2119497366,yahoo
BUSD,2022-04-17,0.9994279742240906,1.002078056335449,0.9980859756469727,0.9987919926643372,2379796206,yahoo
BUSD,2022-04-18,0.9988420009613037,1.001921057701111,0.9978839755058289,1.000702977180481,4794867810,yahoo
BUSD,2022-04-19,1.000740051269531,1.001670956611633,0.998308002948761,1.00042998790741,4295543759,yahoo
BUSD,2022-04-20,1.000421047210693,1.001602053642273,0.9983069896697998,1.000753998756409,4801371988,yahoo
BUSD,2022-04-21,1.000720977783203,1.002007961273193,0.998341977596283,1.000499963760376,4791525318,yahoo
BUSD,2022-04-22,1.000478982925415,1.001626014709473,0.9981930255889893,0.9992579817771912,4330053781,yahoo
BUSD,2022-04-23,0.9992930293083191,1.00179398059845,0.9985250234603882,0.9986680150032043,2556278555,yahoo
BUSD,2022-04-24,0.9986159801483154,1.001543998718262,0.9980549812316895,1.000396966934204,2615953094,yahoo
BUSD,2022-04-25,1.000378012657166,1.001788973808289,0.9979180097579956,0.9994339942932129,4981854372,yahoo
BUSD,2022-04-26,0.9994099736213684,1.002150058746338,0.9979119896888733,0.9990190267562866,4937535207,yahoo
BUSD,2022-04-27,0.9990720152854919,1.001939058303833,0.998121976852417,0.9998469948768616,4058882381,yahoo
BUSD,2022-04-28,0.9998409748077393,1.001850962638855,0.9981309771537781,1.001250982284546,5111536143,yahoo
BUSD,2022-04-29,1.001227021217346,1.002189993858337,0.9981639981269836,0.9988729953765869,5410035667,yahoo
BUSD,2022-04-30,0.998881995677948,1.001840949058533,0.9981920123100281,0.9993810057640076,4034171469,yahoo
BUSD,2022-05-01,0.9993900060653687,1.00230598449707,0.9982240200042725,1.001157999038696,4076247218,yahoo
BUSD,2022-05-02,1.001140952110291,1.002215027809143,0.9980739951133728,0.9997860193252563,4091207060,yahoo
BUSD,2022-05-03,0.9997820258140564,1.001888990402222,0.998324990272522,0.9987549781799316,3528620566,yahoo
BUSD,2022-05-04,0.9987649917602539,1.002328038215637,0.998583972454071,0.9994680285453796,4710352627,yahoo
BUSD,2022-05-05,0.9994519948959351,1.002171039581299,0.9980430006980896,0.9996190071105957,5751936759,yahoo
BUSD,2022-05-06,0.9996470212936401,1.001958012580872,0.9978529810905457,1.000411033630371,4736115059,yahoo
BUSD,2022-05-07,1.000404000282288,1.007154941558838,0.9980570077896118,0.9997249841690063,7651705097,yahoo
BUSD,2022-05-08,0.9997360110282898,1.001929998397827,0.9979550242424011,1.000290989875793,10452215427,yahoo
BUSD,2022-05-09,1.000246047973633,1.002361059188843,0.9978200197219849,1.000854015350342,8100176556,yahoo
BUSD,2022-05-10,1.000818967819214,1.002231955528259,0.9980379939079285,0.9997190237045288,8730362344,yahoo
BUSD,2022-05-11,0.9995989799499512,1.004693984985352,0.99822598695755,1.002980947494507,15589615018,yahoo
BUSD,2022-05-12,1.002992987632751,1.02469003200531,1.000622987747192,1.003662943840027,19141081792,yahoo
BUSD,2022-05-13,1.003533005714417,1.004449963569641,0.9992150068283081,1.001199960708618,9868896598,yahoo
BUSD,2022-05-14,1.001222014427185,1.003504991531372,0.9991919994354248,1.000329971313477,12584143003,yahoo
BUSD,2022-05-15,1.000339031219482,1.003036975860596,0.9989399909973145,1.000460028648376,8030119560,yahoo
BUSD,2022-05-16,1.000470995903015,1.002737045288086,0.9985700249671936,0.9995319843292236,8968771547,yahoo
BUSD,2022-05-17,0.9995819926261902,1.002619981765747,0.9989039897918701,1.001801013946533,6186204948,yahoo
BUSD,2022-05-18,1.001821994781494,1.002771973609924,0.998682975769043,1.001878976821899,5858486740,yahoo
BUSD,2022-05-19,1.002007961273193,1.002568006515503,0.999110996723175,1.000838994979858,7128537722,yahoo
BUSD,2022-05-20,1.000856995582581,1.00249195098877,0.998989999294281,1.000234007835388,6067105966,yahoo
BUSD,2022-05-21,1.000319957733154,1.002099990844727,0.9986289739608765,1.000499963760376,3634961961,yahoo
BUSD,2022-05-22,1.000534057617188,1.002315998077393,0.9989590048789978,1.001495957374573,5907534747,yahoo
BUSD,2022-05-23,1.001499056816101,1.002323031425476,0.9988470077514648,1.00062894821167,7517762774,yahoo
BUSD,2022-05-24,1.000640988349915,1.00219202041626,0.9986129999160767,0.9995669722557068,5019654714,yahoo
BUSD,2022-05-25,0.9995840191841125,1.001940011978149,0.9986169934272766,0.9990339875221252,5322160200,yahoo
BUSD,2022-05-26,0.9990450143814087,1.002272009849548,0.9987130165100098,1.000228047370911,6748914760,yahoo
BUSD,2022-05-27,1.000260949134827,1.001943945884705,0.9987090229988098,1.000367999076843,6183776987,yahoo
BUSD,2022-05-28,0.9999290108680725,1.002405047416687,0.9987480044364929,1.001822948455811,3098142540,yahoo
BUSD,2022-05-29,1.001803994178772,1.002732992172241,0.9988430142402649,1.001081943511963,3122801413,yahoo
BUSD,2022-05-30,1.001049995422363,1.002112984657288,0.9988279938697815,1.001566052436829,6441103252,yahoo
BUSD,2022-05-31,1.001567959785461,1.002187013626099,0.9984340071678162,1.000010013580322,6529694566,yahoo
BUSD,2022-06-01,1.000026941299438,1.002331972122192,0.9986199736595154,1.00075900554657,7440818455,yahoo
BUSD,2022-06-02,1.000761032104492,1.002125978469849,0.9983959794044495,1.001968026161194,4667275756,yahoo
BUSD,2022-06-03,1.001978039741516,1.002480030059814,0.9989349842071533,0.9998360276222229,3966721500,yahoo
BUSD,2022-06-04,0.9998850226402283,1.002647995948792,0.9986969828605652,1.000861048698425,2498217083,yahoo
BUSD,2022-06-05,1.000859975814819,1.002908945083618,0.9987159967422485,1.002102971076965,2621810817,yahoo
BUSD,2022-06-06,1.002125024795532,1.002518057823181,0.9985640048980713,1.001227974891663,4632444530,yahoo
BUSD,2022-06-07,1.001214981079102,1.002380013465881,0.9984130263328552,0.9996209740638733,6836652197,yahoo
BUSD,2022-06-08,0.9995120167732239,1.002416968345642,0.9986140131950378,1.00102698802948,5155728236,yahoo
BUSD,2022-06-09,1.001031994819641,1.002367973327637,0.9985030293464661,1.001330018043518,4601384135,yahoo
BUSD,2022-06-10,1.001320958137512,1.002771019935608,0.9986069798469543,0.9991729855537415,4695773420,yahoo
BUSD,2022-06-11,0.9991869926452637,1.001618027687073,0.9985719919204712,1.000669956207275,4425812631,yahoo
BUSD,2022-06-12,1.000723004341125,1.00288999080658,0.9987429976463318,1.000905990600586,5731962347,yahoo
BUSD,2022-06-13,1.000910997390747,1.002737998962402,0.998537003993988,1.000712037086487,11519495508,yahoo
BUSD,2022-06-14,1.000720977783203,1.00295102596283,0.9987180233001709,1.001595020294189,7615185011,yahoo
BUSD,2022-06-15,1.0015549659729,1.003085017204285,0.9985489845275879,0.9998800158500671,8552268807,yahoo
BUSD,2022-06-16,0.999862015247345,1.00271201133728,0.99891197681427,0.9995970129966736,5406986455,yahoo
BUSD,2022-06-17,0.999646008014679,1.002956986427307,0.9989039897918701,1.000491976737976,5008980631,yahoo
BUSD,2022-06-18,1.000453948974609,1.003046989440918,0.9985550045967102,1.00020694732666,6605490616,yahoo
BUSD,2022-06-19,1.000187993049622,1.002856969833374,0.9991289973258972,0.999891996383667,5147188373,yahoo
BUSD,2022-06-20,0.9998869895935059,1.003093004226685,0.9987189769744873,0.9992669820785522,5135462320,yahoo
BUSD,2022-06-21,0.9992499947547913,1.002527952194214,0.9983959794044495,0.9987069964408875,5013113114,yahoo
BUSD,2022-06-22,0.9987300038337708,1.00209105014801,0.9985550045967102,1.000219941139221,4345858266,yahoo
BUSD,2022-06-23,1.000224947929382,1.002084016799927,0.9986940026283264,0.9993039965629578,4346458681,yahoo
BUSD,2022-06-24,0.9993069767951965,1.002475023269653,0.9988129734992981,1.001701951026917,4690445711,yahoo
BUSD,2022-06-25,1.001742005348206,1.002118945121765,0.9988240003585815,1.000149965286255,3310831487,yahoo
BUSD,2022-06-26,1.000174045562744,1.002511978149414,0.9981080293655396,1.000705003738403,3392421095,yahoo
BUSD,2022-06-27,1.000684976577759,1.00189197063446,0.9983699917793274,0.9993969798088074,4737933957,yahoo
BUSD,2022-06-28,0.9993640184402466,1.003026008605957,0.9987769722938538,0.9998070001602173,4847156949,yahoo
BUSD,2022-06-29,0.9997950196266174,1.002611994743347,0.9988600015640259,1.000421047210693,6188661840,yahoo
BUSD,2022-06-30,1.000437021255493,1.002776980400085,0.9986310005187988,1.001413941383362,6202546205,yahoo
BUSD,2022-07-01,1.00144100189209,1.00239098072052,0.9986510276794434,1.001780986785889,5260378585,yahoo
BUSD,2022-07-02,1.00180196762085,1.00272798538208,0.9987959861755371,1.000318050384521,3881252912,yahoo
BUSD,2022-07-03,1.000314950942993,1.002807021141052,0.998665988445282,0.9992870092391968,3731656763,yahoo
BUSD,2022-07-04,0.9993109703063965,1.002411961555481,0.998661994934082,1.000192046165466,4532801976,yahoo
BUSD,2022-07-05,1.000201940536499,1.002486944198608,0.9989169836044312,1.000336050987244,5028050090,yahoo
BUSD,2022-07-06,1.000354051589966,1.002756953239441,0.9987720251083374,1.000704050064087,4756293945,yahoo
BUSD,2022-07-07,1.000695943832397,1.002444982528687,0.9985569715499878,1.000794053077698,5198122168,yahoo
BUSD,2022-07-08,1.000789999961853,1.002500057220459,0.9985799789428711,0.9997479915618896,6411440193,yahoo
BUSD,2022-07-09,0.9998220205307007,1.001567959785461,0.9986709952354431,0.9989079833030701,4461460302,yahoo
BUSD,2022-07-10,0.9989010095596313,1.002460956573486,0.998528003692627,1.001678943634033,4484473153,yahoo
BUSD,2022-07-11,1.001624941825867,1.002307057380676,0.998661994934082,1.001346945762634,4304223676,yahoo
BUSD,2022-07-12,1.001384973526001,1.002748966217041,0.9986630082130432,1.000082969665527,4772113280,yahoo
BUSD,2022-07-13,1.000090956687927,1.002665042877197,0.9985250234603882,1.00032901763916,5865390079,yahoo
BUSD,2022-07-14,1.000341057777405,1.002606987953186,0.9986029863357544,1.000193953514099,5763579045,yahoo
BUSD,2022-07-15,1.000211000442505,1.002290010452271,0.9985330104827881,0.999226987361908,5746399176,yahoo
BUSD,2022-07-16,0.999180018901825,1.001983046531677,0.9981330037117004,1.000928997993469,4914750577,yahoo
BUSD,2022-07-17,1.000929951667786,1.00214695930481,0.9980130195617676,1.000386953353882,4716284406,yahoo
BUSD,2022-07-18,1.000386953353882,1.002328991889954,0.9982590079307556,0.9999930262565613,7824000522,yahoo
BUSD,2022-07-19,0.9999430179595947,1.001947999000549,0.998278021812439,1.001252055168152,8650828628,yahoo
BUSD,2022-07-20,1.001230955123901,1.001399040222168,0.9982470273971558,1.000516057014465,8537816725,yahoo
BUSD,2022-07-21,1.000516057014465,1.001296997070312,0.998170018196106,1.000043988227844,6365773600,yahoo
BUSD,2022-07-22,1.00006103515625,1.002025961875916,0.995809018611908,0.9992570281028748,6286215043,yahoo
BUSD,2022-07-23,0.9991480112075806,1.0015549659729,0.9978060126304626,0.9991350173950195,4574101551,yahoo
BUSD,2022-07-24,0.9991269707679749,1.002223014831543,0.998278021812439,1.001183032989502,4727016296,yahoo
BUSD,2022-07-25,1.001157999038696,1.001693964004517,0.9981719851493835,1.001206994056702,5660205816,yahoo
BUSD,2022-07-26,1.001274943351746,1.001520037651062,0.9981080293655396,1.001513004302979,5204855964,yahoo
BUSD,2022-07-27,1.001487970352173,1.002462983131409,0.9979950189590454,0.9980130195617676,7739121672,yahoo
BUSD,2022-07-28,0.9980289936065674,1.001978039741516,0.9979950189590454,0.9989100098609924,8590307252,yahoo
BUSD,2022-07-29,0.9989029765129089,1.001567006111145,0.9981989860534668,0.999210000038147,8913658107,yahoo
BUSD,2022-07-30,0.9992169737815857,1.001481056213379,0.9980059862136841,0.9998739957809448,6503236647,yahoo
BUSD,2022-07-31,0.9998800158500671,1.001760959625244,0.997992992401123,0.9993209838867188,6199044656,yahoo
BUSD,2022-08-01,0.9993450045585632,1.001708984375,0.998117983341217,1.001188039779663,6732350584,yahoo
BUSD,2022-08-02,1.001183986663818,1.001320004463196,0.9981729984283447,0.9999200105667114,6645412034,yahoo
BUSD,2022-08-03,0.9999639987945557,1.000385046005249,0.9995750188827515,0.9999489784240723,5485365451,yahoo
BUSD,2022-08-04,0.9999189972877502,1.000782012939453,0.9995309710502625,1.000102996826172,5745937403,yahoo
BUSD,2022-08-05,1.000008940696716,1.000604033470154,0.999347984790802,0.9999759793281555,5455954302,yahoo
BUSD,2022-08-06,1.00018298625946,1.000605940818787,0.9992200136184692,0.9999790191650391,3687174602,yahoo
BUSD,2022-08-07,1.000074982643127,1.000856995582581,0.999455988407135,0.9998570084571838,3175297520,yahoo
BUSD,2022-08-08,0.9999150037765503,1.00076699256897,0.9992979764938354,1.000259041786194,5526283556,yahoo
BUSD,2022-08-09,1.000319957733154,1.001122951507568,0.9994980096817017,1.000028967857361,5475918085,yahoo
BUSD,2022-08-10,1.000051975250244,1.000576972961426,0.9994170069694519,1.000012040138245,7626356466,yahoo
BUSD,2022-08-11,0.9999989867210388,1.000478029251099,0.999351978302002,0.9998480081558228,7201370519,yahoo
BUSD,2022-08-12,0.9998490214347839,1.000383973121643,0.9993399977684021,0.9998390078544617,5193684859,yahoo
BUSD,2022-08-13,0.9998639822006226,1.000265002250671,0.9994869828224182,1.000262975692749,5407307110,yahoo
BUSD,2022-08-14,1.000210046768188,1.00036096572876,0.9994570016860962,0.999858021736145,5112255401,yahoo
BUSD,2022-08-15,0.9999300241470337,1.00046694278717,0.9995650053024292,0.9998559951782227,6209795580,yahoo
BUSD,2022-08-16,0.999858021736145,1.000486969947815,0.9994609951972961,0.9999930262565613,5601078041,yahoo
BUSD,2022-08-17,1.0000159740448,1.000622034072876,0.9994840025901794,1.000079035758972,5804551198,yahoo
BUSD,2022-08-18,1.000105977058411,1.000916004180908,0.9995700120925903,1.000257968902588,4491889715,yahoo
BUSD,2022-08-19,1.000301003456116,1.001314043998718,0.99863201379776,1.000174999237061,7543538943,yahoo
BUSD,2022-08-20,1.0001620054245,1.000823020935059,0.9998599886894226,1.000105023384094,4443917854,yahoo
BUSD,2022-08-21,1.000064015388489,1.000561952590942,0.9996989965438843,1.000074982643127,4140857537,yahoo
BUSD,2022-08-22,1.000018954277039,1.000754952430725,0.9994869828224182,1.000265955924988,4859670365,yahoo
BUSD,2022-08-23,1.00025200843811,1.00081205368042,0.9994649887084961,0.9998469948768616,4782594109,yahoo
BUSD,2022-08-24,0.999862015247345,1.000977039337158,0.9994540214538574,1.0001380443573,4859837991,yahoo
BUSD,2022-08-25,1.0001460313797,1.00066602230072,0.9994760155677795,1.000151038169861,4230243446,yahoo
BUSD,2022-08-26,1.00019896030426,1.000892996788025,0.9996979832649231,1.000071048736572,10264830869,yahoo
BUSD,2022-08-27,1.000048995018005,1.000720977783203,0.9995399713516235,1.000244975090027,5418792299,yahoo
BUSD,2022-08-28,1.00019896030426,1.000877022743225,0.9997230172157288,1.000509023666382,3901333042,yahoo
BUSD,2022-08-29,1.000247001647949,1.000885009765625,0.9994149804115295,1.000105977058411,5680701100,yahoo
BUSD,2022-08-30,1.000036954879761,1.000918030738831,0.9996470212936401,0.9999529719352722,7193385316,yahoo
BUSD,2022-08-31,1.000136971473694,1.000831961631775,0.9996349811553955,1.000280976295471,7506760903,yahoo
BUSD,2022-09-01,1.00027596950531,1.000918984413147,0.9992960095405579,1.000440001487732,7713153850,yahoo
BUSD,2022-09-02,1.000378012657166,1.000648975372314,0.9997130036354065,1.000231027603149,6970190867,yahoo
BUSD,2022-09-03,1.000190019607544,1.000548005104065,0.999642014503479,1.000038981437683,4080792726,yahoo
BUSD,2022-09-04,1.000064015388489,1.000728011131287,0.9998279809951782,1.000247955322266,4345105641,yahoo
BUSD,2022-09-05,1.00025200843811,1.00082004070282,0.9996830224990845,1.000054001808167,6960859086,yahoo
BUSD,2022-09-06,1.000056982040405,1.000790953636169,0.9996539950370789,0.9999750256538391,10063711703,yahoo
BUSD,2022-09-07,0.9999269843101501,1.000913977622986,0.9995930194854736,1.000205039978027,9439836894,yahoo
BUSD,2022-09-08,1.000164985656738,1.001474022865295,0.9996200203895569,0.999888002872467,9877119980,yahoo
BUSD,2022-09-09,1.000123977661133,1.00108802318573,0.9993379712104797,0.9999570250511169,14598870317,yahoo
BUSD,2022-09-10,0.9999229907989502,1.000488042831421,0.9996749758720398,0.9999780058860779,9634577353,yahoo
BUSD,2022-09-11,0.9999150037765503,1.00041401386261,0.9994109869003296,0.9998599886894226,8265336407,yahoo
BUSD,2022-09-12,0.9998930096626282,1.000481009483337,0.9994270205497742,1.00024402141571,11986192446,yahoo
BUSD,2022-09-13,1.000239968299866,1.000476956367493,0.9994329810142517,1.00024402141571,13203751025,yahoo
BUSD,2022-09-14,1.000013947486877,1.001168012619019,0.9988399744033813,0.9998959898948669,9927670952,yahoo
BUSD,2022-09-15,0.9997749924659729,1.001366972923279,0.9989780187606812,1.000128030776978,10207015562,yahoo
BUSD,2022-09-16,0.9996970295906067,1.001387000083923,0.9987649917602539,1.000381946563721,8969002446,yahoo
BUSD,2022-09-17,0.9994699954986572,1.001255989074707,0.9990429878234863,0.9998800158500671,5929154239,yahoo
BUSD,2022-09-18,1.000967025756836,1.001111030578613,0.9993000030517578,1.000522971153259,7971539238,yahoo
BUSD,2022-09-19,1.000766038894653,1.001065015792847,0.9991120100021362,0.99965900182724,9750460921,yahoo
BUSD,2022-09-20,1.00070595741272,1.001042008399963,0.9989420175552368,0.9990260004997253,8134767274,yahoo
BUSD,2022-09-21,0.9996100068092346,1.001387000083923,0.9989799857139587,1.000296950340271,9583302363,yahoo
BUSD,2022-09-22,1.000733017921448,1.001294016838074,0.9992889761924744,0.9997209906578064,9067673459,yahoo
BUSD,2022-09-23,0.9997180104255676,1.001495003700256,0.9990040063858032,1.00018298625946,9334269253,yahoo
BUSD,2022-09-24,1.000095009803772,1.001317977905273,0.9988589882850647,1.000007033348083,7469401871,yahoo
BUSD,2022-09-25,0.9997950196266174,1.001029014587402,0.999081015586853,1.000645995140076,6699091780,yahoo
BUSD,2022-09-26,0.9996690154075623,1.002787947654724,0.9991400241851807,0.9997749924659729,8338776212,yahoo
BUSD,2022-09-27,0.9998589754104614,1.003644943237305,0.999176025390625,1.001188039779663,10212165464,yahoo
BUSD,2022-09-28,1.000617980957031,1.001374959945679,0.9990450143814087,0.999779999256134,9037378098,yahoo
BUSD,2022-09-29,0.9998419880867004,1.001325011253357,0.9989169836044312,1.000105023384094,6906007418,yahoo
BUSD,2022-09-30,1.000285029411316,1.001253962516785,0.9990209937095642,1.000002980232239,7228359187,yahoo
BUSD,2022-10-01,0.9997869729995728,1.001574993133545,0.9990109801292419,1.000321984291077,4401538576,yahoo
BUSD,2022-10-02,0.9999799728393555,1.001515984535217,0.9986550211906433,0.9995250105857849,4876227728,yahoo
BUSD,2022-10-03,1.000095009803772,1.001122951507568,0.9988759756088257,1.000025033950806,6430729201,yahoo
BUSD,2022-10-04,1.000200033187866,1.001124978065491,0.999239981174469,1.0001460313797,6759645878,yahoo
BUSD,2022-10-05,0.9998850226402283,1.002202033996582,0.9991660118103027,0.9999359846115112,6621650545,yahoo
BUSD,2022-10-06,1.000218987464905,1.00271201133728,0.996383011341095,1.000030994415283,6424323149,yahoo
BUSD,2022-10-07,1.0000159740448,1.001247048377991,0.9988899827003479,1.000170946121216,5512939188,yahoo
BUSD,2022-10-08,1.000197052955627,1.001001000404358,0.9988120198249817,0.9998199939727783,3680625187,yahoo
BUSD,2022-10-09,0.9999510049819946,1.001245021820068,0.9991539716720581,1.000118970870972,3456238969,yahoo
BUSD,2022-10-10,1.000131011009216,1.001021027565002,0.9991819858551025,1.000367999076843,6166681361,yahoo
BUSD,2022-10-11,1.000331044197083,1.001113057136536,0.999284029006958,0.9999039769172668,6363227768,yahoo
BUSD,2022-10-12,0.999904990196228,1.001067996025085,0.9993510246276855,1.000357031822205,5211379224,yahoo
BUSD,2022-10-13,1.00036096572876,1.000942945480347,0.9990379810333252,0.999809980392456,8484435150,yahoo
BUSD,2022-10-14,0.9998019933700562,1.001314997673035,0.9992330074310303,1.000442028045654,8085805833,yahoo
BUSD,2022-10-15,1.000417947769165,1.001304984092712,0.9993900060653687,1.000319004058838,4552179277,yahoo
BUSD,2022-10-16,1.000342011451721,1.001207947731018,0.9993669986724854,1.000527024269104,4728210778,yahoo
BUSD,2022-10-17,1.000502943992615,1.001283049583435,0.9990379810333252,0.9997609853744507,6460725744,yahoo
BUSD,2022-10-18,0.9998019933700562,1.001153945922852,0.9990460276603699,1.000601053237915,7138513519,yahoo
BUSD,2022-10-19,1.000599026679993,1.001039028167725,0.9990969896316528,0.9998559951782227,5876531933,yahoo
BUSD,2022-10-20,0.9997879862785339,1.001060962677002,0.9993739724159241,0.9997789859771729,5559430612,yahoo
BUSD,2022-10-21,1.00020694732666,1.004098057746887,0.999422013759613,1.000216960906982,5872813337,yahoo
BUSD,2022-10-22,1.00021505355835,1.001250028610229,0.999439001083374,1.000054001808167,3420800232,yahoo
BUSD,2022-10-23,1.000066041946411,1.000972032546997,0.9991229772567749,1.000571966171265,4461506899,yahoo
BUSD,2022-10-24,0.9999750256538391,1.000933051109314,0.9991629719734192,1.000193953514099,5618010118,yahoo
BUSD,2022-10-25,1.000172972679138,1.001142978668213,0.999180018901825,0.9999480247497559,8017370284,yahoo
BUSD,2022-10-26,1.000036954879761,1.00146496295929,0.9990699887275696,1.00035297870636,8959701738,yahoo
BUSD,2022-10-27,1.000342965126038,1.001212954521179,0.999127984046936,0.9999549984931946,8053476085,yahoo
BUSD,2022-10-28,0.9999409914016724,1.002650022506714,0.999305009841919,0.9998270273208618,6685417232,yahoo
BUSD,2022-10-29,0.9998260140419006,1.000995993614197,0.9991120100021362,1.000108957290649,8171731809,yahoo
BUSD,2022-10-30,1.000087022781372,1.001026034355164,0.9991840124130249,1.000095963478088,5955857683,yahoo
BUSD,2022-10-31,1.000056982040405,1.00107204914093,0.9990590214729309,1.000571012496948,7883853467,yahoo
BUSD,2022-11-01,1.000556945800781,1.001047015190125,0.9994450211524963,1.000005960464478,7242954997,yahoo
BUSD,2022-11-02,0.999983012676239,1.000996947288513,0.9993780255317688,1.000344038009644,8285948224,yahoo
BUSD,2022-11-03,1.000349998474121,1.003087997436523,0.9994149804115295,1.000599980354309,7536474493,yahoo
BUSD,2022-11-04,1.000280976295471,1.002066969871521,0.9985730051994324,1.000144004821777,10226942529,yahoo
BUSD,2022-11-05,1.00054395198822,1.001286029815674,0.9991559982299805,0.9997860193252563,6905540121,yahoo
BUSD,2022-11-06,0.9999529719352722,1.001155972480774,0.9993619918823242,0.9999639987945557,6180167998,yahoo
BUSD,2022-11-07,0.9998890161514282,1.001134991645813,0.9993090033531189,0.9998180270195007,9152532377,yahoo
BUSD,2022-11-08,0.9997979998588562,1.001122951507568,0.9989410042762756,1.000175952911377,21100945115,yahoo
BUSD,2022-11-09,1.000355958938599,1.001667022705078,0.9993849992752075,1.00080394744873,20146853424,yahoo
BUSD,2022-11-10,1.00099503993988,1.012637972831726,1.000200986862183,1.001443028450012,21213475804,yahoo
BUSD,2022-11-11,1.001196980476379,1.002661943435669,1.000082969665527,1.000903010368347,14105832815,yahoo
BUSD,2022-11-12,1.001345038414001,1.019845962524414,0.9962769746780396,1.00075101852417,10997769691,yahoo
BUSD,2022-11-13,1.000684022903442,1.00213098526001,0.9996309876441956,1.001095056533813,7253712643,yahoo
BUSD,2022-11-14,1.00092601776123,1.001806974411011,0.9998180270195007,1.000936031341553,10250311528,yahoo
BUSD,2022-11-15,1.000957012176514,1.001698017120361,0.9995790123939514,1.000260949134827,8032879524,yahoo
BUSD,2022-11-16,1.000462055206299,1.002020955085754,0.999530017375946,1.000385999679565,7336542529,yahoo
BUSD,2022-11-17,1.000345945358276,1.001590013504028,0.9992309808731079,1.000242948532104,5758493091,yahoo
BUSD,2022-11-18,1.001129031181335,1.001659035682678,0.9995620250701904,1.001127004623413,5789797834,yahoo
BUSD,2022-11-19,1.001101970672607,1.00143301486969,0.9996470212936401,1.000589966773987,3319622761,yahoo
BUSD,2022-11-20,1.00060498714447,1.00163996219635,0.9997910261154175,1.001229047775269,7510289975,yahoo
BUSD,2022-11-21,1.000450015068054,1.001628041267395,0.9997410178184509,1.000710010528564,9125701526,yahoo
BUSD,2022-11-22,1.000615954399109,1.0017329454422,0.9997559785842896,1.000658988952637,8437515430,yahoo
BUSD,2022-11-23,1.000602006912231,1.001600027084351,0.9995200037956238,1.000802993774414,8019215464,yahoo
BUSD,2022-11-24,1.000597953796387,1.001458048820496,0.9994739890098572,1.001031994819641,6694921353,yahoo
BUSD,2022-11-25,1.000977039337158,1.001386046409607,0.9987009763717651,1.000254034996033,5814018349,yahoo
BUSD,2022-11-26,1.000542044639587,1.001289963722229,0.9995139837265015,1.000118970870972,4877092187,yahoo
BUSD,2022-11-27,0.9999499917030334,1.001214027404785,0.9995309710502625,1.00031304359436,4614831258,yahoo
BUSD,2022-11-28,1.000311017036438,1.001083016395569,0.9993630051612854,1.000754952430725,6906132682,yahoo
BUSD,2022-11-29,1.000766038894653,1.001191973686218,0.9994410276412964,1.000090003013611,6558827481,yahoo
BUSD,2022-11-30,1.000115036964417,1.001075983047485,0.9992870092391968,1.0,8863202636,yahoo
BUSD,2022-12-01,0.9999909996986389,1.001142024993896,0.9991899728775024,1.000005960464478,7629631366,yahoo
BUSD,2022-12-02,1.000054001808167,1.002820014953613,0.9995219707489014,1.000517964363098,6490009672,yahoo
BUSD,2022-12-03,1.000450015068054,1.000691056251526,0.9993579983711243,1.000236034393311,4321909803,yahoo
BUSD,2022-12-04,1.000234961509705,1.000725984573364,0.9995459914207458,0.9998840093612671,4329311363,yahoo
BUSD,2022-12-05,1.000326991081238,1.000998020172119,0.9992139935493469,1.00006103515625,5878580818,yahoo
BUSD,2022-12-06,1.000061988830566,1.001003980636597,0.9993910193443298,1.000046968460083,5581936298,yahoo
BUSD,2022-12-07,1.000336050987244,1.000867962837219,0.9991949796676636,1.000066041946411,5824640765,yahoo
BUSD,2022-12-08,1.000074982643127,1.000954031944275,0.9992520213127136,1.000087022781372,5709314843,yahoo
BUSD,2022-12-09,1.000090003013611,1.000792026519775,0.9991809725761414,0.999845027923584,5770865206,yahoo
BUSD,2022-12-10,0.9998480081558228,1.001023054122925,0.9994630217552185,1.000090956687927,3896163188,yahoo
BUSD,2022-12-11,1.000102043151855,1.000782012939453,0.9993870258331299,0.9999570250511169,3708577437,yahoo
BUSD,2022-12-12,0.9999790191650391,1.000887989997864,0.9990969896316528,0.9999499917030334,6514103008,yahoo
BUSD,2022-12-13,1.000095963478088,1.000923991203308,0.9987229704856873,1.000064015388489,10928458036,yahoo
BUSD,2022-12-14,1.000532031059265,1.000931978225708,0.9988570213317871,1.00025200843811,7293948776,yahoo
BUSD,2022-12-15,1.000233054161072,1.000851035118103,0.9990140199661255,0.9998250007629395,5440033506,yahoo
BUSD,2022-12-16,0.999809980392456,1.00122594833374,0.9988729953765869,1.000257968902588,6499618945,yahoo
BUSD,2022-12-17,1.000246047973633,1.001700043678284,0.9991980195045471,0.9995800256729126,4321525257,yahoo
BUSD,2022-12-18,1.000216007232666,1.001358985900879,0.9991850256919861,1.000097036361694,2744176088,yahoo
BUSD,2022-12-19,1.000136971473694,1.001289963722229,0.9991869926452637,0.99993497133255,4575546070,yahoo
BUSD,2022-12-20,0.9999690055847168,1.000964999198914,0.9991869926452637,1.000062942504883,5509011995,yahoo
BUSD,2022-12-21,1.000048995018005,1.000710010528564,0.9993119835853577,0.9996129870414734,3745056661,yahoo
BUSD,2022-12-22,0.9997760057449341,1.000861048698425,0.9992240071296692,1.000607013702393,4095404239,yahoo
BUSD,2022-12-23,1.000583052635193,1.000998973846436,0.9994879961013794,1.000169038772583,3799544918,yahoo
BUSD,2022-12-24,1.000143051147461,1.000748991966248,0.999422013759613,1.000264048576355,1966930385,yahoo
BUSD,2022-12-25,1.000269055366516,1.001001954078674,0.9993699789047241,1.00025999546051,2742694443,yahoo
BUSD,2022-12-26,1.000316023826599,1.000707983970642,0.9993069767951965,1.000247001647949,2891652706,yahoo
BUSD,2022-12-27,1.000190019607544,1.001180052757263,0.9992709755897522,1.000128030776978,4511338382,yahoo
BUSD,2022-12-28,1.000359058380127,1.000851988792419,0.9992719888687134,1.000193953514099,5136431856,yahoo
BUSD,2022-12-29,1.000192999839783,1.001060009002686,0.9993240237236023,1.000707030296326,4528743837,yahoo
BUSD,2022-12-30,1.000699996948242,1.000998020172119,0.9993079900741577,1.000102043151855,4282713395,yahoo
BUSD,2022-12-31,1.00020694732666,1.001224994659424,0.9997519850730896,1.000224947929382,2690117726,yahoo
BUSD,2023-01-01,1.000229001045227,1.001018047332764,0.9997990131378174,1.000339984893799,2236386722,yahoo
BUSD,2023-01-02,1.000350952148438,1.001245975494385,0.9995589852333069,1.000103950500488,3472526101,yahoo
BUSD,2023-01-03,1.000154972076416,1.000877022743225,0.9995160102844238,1.000282049179077,4000802165,yahoo
BUSD,2023-01-04,1.000283002853394,1.001420021057129,0.9994990229606628,1.000349044799805,5848512182,yahoo
BUSD,2023-01-05,1.000465035438538,1.002400040626526,0.9995139837265015,1.000030994415283,4390715813,yahoo
BUSD,2023-01-06,1.000059008598328,1.001106023788452,0.9994019865989685,1.000287055969238,5219509726,yahoo
BUSD,2023-01-07,1.000404953956604,1.000982046127319,0.9995610117912292,1.000277042388916,2321828768,yahoo
BUSD,2023-01-08,1.000180959701538,1.001389980316162,0.999567985534668,1.000977993011475,3070320860,yahoo
BUSD,2023-01-09,1.000885963439941,1.001337051391602,0.9993389844894409,0.9997860193252563,7449659964,yahoo
BUSD,2023-01-10,1.000237941741943,1.001170992851257,0.9993119835853577,1.000234961509705,5716619108,yahoo
BUSD,2023-01-11,1.000257015228271,1.00099503993988,0.9991940259933472,1.000028967857361,6484461952,yahoo
BUSD,2023-01-12,0.9998070001602173,1.001198053359985,0.9993379712104797,1.000319004058838,11090304091,yahoo
BUSD,2023-01-13,1.000316023826599,1.001106977462769,0.9993529915809631,1.00031304359436,9302227884,yahoo
BUSD,2023-01-14,1.000337958335876,1.001121044158936,0.9992939829826355,1.000465989112854,13600786556,yahoo
BUSD,2023-01-15,1.000455975532532,1.000869035720825,0.9992870092391968,1.0000239610672,7356561754,yahoo
BUSD,2023-01-16,1.000005006790161,1.001117944717407,0.9992740154266357,1.000154972076416,8997658789,yahoo
BUSD,2023-01-17,1.000177979469299,1.001263976097107,0.9993870258331299,1.000537991523743,8569004353,yahoo
BUSD,2023-01-18,1.000113010406494,1.001319050788879,0.9994570016860962,0.999987006187439,10437553279,yahoo
BUSD,2023-01-19,0.9996349811553955,1.000944018363953,0.9995920062065125,1.000118970870972,7315787461,yahoo
BUSD,2023-01-20,1.000182032585144,1.001217007637024,0.9990950226783752,0.999550998210907,10362083244,yahoo
BUSD,2023-01-21,0.999580979347229,1.001127004623413,0.9990699887275696,0.9996259808540344,11570534939,yahoo
BUSD,2023-01-22,0.9999819993972778,1.000946044921875,0.9991880059242249,1.000561952590942,9123656886,yahoo
BUSD,2023-01-23,1.000666975975037,1.001041054725647,0.9994329810142517,0.9999099969863892,10191369522,yahoo
BUSD,2023-01-24,0.9999780058860779,1.001361966133118,0.9991919994354248,0.9997299909591675,9652102211,yahoo
BUSD,2023-01-25,1.000108957290649,1.001070022583008,0.9993489980697632,1.000208973884583,11236079383,yahoo
BUSD,2023-01-26,1.000012040138245,1.000939011573792,0.9995599985122681,1.000161051750183,9758697608,yahoo
BUSD,2023-01-27,1.000236034393311,1.000921010971069,0.9994339942932129,1.000126004219055,9836689611,yahoo
BUSD,2023-01-28,0.9999079704284668,1.000766038894653,0.9993209838867188,1.000074982643127,5914540244,yahoo
BUSD,2023-01-29,1.000084042549133,1.001073956489563,0.9994289875030518,1.000133991241455,9746561339,yahoo
BUSD,2023-01-30,1.000151038169861,1.001060009002686,0.9992539882659912,1.000378966331482,10428612037,yahoo
BUSD,2023-01-31,1.000491976737976,1.001212954521179,0.9995740056037903,1.000447034835815,8063170961,yahoo
BUSD,2023-02-01,1.000444054603577,1.001209020614624,0.9992830157279968,1.000205993652344,9542750777,yahoo
BUSD,2023-02-02,1.000159025192261,1.001199007034302,0.9992930293083191,1.000625967979431,11725436616,yahoo
BUSD,2023-02-03,1.000102996826172,1.001135945320129,0.9993060231208801,1.000506043434143,10396860694,yahoo
BUSD,2023-02-04,1.000252962112427,1.001001000404358,0.9995149970054626,0.9998149871826172,6427553818,yahoo
BUSD,2023-02-05,1.000097990036011,1.001307964324951,0.9991729855537415,0.999908983707428,8511186142,yahoo
BUSD,2023-02-06,1.000219941139221,1.000782012939453,0.9995419979095459,1.0001380443573,8930395812,yahoo
BUSD,2023-02-07,1.00008499622345,1.000915050506592,0.9996470212936401,1.000040054321289,10335606338,yahoo
BUSD,2023-02-08,1.000048041343689,1.000710010528564,0.9995779991149902,1.000251054763794,9820990205,yahoo
BUSD,2023-02-09,1.000218987464905,1.000591039657593,0.999576985836029,0.9999480247497559,13062333376,yahoo
BUSD,2023-02-10,1.000036954879761,1.000583052635193,0.999547004699707,1.000144004821777,10690053118,yahoo
BUSD,2023-02-11,1.000054001808167,1.000499963760376,0.9997249841690063,1.000131011009216,6536126788,yahoo
BUSD,2023-02-12,1.000313997268677,1.000641942024231,0.999455988407135,1.000149965286255,6465453371,yahoo
BUSD,2023-02-13,1.000288963317871,1.000571966171265,0.9987890124320984,0.9993839859962463,13149065983,yahoo
BUSD,2023-02-14,0.9993299841880798,1.000481009483337,0.9991490244865417,0.9999110102653503,9965831170,yahoo
BUSD,2023-02-15,0.9998850226402283,1.000956058502197,0.9994320273399353,1.000082969665527,9836495499,yahoo
BUSD,2023-02-16,1.00022304058075,1.000584959983826,0.9993900060653687,0.9998390078544617,12921628601,yahoo
BUSD,2023-02-17,0.9999039769172668,1.000970005989075,0.9996070265769958,1.000367045402527,10925339827,yahoo
BUSD,2023-02-18,1.000380992889404,1.000733971595764,0.9995399713516235,1.000107049942017,5669919428,yahoo
BUSD,2023-02-19,1.000048995018005,1.000851035118103,0.9995070099830627,1.000175952911377,7221566629,yahoo
BUSD,2023-02-20,1.000107049942017,1.001044988632202,0.9996370077133179,1.000265955924988,8858413284,yahoo
BUSD,2023-02-21,1.000175952911377,1.000558972358704,0.9998319745063782,1.000264048576355,9098592418,yahoo
BUSD,2023-02-22,1.000169992446899,1.000910043716431,0.9996730089187622,1.000246047973633,8733101110,yahoo
BUSD,2023-02-23,1.000391960144043,1.000916004180908,0.9996399879455566,1.000295996665955,8375888762,yahoo
BUSD,2023-02-24,1.000265002250671,1.000635981559753,0.9997130036354065,1.000300049781799,7836512395,yahoo
BUSD,2023-02-25,1.000301957130432,1.000668048858643,0.999763011932373,1.000028967857361,4631043675,yahoo
BUSD,2023-02-26,1.000085949897766,1.001098036766052,0.9995329976081848,1.000367045402527,4351628128,yahoo
BUSD,2023-02-27,1.000439047813416,1.001021981239319,0.999459981918335,1.000455975532532,5700055415,yahoo
BUSD,2023-02-28,1.000558018684387,1.001049041748047,0.9997249841690063,1.000193953514099,5245873659,yahoo
BUSD,2023-03-01,1.000277996063232,1.000821948051453,0.9997389912605286,1.000308036804199,6203805231,yahoo
BUSD,2023-03-02,1.000267028808594,1.000856041908264,0.999671995639801,1.000141024589539,5653328850,yahoo
BUSD,2023-03-03,1.000442981719971,1.000630021095276,0.9990910291671753,1.00049901008606,7805398164,yahoo
BUSD,2023-03-04,1.000445008277893,1.00078296661377,0.9995909929275513,1.000198006629944,3117734288,yahoo
BUSD,2023-03-05,1.000309944152832,1.00103497505188,0.999796986579895,1.000182032585144,3485513960,yahoo
BUSD,2023-03-06,1.000177025794983,1.000798940658569,0.9997730255126953,1.000290036201477,4405313885,yahoo
BUSD,2023-03-07,1.000255942344666,1.001178979873657,0.999576985836029,1.00053596496582,5374912844,yahoo
BUSD,2023-03-08,1.000512957572937,1.001405954360962,0.9995560050010681,1.000375986099243,5054431571,yahoo
BUSD,2023-03-09,1.000481009483337,1.001134991645813,0.9995830059051514,1.000231981277466,6658347091,yahoo
BUSD,2023-03-10,1.000270962715149,1.001320958137512,0.9982759952545166,0.9989280104637146,9735453228,yahoo
BUSD,2023-03-11,0.998757004737854,1.004132986068726,0.9947649836540222,1.000571012496948,8263868697,yahoo
BUSD,2023-03-12,1.000506043434143,1.010745048522949,1.000077962875366,1.00346302986145,5998975404,yahoo
BUSD,2023-03-13,1.003553986549377,1.00599205493927,0.9983140230178833,1.000898003578186,10234445499,yahoo
BUSD,2023-03-14,1.000852942466736,1.004577040672302,0.9982280135154724,0.9998220205307007,10341463963,yahoo
BUSD,2023-03-15,0.9996449947357178,1.001422047615051,0.9982399940490723,1.00040602684021,8627944845,yahoo
BUSD,2023-03-16,1.000430941581726,1.001204967498779,0.9990659952163696,1.000200986862183,6207065917,yahoo
BUSD,2023-03-17,1.000293970108032,1.002403974533081,0.9991490244865417,1.00101101398468,9210097462,yahoo
BUSD,2023-03-18,1.001031994819641,1.002627015113831,0.9987670183181763,0.999504029750824,7887178563,yahoo
BUSD,2023-03-19,0.9994779825210571,1.001342058181763,0.9991850256919861,0.9999960064888,6634035727,yahoo
BUSD,2023-03-20,1.000167012214661,1.001703977584839,0.9985309839248657,0.9989789724349976,7853575129,yahoo
BUSD,2023-03-21,0.9989280104637146,1.00133204460144,0.998058021068573,0.9997119903564453,6530841589,yahoo
BUSD,2023-03-22,0.9999340176582336,1.001422047615051,0.9975910186767578,0.9996820092201233,5620927032,yahoo
BUSD,2023-03-23,0.9995120167732239,1.001209020614624,0.9986100196838379,0.9994570016860962,4637725760,yahoo
BUSD,2023-03-24,0.9995419979095459,1.000329971313477,0.9920589923858643,0.9999020099639893,3493981618,yahoo
BUSD,2023-03-25,1.000056028366089,1.000583052635193,0.9987040162086487,0.9995890259742737,2833230626,yahoo
BUSD,2023-03-26,0.9996280074119568,1.000301003456116,0.9990090131759644,0.9999290108680725,2623950443,yahoo
BUSD,2023-03-27,0.9999629855155945,1.000342965126038,0.9984970092773438,0.9997119903564453,3675658933,yahoo
BUSD,2023-03-28,0.9996320009231567,1.000278949737549,0.9985010027885437,0.9999719858169556,3396703216,yahoo
BUSD,2023-03-29,0.999925971031189,1.00082004070282,0.9993829727172852,0.9998660087585449,3672321722,yahoo
BUSD,2023-03-30,0.999888002872467,1.000733971595764,0.9990580081939697,0.9997389912605286,3739092264,yahoo
BUSD,2023-03-31,0.9998080134391785,1.000758051872253,0.9985449910163879,0.9999750256538391,3066844141,yahoo
BUSD,2023-04-01,0.9999309778213501,1.000239968299866,0.9991790056228638,0.9994789958000183,2290178171,yahoo
BUSD,2023-04-02,0.9997550249099731,1.000012040138245,0.998773992061615,0.9997180104255676,2425087444,yahoo
BUSD,2023-04-03,0.9997310042381287,1.000195980072021,0.9990440011024475,0.9996169805526733,3740879078,yahoo
BUSD,2023-04-04,0.9996730089187622,1.000288009643555,0.9992499947547913,0.999737024307251,2954237093,yahoo
BUSD,2023-04-05,0.9998990297317505,1.00048303604126,0.9990540146827698,0.9996169805526733,3182061133,yahoo
BUSD,2023-04-06,0.9996410012245178,1.000378012657166,0.9991509914398193,1.000200986862183,2551389418,yahoo
BUSD,2023-04-07,1.000017046928406,1.000453948974609,0.9992089867591858,1.000058054924011,2125787468,yahoo
BUSD,2023-04-08,0.9999070167541504,1.000342965126038,0.9993900060653687,0.9997779726982117,2548970201,yahoo
BUSD,2023-04-09,0.9998019933700562,1.000313997268677,0.9993429780006409,0.999891996383667,2323679251,yahoo
BUSD,2023-04-10,0.9997469782829285,1.002182006835938,0.9992420077323914,1.000015020370483,3060738090,yahoo
BUSD,2023-04-11,1.000028014183044,1.000568032264709,0.9995409846305847,1.00029194355011,3708471491,yahoo
BUSD,2023-04-12,1.00039005279541,1.000838041305542,0.9987810254096985,1.00031304359436,3893966531,yahoo
BUSD,2023-04-13,0.9997529983520508,1.00096595287323,0.9997529983520508,1.000561952590942,3471485718,yahoo
BUSD,2023-04-14,1.000617027282715,1.001077055931091,0.9998630285263062,1.000553011894226,4297104114,yahoo
BUSD,2023-04-15,1.00052797794342,1.000974059104919,0.9999510049819946,1.000493049621582,2691273180,yahoo
BUSD,2023-04-16,1.000516057014465,1.000885009765625,0.9995539784431458,1.000233054161072,2617015115,yahoo
BUSD,2023-04-17,1.000201940536499,1.000849008560181,0.9993090033531189,0.9999979734420776,3389955609,yahoo
BUSD,2023-04-18,1.000084042549133,1.000648975372314,0.9993829727172852,1.00025999546051,3343349177,yahoo
BUSD,2023-04-19,1.00026798248291,1.000722050666809,0.999081015586853,0.9997680187225342,4184217962,yahoo
BUSD,2023-04-20,0.9998480081558228,1.001026034355164,0.9989839792251587,0.9997770190238953,3546160914,yahoo
BUSD,2023-04-21,0.9998769760131836,1.000939011573792,0.9981330037117004,1.000200033187866,3399135567,yahoo
BUSD,2023-04-22,1.000193953514099,1.001726031303406,0.9994819760322571,0.9999399781227112,2211044244,yahoo
BUSD,2023-04-23,0.9999470114707947,1.001083970069885,0.9995049834251404,0.9997410178184509,2014130044,yahoo
BUSD,2023-04-24,0.9997220039367676,1.000509023666382,0.9991419911384583,1.0,2447526529,yahoo
BUSD,2023-04-25,0.9999849796295166,1.000676989555359,0.999530017375946,0.99993497133255,2506180494,yahoo
BUSD,2023-04-26,0.9999570250511169,1.00069797039032,0.9986439943313599,1.000216007232666,4147172216,yahoo
BUSD,2023-04-27,1.000169038772583,1.001206994056702,0.9993510246276855,0.9998229742050171,3579909529,yahoo
BUSD,2023-04-28,0.9997900128364563,1.000785946846008,0.999422013759613,1.000421047210693,2747812358,yahoo
BUSD,2023-04-29,1.00042998790741,1.000748991966248,0.9999719858169556,1.000236034393311,1712173701,yahoo
BUSD,2023-04-30,1.00022304058075,1.001158952713013,0.9996809959411621,1.000177979469299,2314019819,yahoo
BUSD,2023-05-01,1.000208020210266,1.001309037208557,0.9988420009613037,0.999701976776123,2910530049,yahoo
BUSD,2023-05-02,0.9997659921646118,1.000910997390747,0.9992420077323914,0.9999570250511169,2511617039,yahoo
BUSD,2023-05-03,0.9999840259552002,1.001108050346375,0.9997190237045288,1.000437021255493,2751739862,yahoo
BUSD,2023-05-04,1.000444054603577,1.000771045684814,0.9999309778213501,1.000416994094849,1978347673,yahoo
BUSD,2023-05-05,1.000411033630371,1.001587986946106,1.0001620054245,1.000920057296753,2552204628,yahoo
BUSD,2023-05-06,1.000920057296753,1.002025008201599,1.000334024429321,1.00117301940918,2355099612,yahoo
BUSD,2023-05-07,1.001145005226135,1.001644968986511,0.9999949932098389,1.001147031784058,1786268225,yahoo
BUSD,2023-05-08,1.000978946685791,1.001536011695862,0.9997929930686951,1.000648021697998,3158986316,yahoo
BUSD,2023-05-09,1.000692009925842,1.001036047935486,0.9999210238456726,1.000375032424927,2093439635,yahoo
BUSD,2023-05-10,1.000444054603577,1.001976013183594,0.9991030097007751,1.000412940979004,2764598217,yahoo
BUSD,2023-05-11,1.000463008880615,1.001024961471558,0.9993249773979187,1.000257015228271,2175545890,yahoo
BUSD,2023-05-12,1.000298023223877,1.001029014587402,0.9996039867401123,1.00036096572876,2595952061,yahoo
BUSD,2023-05-13,1.000295996665955,1.000924944877625,1.000092029571533,1.000502943992615,1394993744,yahoo
BUSD,2023-05-14,1.000517964363098,1.000723004341125,0.9998520016670227,1.000308990478516,1409675579,yahoo
BUSD,2023-05-15,1.000287055969238,1.001062035560608,0.999504029750824,0.9998310208320618,1933405180,yahoo
BUSD,2023-05-16,0.9998769760131836,1.000643968582153,0.9994300007820129,1.0000079870224,1756925958,yahoo
BUSD,2023-05-17,1.000020027160645,1.00061297416687,0.9994800090789795,1.000195980072021,2172132403,yahoo
BUSD,2023-05-18,1.000200033187866,1.000661015510559,0.9994969964027405,0.9997599720954895,2032827277,yahoo
BUSD,2023-05-19,0.999809980392456,1.000416040420532,0.9994249939918518,1.000002026557922,1840470641,yahoo
BUSD,2023-05-20,1.000058054924011,1.000416994094849,0.9997360110282898,1.000216960906982,1253244790,yahoo
BUSD,2023-05-21,1.000237941741943,1.000440955162048,0.999809980392456,0.9999849796295166,1383510242,yahoo
BUSD,2023-05-22,0.9999359846115112,1.000396013259888,0.9995179772377014,0.9999859929084778,1789840983,yahoo
BUSD,2023-05-23,0.9999589920043945,1.00061297416687,0.9994480013847351,0.9998959898948669,2327433037,yahoo
BUSD,2023-05-24,0.999904990196228,1.000161051750183,0.99925297498703,0.9997159838676453,2623687457,yahoo
BUSD,2023-05-25,0.9997109770774841,1.000051021575928,0.9991580247879028,0.999891996383667,1942779739,yahoo
BUSD,2023-05-26,0.9998909831047058,1.000556945800781,0.9995520114898682,1.000211954116821,1796211341,yahoo
BUSD,2023-05-27,1.000201940536499,1.000542044639587,0.999970018863678,1.000355958938599,1234748720,yahoo
BUSD,2023-05-28,1.000332951545715,1.000874996185303,0.9996880292892456,1.000148057937622,1847782274,yahoo
BUSD,2023-05-29,1.000195026397705,1.00075101852417,0.9994940161705017,0.9999740123748779,1753126042,yahoo
BUSD,2023-05-30,0.9999619722366333,1.00075101852417,0.99965500831604,1.000161051750183,1724719745,yahoo
BUSD,2023-05-31,1.000177979469299,1.000478029251099,0.999226987361908,1.000167012214661,1912005471,yahoo
BUSD,2023-06-01,1.000195026397705,1.000501036643982,0.9996280074119568,1.000066995620728,1622803592,yahoo
BUSD,2023-06-02,1.000049948692322,1.000504970550537,0.9997900128364563,1.000296950340271,1658967677,yahoo
BUSD,2023-06-03,1.000301003456116,1.000555038452148,0.9992460012435913,1.000180959701538,1149229488,yahoo
BUSD,2023-06-04,1.000211954116821,1.000434041023254,0.9998700022697449,1.000156998634338,1419069250,yahoo
BUSD,2023-06-05,1.000125050544739,1.000332951545715,0.9988510012626648,0.999783992767334,2912385160,yahoo
BUSD,2023-06-06,0.9997329711914062,1.000574946403503,0.9992899894714355,0.9997910261154175,2600104743,yahoo
BUSD,2023-06-07,0.999770998954773,1.000321984291077,0.9991310238838196,0.9998430013656616,2560477307,yahoo
BUSD,2023-06-08,0.9998760223388672,1.00029194355011,0.9993759989738464,0.9998850226402283,1884894804,yahoo
BUSD,2023-06-09,0.9999150037765503,1.000409007072449,0.9992660284042358,0.9999679923057556,1842949247,yahoo
BUSD,2023-06-10,0.999966025352478,1.000550985336304,0.9972730278968811,0.9996150135993958,3169217883,yahoo
BUSD,2023-06-11,0.9996529817581177,1.00019896030426,0.9993919730186462,0.9997640252113342,1535457755,yahoo
BUSD,2023-06-12,0.9996110200881958,1.000277042388916,0.9988330006599426,0.9997580051422119,2234723372,yahoo
BUSD,2023-06-13,0.9997439980506897,1.000695943832397,0.9989449977874756,0.999813973903656,2657091425,yahoo
BUSD,2023-06-14,0.999809980392456,1.000133037567139,0.9983590245246887,0.9996579885482788,2405445481,yahoo
BUSD,2023-06-15,0.9996740221977234,1.000450015068054,0.9970329999923706,0.9997069835662842,3468707819,yahoo
BUSD,2023-06-16,0.9996849894523621,1.001358985900879,0.9993339776992798,1.000079035758972,2259187414,yahoo
BUSD,2023-06-17,1.000090003013611,1.000730037689209,0.9997130036354065,1.000082969665527,1816452871,yahoo
BUSD,2023-06-18,1.000046968460083,1.000563025474548,0.9985129833221436,0.9999960064888,1623056923,yahoo
BUSD,2023-06-19,1.000008940696716,1.000430941581726,0.999468982219696,1.000200033187866,1846165334,yahoo
BUSD,2023-06-20,1.000128030776978,1.001667022705078,0.9996950030326843,1.000728011131287,2430611555,yahoo
BUSD,2023-06-21,1.000735998153687,1.001402020454407,0.9993939995765686,1.000098943710327,3767074461,yahoo
BUSD,2023-06-22,1.000074028968811,1.000774025917053,0.9992669820785522,0.9998469948768616,2817207671,yahoo
BUSD,2023-06-23,0.9998499751091003,1.001065015792847,0.9993659853935242,1.00049102306366,3058284038,yahoo
BUSD,2023-06-24,1.000463008880615,1.000784993171692,0.9998549818992615,1.000216960906982,2091517151,yahoo
BUSD,2023-06-25,1.000216960906982,1.000623941421509,0.999737024307251,1.00029194355011,2122081481,yahoo
BUSD,2023-06-26,1.000249981880188,1.000570058822632,0.9988920092582703,1.000008940696716,2826005905,yahoo
BUSD,2023-06-27,1.000054001808167,1.000568032264709,0.9994339942932129,0.9999030232429504,2391795723,yahoo
BUSD,2023-06-28,0.9999489784240723,1.000270962715149,0.9988009929656982,0.9996389746665955,2444171810,yahoo
BUSD,2023-06-29,0.9996910095214844,1.00098705291748,0.9994289875030518,0.9998530149459839,2287597971,yahoo
BUSD,2023-06-30,0.9997779726982117,1.001778960227966,0.9972789883613586,1.000370025634766,3982831678,yahoo
BUSD,2023-07-01,1.000377058982849,1.000604033470154,0.9996560215950012,1.000169992446899,1918180810,yahoo
BUSD,2023-07-02,1.000254988670349,1.000687956809998,0.9984899759292603,1.000131964683533,2195468148,yahoo
BUSD,2023-07-03,1.000201940536499,1.00066602230072,0.9996820092201233,1.000177979469299,2632136623,yahoo
BUSD,2023-07-04,1.000064015388489,1.000687956809998,0.9995329976081848,1.000059962272644,2085309281,yahoo
BUSD,2023-07-05,1.000149965286255,1.000520944595337,0.9995999932289124,1.000061988830566,2189711856,yahoo
BUSD,2023-07-06,1.000008940696716,1.000615954399109,0.999550998210907,0.999862015247345,3032171902,yahoo
BUSD,2023-07-07,0.9999529719352722,1.000717043876648,0.9995089769363403,1.000188946723938,2126417212,yahoo
BUSD,2023-07-08,1.000146985054016,1.000645041465759,0.9998250007629395,1.000144004821777,1489027132,yahoo
BUSD,2023-07-09,1.000174999237061,1.000676989555359,0.9998250007629395,1.000038981437683,1317465508,yahoo
BUSD,2023-07-10,1.000064015388489,1.000529050827026,0.9995750188827515,1.000074028968811,2413098046,yahoo
BUSD,2023-07-11,1.000090003013611,1.000509977340698,0.9997559785842896,1.000151991844177,1782260669,yahoo
BUSD,2023-07-12,1.000076055526733,1.000959992408752,0.9995999932289124,0.9999489784240723,1974649599,yahoo
BUSD,2023-07-13,0.9999600052833557,1.001548051834106,0.9997649788856506,1.000669956207275,3596566008,yahoo
BUSD,2023-07-14,1.000684022903442,1.000761985778809,0.9997820258140564,1.000602006912231,3340116890,yahoo
BUSD,2023-07-15,1.000556945800781,1.000779986381531,0.9998030066490173,1.0001300573349,1879854143,yahoo
BUSD,2023-07-16,1.000067949295044,1.000677943229675,0.9992150068283081,1.00009298324585,1679452254,yahoo
BUSD,2023-07-17,1.0001460313797,1.000427007675171,0.9996680021286011,0.9999809861183167,2143369393,yahoo
BUSD,2023-07-18,0.9999629855155945,1.000547051429749,0.999550998210907,1.000177979469299,1799388078,yahoo
BUSD,2023-07-19,1.000156044960022,1.000437021255493,0.9995030164718628,1.000025987625122,1686432667,yahoo
BUSD,2023-07-20,1.000044941902161,1.00046694278717,0.9996479749679565,1.000108957290649,2008460159,yahoo
BUSD,2023-07-21,1.000108003616333,1.00047504901886,0.9997509717941284,1.000190019607544,1402198225,yahoo
BUSD,2023-07-22,1.000161051750183,1.000687003135681,0.9998720288276672,1.000072002410889,1177941185,yahoo
BUSD,2023-07-23,1.000085949897766,1.000524997711182,0.9996539950370789,0.9999409914016724,1244647272,yahoo
BUSD,2023-07-24,0.9998869895935059,1.000502943992615,0.9993420243263245,1.000005006790161,1734222448,yahoo
BUSD,2023-07-25,1.000044941902161,1.000493049621582,0.9997940063476562,0.9999819993972778,1351693758,yahoo
BUSD,2023-07-26,0.9999960064888,1.000566005706787,0.9996190071105957,0.9999679923057556,1635215508,yahoo
BUSD,2023-07-27,0.9999549984931946,1.000331044197083,0.9996950030326843,0.9999610185623169,1434789721,yahoo
BUSD,2023-07-28,0.9999629855155945,1.000504016876221,0.9994909763336182,1.000290989875793,1306183694,yahoo
BUSD,2023-07-29,1.000221967697144,1.000594973564148,0.9998329877853394,1.000167012214661,982827315,yahoo
BUSD,2023-07-30,1.000180959701538,1.000655055046082,0.9998509883880615,0.9999939799308777,1178471449,yahoo
BUSD,2023-07-31,0.9999669790267944,1.000442028045654,0.999439001083374,1.000026941299438,1287666052,yahoo
BUSD,2023-08-01,0.9999769926071167,1.001091003417969,0.999351978302002,1.000347018241882,2038401494,yahoo
BUSD,2023-08-02,1.000296950340271,1.000576019287109,0.9996790289878845,0.9998769760131836,1831209742,yahoo
BUSD,2023-08-03,0.9998800158500671,1.000408053398132,0.9993460178375244,1.000201940536499,1384031393,yahoo
BUSD,2023-08-04,1.000159025192261,1.000491976737976,0.9982039928436279,0.9999610185623169,1238640294,yahoo
BUSD,2023-08-05,0.9999849796295166,1.000465989112854,0.9997180104255676,1.000197052955627,960099010,yahoo
BUSD,2023-08-06,1.000187993049622,1.000512003898621,0.9995160102844238,0.9996219873428345,957231967,yahoo
BUSD,2023-08-07,0.9996179938316345,1.000354051589966,0.9993159770965576,1.000164985656738,1434390899,yahoo
BUSD,2023-08-08,1.000126957893372,1.001559972763062,0.999891996383667,1.000646948814392,1579437497,yahoo
BUSD,2023-08-09,1.00068199634552,1.001041054725647,1.000030994415283,1.000218987464905,1296031098,yahoo
BUSD,2023-08-10,1.000234007835388,1.000473976135254,0.9995719790458679,1.000113964080811,1126517745,yahoo
BUSD,2023-08-11,1.000118970870972,1.00055205821991,0.9996989965438843,1.000087022781372,1003411413,yahoo
BUSD,2023-08-12,1.000061988830566,1.000568032264709,0.9999949932098389,1.000174045562744,829134487,yahoo
BUSD,2023-08-13,1.000175952911377,1.00042200088501,0.9997310042381287,0.9998430013656616,922549827,yahoo
BUSD,2023-08-14,0.9998670220375061,1.000542998313904,0.9995549917221069,1.000357031822205,1243717802,yahoo
BUSD,2023-08-15,1.00035297870636,1.00035297870636,0.9994320273399353,0.9997460246086121,1380022583,yahoo
BUSD,2023-08-16,0.9997770190238953,1.000630974769592,0.9993690252304077,0.9999319911003113,1414921047,yahoo
BUSD,2023-08-17,0.9999009966850281,1.001474976539612,0.9990059733390808,1.000960946083069,2599911930,yahoo
BUSD,2023-08-18,1.00110399723053,1.001458048820496,0.9997379779815674,1.000538945198059,1941400881,yahoo
BUSD,2023-08-19,1.000620007514954,1.001067042350769,1.000026941299438,1.000339984893799,1155470473,yahoo
BUSD,2023-08-20,1.000377058982849,1.000694990158081,0.9998769760131836,1.000213980674744,950858871,yahoo
BUSD,2023-08-21,1.000172972679138,1.000974059104919,0.9997149705886841,0.9999859929084778,1145633637,yahoo
BUSD,2023-08-22,0.9999729990959167,1.000967025756836,0.9991239905357361,1.000038981437683,1173817803,yahoo
BUSD,2023-08-23,1.000146985054016,1.000815033912659,0.99965900182724,1.000578045845032,1211190107,yahoo
BUSD,2023-08-24,1.000592947006226,1.001248002052307,0.999908983707428,1.000661015510559,1174199137,yahoo
BUSD,2023-08-25,1.000669002532959,1.000921964645386,0.999800980091095,1.000342965126038,1079878217,yahoo
BUSD,2023-08-26,1.000324964523315,1.000579953193665,0.9998570084571838,1.000342011451721,729520110,yahoo
BUSD,2023-08-27,1.00032901763916,1.000764966011047,1.000090003013611,1.000450968742371,682788549,yahoo
BUSD,2023-08-28,1.000439047813416,1.000679016113281,0.9997270107269287,1.00018298625946,889893087,yahoo
BUSD,2023-08-29,1.000169992446899,1.002195000648499,0.9997950196266174,1.000452995300293,1377177944,yahoo
BUSD,2023-08-30,1.000450015068054,1.000601053237915,0.9996870160102844,1.000236988067627,1020538769,yahoo
BUSD,2023-08-31,1.000257968902588,1.001355051994324,0.9995920062065125,1.000005960464478,1178752745,yahoo
BUSD,2023-09-01,1.000041007995605,1.000691056251526,0.9994699954986572,1.000288963317871,1096710476,yahoo
BUSD,2023-09-02,1.000336050987244,1.001044988632202,1.000157952308655,1.000900030136108,712809521,yahoo
BUSD,2023-09-03,1.000929951667786,1.000929951667786,0.9999579787254333,1.000272989273071,756193727,yahoo
BUSD,2023-09-04,1.000249028205872,1.000520944595337,0.9996790289878845,0.999987006187439,978354698,yahoo
BUSD,2023-09-05,1.000025033950806,1.000179052352905,0.9993739724159241,0.9998030066490173,1078266451,yahoo
BUSD,2023-09-06,0.9998540282249451,1.000694990158081,0.9995070099830627,1.000123977661133,940512473,yahoo
BUSD,2023-09-07,1.000128984451294,1.000974059104919,0.9994950294494629,1.000753998756409,850618676,yahoo
BUSD,2023-09-08,1.000671029090881,1.000977993011475,0.9999570250511169,1.000236034393311,721929834,yahoo
BUSD,2023-09-09,1.000254988670349,1.000669002532959,0.9999369978904724,1.000161051750183,562754837,yahoo
BUSD,2023-09-10,1.000174045562744,1.000517964363098,0.999737024307251,0.9998509883880615,660460212,yahoo
BUSD,2023-09-11,0.9998900294303894,1.000594973564148,0.9994419813156128,1.000100016593933,728690047,yahoo
BUSD,2023-09-12,1.0001300573349,1.001173973083496,0.9996880292892456,1.000131011009216,730150785,yahoo
BUSD,2023-09-13,1.000169992446899,1.000975012779236,0.999767005443573,1.000609993934631,707608472,yahoo
BUSD,2023-09-14,1.000617027282715,1.001587986946106,0.9998000264167786,1.000133037567139,686862697,yahoo
BUSD,2023-09-15,1.000167012214661,1.000800967216492,0.9998090267181396,1.000524044036865,639544428,yahoo
BUSD,2023-09-16,1.000447988510132,1.000960946083069,0.9999979734420776,1.000501036643982,537882892,yahoo
BUSD,2023-09-17,1.000453948974609,1.00076699256897,1.000120043754578,1.000520944595337,527350901,yahoo
BUSD,2023-09-18,1.000453948974609,1.00075101852417,0.9998369812965393,1.0001540184021,717157533,yahoo
BUSD,2023-09-19,1.000144958496094,1.000733971595764,0.9999300241470337,1.00029194355011,699086890,yahoo
BUSD,2023-09-20,1.000277996063232,1.000622034072876,0.9997159838676453,1.000272035598755,755384362,yahoo
BUSD,2023-09-21,1.00025999546051,1.000509977340698,0.9995229840278625,1.000213980674744,802475677,yahoo
BUSD,2023-09-22,1.000188946723938,1.000689029693604,0.9997720122337341,1.000481009483337,640541073,yahoo
BUSD,2023-09-23,1.000462055206299,1.000712037086487,1.000076055526733,1.000550031661987,453450349,yahoo
BUSD,2023-09-24,1.000498056411743,1.001369953155518,0.999908983707428,1.000350952148438,536738055,yahoo
BUSD,2023-09-25,1.00031304359436,1.00086498260498,0.999701976776123,1.000486016273499,663266512,yahoo
BUSD,2023-09-26,1.000458002090454,1.000887989997864,0.9999300241470337,1.000327944755554,703957626,yahoo
BUSD,2023-09-27,1.00032901763916,1.000715017318726,0.9997569918632507,1.000395059585571,805035496,yahoo
BUSD,2023-09-28,1.000385046005249,1.001350045204163,0.9999930262565613,1.000342965126038,854266206,yahoo
BUSD,2023-09-29,1.000373959541321,1.001368045806885,0.999888002872467,1.000538945198059,766457151,yahoo
BUSD,2023-09-30,1.000511050224304,1.000787973403931,1.000167012214661,1.000447988510132,768824815,yahoo
BUSD,2023-10-01,1.00040602684021,1.000849962234497,0.9999250173568726,1.000334978103638,772939347,yahoo
BUSD,2023-10-02,1.000318050384521,1.001109957695007,0.9996939897537231,1.000264048576355,823874676,yahoo
BUSD,2023-10-03,1.000295042991638,1.000615000724792,0.9996849894523621,0.9999560117721558,603595297,yahoo
BUSD,2023-10-04,0.999987006187439,1.000828981399536,0.9997239708900452,1.000334978103638,531677156,yahoo
BUSD,2023-10-05,1.000363945960999,1.000831007957458,0.999813973903656,0.9998980164527893,609471411,yahoo
BUSD,2023-10-06,0.9998970031738281,1.000823974609375,0.9996110200881958,1.000506043434143,551853000,yahoo
BUSD,2023-10-07,1.000506043434143,1.000939965248108,1.000180006027222,1.000534057617188,413393855,yahoo
BUSD,2023-10-08,1.000591039657593,1.000843048095703,1.00012195110321,1.000373959541321,447624073,yahoo
BUSD,2023-10-09,1.000347018241882,1.000710964202881,0.9996650218963623,1.000072956085205,548016964,yahoo
BUSD,2023-10-10,1.000095963478088,1.001036047935486,0.999858021736145,1.000453948974609,673835997,yahoo
BUSD,2023-10-11,1.000463008880615,1.000975966453552,0.999767005443573,1.000265955924988,447413408,yahoo
BUSD,2023-10-12,1.000234961509705,1.000722050666809,0.9996359944343567,1.000264048576355,443520005,yahoo
BUSD,2023-10-13,1.000254034996033,1.001011967658997,0.9997659921646118,1.000671029090881,438701444,yahoo
BUSD,2023-10-14,1.000695943832397,1.000939011573792,1.00025200843811,1.000656008720398,349391403,yahoo
BUSD,2023-10-15,1.000622987747192,1.001095056533813,0.9999390244483948,1.000548005104065,670638604,yahoo
BUSD,2023-10-16,1.000584959983826,1.002871036529541,0.9997029900550842,1.000679969787598,729564609,yahoo
BUSD,2023-10-17,1.00062894821167,1.001027941703796,0.9999250173568726,1.00053596496582,594987804,yahoo
BUSD,2023-10-18,1.000527024269104,1.001901984214783,1.000080943107605,1.000236988067627,522757055,yahoo
BUSD,2023-10-19,1.00024402141571,1.000800013542175,0.9997940063476562,1.000777959823608,483247896,yahoo
BUSD,2023-10-20,1.000763058662415,1.001281023025513,0.9998570084571838,1.000396013259888,579391708,yahoo
BUSD,2023-10-21,1.000342011451721,1.001047015190125,1.000079035758972,1.000625967979431,441046356,yahoo
BUSD,2023-10-22,1.00067400932312,1.000949025154114,0.9998549818992615,1.000383973121643,452530022,yahoo
BUSD,2023-10-23,1.000671029090881,1.001299023628235,0.9996740221977234,1.000717997550964,877449140,yahoo
BUSD,2023-10-24,1.000700950622559,1.00111997127533,0.9993799924850464,1.000221967697144,845430670,yahoo
BUSD,2023-10-25,1.000298976898193,1.001029014587402,0.9995520114898682,1.000236034393311,595668960,yahoo
BUSD,2023-10-26,1.000273942947388,1.000828981399536,0.9995099902153015,1.000254988670349,548216347,yahoo
BUSD,2023-10-27,1.000239968299866,1.001557946205139,0.9996430277824402,1.000998020172119,496968745,yahoo
BUSD,2023-10-28,1.000980019569397,1.002622961997986,1.000795006752014,1.001811981201172,307758926,yahoo
BUSD,2023-10-29,1.001888036727905,1.002784967422485,1.001381039619446,1.00220799446106,316605751,yahoo
BUSD,2023-10-30,1.002225041389465,1.002536058425903,1.000164985656738,1.000777959823608,494366401,yahoo
BUSD,2023-10-31,1.000789999961853,1.001013994216919,0.9999269843101501,1.000493049621582,450512603,yahoo
BUSD,2023-11-01,1.000465035438538,1.001584053039551,0.9997069835662842,1.000975012779236,508491637,yahoo
BUSD,2023-11-02,1.00102698802948,1.001680016517639,0.9997069835662842,1.000401973724365,515999108,yahoo
BUSD,2023-11-03,1.000365018844604,1.001345992088318,0.9997109770774841,1.000818014144897,353688372,yahoo
BUSD,2023-11-04,1.000843048095703,1.001407027244568,1.000360012054443,1.000821948051453,266284658,yahoo
BUSD,2023-11-05,1.000839948654175,1.001595973968506,0.9999210238456726,1.000537991523743,385686224,yahoo
BUSD,2023-11-06,1.00043797492981,1.00134801864624,0.9999470114707947,1.000743985176086,412097607,yahoo
BUSD,2023-11-07,1.000709056854248,1.001507997512817,0.9997940063476562,1.000522017478943,453798506,yahoo
BUSD,2023-11-08,1.000583052635193,1.001000046730042,0.9997649788856506,1.000352025032043,363832908,yahoo
BUSD,2023-11-09,1.000385999679565,1.001198053359985,0.9994440078735352,1.000323057174683,785867378,yahoo
BUSD,2023-11-10,1.000277996063232,1.000833034515381,0.9992640018463135,0.9999619722366333,710585249,yahoo
BUSD,2023-11-11,0.9998440146446228,1.000846028327942,0.9991999864578247,0.9998250007629395,566942267,yahoo
BUSD,2023-11-12,0.9997990131378174,1.000414967536926,0.9991679787635803,0.999983012676239,534520709,yahoo
BUSD,2023-11-13,0.9999549984931946,1.000805974006653,0.9996119737625122,1.00022304058075,611661158,yahoo
BUSD,2023-11-14,1.000259041786194,1.000849008560181,0.9992380142211914,1.00036096572876,576752799,yahoo
BUSD,2023-11-15,1.000324964523315,1.001106977462769,0.9997990131378174,1.00065803527832,564065191,yahoo
BUSD,2023-11-16,1.000615954399109,1.00092601776123,0.9991210103034973,1.000066995620728,604212261,yahoo
BUSD,2023-11-17,1.000123023986816,1.001906037330627,0.9989050030708313,1.000331997871399,505146816,yahoo
BUSD,2023-11-18,1.000437021255493,1.001140952110291,0.9994530081748962,1.00058901309967,372796938,yahoo
BUSD,2023-11-19,1.000578045845032,1.000882029533386,0.9998149871826172,1.000267028808594,324389813,yahoo
BUSD,2023-11-20,1.00025999546051,1.00193202495575,0.9997190237045288,0.9999129772186279,446778581,yahoo
BUSD,2023-11-21,0.9999179840087891,1.001278042793274,0.9981420040130615,0.9990590214729309,560456141,yahoo
BUSD,2023-11-22,0.9989830255508423,1.001191020011902,0.9989259839057922,1.000025033950806,417824069,yahoo
BUSD,2023-11-23,1.0000079870224,1.00068998336792,0.9994549751281738,1.000074028968811,307807205,yahoo
BUSD,2023-11-24,1.000066041946411,1.000903964042664,0.9994549751281738,1.000264048576355,370459832,yahoo
BUSD,2023-11-25,1.000161051750183,1.000625014305115,0.9998109936714172,1.00025999546051,220451704,yahoo
BUSD,2023-11-26,1.000352025032043,1.000476002693176,0.9992930293083191,0.9996899962425232,382390908,yahoo
BUSD,2023-11-27,0.9996410012245178,1.000915050506592,0.9994000196456909,1.000247955322266,442617295,yahoo
BUSD,2023-11-28,1.00025999546051,1.001000046730042,0.9998639822006226,1.00048303604126,378129119,yahoo
BUSD,2023-11-29,1.000442981719971,1.000964999198914,0.999770998954773,1.00010097026825,357935401,yahoo
BUSD,2023-11-30,1.000146985054016,1.000455975532532,0.9994549751281738,0.9999610185623169,303618232,yahoo
BUSD,2023-12-01,0.9999889731407166,1.000553965568542,0.999547004699707,0.9998520016670227,357093996,yahoo
BUSD,2023-12-02,0.9998070001602173,1.000427961349487,0.9994609951972961,1.0001380443573,365904710,yahoo
BUSD,2023-12-03,1.000157952308655,1.000771999359131,0.9993039965629578,0.9999470114707947,382423476,yahoo
BUSD,2023-12-04,0.9999120235443115,1.000630021095276,0.9989150166511536,1.000249981880188,637945028,yahoo
BUSD,2023-12-05,1.000201940536499,1.000501990318298,0.9989309906959534,1.000136017799377,411137965,yahoo
BUSD,2023-12-06,1.000138998031616,1.000851988792419,0.9986649751663208,0.999114990234375,421358344,yahoo
BUSD,2023-12-07,0.9991040229797363,1.000849962234497,0.9985520243644714,1.000131011009216,331379327,yahoo
BUSD,2023-12-08,1.000035047531128,1.000766038894653,0.9993770122528076,0.9998030066490173,320717400,yahoo
BUSD,2023-12-09,0.9999030232429504,1.000583052635193,0.9988660216331482,0.9996970295906067,223962932,yahoo
BUSD,2023-12-10,0.999783992767334,1.000447034835815,0.9993919730186462,0.9997559785842896,204254689,yahoo
BUSD,2023-12-11,0.9998090267181396,1.002022981643677,0.9978830218315125,1.001222968101501,663963860,yahoo
BUSD,2023-12-12,1.001075983047485,1.004695057868958,0.9995440244674683,1.0035719871521,352438820,yahoo
BUSD,2023-12-13,1.003476023674011,1.006906032562256,1.001975059509277,1.002653956413269,177893899,yahoo
BUSD,2023-12-14,1.002555966377258,1.003535985946655,0.9998499751091003,1.001299977302551,84119384,yahoo
BUSD,2023-12-15,1.00134003162384,1.001687049865723,0.9994239807128906,1.000607013702393,36498403,yahoo
BUSD,2023-12-16,1.000612020492554,1.001260042190552,0.999330997467041,1.000187993049622,29180616,yahoo
BUSD,2023-12-17,1.000282049179077,1.001075029373169,0.9987009763717651,0.9998019933700562,30387974,yahoo
BUSD,2023-12-18,0.9997730255126953,1.0018390417099,0.9983140230178833,1.001469016075134,44246726,yahoo
BUSD,2023-12-19,1.001219987869263,1.002243995666504,0.9997209906578064,1.001297950744629,39372518,yahoo
BUSD,2023-12-20,1.001291036605835,1.003268003463745,1.000318050384521,1.002086997032166,33791537,yahoo
BUSD,2023-12-21,1.002300977706909,1.003613948822021,1.000687956809998,1.001749038696289,36203845,yahoo
BUSD,2023-12-22,1.001847982406616,1.003769040107727,1.000141024589539,1.001068949699402,43346389,yahoo
BUSD,2023-12-23,1.001075029373169,1.001644015312195,0.9998649954795837,1.000403046607971,30337839,yahoo
BUSD,2023-12-24,1.000442028045654,1.001706004142761,0.9992650151252747,1.000581026077271,36971813,yahoo
BUSD,2023-12-25,1.000545024871826,1.001397013664246,0.9989029765129089,1.000030994415283,45421269,yahoo
BUSD,2023-12-26,1.000213027000427,1.002159953117371,0.9975690245628357,1.001605033874512,63947180,yahoo
BUSD,2023-12-27,1.001778960227966,1.003394961357117,0.9976500272750854,1.002611041069031,64857228,yahoo
BUSD,2023-12-28,1.002907037734985,1.00348699092865,0.998885989189148,1.001093983650208,89574231,yahoo
BUSD,2023-12-29,1.001127958297729,1.002285003662109,0.9989140033721924,1.001672029495239,54485784,yahoo
BUSD,2023-12-30,1.001716017723083,1.001947045326233,0.999055027961731,1.000236034393311,47394855,yahoo
BUSD,2023-12-31,1.000355958938599,1.001191973686218,0.9985600113868713,0.9998109936714172,52775849,yahoo
DAI,2022-01-01,0.9990959763526917,1.000367999076843,0.9985499978065491,0.9998589754104614,369649923,yahoo
DAI,2022-01-02,0.9998679757118225,1.000887036323547,0.9984610080718994,1.00042200088501,307504088,yahoo
DAI,2022-01-03,1.000422954559326,1.001168012619019,0.9980639815330505,0.9997490048408508,421211916,yahoo
DAI,2022-01-04,0.9997550249099731,1.000730991363525,0.9983220100402832,0.9990990161895752,449020349,yahoo
DAI,2022-01-05,0.9991390109062195,1.001021027565002,0.9980840086936951,0.9999300241470337,625153639,yahoo
DAI,2022-01-06,0.9999030232429504,1.001194000244141,0.9984040260314941,0.9994609951972961,558399863,yahoo
DAI,2022-01-07,0.9993849992752075,1.000946044921875,0.9971699714660645,0.9995579719543457,640830173,yahoo
DAI,2022-01-08,0.9995419979095459,1.00137996673584,0.9986900091171265,0.9996749758720398,526473838,yahoo
DAI,2022-01-09,0.9997419714927673,1.001456022262573,0.9988539814949036,0.9997140169143677,329184018,yahoo
DAI,2022-01-10,0.9997410178184509,1.001479029655457,0.998274028301239,1.000316023826599,691978522,yahoo
DAI,2022-01-11,1.000198006629944,1.002712965011597,0.9987580180168152,1.000296950340271,469385653,yahoo
DAI,2022-01-12,1.000319004058838,1.001904964447021,0.9992600083351135,1.001124024391174,410906024,yahoo
DAI,2022-01-13,1.001121997833252,1.001590967178345,0.9977530241012573,0.9989320039749146,468175817,yahoo
DAI,2022-01-14,0.9989870190620422,1.001070022583008,0.9983869791030884,1.000069975852966,361537640,yahoo
DAI,2022-01-15,1.000054955482483,1.000885009765625,0.9985899925231934,0.9993929862976074,339498191,yahoo
DAI,2022-01-16,0.9994019865989685,1.000854015350342,0.9981859922409058,1.000283002853394,384353707,yahoo
DAI,2022-01-17,1.000260949134827,1.001073956489563,0.9985659718513489,0.999888002872467,640642937,yahoo
DAI,2022-01-18,0.9998859763145447,1.000890016555786,0.9986770153045654,0.9997439980506897,512219720,yahoo
DAI,2022-01-19,0.9997429847717285,1.001315951347351,0.9985169768333435,0.9995980262756348,451758676,yahoo
DAI,2022-01-20,0.9996330142021179,1.001606941223145,0.998682975769043,0.9996780157089233,463356217,yahoo
DAI,2022-01-21,0.9996910095214844,1.001667022705078,0.997389018535614,1.000290989875793,925128860,yahoo
DAI,2022-01-22,1.000285983085632,1.001760959625244,0.9985030293464661,0.9999510049819946,984517239,yahoo
DAI,2022-01-23,0.9999269843101501,1.001827001571655,0.9986730217933655,1.000553011894226,404965759,yahoo
DAI,2022-01-24,1.000529050827026,1.001975059509277,0.9984620213508606,1.000684976577759,685793214,yahoo
DAI,2022-01-25,1.000633955001831,1.001451015472412,0.9992039799690247,1.000375032424927,446117860,yahoo
DAI,2022-01-26,1.000378012657166,1.001016020774841,0.9988030195236206,1.000789046287537,639636624,yahoo
DAI,2022-01-27,1.00069797039032,1.000913977622986,0.9984970092773438,1.000388979911804,670508135,yahoo
DAI,2022-01-28,1.000363945960999,1.000900030136108,0.9986839890480042,1.000285983085632,515009030,yahoo
DAI,2022-01-29,1.000285983085632,1.001248955726624,0.9990649819374084,1.000015020370483,370944328,yahoo
DAI,2022-01-30,1.000023007392883,1.00069797039032,0.9989969730377197,0.999813973903656,247227537,yahoo
DAI,2022-01-31,0.9998170137405396,1.000887036323547,0.998993992805481,1.000169992446899,275013830,yahoo
DAI,2022-02-01,1.000170946121216,1.000774025917053,0.9990490078926086,1.000216960906982,326302883,yahoo
DAI,2022-02-02,1.000211000442505,1.000789046287537,0.9987549781799316,0.9998360276222229,255058310,yahoo
DAI,2022-02-03,0.9997659921646118,1.000857949256897,0.9988719820976257,1.000262022018433,242035999,yahoo
DAI,2022-02-04,1.00012195110321,1.001340985298157,0.9992849826812744,1.000370979309082,344473090,yahoo
DAI,2022-02-05,1.000395059585571,1.001041054725647,0.9988679885864258,0.999459981918335,362682891,yahoo
DAI,2022-02-06,0.9994500279426575,1.000970959663391,0.9991580247879028,1.000620007514954,220317986,yahoo
DAI,2022-02-07,1.000538945198059,1.001014947891235,0.9992030262947083,0.9999290108680725,399544172,yahoo
DAI,2022-02-08,0.9999629855155945,1.001466989517212,0.9984380006790161,0.9996259808540344,438450428,yahoo
DAI,2022-02-09,0.9995589852333069,1.001049995422363,0.9990860223770142,0.9998540282249451,319686505,yahoo
DAI,2022-02-10,0.9998279809951782,1.000771999359131,0.9985740184783936,0.9990630149841309,463814426,yahoo
DAI,2022-02-11,0.9990599751472473,1.000388026237488,0.9982680082321167,1.000139951705933,460902599,yahoo
DAI,2022-02-12,1.0001620054245,1.000671982765198,0.9987459778785706,0.9999200105667114,283322887,yahoo
DAI,2022-02-13,0.9998819828033447,1.000501990318298,0.9988020062446594,0.9993730187416077,181115043,yahoo
DAI,2022-02-14,0.9993929862976074,1.000614047050476,0.998753011226654,0.9997339844703674,244726133,yahoo
DAI,2022-02-15,0.9997320175170898,1.000944018363953,0.9992120265960693,1.000105023384094,343475775,yahoo
DAI,2022-02-16,1.000043034553528,1.000725984573364,0.9990010261535645,0.9991480112075806,297282124,yahoo
DAI,2022-02-17,0.9991390109062195,1.000229954719543,0.9982249736785889,0.9990689754486084,362312016,yahoo
DAI,2022-02-18,0.9990929961204529,1.000218987464905,0.9983710050582886,0.9994940161705017,324032810,yahoo
DAI,2022-02-19,0.9994620084762573,1.000496029853821,0.998727023601532,0.9997490048408508,228115096,yahoo
DAI,2022-02-20,0.9996650218963623,1.000627040863037,0.9976080060005188,0.9993659853935242,272269069,yahoo
DAI,2022-02-21,0.9993579983711243,1.001052975654602,0.9984570145606995,0.9992510080337524,414712522,yahoo
DAI,2022-02-22,0.9993669986724854,1.001019954681396,0.9983189702033997,1.0001300573349,358833503,yahoo
DAI,2022-02-23,1.000097990036011,1.00073504447937,0.9985399842262268,0.9994630217552185,334297814,yahoo
DAI,2022-02-24,0.9994570016860962,1.001049041748047,0.9979940056800842,1.000246047973633,646259155,yahoo
DAI,2022-02-25,1.000295042991638,1.001333951950073,0.998993992805481,0.9996529817581177,330433421,yahoo
DAI,2022-02-26,0.9996899962425232,1.001430034637451,0.9990360140800476,1.000192046165466,205336506,yahoo
DAI,2022-02-27,1.000146985054016,1.000818967819214,0.9986889958381653,0.9994890093803406,297392424,yahoo
DAI,2022-02-28,0.9995080232620239,1.001888036727905,0.9982789754867554,1.000300049781799,320023358,yahoo
DAI,2022-03-01,1.000347971916199,1.001358032226562,0.9990919828414917,1.000061988830566,310792892,yahoo
DAI,2022-03-02,1.000048041343689,1.000561952590942,0.998757004737854,0.9996359944343567,360146547,yahoo
DAI,2022-03-03,0.9996140003204346,1.000363945960999,0.9986060261726379,0.9998279809951782,262044068,yahoo
DAI,2022-03-04,0.999845027923584,1.000496983528137,0.998769998550415,0.9997190237045288,492135641,yahoo
DAI,2022-03-05,0.999688982963562,1.001188993453979,0.999176025390625,1.000046014785767,215266906,yahoo
DAI,2022-03-06,1.000105977058411,1.000687003135681,0.9991710186004639,0.999439001083374,245003900,yahoo
DAI,2022-03-07,0.9994469881057739,1.000928997993469,0.9987279772758484,0.9998250007629395,325045354,yahoo
DAI,2022-03-08,0.9997910261154175,1.000848054885864,0.9992200136184692,1.000306963920593,405679813,yahoo
DAI,2022-03-09,1.000301003456116,1.000736951828003,0.999081015586853,1.000205039978027,354527424,yahoo
DAI,2022-03-10,1.000159978866577,1.00062894821167,0.9990090131759644,1.000141024589539,308786474,yahoo
DAI,2022-03-11,1.000087022781372,1.000563979148865,0.9989240169525146,0.9994639754295349,274468040,yahoo
DAI,2022-03-12,0.9995930194854736,1.000764012336731,0.999409019947052,0.9998059868812561,164118832,yahoo
DAI,2022-03-13,0.999888002872467,1.000843048095703,0.9994180202484131,0.9994969964027405,213792119,yahoo
DAI,2022-03-14,0.9994750022888184,1.000946044921875,0.9991509914398193,1.00067400932312,253031902,yahoo
DAI,2022-03-15,1.000694990158081,1.000694990158081,0.9991070032119751,0.999576985836029,254726965,yahoo
DAI,2022-03-16,0.999567985534668,1.000532984733582,0.9991580247879028,0.9997959733009338,364647382,yahoo
DAI,2022-03-17,0.9998480081558228,1.00070595741272,0.9990879893302917,0.9995999932289124,232900487,yahoo
DAI,2022-03-18,0.9995610117912292,1.000720024108887,0.9990000128746033,0.9998379945755005,309448931,yahoo
DAI,2022-03-19,0.9998300075531006,1.000615000724792,0.9991400241851807,0.9996179938316345,201985106,yahoo
DAI,2022-03-20,0.9996200203895569,1.000012040138245,0.9986270070075989,0.9992600083351135,173571504,yahoo
DAI,2022-03-21,0.9992510080337524,1.000367045402527,0.9989510178565979,0.9990010261535645,243480294,yahoo
DAI,2022-03-22,0.998960018157959,1.000154972076416,0.9986389875411987,0.9990350008010864,321105083,yahoo
DAI,2022-03-23,0.9990599751472473,1.000157952308655,0.998878002166748,0.9998340010643005,271683659,yahoo
DAI,2022-03-24,0.9998630285263062,1.0001300573349,0.9989680051803589,0.9995560050010681,373781101,yahoo
DAI,2022-03-25,0.9995409846305847,1.000272989273071,0.9986270070075989,0.9992420077323914,380890703,yahoo
DAI,2022-03-26,0.9992740154266357,1.000381946563721,0.9989799857139587,0.9999330043792725,163693787,yahoo
DAI,2022-03-27,0.9999420046806335,1.000429034233093,0.999110996723175,0.999970018863678,216729623,yahoo
DAI,2022-03-28,1.000020027160645,1.000476002693176,0.9986379742622375,0.9992129802703857,403366239,yahoo
DAI,2022-03-29,0.999110996723175,1.000311017036438,0.9985399842262268,0.999763011932373,334849878,yahoo
DAI,2022-03-30,0.9998070001602173,1.000555038452148,0.9989050030708313,0.9996359944343567,272743090,yahoo
DAI,2022-03-31,0.9996079802513123,1.000507950782776,0.9988219738006592,0.9998329877853394,348162205,yahoo
DAI,2022-04-01,0.9999570250511169,1.000432014465332,0.9988870024681091,1.000303030014038,352409244,yahoo
DAI,2022-04-02,1.00026798248291,1.000969052314758,0.9989150166511536,0.9989929795265198,320610704,yahoo
DAI,2022-04-03,0.9989849925041199,1.000506997108459,0.9988909959793091,0.9994789958000183,263583783,yahoo
DAI,2022-04-04,0.9994419813156128,1.000566005706787,0.9986680150032043,0.9999409914016724,302604607,yahoo
DAI,2022-04-05,0.9999309778213501,1.000558972358704,0.9987519979476929,0.9991070032119751,271525487,yahoo
DAI,2022-04-06,0.999193012714386,1.000437021255493,0.9981529712677002,0.9994930028915405,481073108,yahoo
DAI,2022-04-07,0.9994609951972961,1.000736951828003,0.9988420009613037,0.9996899962425232,339021268,yahoo
DAI,2022-04-08,0.9996979832649231,1.000488042831421,0.9987279772758484,0.9993879795074463,357805985,yahoo
DAI,2022-04-09,0.9994029998779297,1.000563979148865,0.9990910291671753,1.000359058380127,223273767,yahoo
DAI,2022-04-10,1.000386953353882,1.000583052635193,0.999068021774292,0.9994400143623352,202691574,yahoo
DAI,2022-04-11,0.9995499849319458,1.000327944755554,0.998445987701416,0.9988740086555481,563601650,yahoo
DAI,2022-04-12,0.9989050030708313,1.00068998336792,0.9984760284423828,1.000234961509705,428688988,yahoo
DAI,2022-04-13,1.000262022018433,1.000887036323547,0.9989820122718811,1.000169992446899,361594416,yahoo
DAI,2022-04-14,1.0001380443573,1.000545024871826,0.9991120100021362,1.00009298324585,331738722,yahoo
DAI,2022-04-15,1.000064015388489,1.000234961509705,0.9989929795265198,1.000002026557922,214728011,yahoo
DAI,2022-04-16,0.9999160170555115,1.000298976898193,0.9991199970245361,0.9997000098228455,146727390,yahoo
DAI,2022-04-17,0.9997000098228455,1.000175952911377,0.9990919828414917,0.9997400045394897,247459851,yahoo
DAI,2022-04-18,0.9997929930686951,1.000623941421509,0.9990040063858032,0.9998810291290283,333304593,yahoo
DAI,2022-04-19,0.9998850226402283,1.000602960586548,0.999110996723175,0.9999120235443115,237194901,yahoo
DAI,2022-04-20,0.999904990196228,1.00034499168396,0.9989280104637146,0.999646008014679,357570874,yahoo
DAI,2022-04-21,0.9996520280838013,1.000496983528137,0.9988549947738647,0.9996110200881958,383068478,yahoo
DAI,2022-04-22,0.9995729923248291,1.000380992889404,0.998540997505188,0.9997689723968506,340845027,yahoo
DAI,2022-04-23,0.999770998954773,1.000174045562744,0.9988309741020203,0.9989029765129089,226268510,yahoo
DAI,2022-04-24,0.9988920092582703,1.000026941299438,0.9984930157661438,0.9993870258331299,228465431,yahoo
DAI,2022-04-25,0.9993579983711243,1.000720977783203,0.9983440041542053,0.9998829960823059,346319768,yahoo
DAI,2022-04-26,0.9998160004615784,1.000599980354309,0.9982810020446777,0.9999709725379944,308326652,yahoo
DAI,2022-04-27,0.9999390244483948,1.000496029853821,0.99891197681427,0.9997910261154175,262354517,yahoo
DAI,2022-04-28,0.9998430013656616,1.000578999519348,0.998619019985199,0.9996690154075623,236966964,yahoo
DAI,2022-04-29,0.9997190237045288,1.000280022621155,0.9982929825782776,0.9998289942741394,272088804,yahoo
DAI,2022-04-30,0.9997869729995728,1.001206994056702,0.9984620213508606,0.9996160268783569,310963701,yahoo
DAI,2022-05-01,0.9995089769363403,1.001250028610229,0.9989789724349976,1.000404953956604,225580134,yahoo
DAI,2022-05-02,1.000381946563721,1.000720977783203,0.9988899827003479,0.9992709755897522,307365549,yahoo
DAI,2022-05-03,0.9993690252304077,1.000537991523743,0.9986749887466431,0.9999629855155945,252428683,yahoo
DAI,2022-05-04,1.000005960464478,1.001240015029907,0.9989920258522034,1.00020694732666,302316703,yahoo
DAI,2022-05-05,1.000197052955627,1.000648975372314,0.9985629916191101,0.9997519850730896,372013255,yahoo
DAI,2022-05-06,0.9997079968452454,1.000450968742371,0.998583972454071,1.000061988830566,372626341,yahoo
DAI,2022-05-07,1.000040054321289,1.00049901008606,0.99897301197052,0.9995309710502625,282790681,yahoo
DAI,2022-05-08,0.9994909763336182,1.000602006912231,0.9986720085144043,0.9995650053024292,427840952,yahoo
DAI,2022-05-09,0.9994549751281738,1.00074303150177,0.996537983417511,0.9983389973640442,812403265,yahoo
DAI,2022-05-10,0.9987750053405762,1.001389980316162,0.9981300234794617,0.9999200105667114,610204472,yahoo
DAI,2022-05-11,0.9999319911003113,1.001654028892517,0.9941930174827576,1.001273989677429,1562848826,yahoo
DAI,2022-05-12,1.001294016838074,1.013774037361145,0.9956820011138916,1.001055002212524,2353300214,yahoo
DAI,2022-05-13,1.001067042350769,1.002959966659546,0.998753011226654,0.9997109770774841,747662744,yahoo
DAI,2022-05-14,0.999638020992279,1.001937985420227,0.9980700016021729,1.001531958580017,618809656,yahoo
DAI,2022-05-15,1.001430034637451,1.002287030220032,0.999343991279602,1.000813007354736,576951806,yahoo
DAI,2022-05-16,1.000874042510986,1.001291036605835,0.9985340237617493,0.9997069835662842,375983904,yahoo
DAI,2022-05-17,0.9998440146446228,1.001796007156372,0.9988399744033813,1.000615000724792,364028605,yahoo
DAI,2022-05-18,1.000653028488159,1.001461982727051,0.9988449811935425,0.9990410208702087,356783138,yahoo
DAI,2022-05-19,0.999110996723175,1.001878023147583,0.9989299774169922,1.001178026199341,371528681,yahoo
DAI,2022-05-20,1.001198053359985,1.001849055290222,0.9994350075721741,0.9999589920043945,700516373,yahoo
DAI,2022-05-21,0.999970018863678,1.001453995704651,0.9995160102844238,1.000745058059692,352284549,yahoo
DAI,2022-05-22,1.000725030899048,1.001875042915344,0.9996230006217957,1.001013040542603,235185157,yahoo
DAI,2022-05-23,1.000951051712036,1.002171039581299,0.9990990161895752,0.999796986579895,319550893,yahoo
DAI,2022-05-24,0.9996979832649231,1.001649022102356,0.9980980157852173,1.000771045684814,337378874,yahoo
DAI,2022-05-25,1.000797986984253,1.001374006271362,0.9991130232810974,0.9996169805526733,296301154,yahoo
DAI,2022-05-26,0.9997180104255676,1.002035975456238,0.9989699721336365,0.9996870160102844,547527265,yahoo
DAI,2022-05-27,0.99965500831604,1.001945972442627,0.998960018157959,0.9994909763336182,488196485,yahoo
DAI,2022-05-28,1.00068199634552,1.001575946807861,0.9992120265960693,1.000566005706787,166333209,yahoo
DAI,2022-05-29,1.000573039054871,1.001588940620422,0.9993079900741577,1.000715970993042,109935313,yahoo
DAI,2022-05-30,1.000720024108887,1.0016770362854,0.9995329976081848,1.000298976898193,302207850,yahoo
DAI,2022-05-31,1.000264048576355,1.000983953475952,0.9990739822387695,1.000303030014038,219285219,yahoo
DAI,2022-06-01,1.00027596950531,1.001358032226562,0.998121976852417,1.000380992889404,244829435,yahoo
DAI,2022-06-02,1.000287055969238,1.000875949859619,0.9993339776992798,1.000056028366089,228326162,yahoo
DAI,2022-06-03,1.000044941902161,1.00100302696228,0.9990569949150085,0.9998660087585449,223756034,yahoo
DAI,2022-06-04,0.9999780058860779,1.001068949699402,0.9991710186004639,1.000344038009644,215464675,yahoo
DAI,2022-06-05,1.000360012054443,1.001181960105896,0.999530017375946,1.000062942504883,212058328,yahoo
DAI,2022-06-06,1.000102996826172,1.001250982284546,0.9994040131568909,0.9998729825019836,205129363,yahoo
DAI,2022-06-07,0.9998540282249451,1.001009941101074,0.9985910058021545,0.9999359846115112,410824357,yahoo
DAI,2022-06-08,0.9999340176582336,1.000841975212097,0.999064028263092,1.000040054321289,235966321,yahoo
DAI,2022-06-09,0.999970018863678,1.000944018363953,0.9992219805717468,1.000200033187866,152817553,yahoo
DAI,2022-06-10,0.9999709725379944,1.000887036323547,0.9989920258522034,0.9993789792060852,284257004,yahoo
DAI,2022-06-11,0.9994320273399353,1.000988006591797,0.9984859824180603,0.9997640252113342,358366641,yahoo
DAI,2022-06-12,0.9996669888496399,1.001649022102356,0.9986649751663208,0.9998970031738281,323237156,yahoo
DAI,2022-06-13,0.9999489784240723,1.001577019691467,0.9986379742622375,1.000766038894653,1140857352,yahoo
DAI,2022-06-14,1.00077497959137,1.001940965652466,0.9989479780197144,1.000401973724365,795126976,yahoo
DAI,2022-06-15,1.000363945960999,1.002766013145447,0.9987519979476929,1.000977993011475,802331869,yahoo
DAI,2022-06-16,1.00100302696228,1.001896023750305,0.9987549781799316,1.000120043754578,432575571,yahoo
DAI,2022-06-17,1.000126957893372,1.001649975776672,0.9994400143623352,1.000393986701965,395540828,yahoo
DAI,2022-06-18,1.00033700466156,1.001911044120789,0.9984470009803772,1.001194000244141,707533310,yahoo
DAI,2022-06-19,1.001163005828857,1.001693964004517,0.9990670084953308,1.000064969062805,530554452,yahoo
DAI,2022-06-20,0.9999949932098389,1.001736998558044,0.9987069964408875,1.000699043273926,383413556,yahoo
DAI,2022-06-21,1.000745058059692,1.001636028289795,0.9990450143814087,0.9998419880867004,348678972,yahoo
DAI,2022-06-22,0.9998890161514282,1.001621007919312,0.9982939958572388,0.999110996723175,303126637,yahoo
DAI,2022-06-23,0.9990900158882141,1.001428961753845,0.9990699887275696,1.000558018684387,353813415,yahoo
DAI,2022-06-24,1.00049102306366,1.001260042190552,0.9990370273590088,1.000386953353882,376057529,yahoo
DAI,2022-06-25,1.000458955764771,1.001343011856079,0.9992499947547913,1.00089704990387,244258444,yahoo
DAI,2022-06-26,1.000810980796814,1.001474976539612,0.9991509914398193,0.9996039867401123,212797554,yahoo
DAI,2022-06-27,0.9996610283851624,1.001147985458374,0.998986005783081,0.9992349743843079,257159960,yahoo
DAI,2022-06-28,0.9992340207099915,1.001284003257751,0.9988960027694702,0.9998909831047058,349731783,yahoo
DAI,2022-06-29,0.9998739957809448,1.001121044158936,0.9994630217552185,1.000347971916199,295193646,yahoo
DAI,2022-06-30,1.000359058380127,1.00120997428894,0.9989709854125977,1.000162959098816,314172508,yahoo
DAI,2022-07-01,1.000229001045227,1.001682996749878,0.9990370273590088,0.999970018863678,345750428,yahoo
DAI,2022-07-02,0.9998980164527893,1.001309990882874,0.9991369843482971,1.000123977661133,192011906,yahoo
DAI,2022-07-03,1.000149011611938,1.001271963119507,0.999351978302002,1.000218033790588,154409747,yahoo
DAI,2022-07-04,1.000180959701538,1.001608967781067,0.9993420243263245,1.000787973403931,210429655,yahoo
DAI,2022-07-05,1.000712037086487,1.00120997428894,0.9990559816360474,0.9998769760131836,266938937,yahoo
DAI,2022-07-06,0.9999160170555115,1.00116503238678,0.9993540048599243,1.00069797039032,204566870,yahoo
DAI,2022-07-07,1.000578045845032,1.001324057579041,0.999688982963562,1.00042998790741,219577906,yahoo
DAI,2022-07-08,1.000416040420532,1.001145958900452,0.9990419745445251,0.9995909929275513,235344156,yahoo
DAI,2022-07-09,0.9996160268783569,1.001091003417969,0.9991819858551025,0.9997360110282898,100593392,yahoo
DAI,2022-07-10,0.999737024307251,1.000964045524597,0.9987930059432983,0.9995089769363403,192248392,yahoo
DAI,2022-07-11,0.9994680285453796,1.000643014907837,0.9987720251083374,0.9994800090789795,174198910,yahoo
DAI,2022-07-12,0.9994019865989685,1.000686049461365,0.9990079998970032,0.9991970062255859,250250419,yahoo
DAI,2022-07-13,0.9991809725761414,1.001052021980286,0.9991239905357361,1.000993967056274,231685293,yahoo
DAI,2022-07-14,1.00104296207428,1.001327991485596,0.999176025390625,0.9997900128364563,227537576,yahoo
DAI,2022-07-15,0.9997259974479675,1.000797033309937,0.9991210103034973,0.9999740123748779,266025714,yahoo
DAI,2022-07-16,0.9998940229415894,1.001116991043091,0.9988980293273926,0.9999600052833557,241898537,yahoo
DAI,2022-07-17,1.000033020973206,1.000820994377136,0.9989789724349976,0.9993429780006409,178979231,yahoo
DAI,2022-07-18,0.9993720054626465,1.00111997127533,0.9987260103225708,1.000576972961426,362780858,yahoo
DAI,2022-07-19,1.000381946563721,1.000646948814392,0.9986780285835266,1.000123023986816,347056310,yahoo
DAI,2022-07-20,1.000030994415283,1.000988960266113,0.9982519745826721,0.9991480112075806,330520651,yahoo
DAI,2022-07-21,0.9991850256919861,1.000982999801636,0.9984099864959717,0.9999960064888,286728850,yahoo
DAI,2022-07-22,1.000002026557922,1.000681042671204,0.9987850189208984,0.9999489784240723,362678509,yahoo
DAI,2022-07-23,0.9999039769172668,1.000555992126465,0.9990059733390808,1.000154972076416,229236895,yahoo
DAI,2022-07-24,1.000116944313049,1.001024961471558,0.9992219805717468,0.9997869729995728,310366101,yahoo
DAI,2022-07-25,0.9997940063476562,1.000488042831421,0.998898983001709,0.9993450045585632,641836216,yahoo
DAI,2022-07-26,0.999347984790802,1.00061297416687,0.9986739754676819,1.000570058822632,1163955322,yahoo
DAI,2022-07-27,1.000553965568542,1.001618981361389,0.9989830255508423,0.9999619722366333,1297278197,yahoo
DAI,2022-07-28,1.000058054924011,1.001013040542603,0.9987850189208984,0.9990209937095642,837627434,yahoo
DAI,2022-07-29,0.9990569949150085,1.000800013542175,0.9984099864959717,0.9991199970245361,714579988,yahoo
DAI,2022-07-30,0.9991549849510193,1.000617027282715,0.9986039996147156,0.9993690252304077,432587887,yahoo
DAI,2022-07-31,0.9993929862976074,1.000450015068054,0.998769998550415,0.9991009831428528,1194796256,yahoo
DAI,2022-08-01,0.9991779923439026,1.00053596496582,0.9988449811935425,1.000066995620728,911812753,yahoo
DAI,2022-08-02,1.000079989433289,1.00094997882843,0.9983170032501221,0.9996740221977234,859044159,yahoo
DAI,2022-08-03,0.9994930028915405,1.000676035881042,0.9988049864768982,0.9996640086174011,434720819,yahoo
DAI,2022-08-04,0.9996179938316345,1.00069797039032,0.9985389709472656,1.000170946121216,668659241,yahoo
DAI,2022-08-05,1.000095963478088,1.000900030136108,0.9990140199661255,1.000417947769165,606833837,yahoo
DAI,2022-08-06,1.00046694278717,1.00046694278717,0.9990249872207642,0.999405026435852,565543035,yahoo
DAI,2022-08-07,0.9995189905166626,1.000414967536926,0.9988449811935425,0.999114990234375,367218176,yahoo
DAI,2022-08-08,0.9990540146827698,1.000754952430725,0.9989629983901978,0.9997259974479675,2949207693,yahoo
DAI,2022-08-09,0.9997910261154175,1.001055955886841,0.998511016368866,1.000370979309082,1189051176,yahoo
DAI,2022-08-10,1.000357031822205,1.001610040664673,0.9988229870796204,1.000272035598755,692875982,yahoo
DAI,2022-08-11,1.00030505657196,1.000638961791992,0.9984430074691772,0.9995539784431458,871537555,yahoo
DAI,2022-08-12,0.9995229840278625,1.00042200088501,0.9984390139579773,0.9997460246086121,658030751,yahoo
DAI,2022-08-13,0.9997979998588562,1.000326991081238,0.9986330270767212,0.9996100068092346,390781938,yahoo
DAI,2022-08-14,0.9996370077133179,1.000430941581726,0.9980779886245728,0.999426007270813,356843514,yahoo
DAI,2022-08-15,0.9994850158691406,1.001201987266541,0.9979249835014343,0.999563992023468,637063804,yahoo
DAI,2022-08-16,0.9995189905166626,1.000347018241882,0.9980859756469727,0.9998459815979004,522823197,yahoo
DAI,2022-08-17,0.9998409748077393,1.000944018363953,0.9969170093536377,0.9994469881057739,575993160,yahoo
DAI,2022-08-18,0.999530017375946,1.000646948814392,0.9984970092773438,0.9986600279808044,333647252,yahoo
DAI,2022-08-19,0.9985340237617493,1.000764012336731,0.9976990222930908,0.9989290237426758,808502472,yahoo
DAI,2022-08-20,0.9989359974861145,1.001049041748047,0.9969670176506042,1.000619053840637,504655674,yahoo
DAI,2022-08-21,1.000592947006226,1.001217007637024,0.9986640214920044,0.9997310042381287,428157936,yahoo
DAI,2022-08-22,0.9998890161514282,1.001376986503601,0.9976670145988464,1.000293970108032,490923610,yahoo
DAI,2022-08-23,1.000363945960999,1.001247048377991,0.9986379742622375,0.9998959898948669,475977728,yahoo
DAI,2022-08-24,0.9998739957809448,1.000795006752014,0.9986900091171265,0.9994980096817017,415089299,yahoo
DAI,2022-08-25,0.9994999766349792,1.001021981239319,0.9990900158882141,1.000223994255066,298166577,yahoo
DAI,2022-08-26,1.000265955924988,1.001132965087891,0.9980279803276062,0.9993500113487244,562172158,yahoo
DAI,2022-08-27,0.9994810223579407,1.000797986984253,0.997376024723053,1.000156998634338,457308374,yahoo
DAI,2022-08-28,1.00012195110321,1.000741004943848,0.9976040124893188,0.9987019896507263,335101094,yahoo
DAI,2022-08-29,0.9987689852714539,1.001083970069885,0.9987559914588928,0.9999179840087891,628135412,yahoo
DAI,2022-08-30,0.9999489784240723,1.000972032546997,0.9974300265312195,0.9990910291671753,648814217,yahoo
DAI,2022-08-31,0.9992070198059082,1.000818014144897,0.9977740049362183,0.9996399879455566,593523153,yahoo
DAI,2022-09-01,0.9996809959411621,1.000990033149719,0.9971129894256592,0.9998170137405396,370715815,yahoo
DAI,2022-09-02,0.999767005443573,1.001086950302124,0.9981240034103394,1.00019097328186,477487274,yahoo
DAI,2022-09-03,1.000143051147461,1.00047504901886,0.9983329772949219,1.000229001045227,299368935,yahoo
DAI,2022-09-04,1.000216007232666,1.000764966011047,0.9991220235824585,1.000270009040833,531272775,yahoo
DAI,2022-09-05,1.000277996063232,1.001531004905701,0.9990460276603699,1.000184059143066,519136614,yahoo
DAI,2022-09-06,1.000159025192261,1.001044988632202,0.9977489709854126,0.9985610246658325,573741432,yahoo
DAI,2022-09-07,0.9985600113868713,1.000745058059692,0.9985479712486267,1.00029194355011,504995803,yahoo
DAI,2022-09-08,1.000236988067627,1.000839948654175,0.998645007610321,1.000102996826172,391020932,yahoo
DAI,2022-09-09,1.00010097026825,1.00101900100708,0.9990419745445251,0.999987006187439,467189159,yahoo
DAI,2022-09-10,1.000113010406494,1.000506043434143,0.9990339875221252,0.9997159838676453,345615261,yahoo
DAI,2022-09-11,0.9998250007629395,1.000540971755981,0.9984480142593384,1.000197052955627,340002365,yahoo
DAI,2022-09-12,1.000273942947388,1.000556945800781,0.9973719716072083,0.9997590184211731,469114833,yahoo
DAI,2022-09-13,0.9998340010643005,1.000296950340271,0.9965929985046387,0.999750018119812,851331148,yahoo
DAI,2022-09-14,0.9985079765319824,1.000537037849426,0.9981719851493835,1.000116944313049,698410149,yahoo
DAI,2022-09-15,1.000025987625122,1.000664949417114,0.9982349872589111,0.9996939897537231,694549244,yahoo
DAI,2022-09-16,0.9998019933700562,1.000648975372314,0.9984660148620605,1.000118017196655,442803639,yahoo
DAI,2022-09-17,1.00020694732666,1.000717043876648,0.9989569783210754,1.000156998634338,190998907,yahoo
DAI,2022-09-18,1.000095963478088,1.000362038612366,0.9986249804496765,0.9993659853935242,371262485,yahoo
DAI,2022-09-19,0.9992219805717468,1.000854969024658,0.9980360269546509,0.9993469715118408,489419433,yahoo
DAI,2022-09-20,0.9992219805717468,1.000898003578186,0.9986289739608765,0.9994519948959351,351287177,yahoo
DAI,2022-09-21,0.9995459914207458,1.001454949378967,0.997875988483429,1.000048995018005,487158988,yahoo
DAI,2022-09-22,1.000157952308655,1.001157999038696,0.9986230134963989,0.9996860027313232,375568902,yahoo
DAI,2022-09-23,0.9994930028915405,1.001917004585266,0.9989539980888367,1.000125050544739,296511850,yahoo
DAI,2022-09-24,1.000180959701538,1.000820994377136,0.9986249804496765,0.9995539784431458,245662524,yahoo
DAI,2022-09-25,0.9995139837265015,1.000488042831421,0.9984700083732605,0.9998270273208618,195805495,yahoo
DAI,2022-09-26,0.999754011631012,1.000702023506165,0.9986550211906433,0.9998679757118225,323786887,yahoo
DAI,2022-09-27,1.000270009040833,1.001523017883301,0.9974340200424194,0.9998130202293396,349742476,yahoo
DAI,2022-09-28,0.9996389746665955,1.000998973846436,0.9981690049171448,0.9993879795074463,407290083,yahoo
DAI,2022-09-29,0.999468982219696,1.001078009605408,0.9984229803085327,1.00008499622345,424383311,yahoo
DAI,2022-09-30,0.9998890161514282,1.00078296661377,0.998416006565094,0.9998180270195007,486324490,yahoo
DAI,2022-10-01,0.9998829960823059,1.00019097328186,0.9989519715309143,0.9994680285453796,359043007,yahoo
DAI,2022-10-02,0.9994750022888184,1.00033700466156,0.9986220002174377,0.9996489882469177,244075699,yahoo
DAI,2022-10-03,0.9997889995574951,1.000980973243713,0.9990209937095642,1.000059962272644,501442923,yahoo
DAI,2022-10-04,1.000005960464478,1.001358985900879,0.9991670250892639,0.9998850226402283,327088391,yahoo
DAI,2022-10-05,0.9998109936714172,1.00062894821167,0.9989500045776367,0.9996669888496399,275309290,yahoo
DAI,2022-10-06,0.9997619986534119,1.000771999359131,0.9988700151443481,0.9995020031929016,389948694,yahoo
DAI,2022-10-07,0.9995790123939514,1.00019896030426,0.9983940124511719,0.9996269941329956,329802095,yahoo
DAI,2022-10-08,0.9997029900550842,1.000229001045227,0.9988449811935425,0.999763011932373,164222590,yahoo
DAI,2022-10-09,0.9999110102653503,1.000236034393311,0.9990959763526917,0.9998859763145447,183634481,yahoo
DAI,2022-10-10,0.9998800158500671,1.000512957572937,0.99857097864151,0.9992560148239136,240484178,yahoo
DAI,2022-10-11,0.9992390275001526,1.000324964523315,0.9986519813537598,0.9996899962425232,357029174,yahoo
DAI,2022-10-12,0.9996899962425232,1.000295996665955,0.9992259740829468,0.9992989897727966,234673316,yahoo
DAI,2022-10-13,0.9992449879646301,1.001039028167725,0.9983760118484497,0.9996430277824402,595469371,yahoo
DAI,2022-10-14,0.9996569752693176,1.001533031463623,0.9987220168113708,1.000115990638733,450740086,yahoo
DAI,2022-10-15,1.000126004219055,1.000496029853821,0.9990829825401306,0.9996669888496399,148295990,yahoo
DAI,2022-10-16,0.9996160268783569,1.000627994537354,0.9992160201072693,0.9998059868812561,177002768,yahoo
DAI,2022-10-17,0.9998049736022949,1.000651955604553,0.9990860223770142,0.9995589852333069,312685002,yahoo
DAI,2022-10-18,0.999563992023468,1.000645041465759,0.9989370107650757,0.9996780157089233,238858212,yahoo
DAI,2022-10-19,0.9997919797897339,1.000491976737976,0.9987829923629761,1.000107049942017,213774999,yahoo
DAI,2022-10-20,0.9997779726982117,1.000578045845032,0.9987890124320984,0.9997490048408508,198971785,yahoo
DAI,2022-10-21,0.9996910095214844,1.001211047172546,0.9987109899520874,0.9999160170555115,254454491,yahoo
DAI,2022-10-22,0.9999480247497559,1.00060498714447,0.9991390109062195,0.9999240040779114,202638326,yahoo
DAI,2022-10-23,0.9999309778213501,1.001060009002686,0.9989709854125977,1.000170946121216,169650072,yahoo
DAI,2022-10-24,1.000359058380127,1.000831007957458,0.9985870122909546,0.9997429847717285,268269167,yahoo
DAI,2022-10-25,0.9997050166130066,1.001919031143188,0.9983739852905273,0.9999539852142334,346286705,yahoo
DAI,2022-10-26,0.9998090267181396,1.001029014587402,0.9989380240440369,0.9997749924659729,356099703,yahoo
DAI,2022-10-27,0.9997349977493286,1.000848054885864,0.998507022857666,0.9997199773788452,338567790,yahoo
DAI,2022-10-28,0.9997220039367676,1.000944972038269,0.9987360239028931,1.000306010246277,390558637,yahoo
DAI,2022-10-29,1.000301003456116,1.000964999198914,0.9990760087966919,1.000241994857788,291041158,yahoo
DAI,2022-10-30,1.000247955322266,1.000416040420532,0.9988530278205872,1.000041007995605,225886754,yahoo
DAI,2022-10-31,1.000038981437683,1.00060498714447,0.9983299970626831,0.9998800158500671,332471867,yahoo
DAI,2022-11-01,0.9999060034751892,1.000643014907837,0.9989519715309143,0.9999970197677612,210187761,yahoo
DAI,2022-11-02,0.9999579787254333,1.001327037811279,0.9985799789428711,1.000010967254639,296103759,yahoo
DAI,2022-11-03,1.000036954879761,1.000900983810425,0.9988260269165039,1.000210046768188,244208655,yahoo
DAI,2022-11-04,1.000162959098816,1.001345992088318,0.9985120296478271,0.9997699856758118,343112607,yahoo
DAI,2022-11-05,0.9996870160102844,1.000638961791992,0.9989050030708313,1.00009298324585,205028353,yahoo
DAI,2022-11-06,0.9999629855155945,1.000669002532959,0.998727023601532,0.9992250204086304,246946435,yahoo
DAI,2022-11-07,0.9994800090789795,1.000810027122498,0.9989200234413147,1.00032103061676,308445099,yahoo
DAI,2022-11-08,1.000314950942993,1.002660989761353,0.9904500246047974,0.9996179938316345,651016874,yahoo
DAI,2022-11-09,0.9995880126953125,1.002331972122192,0.9941239953041077,1.000244975090027,944322299,yahoo
DAI,2022-11-10,1.000306010246277,1.007892966270447,0.9991430044174194,1.002257943153381,1042229927,yahoo
DAI,2022-11-11,1.002089023590088,1.00313401222229,0.9984869956970215,1.001553058624268,484693123,yahoo
DAI,2022-11-12,1.001268029212952,1.002105951309204,0.9991099834442139,1.000805020332336,289150844,yahoo
DAI,2022-11-13,1.000954985618591,1.001809000968933,0.9988980293273926,1.001075029373169,293433918,yahoo
DAI,2022-11-14,1.000869989395142,1.003028988838196,0.9983369708061218,1.000857949256897,430197100,yahoo
DAI,2022-11-15,1.000910043716431,1.002143979072571,0.998881995677948,1.001101016998291,337587740,yahoo
DAI,2022-11-16,1.001276016235352,1.00137197971344,0.9987639784812927,1.000488996505737,407188046,yahoo
DAI,2022-11-17,1.000445008277893,1.00102698802948,0.9991260170936584,1.000254988670349,301456417,yahoo
DAI,2022-11-18,1.000265955924988,1.001405000686646,0.999114990234375,1.000416994094849,205430700,yahoo
DAI,2022-11-19,1.000324010848999,1.001243948936462,0.9996659755706787,1.000480055809021,206563619,yahoo
DAI,2022-11-20,1.00048303604126,1.001081943511963,0.9987900257110596,1.000296950340271,303883492,yahoo
DAI,2022-11-21,1.000319957733154,1.001170992851257,0.9986209869384766,1.000218033790588,392166608,yahoo
DAI,2022-11-22,1.000136017799377,1.001981019973755,0.9989789724349976,1.000633955001831,347957514,yahoo
DAI,2022-11-23,1.000607967376709,1.001652956008911,0.9993469715118408,1.000359058380127,329177661,yahoo
DAI,2022-11-24,1.000486016273499,1.001710057258606,0.9989879727363586,1.00033700466156,371982558,yahoo
DAI,2022-11-25,1.00029194355011,1.001008033752441,0.9990910291671753,1.000112056732178,234311698,yahoo
DAI,2022-11-26,1.000089049339294,1.001523017883301,0.9993559718132019,0.9998940229415894,182151995,yahoo
DAI,2022-11-27,0.9998540282249451,1.000709056854248,0.9990569949150085,0.999455988407135,144665197,yahoo
DAI,2022-11-28,0.9994270205497742,1.001389980316162,0.9980390071868896,0.9997900128364563,243745243,yahoo
DAI,2022-11-29,0.999796986579895,1.001227021217346,0.9992129802703857,0.9996780157089233,238719727,yahoo
DAI,2022-11-30,0.9996910095214844,1.001958012580872,0.9989830255508423,0.9994750022888184,332356663,yahoo
DAI,2022-12-01,0.9995070099830627,1.000586986541748,0.9991340041160583,0.9995409846305847,226324772,yahoo
DAI,2022-12-02,0.9997289776802063,1.000612020492554,0.9983739852905273,1.000066041946411,222732543,yahoo
DAI,2022-12-03,1.000038027763367,1.00028395652771,0.9988430142402649,0.9995759725570679,139770008,yahoo
DAI,2022-12-04,0.9994320273399353,1.000695943832397,0.9992219805717468,1.000020027160645,170679905,yahoo
DAI,2022-12-05,1.000216007232666,1.001049995422363,0.9984409809112549,0.9999039769172668,182489661,yahoo
DAI,2022-12-06,0.9998700022697449,1.00046694278717,0.9988409876823425,0.9999330043792725,175776988,yahoo
DAI,2022-12-07,0.9999189972877502,1.000203013420105,0.997635006904602,0.9996569752693176,222671626,yahoo
DAI,2022-12-08,0.9996799826622009,1.000771999359131,0.9992070198059082,0.9999520182609558,157412755,yahoo
DAI,2022-12-09,0.9999229907989502,1.000573039054871,0.9990649819374084,0.9995819926261902,107706939,yahoo
DAI,2022-12-10,0.9995710253715515,1.000398993492126,0.999334990978241,1.000103950500488,108331350,yahoo
DAI,2022-12-11,1.000079035758972,1.000298976898193,0.9989950060844421,0.9997149705886841,158492142,yahoo
DAI,2022-12-12,0.9996650218963623,1.000381946563721,0.9989659786224365,1.00026798248291,169832003,yahoo
DAI,2022-12-13,1.000273942947388,1.000975966453552,0.9987229704856873,0.99993497133255,298758727,yahoo
DAI,2022-12-14,1.000041961669922,1.000756978988647,0.9978269934654236,0.9995740056037903,193379597,yahoo
DAI,2022-12-15,0.9996169805526733,1.000496029853821,0.9983140230178833,0.9996100068092346,158706652,yahoo
DAI,2022-12-16,0.9996050000190735,1.000599980354309,0.9969329833984375,0.9993900060653687,247988761,yahoo
DAI,2022-12-17,0.9994289875030518,1.000625967979431,0.9985449910163879,0.9999560117721558,122294487,yahoo
DAI,2022-12-18,0.9999520182609558,1.00076699256897,0.9989339709281921,0.9989889860153198,95842181,yahoo
DAI,2022-12-19,0.9990109801292419,1.000331044197083,0.9977149963378906,0.9993659853935242,129481276,yahoo
DAI,2022-12-20,0.9993870258331299,1.000866055488586,0.9988600015640259,0.999705970287323,187023130,yahoo
DAI,2022-12-21,0.9997100234031677,1.000373005867004,0.998924970626831,0.9999470114707947,133832993,yahoo
DAI,2022-12-22,1.000041961669922,1.000975966453552,0.9985880255699158,1.000113010406494,152012406,yahoo
DAI,2022-12-23,1.000012040138245,1.000771999359131,0.9990599751472473,0.9996010065078735,139831984,yahoo
DAI,2022-12-24,0.999504029750824,1.000373959541321,0.9991840124130249,0.9999579787254333,64047841,yahoo
DAI,2022-12-25,0.9999629855155945,1.000673055648804,0.9989359974861145,1.000043034553528,98590278,yahoo
DAI,2022-12-26,1.000287055969238,1.000468015670776,0.9991430044174194,0.9999319911003113,110598029,yahoo
DAI,2022-12-27,0.9999600052833557,1.000532984733582,0.9989460110664368,0.9997289776802063,174726661,yahoo
DAI,2022-12-28,0.9995859861373901,1.000661969184875,0.9986960291862488,1.0000319480896,292751778,yahoo
DAI,2022-12-29,0.9999859929084778,1.000839948654175,0.9985889792442322,1.000184059143066,157105170,yahoo
DAI,2022-12-30,1.000167012214661,1.00039803981781,0.998786985874176,0.9999759793281555,125610960,yahoo
DAI,2022-12-31,1.000126004219055,1.000324010848999,0.9992560148239136,0.999767005443573,93732789,yahoo
DAI,2023-01-01,0.9997919797897339,1.000437021255493,0.9991000294685364,0.9997900128364563,86042718,yahoo
DAI,2023-01-02,0.9997879862785339,1.000782012939453,0.9991719722747803,0.9995399713516235,88933627,yahoo
DAI,2023-01-03,0.9995589852333069,1.000439047813416,0.9991940259933472,0.9998350143432617,96981607,yahoo
DAI,2023-01-04,0.9998599886894226,1.001500010490417,0.9990019798278809,1.000067949295044,150251337,yahoo
DAI,2023-01-05,0.9999589920043945,1.00042998790741,0.9990109801292419,0.9995219707489014,241104464,yahoo
DAI,2023-01-06,0.9993929862976074,1.000350952148438,0.9990440011024475,0.9996790289878845,114002789,yahoo
DAI,2023-01-07,0.9997770190238953,1.000367999076843,0.9992799758911133,0.9999909996986389,83731352,yahoo
DAI,2023-01-08,0.9999449849128723,1.000653028488159,0.9990630149841309,1.000377058982849,135351853,yahoo
DAI,2023-01-09,1.000077962875366,1.001060009002686,0.998665988445282,0.9998999834060669,212742350,yahoo
DAI,2023-01-10,0.9998810291290283,1.000517964363098,0.998835027217865,0.9997220039367676,102779603,yahoo
DAI,2023-01-11,0.9997199773788452,1.001595020294189,0.9988369941711426,1.000547051429749,145477438,yahoo
DAI,2023-01-12,1.00082802772522,1.001834988594055,0.9983260035514832,1.000059962272644,227025448,yahoo
DAI,2023-01-13,1.000059008598328,1.002246975898743,0.9987419843673706,1.000745058059692,207193306,yahoo
DAI,2023-01-14,1.000790953636169,1.00273597240448,0.9973869919776917,0.9999989867210388,242355186,yahoo
DAI,2023-01-15,0.9999300241470337,1.000970959663391,0.9987050294876099,0.9996910095214844,163757043,yahoo
DAI,2023-01-16,0.9996119737625122,1.001137018203735,0.9983199834823608,0.9993839859962463,184864608,yahoo
DAI,2023-01-17,0.9994029998779297,1.000887989997864,0.9988210201263428,0.9996359944343567,202312236,yahoo
DAI,2023-01-18,0.999455988407135,1.001634955406189,0.997422993183136,0.9994279742240906,266370152,yahoo
DAI,2023-01-19,0.9994530081748962,1.000702977180481,0.9991070032119751,1.000203013420105,148851814,yahoo
DAI,2023-01-20,1.000311017036438,1.002697944641113,0.9990320205688477,1.000151991844177,183160495,yahoo
DAI,2023-01-21,1.000301957130432,1.000758051872253,0.9981060028076172,0.9991940259933472,206143731,yahoo
DAI,2023-01-22,0.9993659853935242,1.00090503692627,0.9985600113868713,0.9997000098228455,155664503,yahoo
DAI,2023-01-23,0.9995329976081848,1.000738024711609,0.9972620010375977,0.9999390244483948,206452964,yahoo
DAI,2023-01-24,0.9997310042381287,1.000779986381531,0.9975929856300354,0.9994819760322571,171485520,yahoo
DAI,2023-01-25,0.9994819760322571,1.001824975013733,0.9978950023651123,0.9998779892921448,215336569,yahoo
DAI,2023-01-26,0.9996910095214844,1.000975966453552,0.9987620115280151,0.9998859763145447,196548307,yahoo
DAI,2023-01-27,0.9998800158500671,1.000946044921875,0.9987789988517761,0.999983012676239,169625873,yahoo
DAI,2023-01-28,0.9998360276222229,1.000393986701965,0.9984710216522217,0.9999420046806335,120006414,yahoo
DAI,2023-01-29,0.9999139904975891,1.000709056854248,0.9988430142402649,0.9999169707298279,135453256,yahoo
DAI,2023-01-30,0.9996730089187622,1.000617980957031,0.9978460073471069,1.000306963920593,197768240,yahoo
DAI,2023-01-31,1.000326991081238,1.000908017158508,0.9982690215110779,0.9998019933700562,147008225,yahoo
DAI,2023-02-01,0.9996680021286011,1.001958966255188,0.9988369941711426,1.000161051750183,173633041,yahoo
DAI,2023-02-02,0.9999859929084778,1.002096056938171,0.9983950257301331,0.9988750219345093,208676851,yahoo
DAI,2023-02-03,0.9988769888877869,1.000792980194092,0.9988700151443481,0.9998630285263062,172212381,yahoo
DAI,2023-02-04,0.9998570084571838,1.000962972640991,0.9989550113677979,0.9996770024299622,128502700,yahoo
DAI,2023-02-05,0.9996070265769958,1.000537991523743,0.9975360035896301,0.9995970129966736,99279321,yahoo
DAI,2023-02-06,0.9996410012245178,1.001132965087891,0.99863600730896,0.9992510080337524,146356562,yahoo
DAI,2023-02-07,0.9991970062255859,1.001533031463623,0.9983969926834106,1.000018000602722,156116381,yahoo
DAI,2023-02-08,1.00010097026825,1.00137197971344,0.9982290267944336,0.9995200037956238,180778471,yahoo
DAI,2023-02-09,0.9995369911193848,1.000761985778809,0.9973350167274475,0.999343991279602,228915462,yahoo
DAI,2023-02-10,0.9994140267372131,1.000641942024231,0.9986209869384766,0.9992520213127136,178690450,yahoo
DAI,2023-02-11,0.9992859959602356,1.000692009925842,0.998924970626831,0.9996809959411621,96315254,yahoo
DAI,2023-02-12,0.9996179938316345,1.000509977340698,0.9987390041351318,0.9997329711914062,97805277,yahoo
DAI,2023-02-13,0.9997770190238953,1.00078296661377,0.9974520206451416,0.9998949766159058,367664762,yahoo
DAI,2023-02-14,1.000113010406494,1.001134991645813,0.9981139898300171,1.000211000442505,235242279,yahoo
DAI,2023-02-15,1.000125050544739,1.00226104259491,0.9990770220756531,0.9999560117721558,218957302,yahoo
DAI,2023-02-16,0.9998049736022949,1.001353025436401,0.9973369836807251,0.9982420206069946,261137664,yahoo
DAI,2023-02-17,0.9985319972038269,1.001229047775269,0.997418999671936,0.9995949864387512,257483893,yahoo
DAI,2023-02-18,0.9995949864387512,1.000622987747192,0.9991120100021362,0.9997640252113342,106387643,yahoo
DAI,2023-02-19,1.000000953674316,1.000746965408325,0.9985979795455933,0.9992210268974304,135722580,yahoo
DAI,2023-02-20,0.9996119737625122,1.000962018966675,0.9988549947738647,0.9999489784240723,189014137,yahoo
DAI,2023-02-21,1.000012993812561,1.000740051269531,0.9980350136756897,1.000213980674744,193001670,yahoo
DAI,2023-02-22,1.000229001045227,1.000833034515381,0.9978039860725403,1.000103950500488,199461357,yahoo
DAI,2023-02-23,1.000141978263855,1.000915050506592,0.9983540177345276,0.9998319745063782,227415173,yahoo
DAI,2023-02-24,0.9998599886894226,1.000728964805603,0.9973859786987305,0.9997609853744507,184289601,yahoo
DAI,2023-02-25,0.9997779726982117,1.000674962997437,0.998678982257843,1.000674962997437,125879774,yahoo
DAI,2023-02-26,1.000141978263855,1.001129031181335,0.9989830255508423,1.000406980514526,97125479,yahoo
DAI,2023-02-27,1.000188946723938,1.000874996185303,0.998740017414093,0.9998829960823059,166601142,yahoo
DAI,2023-02-28,0.9999480247497559,1.000728964805603,0.9983329772949219,0.9990900158882141,144942910,yahoo
DAI,2023-03-01,0.9992910027503967,1.001350998878479,0.998757004737854,1.000208973884583,187668287,yahoo
DAI,2023-03-02,1.00019097328186,1.001083970069885,0.9988279938697815,0.9995629787445068,176473510,yahoo
DAI,2023-03-03,0.9996100068092346,1.000326037406921,0.9968140125274658,0.9998610019683838,181953837,yahoo
DAI,2023-03-04,0.9998070001602173,1.000592947006226,0.998852014541626,0.9999390244483948,73812498,yahoo
DAI,2023-03-05,0.999925971031189,1.000795960426331,0.998645007610321,0.9998999834060669,96622344,yahoo
DAI,2023-03-06,0.9999690055847168,1.000331997871399,0.9988300204277039,0.9996219873428345,138616571,yahoo
DAI,2023-03-07,0.9996349811553955,1.000951051712036,0.998104989528656,1.000244975090027,159593715,yahoo
DAI,2023-03-08,1.000200033187866,1.000421047210693,0.9985970258712769,0.9987710118293762,141247830,yahoo
DAI,2023-03-09,0.9986929893493652,1.000509023666382,0.9963039755821228,0.9998599886894226,247157386,yahoo
DAI,2023-03-10,0.9999009966850281,1.000839948654175,0.9970269799232483,0.9989680051803589,690944741,yahoo
DAI,2023-03-11,0.9989830255508423,0.99959397315979,0.8970029950141907,0.9738690257072449,4642451631,yahoo
DAI,2023-03-12,0.9728950262069702,0.9942939877510071,0.949783980846405,0.9925850033760071,1312827143,yahoo
DAI,2023-03-13,0.9923520088195801,1.001144051551819,0.9871730208396912,0.99891597032547,1114529127,yahoo
DAI,2023-03-14,0.9986720085144043,1.002575039863586,0.9955450296401978,0.99897700548172,534259114,yahoo
DAI,2023-03-15,0.9988240003585815,1.00074303150177,0.9950330257415771,0.9991649985313416,469536211,yahoo
DAI,2023-03-16,0.999144971370697,1.001052021980286,0.9979609847068787,0.999396026134491,330871168,yahoo
DAI,2023-03-17,0.9995840191841125,1.001852035522461,0.9971879720687866,1.000473976135254,352141581,yahoo
DAI,2023-03-18,1.000599026679993,1.001860976219177,0.9954599738121033,0.9981600046157837,196414231,yahoo
DAI,2023-03-19,0.998278021812439,1.001374959945679,0.9974899888038635,0.9983090162277222,177473280,yahoo
DAI,2023-03-20,0.9984380006790161,1.001173973083496,0.9958710074424744,0.9968069791793823,225047808,yahoo
DAI,2023-03-21,0.9968770146369934,1.000097990036011,0.9961280226707458,0.9990440011024475,204327482,yahoo
DAI,2023-03-22,0.9990249872207642,1.000208973884583,0.9955639839172363,0.9988669753074646,339131260,yahoo
DAI,2023-03-23,0.9986990094184875,1.001266002655029,0.9975360035896301,0.9987890124320984,212999314,yahoo
DAI,2023-03-24,0.9986749887466431,1.000627040863037,0.9949300289154053,0.9995650053024292,190691511,yahoo
DAI,2023-03-25,0.9996529817581177,1.000511050224304,0.9972689747810364,0.9994789958000183,88713400,yahoo
DAI,2023-03-26,0.9995239973068237,1.000651001930237,0.9980599880218506,0.9991549849510193,98351713,yahoo
DAI,2023-03-27,0.9991620182991028,0.9998729825019836,0.9962260127067566,0.9990630149841309,164043410,yahoo
DAI,2023-03-28,0.9989699721336365,1.001474022865295,0.9979400038719177,0.9998030066490173,163007264,yahoo
DAI,2023-03-29,0.9992600083351135,1.001222968101501,0.9981589913368225,0.999210000038147,137107589,yahoo
DAI,2023-03-30,0.9992640018463135,1.000906944274902,0.9974719882011414,0.9999819993972778,133859348,yahoo
DAI,2023-03-31,1.000185966491699,1.001253962516785,0.9982519745826721,0.9994149804115295,129739699,yahoo
DAI,2023-04-01,0.9994419813156128,1.000288009643555,0.998274028301239,0.999235987663269,91755155,yahoo
DAI,2023-04-02,0.99931401014328,1.000080943107605,0.9973769783973694,0.9998440146446228,77482032,yahoo
DAI,2023-04-03,0.9997860193252563,1.000792980194092,0.9973719716072083,0.9992830157279968,143864717,yahoo
DAI,2023-04-04,0.9993579983711243,1.00061297416687,0.9985349774360657,0.9993630051612854,142440202,yahoo
DAI,2023-04-05,0.9994279742240906,1.00110399723053,0.9972220063209534,0.9992700219154358,128754627,yahoo
DAI,2023-04-06,0.9993529915809631,1.000385999679565,0.9978569746017456,0.999871015548706,110950757,yahoo
DAI,2023-04-07,0.9998800158500671,1.000740051269531,0.9980250000953674,0.9997959733009338,108616870,yahoo
DAI,2023-04-08,0.9996680021286011,1.000458002090454,0.9983180165290833,0.9993219971656799,109177893,yahoo
DAI,2023-04-09,0.9992610216140747,1.000424027442932,0.998445987701416,0.9993360042572021,73254891,yahoo
DAI,2023-04-10,0.9993000030517578,1.001762986183167,0.9982879757881165,1.000110030174255,128993219,yahoo
DAI,2023-04-11,1.000062942504883,1.000838041305542,0.9977610111236572,0.9996160268783569,176525334,yahoo
DAI,2023-04-12,0.9996520280838013,1.001824975013733,0.9971539974212646,1.000192046165466,143825169,yahoo
DAI,2023-04-13,0.9994710087776184,1.001811981201172,0.9986960291862488,1.000054001808167,169913440,yahoo
DAI,2023-04-14,1.000072956085205,1.001845002174377,0.9965999722480774,0.9997050166130066,134934696,yahoo
DAI,2023-04-15,0.9997310042381287,1.000655055046082,0.998449981212616,0.9995250105857849,70478776,yahoo
DAI,2023-04-16,0.9995549917221069,1.000730991363525,0.9980059862136841,0.9994990229606628,77545771,yahoo
DAI,2023-04-17,0.9994329810142517,1.000638008117676,0.9972609877586365,0.9992830157279968,126855224,yahoo
DAI,2023-04-18,0.9993720054626465,1.001023054122925,0.9980469942092896,1.000280976295471,121034624,yahoo
DAI,2023-04-19,1.000269055366516,1.000864028930664,0.9942100048065186,0.9999319911003113,177690895,yahoo
DAI,2023-04-20,0.9996259808540344,1.001014947891235,0.9969220161437988,0.998947024345398,128949956,yahoo
DAI,2023-04-21,0.999081015586853,1.00116503238678,0.9962350130081177,0.9996230006217957,201974805,yahoo
DAI,2023-04-22,0.9996470212936401,1.000887036323547,0.9990429878234863,0.9997619986534119,93508799,yahoo
DAI,2023-04-23,0.9996939897537231,1.00077497959137,0.9984040260314941,0.9999780058860779,71021318,yahoo
DAI,2023-04-24,0.9999690055847168,1.001350998878479,0.9973829984664917,0.9998670220375061,144371498,yahoo
DAI,2023-04-25,0.999767005443573,1.0017329454422,0.9984470009803772,0.9998049736022949,140857758,yahoo
DAI,2023-04-26,0.9998739957809448,1.002730965614319,0.9950780272483826,1.000090956687927,285798871,yahoo
DAI,2023-04-27,1.000074028968811,1.002722024917603,0.998088002204895,0.9996709823608398,185956860,yahoo
DAI,2023-04-28,0.9996619820594788,1.000902056694031,0.9974719882011414,0.9997619986534119,129623189,yahoo
DAI,2023-04-29,0.9997789859771729,1.00072705745697,0.9987819790840149,0.9999129772186279,87293093,yahoo
DAI,2023-04-30,1.000022053718567,1.001530051231384,0.9984869956970215,0.9991350173950195,77865494,yahoo
DAI,2023-05-01,0.9990429878234863,1.000465989112854,0.9975889921188354,0.9996910095214844,125403810,yahoo
DAI,2023-05-02,0.9997649788856506,1.000926971435547,0.9988200068473816,0.9996320009231567,111681202,yahoo
DAI,2023-05-03,0.9995560050010681,1.001780986785889,0.9986039996147156,0.9997959733009338,153945897,yahoo
DAI,2023-05-04,0.9997619986534119,1.00071394443512,0.998416006565094,0.9998499751091003,123070400,yahoo
DAI,2023-05-05,0.9998660087585449,1.00220799446106,0.9986069798469543,0.9999470114707947,122687306,yahoo
DAI,2023-05-06,1.000157952308655,1.001369953155518,0.9971479773521423,1.000288963317871,213075228,yahoo
DAI,2023-05-07,1.00018298625946,1.001155018806458,0.9982600212097168,0.9994180202484131,73676442,yahoo
DAI,2023-05-08,0.9993190169334412,1.000735998153687,0.9959669709205627,1.000241994857788,154436929,yahoo
DAI,2023-05-09,1.000260949134827,1.00108003616333,0.9988719820976257,0.999845027923584,120829290,yahoo
DAI,2023-05-10,0.9998980164527893,1.001696944236755,0.99720299243927,0.9997509717941284,212527195,yahoo
DAI,2023-05-11,0.9998040199279785,1.000588059425354,0.9981570243835449,1.000136971473694,169740994,yahoo
DAI,2023-05-12,1.000208020210266,1.00137197971344,0.9974330067634583,1.000373005867004,168515358,yahoo
DAI,2023-05-13,1.000403046607971,1.000959992408752,0.99891197681427,0.999625027179718,83306498,yahoo
DAI,2023-05-14,0.9995859861373901,1.001176953315735,0.9989889860153198,1.000010013580322,53462819,yahoo
DAI,2023-05-15,1.000025033950806,1.00141704082489,0.9986839890480042,0.9990410208702087,99156843,yahoo
DAI,2023-05-16,0.9991250038146973,1.000679969787598,0.9977020025253296,0.9996489882469177,84288800,yahoo
DAI,2023-05-17,0.9996870160102844,1.001075029373169,0.9984260201454163,0.9998829960823059,114037228,yahoo
DAI,2023-05-18,0.9998250007629395,1.000741004943848,0.997717022895813,0.9990509748458862,103647703,yahoo
DAI,2023-05-19,0.9990540146827698,1.001016020774841,0.9988089799880981,0.9997889995574951,67600078,yahoo
DAI,2023-05-20,0.9998729825019836,1.000870943069458,0.9993069767951965,1.000339031219482,66865172,yahoo
DAI,2023-05-21,1.000408053398132,1.000682950019836,0.9989070296287537,0.999688982963562,69582900,yahoo
DAI,2023-05-22,0.9997079968452454,1.000774025917053,0.9988470077514648,0.9997749924659729,119085389,yahoo
DAI,2023-05-23,0.9997529983520508,1.001201033592224,0.9989510178565979,0.9997100234031677,148448801,yahoo
DAI,2023-05-24,0.9996910095214844,1.000498056411743,0.9974570274353027,0.9996479749679565,162009493,yahoo
DAI,2023-05-25,0.99965900182724,1.000524044036865,0.9979169964790344,0.9998090267181396,129032664,yahoo
DAI,2023-05-26,0.9997559785842896,1.000870943069458,0.9991779923439026,0.9998090267181396,130154080,yahoo
DAI,2023-05-27,0.9997689723968506,1.00039803981781,0.9992539882659912,1.000151038169861,89107715,yahoo
DAI,2023-05-28,1.000120043754578,1.001585006713867,0.9991499781608582,1.000293970108032,105374763,yahoo
DAI,2023-05-29,1.000185012817383,1.001392006874084,0.9984139800071716,0.9996470212936401,99335246,yahoo
DAI,2023-05-30,0.999504029750824,1.000373959541321,0.9987350106239319,0.9993950128555298,109241531,yahoo
DAI,2023-05-31,0.9993500113487244,1.000385999679565,0.9974340200424194,0.9999459981918335,131033590,yahoo
DAI,2023-06-01,1.000028014183044,1.000342965126038,0.9982619881629944,0.9997000098228455,112089896,yahoo
DAI,2023-06-02,0.9996349811553955,1.000648975372314,0.9985439777374268,0.9997659921646118,167413511,yahoo
DAI,2023-06-03,0.9997770190238953,1.0000239610672,0.9987819790840149,0.999754011631012,55626544,yahoo
DAI,2023-06-04,0.9997490048408508,1.000385999679565,0.9986960291862488,0.9992089867591858,53737099,yahoo
DAI,2023-06-05,0.9992600083351135,1.000103950500488,0.9949259757995605,0.9997199773788452,182512601,yahoo
DAI,2023-06-06,0.9996610283851624,1.00160801410675,0.9980930089950562,0.9999579787254333,151115180,yahoo
DAI,2023-06-07,0.9999650120735168,1.000753045082092,0.997564971446991,0.9996309876441956,156843086,yahoo
DAI,2023-06-08,0.999692976474762,1.001134991645813,0.9985820055007935,0.9995399713516235,96623143,yahoo
DAI,2023-06-09,0.9995959997177124,1.000465035438538,0.99822598695755,0.9997280240058899,134428975,yahoo
DAI,2023-06-10,0.9997410178184509,1.001530051231384,0.9954590201377869,0.9999409914016724,235160228,yahoo
DAI,2023-06-11,0.9998379945755005,1.000920057296753,0.9981989860534668,0.9996359944343567,87455639,yahoo
DAI,2023-06-12,0.9995560050010681,1.000967025756836,0.9970189929008484,0.9997119903564453,128701031,yahoo
DAI,2023-06-13,0.9997310042381287,1.001041054725647,0.9975460171699524,0.9999150037765503,144489002,yahoo
DAI,2023-06-14,0.9998819828033447,1.000516057014465,0.995851993560791,0.9997850060462952,190733853,yahoo
DAI,2023-06-15,0.9997879862785339,1.001469016075134,0.997868001461029,0.9997580051422119,499219337,yahoo
DAI,2023-06-16,0.9998070001602173,1.00180995464325,0.9988759756088257,0.9999330043792725,249256984,yahoo
DAI,2023-06-17,0.999966025352478,1.001152992248535,0.9992349743843079,0.9997469782829285,94021680,yahoo
DAI,2023-06-18,0.9996439814567566,1.000643014907837,0.9982330203056335,0.9998319745063782,71212818,yahoo
DAI,2023-06-19,0.9998319745063782,1.001113057136536,0.9980769753456116,1.00046694278717,125788922,yahoo
DAI,2023-06-20,1.00054395198822,1.002033948898315,0.9985809922218323,1.000733971595764,168693980,yahoo
DAI,2023-06-21,1.000633955001831,1.002853989601135,0.9988510012626648,0.999705970287323,266694202,yahoo
DAI,2023-06-22,0.9996129870414734,1.001325011253357,0.9983639717102051,0.9993259906768799,142669367,yahoo
DAI,2023-06-23,0.9993460178375244,1.001796960830688,0.9987260103225708,1.000319957733154,170521826,yahoo
DAI,2023-06-24,1.000426054000854,1.000880002975464,0.9984109997749329,1.000272989273071,82861931,yahoo
DAI,2023-06-25,1.000223994255066,1.001019954681396,0.9984239935874939,0.9999729990959167,114080760,yahoo
DAI,2023-06-26,0.9999250173568726,1.00121796131134,0.9979339838027954,0.9998859763145447,141221205,yahoo
DAI,2023-06-27,0.9999920129776001,1.001121044158936,0.9988729953765869,0.9997450113296509,136172583,yahoo
DAI,2023-06-28,0.9998090267181396,1.001108050346375,0.9961420297622681,0.9993460178375244,149487571,yahoo
DAI,2023-06-29,0.9993469715118408,1.001222968101501,0.9986249804496765,0.9996179938316345,113082278,yahoo
DAI,2023-06-30,0.9995329976081848,1.00195300579071,0.9960179924964905,1.000025033950806,182187884,yahoo
DAI,2023-07-01,1.000097990036011,1.000849008560181,0.9987339973449707,0.9999690055847168,102897064,yahoo
DAI,2023-07-02,0.9999150037765503,1.000931024551392,0.9983829855918884,0.9998900294303894,86291739,yahoo
DAI,2023-07-03,0.999879002571106,1.000828981399536,0.9991850256919861,1.000017046928406,175085810,yahoo
DAI,2023-07-04,1.000010967254639,1.000195980072021,0.9982879757881165,0.9994379878044128,118987527,yahoo
DAI,2023-07-05,0.9994950294494629,1.000323057174683,0.9973989725112915,0.9998239874839783,100804817,yahoo
DAI,2023-07-06,0.9998660087585449,1.001162052154541,0.9973160028457642,0.998337984085083,115666708,yahoo
DAI,2023-07-07,0.9985359907150269,1.000764966011047,0.997672975063324,0.9998509883880615,92831860,yahoo
DAI,2023-07-08,0.9998369812965393,1.000316977500916,0.9984019994735718,1.000066041946411,84546050,yahoo
DAI,2023-07-09,1.000087022781372,1.000848054885864,0.9988909959793091,0.9994459748268127,67319487,yahoo
DAI,2023-07-10,0.9993630051612854,1.00084400177002,0.9977989792823792,0.9997720122337341,101138888,yahoo
DAI,2023-07-11,0.9997829794883728,1.000537991523743,0.9988049864768982,0.9997550249099731,85703551,yahoo
DAI,2023-07-12,0.9997529983520508,1.000568985939026,0.9974809885025024,0.9995669722557068,83838708,yahoo
DAI,2023-07-13,0.9995549917221069,1.001654982566833,0.9987559914588928,1.000789999961853,163990802,yahoo
DAI,2023-07-14,1.000733017921448,1.000903964042664,0.9947410225868225,1.000511050224304,153185420,yahoo
DAI,2023-07-15,1.000532031059265,1.000532031059265,0.999085009098053,0.9997180104255676,60262645,yahoo
DAI,2023-07-16,0.9996960163116455,1.000682950019836,0.9980250000953674,0.9992210268974304,54633450,yahoo
DAI,2023-07-17,0.999206006526947,1.000808954238892,0.9971230030059814,1.000013947486877,138161709,yahoo
DAI,2023-07-18,0.9999979734420776,1.000385999679565,0.9976029992103577,0.9999300241470337,75632891,yahoo
DAI,2023-07-19,0.9999240040779114,1.000648021697998,0.9986780285835266,0.9998319745063782,78774477,yahoo
DAI,2023-07-20,0.9999160170555115,1.000399947166443,0.9987189769744873,0.999547004699707,147850388,yahoo
DAI,2023-07-21,0.9995049834251404,1.00065004825592,0.9988830089569092,0.9999079704284668,76988593,yahoo
DAI,2023-07-22,0.9999229907989502,1.000246047973633,0.9976540207862854,0.9992420077323914,61892513,yahoo
DAI,2023-07-23,0.9993109703063965,1.001008987426758,0.9983670115470886,0.9997569918632507,53244918,yahoo
DAI,2023-07-24,0.9996039867401123,0.9999359846115112,0.9960349798202515,0.999563992023468,80938295,yahoo
DAI,2023-07-25,0.9995369911193848,1.000516057014465,0.9989129900932312,0.9995459914207458,74281345,yahoo
DAI,2023-07-26,0.9995930194854736,1.000972032546997,0.998898983001709,0.9994879961013794,116202187,yahoo
DAI,2023-07-27,0.9995229840278625,1.00032103061676,0.9985449910163879,0.9996209740638733,64945426,yahoo
DAI,2023-07-28,0.9995759725570679,1.000694990158081,0.9987239837646484,0.9999449849128723,72861348,yahoo
DAI,2023-07-29,0.9999030232429504,1.00031304359436,0.9993550181388855,0.9996650218963623,57185294,yahoo
DAI,2023-07-30,0.9997050166130066,1.000300049781799,0.9978740215301514,0.9998829960823059,80651990,yahoo
DAI,2023-07-31,0.9997860193252563,1.000337958335876,0.9984009861946106,0.9997209906578064,187115753,yahoo
DAI,2023-08-01,0.9997379779815674,1.001001954078674,0.9978110194206238,1.00080394744873,229879540,yahoo
DAI,2023-08-02,1.000692963600159,1.001142978668213,0.9976940155029297,0.9996500015258789,142060029,yahoo
DAI,2023-08-03,0.99965900182724,1.000442981719971,0.9978479743003845,0.999426007270813,135936255,yahoo
DAI,2023-08-04,0.9993680119514465,1.00084400177002,0.9979779720306396,0.9995999932289124,199181573,yahoo
DAI,2023-08-05,0.9995790123939514,1.000224947929382,0.9986429810523987,0.9996259808540344,121142909,yahoo
DAI,2023-08-06,0.999701976776123,1.000262022018433,0.9988459944725037,0.9994440078735352,131628565,yahoo
DAI,2023-08-07,0.9995009899139404,1.000681042671204,0.9982069730758667,1.000102996826172,199196517,yahoo
DAI,2023-08-08,0.9999759793281555,1.001219034194946,0.9991660118103027,0.9997879862785339,154610809,yahoo
DAI,2023-08-09,0.9997190237045288,1.000682950019836,0.9987030029296875,1.000095963478088,118519789,yahoo
DAI,2023-08-10,1.000071048736572,1.00068199634552,0.9989960193634033,0.9999650120735168,78981476,yahoo
DAI,2023-08-11,1.0000159740448,1.000234007835388,0.9989179968833923,0.9997119903564453,81790371,yahoo
DAI,2023-08-12,0.9996709823608398,1.000303983688354,0.9991790056228638,0.9998859763145447,60765158,yahoo
DAI,2023-08-13,0.9998859763145447,1.000408053398132,0.9991689920425415,0.9995080232620239,73165437,yahoo
DAI,2023-08-14,0.9993839859962463,1.000365018844604,0.9988120198249817,1.000180959701538,78607286,yahoo
DAI,2023-08-15,1.000103950500488,1.000103950500488,0.9977489709854126,0.99965500831604,92159863,yahoo
DAI,2023-08-16,0.9996770024299622,1.000648021697998,0.9985150098800659,0.9995499849319458,82105445,yahoo
DAI,2023-08-17,0.9995329976081848,1.001461029052734,0.9913579821586609,0.9994029998779297,235120594,yahoo
DAI,2023-08-18,0.999576985836029,1.000939965248108,0.9972779750823975,0.9996839761734009,169516094,yahoo
DAI,2023-08-19,0.9996690154075623,1.000887989997864,0.9988009929656982,0.9998589754104614,62924701,yahoo
DAI,2023-08-20,0.999888002872467,1.00089704990387,0.9992799758911133,0.9997940063476562,55851898,yahoo
DAI,2023-08-21,0.9997050166130066,1.000848054885864,0.9979029893875122,0.9992989897727966,104446690,yahoo
DAI,2023-08-22,0.9993990063667297,1.00088095664978,0.9974210262298584,0.9999579787254333,167324351,yahoo
DAI,2023-08-23,1.000049948692322,1.00136399269104,0.9981899857521057,1.000033974647522,113137353,yahoo
DAI,2023-08-24,1.000043988227844,1.000597953796387,0.9972310066223145,1.000218987464905,91422807,yahoo
DAI,2023-08-25,1.000100016593933,1.000561952590942,0.998458981513977,0.9999880194664001,75095539,yahoo
DAI,2023-08-26,1.000044941902161,1.000226020812988,0.9988570213317871,0.9996600151062012,51285774,yahoo
DAI,2023-08-27,0.9997320175170898,1.000349998474121,0.9991769790649414,0.9999489784240723,48771602,yahoo
DAI,2023-08-28,0.999983012676239,1.000488042831421,0.9985380172729492,1.000004053115845,71798007,yahoo
DAI,2023-08-29,0.9999560117721558,1.002362966537476,0.9984840154647827,1.000092029571533,148523680,yahoo
DAI,2023-08-30,1.000103950500488,1.000306010246277,0.9986220002174377,1.000041961669922,96742673,yahoo
DAI,2023-08-31,1.000020980834961,1.00087296962738,0.9966800212860107,0.9997180104255676,91200391,yahoo
DAI,2023-09-01,0.9997429847717285,1.000571966171265,0.9979230165481567,1.000025033950806,126735127,yahoo
DAI,2023-09-02,1.000098943710327,1.000699043273926,0.9993360042572021,1.000236034393311,57894601,yahoo
DAI,2023-09-03,1.000308036804199,1.000972986221313,0.9990689754486084,1.000044941902161,45847952,yahoo
DAI,2023-09-04,1.000025033950806,1.000669002532959,0.9985349774360657,1.0000159740448,59334624,yahoo
DAI,2023-09-05,1.0,1.000797986984253,0.9985499978065491,1.000007033348083,63592958,yahoo
DAI,2023-09-06,1.0000239610672,1.00077497959137,0.9986199736595154,0.9999510049819946,89851655,yahoo
DAI,2023-09-07,0.9999319911003113,1.001001954078674,0.9988309741020203,0.999970018863678,68317518,yahoo
DAI,2023-09-08,0.999871015548706,1.001055955886841,0.9979239702224731,1.0001300573349,60004593,yahoo
DAI,2023-09-09,1.00010097026825,1.000555038452148,0.9993799924850464,1.000108957290649,50141518,yahoo
DAI,2023-09-10,1.000108003616333,1.000849008560181,0.9987750053405762,0.999360978603363,56181069,yahoo
DAI,2023-09-11,0.9994249939918518,1.000712990760803,0.9973670244216919,1.000205993652344,111723582,yahoo
DAI,2023-09-12,1.000197052955627,1.001438975334167,0.9984930157661438,0.9996399879455566,119817591,yahoo
DAI,2023-09-13,0.9996520280838013,1.001165986061096,0.9989680051803589,1.000170946121216,85210776,yahoo
DAI,2023-09-14,1.000151038169861,1.00134801864624,0.9992949962615967,0.9996790289878845,109894161,yahoo
DAI,2023-09-15,0.999763011932373,1.000942945480347,0.9987630248069763,1.000051975250244,94376588,yahoo
DAI,2023-09-16,0.9999759793281555,1.000743985176086,0.9989420175552368,1.000056028366089,50172574,yahoo
DAI,2023-09-17,1.000040054321289,1.000648021697998,0.9990490078926086,1.000471949577332,52246844,yahoo
DAI,2023-09-18,1.000352025032043,1.001121997833252,0.9980329871177673,0.9998490214347839,94325938,yahoo
DAI,2023-09-19,0.9998400211334229,1.00103497505188,0.9987419843673706,1.000051975250244,106018722,yahoo
DAI,2023-09-20,1.000025033950806,1.000718951225281,0.9984859824180603,0.9996820092201233,83337762,yahoo
DAI,2023-09-21,0.9996700286865234,1.000184059143066,0.9975950121879578,0.9993759989738464,84099819,yahoo
DAI,2023-09-22,0.9993699789047241,1.000412940979004,0.9986090064048767,0.9998829960823059,71307258,yahoo
DAI,2023-09-23,0.9998549818992615,1.000476956367493,0.9994580149650574,1.000180959701538,107981349,yahoo
DAI,2023-09-24,1.000164031982422,1.000627040863037,0.9994620084762573,0.9999129772186279,48885697,yahoo
DAI,2023-09-25,0.9999110102653503,1.000800967216492,0.9988459944725037,1.000038981437683,114545893,yahoo
DAI,2023-09-26,1.000025987625122,1.000565052032471,0.9990109801292419,1.000141978263855,63832983,yahoo
DAI,2023-09-27,1.000089049339294,1.000900030136108,0.9982579946517944,0.9999549984931946,81155950,yahoo
DAI,2023-09-28,0.9999840259552002,1.001430034637451,0.9992719888687134,1.000288009643555,101481441,yahoo
DAI,2023-09-29,1.000285029411316,1.001230955123901,0.9988719820976257,1.000306963920593,80869928,yahoo
DAI,2023-09-30,1.00028395652771,1.000887036323547,0.9994660019874573,0.9996740221977234,63143181,yahoo
DAI,2023-10-01,0.9996309876441956,1.001304030418396,0.9988080263137817,1.000179052352905,94375863,yahoo
DAI,2023-10-02,1.000133991241455,1.000921010971069,0.9966390132904053,0.9997010231018066,123620717,yahoo
DAI,2023-10-03,0.9997649788856506,1.00032901763916,0.9982960224151611,0.9995080232620239,86663004,yahoo
DAI,2023-10-04,0.9995890259742737,1.000766038894653,0.9978539943695068,1.000200033187866,105687444,yahoo
DAI,2023-10-05,1.000241041183472,1.000841975212097,0.9989039897918701,0.9993270039558411,79046376,yahoo
DAI,2023-10-06,0.9993330240249634,1.001260995864868,0.9991430044174194,0.9998940229415894,60841696,yahoo
DAI,2023-10-07,0.999875009059906,1.000339984893799,0.9992809891700745,0.9997889995574951,47390141,yahoo
DAI,2023-10-08,0.9998949766159058,1.000534057617188,0.9991099834442139,0.9999759793281555,65534541,yahoo
DAI,2023-10-09,0.9999639987945557,1.000542044639587,0.998054027557373,0.9997079968452454,99621218,yahoo
DAI,2023-10-10,0.9997209906578064,1.000578999519348,0.9984880089759827,0.9997159838676453,96131023,yahoo
DAI,2023-10-11,0.9996680021286011,1.000664949417114,0.9977669715881348,0.9997239708900452,128669499,yahoo
DAI,2023-10-12,0.9996730089187622,1.000534057617188,0.9984170198440552,0.9999979734420776,112538697,yahoo
DAI,2023-10-13,1.000041961669922,1.001559972763062,0.9991419911384583,1.0,89813317,yahoo
DAI,2023-10-14,0.9999989867210388,1.000661015510559,0.9993529915809631,1.000082969665527,62450642,yahoo
DAI,2023-10-15,1.000107049942017,1.000648975372314,0.9992889761924744,1.000012993812561,49600562,yahoo
DAI,2023-10-16,1.000038027763367,1.001392006874084,0.9988009929656982,1.000298976898193,197423051,yahoo
DAI,2023-10-17,1.000264048576355,1.00036096572876,0.9985209703445435,1.000013947486877,82966431,yahoo
DAI,2023-10-18,1.000043034553528,1.000609993934631,0.9991289973258972,0.9999560117721558,104432932,yahoo
DAI,2023-10-19,0.9999790191650391,1.000677943229675,0.9991649985313416,1.000051021575928,83748847,yahoo
DAI,2023-10-20,1.00008499622345,1.00141704082489,0.9991959929466248,0.9999819993972778,105809286,yahoo
DAI,2023-10-21,0.9999399781227112,1.000828981399536,0.9995880126953125,1.000054955482483,120631482,yahoo
DAI,2023-10-22,1.0,1.000983953475952,0.9992510080337524,1.000463008880615,156250642,yahoo
DAI,2023-10-23,1.001183032989502,1.001963973045349,0.9990379810333252,1.000638961791992,321029773,yahoo
DAI,2023-10-24,1.000614047050476,1.001696944236755,0.9974259734153748,0.999638020992279,286764128,yahoo
DAI,2023-10-25,0.9997919797897339,1.001243948936462,0.9987000226974487,0.999970018863678,164506763,yahoo
DAI,2023-10-26,1.000007033348083,1.000846028327942,0.9976969957351685,0.9999809861183167,189373020,yahoo
DAI,2023-10-27,0.9999380111694336,1.000607013702393,0.9983779788017273,1.000146985054016,155284094,yahoo
DAI,2023-10-28,1.00010097026825,1.000627040863037,0.9990800023078918,0.99993497133255,88454631,yahoo
DAI,2023-10-29,0.9998700022697449,1.000952959060669,0.9992769956588745,0.9999250173568726,75680047,yahoo
DAI,2023-10-30,0.9999390244483948,1.001278042793274,0.9988629817962646,1.000221014022827,139546751,yahoo
DAI,2023-10-31,1.000208020210266,1.000815987586975,0.9989029765129089,1.000781059265137,146551108,yahoo
DAI,2023-11-01,1.000720024108887,1.001332998275757,0.9984639883041382,1.000306010246277,173707901,yahoo
DAI,2023-11-02,1.000357985496521,1.001077055931091,0.9975339770317078,1.000180959701538,184094013,yahoo
DAI,2023-11-03,1.000112056732178,1.000975012779236,0.998511016368866,1.000406980514526,163214643,yahoo
DAI,2023-11-04,1.00056004524231,1.001109957695007,0.999521017074585,0.9997649788856506,89381827,yahoo
DAI,2023-11-05,0.9997479915618896,1.00148594379425,0.9988939762115479,0.9997529983520508,146607203,yahoo
DAI,2023-11-06,0.9996079802513123,1.000851988792419,0.999081015586853,1.000200033187866,151444626,yahoo
DAI,2023-11-07,1.000172972679138,1.001624941825867,0.9986439943313599,1.000148057937622,134092004,yahoo
DAI,2023-11-08,1.000180006027222,1.000882029533386,0.9990730285644531,0.9996579885482788,158366487,yahoo
DAI,2023-11-09,0.9996709823608398,1.00137996673584,0.997717022895813,1.000409960746765,313649994,yahoo
DAI,2023-11-10,1.000365018844604,1.001070976257324,0.9988470077514648,0.9996770024299622,212089633,yahoo
DAI,2023-11-11,0.9995449781417847,1.000802040100098,0.9980970025062561,0.9998059868812561,166861448,yahoo
DAI,2023-11-12,0.9998589754104614,1.000851988792419,0.9981309771537781,0.9994710087776184,140367293,yahoo
DAI,2023-11-13,0.999576985836029,1.001489996910095,0.998386025428772,0.9987229704856873,168357039,yahoo
DAI,2023-11-14,0.998803973197937,1.001274943351746,0.9971920251846313,0.9995359778404236,183009485,yahoo
DAI,2023-11-15,0.9995689988136292,1.002086043357849,0.9989870190620422,1.000684976577759,178414008,yahoo
DAI,2023-11-16,1.000674962997437,1.001361012458801,0.9965749979019165,0.9998909831047058,241158674,yahoo
DAI,2023-11-17,0.9998229742050171,1.00157904624939,0.9976699948310852,1.000419974327087,204404254,yahoo
DAI,2023-11-18,1.000525951385498,1.00143301486969,0.9985870122909546,1.000352025032043,279846305,yahoo
DAI,2023-11-19,1.000339031219482,1.001451015472412,0.9990280270576477,1.000583052635193,237737018,yahoo
DAI,2023-11-20,1.000671029090881,1.001212000846863,0.9986680150032043,0.9995710253715515,263191467,yahoo
DAI,2023-11-21,0.9996089935302734,1.001237988471985,0.997327983379364,0.9979209899902344,300031548,yahoo
DAI,2023-11-22,0.9978960156440735,1.00152599811554,0.997639000415802,0.9998940229415894,265816148,yahoo
DAI,2023-11-23,0.9997329711914062,1.001127004623413,0.9987589716911316,0.9996860027313232,239495570,yahoo
DAI,2023-11-24,0.9997460246086121,1.001500010490417,0.9983829855918884,1.000028014183044,242064501,yahoo
DAI,2023-11-25,0.9999740123748779,1.001186013221741,0.9990190267562866,1.00010097026825,231477989,yahoo
DAI,2023-11-26,1.000100016593933,1.001039981842041,0.9978640079498291,0.9996740221977234,247938608,yahoo
DAI,2023-11-27,0.9995880126953125,1.000684022903442,0.9983919858932495,1.000161051750183,312672885,yahoo
DAI,2023-11-28,1.000192999839783,1.001358985900879,0.9983940124511719,0.9995530247688293,312447154,yahoo
DAI,2023-11-29,0.9995089769363403,1.000818967819214,0.9985640048980713,0.9997169971466064,314547669,yahoo
DAI,2023-11-30,0.9997730255126953,1.000895023345947,0.9988769888877869,1.000062942504883,504381554,yahoo
DAI,2023-12-01,1.000123977661133,1.000748991966248,0.9987409710884094,0.9997529983520508,220472115,yahoo
DAI,2023-12-02,0.9997490048408508,1.001446962356567,0.9988459944725037,1.000005006790161,310128871,yahoo
DAI,2023-12-03,0.9999669790267944,1.000754952430725,0.9987369775772095,0.9996500015258789,361084615,yahoo
DAI,2023-12-04,0.999692976474762,1.000838041305542,0.9987630248069763,1.00055205821991,448318964,yahoo
DAI,2023-12-05,1.000465989112854,1.001209020614624,0.9972749948501587,1.000419020652771,602935460,yahoo
DAI,2023-12-06,1.000388026237488,1.001039028167725,0.9983569979667664,0.9991880059242249,306190359,yahoo
DAI,2023-12-07,0.9992579817771912,1.001145958900452,0.9981920123100281,1.000061988830566,298090261,yahoo
DAI,2023-12-08,0.9999729990959167,1.001006007194519,0.9990339875221252,0.9999229907989502,280626307,yahoo
DAI,2023-12-09,0.9999740123748779,1.001606941223145,0.9983630180358887,0.9996730089187622,276870222,yahoo
DAI,2023-12-10,0.9996489882469177,1.000645041465759,0.9983459711074829,0.9998949766159058,223455007,yahoo
DAI,2023-12-11,0.9999499917030334,1.001034021377563,0.9957759976387024,1.000195026397705,345970674,yahoo
DAI,2023-12-12,1.000197052955627,1.001289963722229,0.9980630278587341,1.000367999076843,306049666,yahoo
DAI,2023-12-13,1.000336050987244,1.002421021461487,0.998104989528656,1.000134944915771,297470064,yahoo
DAI,2023-12-14,0.9999750256538391,1.001245021820068,0.9984570145606995,1.000164985656738,349451707,yahoo
DAI,2023-12-15,1.000185012817383,1.000532031059265,0.9977869987487793,0.9982370138168335,242839446,yahoo
DAI,2023-12-16,0.9983850121498108,1.000736951828003,0.9977740049362183,0.9992920160293579,371406387,yahoo
DAI,2023-12-17,0.9993289709091187,1.000602960586548,0.997668981552124,0.9991379976272583,205593888,yahoo
DAI,2023-12-18,0.9991250038146973,1.001306056976318,0.9968540072441101,1.000203013420105,222566928,yahoo
DAI,2023-12-19,1.000187039375305,1.001145005226135,0.9976230263710022,0.9997569918632507,292953168,yahoo
DAI,2023-12-20,0.9998250007629395,1.001109957695007,0.9979749917984009,1.000041961669922,251133098,yahoo
DAI,2023-12-21,1.000098943710327,1.000756978988647,0.9982789754867554,1.000166058540344,214502485,yahoo
DAI,2023-12-22,1.000105023384094,1.001114010810852,0.9985600113868713,1.000326037406921,243828091,yahoo
DAI,2023-12-23,1.000233054161072,1.00055205821991,0.9983109831809998,0.9999750256538391,180543827,yahoo
DAI,2023-12-24,1.000004053115845,1.000862002372742,0.9979519844055176,0.9995089769363403,157911174,yahoo
DAI,2023-12-25,0.9994159936904907,1.000797033309937,0.9983590245246887,0.9996160268783569,226135423,yahoo
DAI,2023-12-26,0.9997180104255676,1.000620007514954,0.996645987033844,1.000383973121643,231686753,yahoo
DAI,2023-12-27,1.000424027442932,1.001484990119934,0.9989410042762756,1.00031304359436,264968316,yahoo
DAI,2023-12-28,1.000069975852966,1.001127004623413,0.997704029083252,0.999737024307251,293430251,yahoo
DAI,2023-12-29,0.9998109936714172,1.000833988189697,0.9973980188369751,1.000419020652771,244283931,yahoo
DAI,2023-12-30,1.000409007072449,1.000798940658569,0.9982550144195557,0.9994549751281738,214916196,yahoo
DAI,2023-12-31,0.9992200136184692,1.000584959983826,0.9984440207481384,0.999413013458252,235247576,yahoo
ETH,2022-01-01,3683.047119140625,3769.91796875,3682.28662109375,3769.697021484375,9776191466,yahoo
ETH,2022-01-02,3769.29833984375,3836.161865234375,3727.357421875,3829.56494140625,9881471548,yahoo
ETH,2022-01-03,3829.53564453125,3836.19873046875,3698.047607421875,3761.38037109375,12080777893,yahoo
ETH,2022-01-04,3761.361572265625,3876.78515625,3723.349853515625,3794.056640625,14030925983,yahoo
ETH,2022-01-05,3794.26904296875,3842.059814453125,3456.745361328125,3550.386962890625,18061338502,yahoo
ETH,2022-01-06,3549.708984375,3549.708984375,3335.376708984375,3418.408203125,24293791313,yahoo
ETH,2022-01-07,3417.837890625,3420.4619140625,3117.38134765625,3193.21044921875,24494179209,yahoo
ETH,2022-01-08,3193.50244140625,3240.304443359375,3020.880859375,3091.97265625,16037732700,yahoo
ETH,2022-01-09,3091.6962890625,3206.790771484375,3075.911376953125,3157.75146484375,12334683863,yahoo
ETH,2022-01-10,3157.570556640625,3177.21337890625,2947.68359375,3083.097900390625,19535744145,yahoo
ETH,2022-01-11,3082.990966796875,3247.511962890625,3061.140625,3238.111572265625,15211447193,yahoo
ETH,2022-01-12,3238.449951171875,3401.219970703125,3216.718017578125,3372.25830078125,16662871689,yahoo
ETH,2022-01-13,3372.10498046875,3396.9697265625,3247.91748046875,3248.28857421875,15294466275,yahoo
ETH,2022-01-14,3248.648681640625,3330.76611328125,3203.82373046875,3310.00146484375,13562957230,yahoo
ETH,2022-01-15,3309.84423828125,3364.537841796875,3278.6708984375,3330.53076171875,9619999078,yahoo
ETH,2022-01-16,3330.38720703125,3376.401123046875,3291.563720703125,3350.921875,9505934874,yahoo
ETH,2022-01-17,3350.947265625,3355.8193359375,3157.22412109375,3212.304931640625,12344309617,yahoo
ETH,2022-01-18,3212.28759765625,3236.01611328125,3096.12353515625,3164.025146484375,13024154091,yahoo
ETH,2022-01-19,3163.850341796875,3171.158447265625,3055.21240234375,3095.825927734375,13187424144,yahoo
ETH,2022-01-20,3095.271728515625,3265.3369140625,3000.908203125,3001.1201171875,10645922764,yahoo
ETH,2022-01-21,3002.956787109375,3029.0810546875,2496.81298828125,2557.931640625,26796291874,yahoo
ETH,2022-01-22,2561.145263671875,2615.247314453125,2330.247314453125,2405.18115234375,27369692036,yahoo
ETH,2022-01-23,2406.92431640625,2542.144775390625,2381.51513671875,2535.0390625,16481489511,yahoo
ETH,2022-01-24,2535.89111328125,2537.20849609375,2172.30126953125,2440.352294921875,28220804648,yahoo
ETH,2022-01-25,2440.3935546875,2498.507080078125,2359.384765625,2455.93505859375,16179776932,yahoo
ETH,2022-01-26,2455.5791015625,2705.7841796875,2417.68310546875,2468.0302734375,21229909340,yahoo
ETH,2022-01-27,2467.1884765625,2510.45166015625,2328.4521484375,2423.001220703125,16126522783,yahoo
ETH,2022-01-28,2421.64697265625,2548.778564453125,2367.833740234375,2547.092041015625,14666227351,yahoo
ETH,2022-01-29,2546.590576171875,2627.609375,2526.98974609375,2597.084716796875,11172062661,yahoo
ETH,2022-01-30,2598.56494140625,2631.408447265625,2550.4609375,2603.466552734375,9501221177,yahoo
ETH,2022-01-31,2603.263427734375,2697.7353515625,2489.072265625,2688.27880859375,13778234614,yahoo
ETH,2022-02-01,2687.89892578125,2802.3154296875,2682.621826171875,2792.1171875,13194846235,yahoo
ETH,2022-02-02,2791.958984375,2802.212158203125,2630.120361328125,2682.85400390625,13876301217,yahoo
ETH,2022-02-03,2682.22607421875,2712.482666015625,2587.783447265625,2679.16259765625,12755505065,yahoo
ETH,2022-02-04,2681.0576171875,2983.5869140625,2675.44384765625,2983.5869140625,18987223729,yahoo
ETH,2022-02-05,2984.446044921875,3054.130126953125,2966.781005859375,3014.648193359375,13102093957,yahoo
ETH,2022-02-06,3014.959716796875,3061.26123046875,2965.429931640625,3057.47607421875,9466018022,yahoo
ETH,2022-02-07,3057.422119140625,3182.5283203125,3002.927001953125,3142.470703125,15197063785,yahoo
ETH,2022-02-08,3143.008544921875,3219.47265625,3038.3779296875,3122.608642578125,17136080906,yahoo
ETH,2022-02-09,3121.1826171875,3263.15576171875,3063.16015625,3239.45703125,13951308490,yahoo
ETH,2022-02-10,3240.113037109375,3271.316162109375,3070.378173828125,3077.482177734375,18629485080,yahoo
ETH,2022-02-11,3077.4130859375,3127.45068359375,2888.707763671875,2927.383544921875,16043881065,yahoo
ETH,2022-02-12,2927.386474609375,2980.079345703125,2870.177001953125,2917.36279296875,11254355757,yahoo
ETH,2022-02-13,2916.78955078125,2947.776611328125,2845.397705078125,2883.46337890625,9054963563,yahoo
ETH,2022-02-14,2880.187744140625,2957.963623046875,2840.257568359375,2933.47900390625,12164552172,yahoo
ETH,2022-02-15,2933.72900390625,3185.520751953125,2917.857177734375,3179.877197265625,13921257873,yahoo
ETH,2022-02-16,3180.44677734375,3181.616943359375,3055.168212890625,3127.830078125,12352406833,yahoo
ETH,2022-02-17,3126.8583984375,3154.615234375,2861.85205078125,2881.48193359375,15860206214,yahoo
ETH,2022-02-18,2884.340576171875,2937.30859375,2761.643310546875,2785.7275390625,15748173433,yahoo
ETH,2022-02-19,2784.872802734375,2826.347900390625,2707.37841796875,2763.701171875,9774183169,yahoo
ETH,2022-02-20,2763.756591796875,2763.756591796875,2585.9462890625,2628.6484375,11641437834,yahoo
ETH,2022-02-21,2627.66552734375,2752.45849609375,2568.25439453125,2573.816162109375,18646392740,yahoo
ETH,2022-02-22,2572.898681640625,2648.916748046875,2510.6787109375,2639.29931640625,16360200507,yahoo
ETH,2022-02-23,2639.447021484375,2741.368408203125,2587.412841796875,2590.359619140625,13382637240,yahoo
ETH,2022-02-24,2588.166259765625,2689.047607421875,2308.914794921875,2598.067138671875,29312342666,yahoo
ETH,2022-02-25,2598.436279296875,2821.972412109375,2579.2080078125,2764.53564453125,17208902048,yahoo
ETH,2022-02-26,2764.989501953125,2849.424072265625,2745.009033203125,2781.11181640625,11724648351,yahoo
ETH,2022-02-27,2780.50439453125,2831.12548828125,2581.61572265625,2621.8017578125,16150857254,yahoo
ETH,2022-02-28,2621.172119140625,2929.180419921875,2586.38818359375,2919.201171875,19266124733,yahoo
ETH,2022-03-01,2919.77587890625,3029.651611328125,2868.93896484375,2972.485107421875,18757425786,yahoo
ETH,2022-03-02,2972.471923828125,3026.8681640625,2919.943115234375,2950.118408203125,16636517503,yahoo
ETH,2022-03-03,2950.15673828125,2964.67333984375,2797.3193359375,2834.468994140625,13091199728,yahoo
ETH,2022-03-04,2834.9873046875,2835.17626953125,2587.748291015625,2617.156005859375,14496939024,yahoo
ETH,2022-03-05,2618.4736328125,2679.1025390625,2596.989990234375,2664.8310546875,8072368396,yahoo
ETH,2022-03-06,2664.943603515625,2673.63720703125,2555.037353515625,2555.037353515625,8872976607,yahoo
ETH,2022-03-07,2555.297607421875,2639.943115234375,2455.59375,2497.771240234375,14594098731,yahoo
ETH,2022-03-08,2497.721435546875,2618.166015625,2489.755126953125,2576.74755859375,13922922903,yahoo
ETH,2022-03-09,2577.165283203125,2761.79638671875,2573.6552734375,2729.783447265625,14173665398,yahoo
ETH,2022-03-10,2729.116455078125,2729.116455078125,2566.193115234375,2608.048583984375,13292477213,yahoo
ETH,2022-03-11,2608.271240234375,2664.55859375,2534.688232421875,2559.56298828125,12382419582,yahoo
ETH,2022-03-12,2559.66064453125,2606.438720703125,2559.126953125,2574.754150390625,6532996574,yahoo
ETH,2022-03-13,2573.488037109375,2594.5498046875,2503.88525390625,2518.944580078125,8632000379,yahoo
ETH,2022-03-14,2518.486328125,2604.034423828125,2505.29931640625,2590.696044921875,11244398839,yahoo
ETH,2022-03-15,2590.6689453125,2662.32958984375,2515.765869140625,2620.149658203125,12861105614,yahoo
ETH,2022-03-16,2620.028564453125,2781.30712890625,2610.764404296875,2772.0556640625,17915109769,yahoo
ETH,2022-03-17,2771.964111328125,2826.16064453125,2751.560791015625,2814.8544921875,12685265194,yahoo
ETH,2022-03-18,2814.4345703125,2973.6162109375,2774.855712890625,2945.343017578125,15830879093,yahoo
ETH,2022-03-19,2944.7216796875,2979.987060546875,2910.80224609375,2946.257080078125,11576463120,yahoo
ETH,2022-03-20,2946.547607421875,2956.965576171875,2826.107421875,2860.459228515625,12684727326,yahoo
ETH,2022-03-21,2860.103271484375,2954.556640625,2838.25048828125,2897.9765625,15206116098,yahoo
ETH,2022-03-22,2897.774169921875,3040.3828125,2892.54443359375,2973.131103515625,16830539230,yahoo
ETH,2022-03-23,2973.14501953125,3036.752197265625,2933.306640625,3031.067138671875,16008767658,yahoo
ETH,2022-03-24,3031.060791015625,3118.3876953125,3012.32666015625,3108.06201171875,18070503166,yahoo
ETH,2022-03-25,3108.448974609375,3183.9580078125,3087.49072265625,3106.67138671875,17030503831,yahoo
ETH,2022-03-26,3106.4052734375,3146.825439453125,3091.825439453125,3143.178955078125,8876420740,yahoo
ETH,2022-03-27,3143.795654296875,3291.57763671875,3129.997802734375,3291.57763671875,13431866834,yahoo
ETH,2022-03-28,3292.322509765625,3424.019287109375,3279.027099609375,3336.634521484375,20620450770,yahoo
ETH,2022-03-29,3335.021240234375,3470.186279296875,3335.021240234375,3401.98779296875,19533323636,yahoo
ETH,2022-03-30,3401.526123046875,3435.2861328125,3349.237060546875,3385.157958984375,15302506131,yahoo
ETH,2022-03-31,3385.289306640625,3435.12841796875,3272.9345703125,3281.642822265625,17685495686,yahoo
ETH,2022-04-01,3282.576171875,3467.555908203125,3223.891357421875,3449.55224609375,20982988937,yahoo
ETH,2022-04-02,3449.78857421875,3521.28466796875,3442.000244140625,3445.059326171875,23571556215,yahoo
ETH,2022-04-03,3444.810546875,3573.960205078125,3421.259765625,3522.83349609375,15333808649,yahoo
ETH,2022-04-04,3522.364990234375,3535.148193359375,3422.0009765625,3521.2412109375,18209969743,yahoo
ETH,2022-04-05,3521.23974609375,3546.706787109375,3410.547607421875,3411.79248046875,16681503199,yahoo
ETH,2022-04-06,3411.672119140625,3411.672119140625,3171.205078125,3171.69189453125,25632563639,yahoo
ETH,2022-04-07,3172.197265625,3263.474609375,3155.5810546875,3233.274658203125,16745496605,yahoo
ETH,2022-04-08,3233.2724609375,3301.607421875,3179.142333984375,3192.073974609375,17557050669,yahoo
ETH,2022-04-09,3191.97607421875,3261.963134765625,3187.46923828125,3261.916259765625,9908112156,yahoo
ETH,2022-04-10,3261.29150390625,3303.003173828125,3211.866943359375,3211.866943359375,10427054790,yahoo
ETH,2022-04-11,3209.576904296875,3214.4619140625,2962.756591796875,2981.05224609375,21891804831,yahoo
ETH,2022-04-12,2981.420654296875,3077.45263671875,2957.872314453125,3030.37646484375,20235707410,yahoo
ETH,2022-04-13,3029.8779296875,3123.575439453125,3006.481689453125,3118.34423828125,16088473629,yahoo
ETH,2022-04-14,3117.82177734375,3139.9287109375,2988.435302734375,3019.909423828125,15821419931,yahoo
ETH,2022-04-15,3020.134521484375,3044.287353515625,3001.123291015625,3040.91650390625,11256651536,yahoo
ETH,2022-04-16,3041.123291015625,3074.886962890625,3016.421142578125,3062.310302734375,8766710365,yahoo
ETH,2022-04-17,3061.8818359375,3075.77587890625,2989.0439453125,2993.4033203125,10463091281,yahoo
ETH,2022-04-18,2993.48388671875,3062.52099609375,2893.912841796875,3057.606689453125,18629381299,yahoo
ETH,2022-04-19,3057.5703125,3125.084228515625,3035.53515625,3104.1064453125,14156035096,yahoo
ETH,2022-04-20,3103.93505859375,3157.8857421875,3045.288330078125,3077.745849609375,15547362265,yahoo
ETH,2022-04-21,3077.829345703125,3173.451416015625,2962.410400390625,2987.480712890625,20783591093,yahoo
ETH,2022-04-22,2986.938720703125,3024.8544921875,2942.358642578125,2964.835693359375,16782795477,yahoo
ETH,2022-04-23,2964.80224609375,2975.32275390625,2926.740234375,2938.114013671875,9116955609,yahoo
ETH,2022-04-24,2937.34716796875,2961.882080078125,2922.128662109375,2922.732666015625,9696829579,yahoo
ETH,2022-04-25,2922.990234375,3018.41552734375,2804.507080078125,3009.3935546875,22332690614,yahoo
ETH,2022-04-26,3008.9462890625,3026.4150390625,2786.253173828125,2808.29833984375,19052045399,yahoo
ETH,2022-04-27,2808.64599609375,2911.87744140625,2802.2734375,2888.9296875,17419284041,yahoo
ETH,2022-04-28,2888.849853515625,2973.135009765625,2861.821533203125,2936.94091796875,18443524633,yahoo
ETH,2022-04-29,2936.776611328125,2943.44580078125,2782.435302734375,2815.601806640625,18771041399,yahoo
ETH,2022-04-30,2815.533447265625,2836.82763671875,2727.40625,2730.186767578125,13520941867,yahoo
ETH,2022-05-01,2729.994140625,2838.704345703125,2728.078857421875,2827.756103515625,15332730152,yahoo
ETH,2022-05-02,2827.614013671875,2874.14599609375,2785.52294921875,2857.410400390625,18609741545,yahoo
ETH,2022-05-03,2857.15234375,2859.193359375,2762.11865234375,2783.476318359375,13026093219,yahoo
ETH,2022-05-04,2783.131103515625,2956.686767578125,2779.273681640625,2940.644775390625,18186749944,yahoo
ETH,2022-05-05,2940.2265625,2948.960693359375,2704.916259765625,2749.213134765625,22642925048,yahoo
ETH,2022-05-06,2748.931640625,2754.837646484375,2645.335205078125,2694.979736328125,21027599270,yahoo
ETH,2022-05-07,2694.991943359375,2696.65283203125,2599.5234375,2636.093017578125,13369276367,yahoo
ETH,2022-05-08,2636.121826171875,2638.83056640625,2498.43017578125,2517.4599609375,20802269935,yahoo
ETH,2022-05-09,2518.50830078125,2528.258056640625,2238.062744140625,2245.430419921875,36333567678,yahoo
ETH,2022-05-10,2242.650390625,2450.76025390625,2206.7568359375,2343.510986328125,38202099639,yahoo
ETH,2022-05-11,2342.754150390625,2441.079345703125,2018.855590820312,2072.108642578125,45743399154,yahoo
ETH,2022-05-12,2072.504638671875,2170.4580078125,1748.303100585938,1961.701538085938,42463486402,yahoo
ETH,2022-05-13,1960.12255859375,2139.71337890625,1941.975952148438,2014.418212890625,24816096567,yahoo
ETH,2022-05-14,2014.280639648438,2063.429931640625,1956.572998046875,2056.27392578125,15457044616,yahoo
ETH,2022-05-15,2056.18310546875,2147.1943359375,2008.162719726562,2145.706787109375,14846088335,yahoo
ETH,2022-05-16,2145.8369140625,2145.8369140625,1988.811767578125,2022.725952148438,21459552191,yahoo
ETH,2022-05-17,2022.88232421875,2113.059814453125,2015.971557617188,2090.4091796875,18509929297,yahoo
ETH,2022-05-18,2090.4599609375,2102.32666015625,1916.656127929688,1916.656127929688,17740965589,yahoo
ETH,2022-05-19,1916.149536132812,2028.38818359375,1907.0205078125,2018.336181640625,18734247914,yahoo
ETH,2022-05-20,2018.000122070312,2054.7958984375,1926.6767578125,1961.315673828125,15892482289,yahoo
ETH,2022-05-21,1961.017944335938,1985.39599609375,1944.26513671875,1974.518310546875,8546822406,yahoo
ETH,2022-05-22,1974.670654296875,2047.19140625,1966.038818359375,2043.170166015625,10941123403,yahoo
ETH,2022-05-23,2042.3447265625,2080.33349609375,1964.386596679688,1972.181884765625,16434529708,yahoo
ETH,2022-05-24,1972.390869140625,1991.535522460938,1920.688110351562,1978.982788085938,13057109007,yahoo
ETH,2022-05-25,1978.677001953125,2014.369506835938,1943.938598632812,1944.827880859375,13364545730,yahoo
ETH,2022-05-26,1945.033325195312,1962.171142578125,1759.199584960938,1803.913330078125,23458681818,yahoo
ETH,2022-05-27,1802.543823242188,1814.656494140625,1721.264770507812,1724.9228515625,25470760032,yahoo
ETH,2022-05-28,1724.635986328125,1757.941772460938,1724.635986328125,1757.941772460938,23214777872,yahoo
ETH,2022-05-29,1792.184448242188,1818.776611328125,1765.937377929688,1812.031005859375,10642556101,yahoo
ETH,2022-05-30,1811.885986328125,2005.210815429688,1804.4560546875,1996.441284179688,19580808705,yahoo
ETH,2022-05-31,1996.408081054688,2005.490966796875,1932.35205078125,1942.328002929688,18363115560,yahoo
ETH,2022-06-01,1942.050659179688,1965.166625976562,1776.05322265625,1823.5693359375,21037797760,yahoo
ETH,2022-06-02,1822.412109375,1845.31396484375,1789.664184570312,1834.150512695312,17065041354,yahoo
ETH,2022-06-03,1834.135009765625,1840.058837890625,1746.509765625,1775.07861328125,14878001811,yahoo
ETH,2022-06-04,1775.220825195312,1810.299682617188,1751.533325195312,1801.609497070312,8677951273,yahoo
ETH,2022-06-05,1801.818969726562,1825.859619140625,1777.13330078125,1805.204956054688,8850385937,yahoo
ETH,2022-06-06,1805.635986328125,1915.030517578125,1804.990234375,1859.289672851562,16518471852,yahoo
ETH,2022-06-07,1859.333740234375,1862.914916992188,1729.41357421875,1814.04833984375,24020076750,yahoo
ETH,2022-06-08,1814.100708007812,1830.676025390625,1770.231201171875,1793.572265625,18041476023,yahoo
ETH,2022-06-09,1793.512817382812,1827.293090820312,1779.867553710938,1789.826049804688,12013083393,yahoo
ETH,2022-06-10,1789.68994140625,1797.607788085938,1663.433959960938,1665.042236328125,18504740451,yahoo
ETH,2022-06-11,1665.217895507812,1679.314208984375,1507.038940429688,1529.663452148438,21127089064,yahoo
ETH,2022-06-12,1530.189697265625,1539.705078125,1436.183959960938,1445.216552734375,23465074882,yahoo
ETH,2022-06-13,1443.83544921875,1448.738037109375,1181.9482421875,1204.582763671875,45162788786,yahoo
ETH,2022-06-14,1204.555297851562,1252.471801757812,1094.701904296875,1211.662841796875,33327826525,yahoo
ETH,2022-06-15,1211.365966796875,1236.627563476562,1025.684204101562,1233.206420898438,37539999450,yahoo
ETH,2022-06-16,1233.603515625,1246.140625,1058.784545898438,1067.730712890625,18907671369,yahoo
ETH,2022-06-17,1067.987670898438,1112.471557617188,1060.86767578125,1086.519287109375,14591486540,yahoo
ETH,2022-06-18,1086.3779296875,1095.166870117188,896.1090087890625,993.6367797851562,21655406608,yahoo
ETH,2022-06-19,993.400634765625,1142.3408203125,943.1163330078125,1127.656494140625,21795481981,yahoo
ETH,2022-06-20,1127.65625,1159.9853515625,1066.113159179688,1127.642456054688,19739691429,yahoo
ETH,2022-06-21,1127.511840820312,1185.432495117188,1112.572631835938,1124.824584960938,15632089439,yahoo
ETH,2022-06-22,1125.372924804688,1126.26171875,1049.763305664062,1051.421875,15010593493,yahoo
ETH,2022-06-23,1051.329345703125,1146.494262695312,1050.219604492188,1143.38671875,14657862919,yahoo
ETH,2022-06-24,1143.204711914062,1238.616943359375,1134.514038085938,1226.8447265625,16981552654,yahoo
ETH,2022-06-25,1226.724731445312,1246.394287109375,1184.56201171875,1243.446899414062,12481946184,yahoo
ETH,2022-06-26,1242.987548828125,1272.131225585938,1199.406372070312,1199.831665039062,12096607824,yahoo
ETH,2022-06-27,1199.713134765625,1234.180786132812,1179.79248046875,1193.6806640625,12492225250,yahoo
ETH,2022-06-28,1193.254028320312,1229.739013671875,1141.15966796875,1144.579223632812,14023205651,yahoo
ETH,2022-06-29,1144.5244140625,1152.684814453125,1092.09912109375,1098.94384765625,15386286815,yahoo
ETH,2022-06-30,1099.353149414062,1103.6904296875,1009.094848632812,1067.298828125,16350755497,yahoo
ETH,2022-07-01,1068.316772460938,1100.223876953125,1040.150756835938,1059.767333984375,17499453625,yahoo
ETH,2022-07-02,1060.121215820312,1073.052612304688,1033.962158203125,1066.512817382812,9935603640,yahoo
ETH,2022-07-03,1066.467407226562,1083.4189453125,1044.005615234375,1073.766967773438,8557248150,yahoo
ETH,2022-07-04,1073.794311523438,1152.94384765625,1048.396362304688,1151.05908203125,13670889311,yahoo
ETH,2022-07-05,1150.509765625,1165.682739257812,1086.829956054688,1134.541015625,16195518291,yahoo
ETH,2022-07-06,1134.822265625,1193.63671875,1116.24755859375,1186.973999023438,15373536703,yahoo
ETH,2022-07-07,1186.9609375,1246.894897460938,1165.623168945312,1237.593383789062,14230795894,yahoo
ETH,2022-07-08,1237.580322265625,1262.8857421875,1200.632202148438,1222.506225585938,16315929082,yahoo
ETH,2022-07-09,1222.306884765625,1228.767944335938,1209.377563476562,1216.978271484375,8821353104,yahoo
ETH,2022-07-10,1216.904418945312,1216.904418945312,1157.175537109375,1168.401611328125,10984558039,yahoo
ETH,2022-07-11,1168.139038085938,1169.19384765625,1095.002807617188,1097.236572265625,12064180410,yahoo
ETH,2022-07-12,1097.259155273438,1097.259155273438,1038.135620117188,1038.191650390625,12583282453,yahoo
ETH,2022-07-13,1038.186645507812,1113.587158203125,1019.220336914062,1113.587158203125,18302588147,yahoo
ETH,2022-07-14,1113.515747070312,1202.953369140625,1077.40576171875,1191.526245117188,16688640823,yahoo
ETH,2022-07-15,1191.6748046875,1275.778198242188,1182.903198242188,1233.129150390625,17411448225,yahoo
ETH,2022-07-16,1232.791625976562,1377.944580078125,1195.60595703125,1352.62646484375,18364013796,yahoo
ETH,2022-07-17,1353.205078125,1378.41748046875,1329.763305664062,1338.6357421875,16079711737,yahoo
ETH,2022-07-18,1338.806030273438,1578.717895507812,1338.806030273438,1578.717895507812,27440420623,yahoo
ETH,2022-07-19,1578.383911132812,1607.033081054688,1501.797485351562,1542.975219726562,27753529276,yahoo
ETH,2022-07-20,1542.954345703125,1612.645751953125,1500.80322265625,1520.20068359375,22942708340,yahoo
ETH,2022-07-21,1520.37451171875,1595.761962890625,1472.185424804688,1576.74951171875,20009556587,yahoo
ETH,2022-07-22,1576.745361328125,1641.209228515625,1523.641723632812,1537.405151367188,18926100582,yahoo
ETH,2022-07-23,1536.457397460938,1591.632568359375,1495.678100585938,1549.297485351562,14998811383,yahoo
ETH,2022-07-24,1549.222534179688,1654.4287109375,1548.671142578125,1599.476684570312,17217849557,yahoo
ETH,2022-07-25,1599.1572265625,1605.3369140625,1445.383422851562,1445.383422851562,20585056021,yahoo
ETH,2022-07-26,1445.151123046875,1445.151123046875,1362.95166015625,1441.806762695312,18238563509,yahoo
ETH,2022-07-27,1443.726806640625,1636.799438476562,1423.618896484375,1636.232666015625,23007524016,yahoo
ETH,2022-07-28,1636.23193359375,1774.576416015625,1604.890991210938,1725.468139648438,27231399966,yahoo
ETH,2022-07-29,1725.623901367188,1759.884033203125,1662.791137695312,1727.406982421875,23249531113,yahoo
ETH,2022-07-30,1727.061889648438,1738.016845703125,1678.108032226562,1695.969482421875,15576977870,yahoo
ETH,2022-07-31,1695.884765625,1745.883178710938,1672.61279296875,1681.517333984375,14200735370,yahoo
ETH,2022-08-01,1681.445556640625,1700.1708984375,1613.416015625,1635.19580078125,16191371176,yahoo
ETH,2022-08-02,1634.645874023438,1672.629760742188,1567.85107421875,1632.945434570312,20426082309,yahoo
ETH,2022-08-03,1633.05126953125,1678.098266601562,1595.634521484375,1618.87451171875,16786218830,yahoo
ETH,2022-08-04,1618.88671875,1658.511596679688,1585.326538085938,1608.205810546875,14467440626,yahoo
ETH,2022-08-05,1607.52392578125,1732.254638671875,1606.4970703125,1732.254638671875,18546491876,yahoo
ETH,2022-08-06,1732.6611328125,1744.326416015625,1691.658081054688,1691.658081054688,11757911705,yahoo
ETH,2022-08-07,1691.777954101562,1724.789184570312,1672.908447265625,1699.350830078125,10252090340,yahoo
ETH,2022-08-08,1699.693481445312,1806.886474609375,1697.407958984375,1775.51611328125,16841424404,yahoo
ETH,2022-08-09,1776.0712890625,1786.12255859375,1675.849853515625,1703.025024414062,16368619692,yahoo
ETH,2022-08-10,1702.906494140625,1869.400634765625,1665.090454101562,1851.74267578125,23512477984,yahoo
ETH,2022-08-11,1851.828369140625,1927.939208984375,1851.828369140625,1881.22412109375,23826986482,yahoo
ETH,2022-08-12,1880.899169921875,1957.552978515625,1860.08349609375,1957.246459960938,17168141904,yahoo
ETH,2022-08-13,1957.333984375,2013.755737304688,1948.59521484375,1981.336547851562,16038975216,yahoo
ETH,2022-08-14,1981.782470703125,2022.79150390625,1919.010131835938,1936.802001953125,14062754456,yahoo
ETH,2022-08-15,1936.760498046875,2007.210327148438,1881.856811523438,1904.228149414062,20349931313,yahoo
ETH,2022-08-16,1902.833129882812,1910.745361328125,1862.2734375,1878.139404296875,15637578930,yahoo
ETH,2022-08-17,1877.934326171875,1951.675659179688,1823.5322265625,1832.999633789062,20308508124,yahoo
ETH,2022-08-18,1833.715576171875,1876.376953125,1826.957763671875,1847.0078125,14999352229,yahoo
ETH,2022-08-19,1847.095336914062,1847.095336914062,1611.3388671875,1612.9873046875,25906358731,yahoo
ETH,2022-08-20,1612.650634765625,1652.21875,1534.298828125,1577.003784179688,18334580263,yahoo
ETH,2022-08-21,1576.543579101562,1640.9365234375,1569.046508789062,1619.318969726562,15849221752,yahoo
ETH,2022-08-22,1619.166870117188,1622.77880859375,1535.014770507812,1622.505859375,18557078599,yahoo
ETH,2022-08-23,1622.939331054688,1666.676513671875,1569.428588867188,1662.769897460938,18322041914,yahoo
ETH,2022-08-24,1662.695434570312,1686.557739257812,1610.099243164062,1657.059204101562,16780932907,yahoo
ETH,2022-08-25,1657.336547851562,1718.183227539062,1656.856079101562,1696.45703125,14818795695,yahoo
ETH,2022-08-26,1696.324584960938,1698.56103515625,1498.771240234375,1507.782836914062,26713710143,yahoo
ETH,2022-08-27,1508.156982421875,1517.150024414062,1454.282958984375,1491.39501953125,18120831899,yahoo
ETH,2022-08-28,1491.206787109375,1505.7919921875,1430.54736328125,1430.54736328125,12823572918,yahoo
ETH,2022-08-29,1430.439453125,1556.3095703125,1427.728393554688,1553.037353515625,17965837488,yahoo
ETH,2022-08-30,1553.18896484375,1600.461181640625,1480.831787109375,1523.8388671875,21835784470,yahoo
ETH,2022-08-31,1524.286499023438,1612.35888671875,1524.286499023438,1553.684936523438,20591680941,yahoo
ETH,2022-09-01,1553.75634765625,1593.082763671875,1520.188354492188,1586.1767578125,16434276817,yahoo
ETH,2022-09-02,1586.017944335938,1643.183227539062,1551.8779296875,1577.220458984375,17708478709,yahoo
ETH,2022-09-03,1577.213745117188,1579.454345703125,1541.672119140625,1556.872680664062,9516825994,yahoo
ETH,2022-09-04,1556.895874023438,1578.00927734375,1543.698852539062,1577.6416015625,8884144998,yahoo
ETH,2022-09-05,1577.884033203125,1621.661376953125,1559.781860351562,1617.183227539062,13060541168,yahoo
ETH,2022-09-06,1617.240234375,1680.595336914062,1561.74853515625,1561.74853515625,22946059125,yahoo
ETH,2022-09-07,1560.90673828125,1651.051147460938,1500.013671875,1629.906372070312,19560363854,yahoo
ETH,2022-09-08,1629.80517578125,1655.064086914062,1603.063842773438,1635.34765625,17621046717,yahoo
ETH,2022-09-09,1635.187744140625,1735.809814453125,1632.836547851562,1719.08544921875,20242323690,yahoo
ETH,2022-09-10,1718.961303710938,1784.497802734375,1710.296997070312,1776.203735351562,13130928217,yahoo
ETH,2022-09-11,1775.97607421875,1782.729858398438,1730.164794921875,1761.800048828125,12464301922,yahoo
ETH,2022-09-12,1762.084838867188,1778.163452148438,1698.29345703125,1713.765258789062,17688391310,yahoo
ETH,2022-09-13,1713.962524414062,1745.779052734375,1564.031860351562,1580.787963867188,23066821734,yahoo
ETH,2022-09-14,1574.858154296875,1642.1572265625,1564.031860351562,1634.755004882812,17897150206,yahoo
ETH,2022-09-15,1635.0830078125,1648.945678710938,1466.139404296875,1471.693481445312,26946275878,yahoo
ETH,2022-09-16,1471.928344726562,1480.564208984375,1415.581298828125,1432.44775390625,16764804299,yahoo
ETH,2022-09-17,1432.87646484375,1473.060424804688,1415.042358398438,1469.74169921875,10798098671,yahoo
ETH,2022-09-18,1469.705444335938,1469.705444335938,1331.494750976562,1335.3291015625,15762284723,yahoo
ETH,2022-09-19,1335.270751953125,1388.272216796875,1287.4208984375,1377.541381835938,18712714223,yahoo
ETH,2022-09-20,1377.619018554688,1381.965698242188,1319.201416015625,1324.38818359375,14722317220,yahoo
ETH,2022-09-21,1324.215576171875,1384.476928710938,1229.4267578125,1252.607788085938,20643507800,yahoo
ETH,2022-09-22,1251.5673828125,1336.157836914062,1240.96826171875,1327.68017578125,18461527259,yahoo
ETH,2022-09-23,1327.481201171875,1353.288330078125,1270.198364257812,1328.259521484375,18771106339,yahoo
ETH,2022-09-24,1328.24462890625,1346.255249023438,1312.640258789062,1317.993286132812,12098209717,yahoo
ETH,2022-09-25,1317.9384765625,1333.371337890625,1275.627685546875,1294.216796875,11802651633,yahoo
ETH,2022-09-26,1294.386108398438,1335.5263671875,1282.04931640625,1335.320190429688,16034549271,yahoo
ETH,2022-09-27,1335.337036132812,1396.891479492188,1308.991455078125,1330.127685546875,17870598937,yahoo
ETH,2022-09-28,1329.541381835938,1351.964477539062,1267.869262695312,1337.410888671875,18994979566,yahoo
ETH,2022-09-29,1337.554443359375,1348.107666015625,1293.193359375,1335.65234375,13796915736,yahoo
ETH,2022-09-30,1335.646484375,1368.743408203125,1320.383178710938,1327.978637695312,14250100093,yahoo
ETH,2022-10-01,1328.193725585938,1332.516479492188,1306.1025390625,1311.644409179688,6227961237,yahoo
ETH,2022-10-02,1311.75341796875,1316.330078125,1275.336059570312,1276.093505859375,7578351650,yahoo
ETH,2022-10-03,1276.163452148438,1326.554443359375,1271.15087890625,1323.439208984375,10153070907,yahoo
ETH,2022-10-04,1323.2783203125,1364.970947265625,1320.07666015625,1362.126586914062,10139774963,yahoo
ETH,2022-10-05,1361.972900390625,1362.451782226562,1320.855102539062,1352.837158203125,9774451820,yahoo
ETH,2022-10-06,1352.806640625,1380.404907226562,1349.449951171875,1351.70947265625,12033514861,yahoo
ETH,2022-10-07,1351.83642578125,1359.328125,1321.74609375,1332.516967773438,10061619355,yahoo
ETH,2022-10-08,1332.371337890625,1335.954833984375,1307.072998046875,1315.50048828125,5804676208,yahoo
ETH,2022-10-09,1315.460205078125,1327.668823242188,1309.344604492188,1322.604248046875,5486230123,yahoo
ETH,2022-10-10,1322.61865234375,1335.662719726562,1291.337646484375,1291.337646484375,8794491050,yahoo
ETH,2022-10-11,1291.109619140625,1296.27392578125,1272.737670898438,1279.57568359375,9274845260,yahoo
ETH,2022-10-12,1279.732299804688,1303.0751953125,1277.527465820312,1294.906372070312,8355638578,yahoo
ETH,2022-10-13,1294.917358398438,1297.564208984375,1209.278198242188,1288.123901367188,17499038202,yahoo
ETH,2022-10-14,1288.048706054688,1339.744750976562,1285.378295898438,1297.422119140625,13113767755,yahoo
ETH,2022-10-15,1297.305908203125,1300.745971679688,1268.468505859375,1274.871704101562,6798512624,yahoo
ETH,2022-10-16,1275.005493164062,1312.634521484375,1275.005493164062,1306.296630859375,7491625206,yahoo
ETH,2022-10-17,1306.3095703125,1335.647827148438,1297.447265625,1331.713623046875,9401189650,yahoo
ETH,2022-10-18,1331.669921875,1339.0859375,1291.66064453125,1310.447021484375,10416747806,yahoo
ETH,2022-10-19,1310.563110351562,1312.4423828125,1283.96533203125,1285.744262695312,8350692785,yahoo
ETH,2022-10-20,1285.660278320312,1307.855102539062,1275.323974609375,1283.200927734375,9009111996,yahoo
ETH,2022-10-21,1283.188110351562,1305.081298828125,1260.666748046875,1299.946411132812,10412565245,yahoo
ETH,2022-10-22,1299.90234375,1317.10107421875,1295.946899414062,1314.299194335938,7175324564,yahoo
ETH,2022-10-23,1314.24951171875,1367.7607421875,1302.908813476562,1363.447021484375,9909510925,yahoo
ETH,2022-10-24,1363.491821289062,1368.425537109375,1327.85400390625,1344.99853515625,13092820173,yahoo
ETH,2022-10-25,1344.711303710938,1509.985473632812,1336.978881835938,1461.665405273438,25367291294,yahoo
ETH,2022-10-26,1461.133178710938,1584.63671875,1460.4287109375,1566.566650390625,32705548427,yahoo
ETH,2022-10-27,1566.841430664062,1574.403442382812,1510.816772460938,1514.374877929688,22813499245,yahoo
ETH,2022-10-28,1514.323120117188,1568.633911132812,1493.87109375,1555.477905273438,19974623205,yahoo
ETH,2022-10-29,1555.274658203125,1652.382202148438,1549.983642578125,1619.698486328125,21618154775,yahoo
ETH,2022-10-30,1619.697875976562,1637.037841796875,1579.485229492188,1590.783325195312,13930073427,yahoo
ETH,2022-10-31,1590.481323242188,1630.452880859375,1555.9189453125,1572.714477539062,19306919714,yahoo
ETH,2022-11-01,1572.645385742188,1606.605712890625,1568.098510742188,1579.70458984375,14507311208,yahoo
ETH,2022-11-02,1579.497924804688,1613.41064453125,1507.244750976562,1519.711791992188,23254218281,yahoo
ETH,2022-11-03,1519.724853515625,1556.759643554688,1517.101684570312,1531.541748046875,14248351007,yahoo
ETH,2022-11-04,1531.397583007812,1661.334716796875,1529.268432617188,1645.093383789062,20806964347,yahoo
ETH,2022-11-05,1645.156494140625,1660.486450195312,1625.964233398438,1627.968017578125,11006973190,yahoo
ETH,2022-11-06,1627.901123046875,1634.132446289062,1572.234741210938,1572.234741210938,11632744705,yahoo
ETH,2022-11-07,1572.016967773438,1604.475341796875,1550.41552734375,1568.59130859375,15279963349,yahoo
ETH,2022-11-08,1568.32958984375,1574.7998046875,1259.443115234375,1332.835571289062,42048003440,yahoo
ETH,2022-11-09,1333.122436523438,1335.743530273438,1083.28564453125,1100.169799804688,38864492427,yahoo
ETH,2022-11-10,1100.107177734375,1341.791137695312,1093.12255859375,1299.464599609375,28581002122,yahoo
ETH,2022-11-11,1298.882446289062,1302.295288085938,1211.32958984375,1287.221069335938,20920539099,yahoo
ETH,2022-11-12,1287.438354492188,1288.15087890625,1242.152221679688,1255.268310546875,10964962767,yahoo
ETH,2022-11-13,1255.441284179688,1271.712524414062,1208.52099609375,1221.819213867188,10717455214,yahoo
ETH,2022-11-14,1221.8955078125,1284.217651367188,1178.429077148438,1241.604248046875,15028035663,yahoo
ETH,2022-11-15,1241.677734375,1283.19873046875,1238.688232421875,1251.736206054688,11798011594,yahoo
ETH,2022-11-16,1251.808837890625,1264.486328125,1192.98779296875,1215.6025390625,11939561598,yahoo
ETH,2022-11-17,1215.8486328125,1224.965698242188,1189.152709960938,1200.80859375,9723646871,yahoo
ETH,2022-11-18,1200.802124023438,1226.737426757812,1200.802124023438,1212.30029296875,7979913378,yahoo
ETH,2022-11-19,1212.215454101562,1227.837280273438,1200.4755859375,1218.4267578125,5978745776,yahoo
ETH,2022-11-20,1218.436279296875,1224.077758789062,1137.933227539062,1142.466674804688,9651002684,yahoo
ETH,2022-11-21,1142.395751953125,1142.395751953125,1084.857299804688,1108.35302734375,14080099208,yahoo
ETH,2022-11-22,1107.89599609375,1136.442626953125,1081.13818359375,1135.173461914062,12040670755,yahoo
ETH,2022-11-23,1135.421508789062,1184.997314453125,1130.022827148438,1183.199584960938,11242676044,yahoo
ETH,2022-11-24,1183.345092773438,1211.62744140625,1180.379760742188,1203.983154296875,9706372376,yahoo
ETH,2022-11-25,1203.799438476562,1203.799438476562,1174.823364257812,1198.925903320312,5483308196,yahoo
ETH,2022-11-26,1198.79052734375,1227.0380859375,1198.097900390625,1205.89794921875,5074160558,yahoo
ETH,2022-11-27,1205.9052734375,1220.349487304688,1195.0390625,1195.126953125,4486976868,yahoo
ETH,2022-11-28,1194.960327148438,1198.737670898438,1156.0625,1170.086181640625,7275411870,yahoo
ETH,2022-11-29,1169.874389648438,1222.164184570312,1163.4775390625,1216.901245117188,7639405818,yahoo
ETH,2022-11-30,1216.9287109375,1302.038696289062,1215.497924804688,1295.688598632812,9836925304,yahoo
ETH,2022-12-01,1295.76953125,1295.999877929688,1267.70849609375,1276.27392578125,6857935276,yahoo
ETH,2022-12-02,1276.32861328125,1294.303344726562,1269.2431640625,1294.303344726562,6213645709,yahoo
ETH,2022-12-03,1294.45654296875,1299.84033203125,1241.431884765625,1243.334838867188,5672609405,yahoo
ETH,2022-12-04,1243.21923828125,1281.492309570312,1242.911743164062,1280.256591796875,5174128454,yahoo
ETH,2022-12-05,1279.998901367188,1302.237548828125,1252.472412109375,1259.6767578125,6120359523,yahoo
ETH,2022-12-06,1259.854248046875,1271.923217773438,1247.6298828125,1271.65380859375,5089212680,yahoo
ETH,2022-12-07,1271.553100585938,1272.694091796875,1224.447998046875,1232.4375,5752205180,yahoo
ETH,2022-12-08,1232.451782226562,1286.229736328125,1226.358520507812,1281.116333007812,6227269815,yahoo
ETH,2022-12-09,1281.077270507812,1290.055419921875,1260.818725585938,1264.284790039062,5706183865,yahoo
ETH,2022-12-10,1264.37548828125,1279.527954101562,1262.119873046875,1266.384155273438,3282499999,yahoo
ETH,2022-12-11,1266.417846679688,1281.783203125,1260.663696289062,1263.868530273438,3362005848,yahoo
ETH,2022-12-12,1263.573486328125,1275.6103515625,1243.477783203125,1274.619018554688,5151109364,yahoo
ETH,2022-12-13,1274.662475585938,1341.439331054688,1258.472412109375,1320.549194335938,8812883119,yahoo
ETH,2022-12-14,1320.688598632812,1346.174438476562,1305.833374023438,1309.328735351562,7830915428,yahoo
ETH,2022-12-15,1309.190795898438,1311.067138671875,1262.689331054688,1266.353881835938,6032859783,yahoo
ETH,2022-12-16,1266.460571289062,1278.156982421875,1162.175659179688,1168.259399414062,9297811507,yahoo
ETH,2022-12-17,1168.066772460938,1189.045043945312,1165.407836914062,1188.149536132812,5077258586,yahoo
ETH,2022-12-18,1188.128540039062,1194.214477539062,1176.185791015625,1184.715209960938,3350092519,yahoo
ETH,2022-12-19,1184.75830078125,1192.923828125,1160.377197265625,1167.60986328125,4943628091,yahoo
ETH,2022-12-20,1167.882690429688,1224.092651367188,1165.599487304688,1217.70361328125,6684951715,yahoo
ETH,2022-12-21,1217.58642578125,1218.192260742188,1206.440063476562,1213.599975585938,4217182733,yahoo
ETH,2022-12-22,1213.672607421875,1221.98681640625,1187.127807617188,1218.18212890625,5297471739,yahoo
ETH,2022-12-23,1218.079345703125,1226.998779296875,1215.994873046875,1220.159423828125,4835831923,yahoo
ETH,2022-12-24,1220.117919921875,1224.91162109375,1216.338745117188,1221.148559570312,2626153345,yahoo
ETH,2022-12-25,1221.171508789062,1223.517822265625,1203.719604492188,1218.962036132812,3942720070,yahoo
ETH,2022-12-26,1218.920166015625,1226.974365234375,1214.3359375,1226.974365234375,3282098400,yahoo
ETH,2022-12-27,1226.987060546875,1230.418090820312,1205.895629882812,1212.791625976562,4091530737,yahoo
ETH,2022-12-28,1212.736572265625,1213.12890625,1185.7021484375,1189.986083984375,4991669631,yahoo
ETH,2022-12-29,1190.010131835938,1204.1416015625,1188.360229492188,1201.595336914062,4132233940,yahoo
ETH,2022-12-30,1201.569580078125,1202.03466796875,1187.462524414062,1199.232788085938,4055668253,yahoo
ETH,2022-12-31,1199.360107421875,1205.088623046875,1194.203735351562,1196.771240234375,3018513333,yahoo
ETH,2023-01-01,1196.713623046875,1203.475341796875,1192.885375976562,1200.96484375,2399674550,yahoo
ETH,2023-01-02,1201.103271484375,1219.860595703125,1195.214965820312,1214.656616210938,3765758498,yahoo
ETH,2023-01-03,1214.744018554688,1219.095336914062,1207.491577148438,1214.77880859375,3392972131,yahoo
ETH,2023-01-04,1214.718627929688,1264.807495117188,1213.168823242188,1256.526611328125,6404416893,yahoo
ETH,2023-01-05,1256.484619140625,1258.571533203125,1245.173095703125,1250.438598632812,4001786456,yahoo
ETH,2023-01-06,1250.458984375,1273.220336914062,1240.947509765625,1269.379028320312,4977252792,yahoo
ETH,2023-01-07,1269.419799804688,1270.598266601562,1262.271118164062,1264.270385742188,2565213548,yahoo
ETH,2023-01-08,1264.181884765625,1287.359497070312,1260.226806640625,1287.359497070312,3495088905,yahoo
ETH,2023-01-09,1287.450805664062,1342.144165039062,1286.680786132812,1321.538940429688,7990438824,yahoo
ETH,2023-01-10,1321.3955078125,1342.757202148438,1318.527221679688,1336.586059570312,5830173253,yahoo
ETH,2023-01-11,1336.48681640625,1387.932739257812,1323.583129882812,1387.932739257812,6314904311,yahoo
ETH,2023-01-12,1405.351440429688,1432.28125,1378.422119140625,1417.9384765625,12230193038,yahoo
ETH,2023-01-13,1417.946166992188,1461.672729492188,1404.02392578125,1451.614868164062,7684148212,yahoo
ETH,2023-01-14,1451.428466796875,1563.739135742188,1450.988403320312,1550.706909179688,15444626014,yahoo
ETH,2023-01-15,1550.731567382812,1556.950805664062,1520.893798828125,1552.4794921875,6774614499,yahoo
ETH,2023-01-16,1552.519287109375,1594.039794921875,1529.573608398438,1576.83349609375,8454485431,yahoo
ETH,2023-01-17,1577.107421875,1594.0009765625,1553.3359375,1567.846069335938,7599462786,yahoo
ETH,2023-01-18,1567.698974609375,1602.106689453125,1509.4228515625,1515.506958007812,10354880595,yahoo
ETH,2023-01-19,1515.249633789062,1557.970336914062,1514.380004882812,1552.556518554688,6432638856,yahoo
ETH,2023-01-20,1552.373657226562,1659.8857421875,1544.917846679688,1659.754150390625,8528894754,yahoo
ETH,2023-01-21,1659.7060546875,1674.179321289062,1626.81298828125,1627.1181640625,8859250310,yahoo
ETH,2023-01-22,1627.365966796875,1658.0234375,1612.085693359375,1628.382080078125,7517988734,yahoo
ETH,2023-01-23,1628.55078125,1641.218139648438,1607.903076171875,1628.251098632812,8264507375,yahoo
ETH,2023-01-24,1627.848266601562,1639.723876953125,1551.389770507812,1556.604248046875,8180274691,yahoo
ETH,2023-01-25,1556.807495117188,1632.24169921875,1530.7978515625,1611.711059570312,10598973448,yahoo
ETH,2023-01-26,1611.080932617188,1626.1982421875,1586.59814453125,1603.10595703125,8395315241,yahoo
ETH,2023-01-27,1603.080078125,1617.000854492188,1565.244995117188,1598.156494140625,8124465373,yahoo
ETH,2023-01-28,1598.125366210938,1604.7041015625,1565.39013671875,1572.43505859375,5803653357,yahoo
ETH,2023-01-29,1572.629516601562,1653.724975585938,1568.98486328125,1646.155639648438,8801292300,yahoo
ETH,2023-01-30,1646.147705078125,1646.651611328125,1546.660766601562,1567.326538085938,9180418120,yahoo
ETH,2023-01-31,1567.419921875,1598.517578125,1563.804321289062,1586.535400390625,6585191019,yahoo
ETH,2023-02-01,1586.488159179688,1644.7275390625,1566.857299804688,1641.792724609375,8116969489,yahoo
ETH,2023-02-02,1641.365966796875,1704.458129882812,1641.322631835938,1643.241577148438,10558081069,yahoo
ETH,2023-02-03,1642.904663085938,1670.696899414062,1634.223388671875,1664.74560546875,8169519805,yahoo
ETH,2023-02-04,1664.472290039062,1690.099609375,1648.189208984375,1667.059204101562,5843302512,yahoo
ETH,2023-02-05,1667.16650390625,1671.770263671875,1616.391845703125,1631.645874023438,6926696531,yahoo
ETH,2023-02-06,1631.645263671875,1653.715454101562,1611.319091796875,1616.2470703125,6919871886,yahoo
ETH,2023-02-07,1616.009643554688,1673.7978515625,1614.863037109375,1672.003540039062,8030277434,yahoo
ETH,2023-02-08,1671.9052734375,1688.527221679688,1635.265014648438,1650.716796875,7806089579,yahoo
ETH,2023-02-09,1651.082275390625,1655.23486328125,1537.182250976562,1546.438232421875,10524969124,yahoo
ETH,2023-02-10,1546.596557617188,1553.32568359375,1504.83447265625,1514.869140625,8397387897,yahoo
ETH,2023-02-11,1514.94189453125,1541.334716796875,1510.14697265625,1539.9267578125,5064007416,yahoo
ETH,2023-02-12,1539.776000976562,1545.55419921875,1501.462036132812,1515.03369140625,5319698775,yahoo
ETH,2023-02-13,1514.9169921875,1524.7314453125,1470.02392578125,1507.165893554688,9363855114,yahoo
ETH,2023-02-14,1506.992065429688,1562.034301757812,1497.194458007812,1556.875122070312,9249575045,yahoo
ETH,2023-02-15,1556.76513671875,1674.289794921875,1545.689697265625,1673.745971679688,10015035156,yahoo
ETH,2023-02-16,1673.867431640625,1732.801147460938,1638.1455078125,1640.067626953125,12704861676,yahoo
ETH,2023-02-17,1640.280151367188,1716.781860351562,1636.173828125,1694.783325195312,9802443159,yahoo
ETH,2023-02-18,1694.741821289062,1705.30908203125,1683.670166015625,1691.819458007812,5491437195,yahoo
ETH,2023-02-19,1691.68017578125,1718.947631835938,1673.906616210938,1681.436157226562,6959144003,yahoo
ETH,2023-02-20,1682.337036132812,1716.489379882812,1659.295043945312,1702.675170898438,7703604237,yahoo
ETH,2023-02-21,1702.7978515625,1714.28564453125,1642.396728515625,1658.036376953125,8721608198,yahoo
ETH,2023-02-22,1658.140991210938,1663.996826171875,1604.803344726562,1643.231689453125,9189387004,yahoo
ETH,2023-02-23,1643.298583984375,1674.6015625,1632.566162109375,1651.073852539062,9013236167,yahoo
ETH,2023-02-24,1650.895141601562,1661.09130859375,1583.147827148438,1608.373168945312,8909129423,yahoo
ETH,2023-02-25,1608.658325195312,1608.865112304688,1567.631713867188,1594.914916992188,5657686235,yahoo
ETH,2023-02-26,1594.761108398438,1645.2734375,1590.39306640625,1640.817138671875,5727967432,yahoo
ETH,2023-02-27,1640.763671875,1662.57568359375,1615.387939453125,1634.326416015625,7239824677,yahoo
ETH,2023-02-28,1634.50244140625,1644.435791015625,1602.428100585938,1605.895141601562,6323676957,yahoo
ETH,2023-03-01,1606.040405273438,1663.433715820312,1601.548583984375,1663.433715820312,7701847224,yahoo
ETH,2023-03-02,1663.549072265625,1672.051147460938,1622.599975585938,1647.3193359375,7080950926,yahoo
ETH,2023-03-03,1647.557739257812,1648.475341796875,1552.451538085938,1569.167602539062,9922240199,yahoo
ETH,2023-03-04,1569.278076171875,1575.63720703125,1551.73681640625,1566.923950195312,4389045367,yahoo
ETH,2023-03-05,1567.179321289062,1584.208862304688,1559.9541015625,1564.46875,5020886238,yahoo
ETH,2023-03-06,1564.383178710938,1579.456298828125,1557.363525390625,1567.398681640625,5245153345,yahoo
ETH,2023-03-07,1567.424682617188,1579.162231445312,1543.127563476562,1561.93310546875,6854058349,yahoo
ETH,2023-03-08,1561.977905273438,1568.17529296875,1534.088256835938,1534.088256835938,7130327525,yahoo
ETH,2023-03-09,1534.031616210938,1544.1083984375,1423.264770507812,1438.660766601562,9457897583,yahoo
ETH,2023-03-10,1438.760131835938,1438.760131835938,1378.525390625,1429.158081054688,12665194936,yahoo
ETH,2023-03-11,1429.100830078125,1484.136962890625,1428.72314453125,1482.61669921875,14917080154,yahoo
ETH,2023-03-12,1482.431884765625,1607.152587890625,1461.610961914062,1590.29296875,11480965122,yahoo
ETH,2023-03-13,1590.831176757812,1699.911743164062,1572.07470703125,1680.308959960938,15711468959,yahoo
ETH,2023-03-14,1680.295288085938,1779.917846679688,1665.90234375,1703.507080078125,16159781303,yahoo
ETH,2023-03-15,1705.18994140625,1721.079223632812,1616.63037109375,1656.180541992188,12715339905,yahoo
ETH,2023-03-16,1656.33203125,1693.139282226562,1639.26171875,1677.215454101562,9364980166,yahoo
ETH,2023-03-17,1677.296752929688,1799.343994140625,1667.1318359375,1792.485107421875,12467445117,yahoo
ETH,2023-03-18,1793.592407226562,1840.357543945312,1751.262817382812,1761.65966796875,10317822213,yahoo
ETH,2023-03-19,1762.963256835938,1843.844116210938,1762.963256835938,1785.576538085938,9170565472,yahoo
ETH,2023-03-20,1785.416259765625,1807.725219726562,1728.103759765625,1735.3212890625,10978325507,yahoo
ETH,2023-03-21,1735.617919921875,1836.28857421875,1725.00732421875,1806.7607421875,10758627746,yahoo
ETH,2023-03-22,1804.95703125,1821.458251953125,1717.76513671875,1737.717041015625,12484103560,yahoo
ETH,2023-03-23,1737.140869140625,1853.888061523438,1732.524658203125,1816.405151367188,11012966854,yahoo
ETH,2023-03-24,1815.81982421875,1819.935302734375,1730.349487304688,1752.044799804688,10913669383,yahoo
ETH,2023-03-25,1751.469482421875,1762.674560546875,1716.651977539062,1743.764770507812,6614309912,yahoo
ETH,2023-03-26,1743.842163085938,1797.880249023438,1741.182861328125,1775.6767578125,6990313307,yahoo
ETH,2023-03-27,1775.481323242188,1781.379272460938,1690.5166015625,1715.460815429688,8585750760,yahoo
ETH,2023-03-28,1715.327392578125,1791.110961914062,1702.564697265625,1772.78564453125,8346890042,yahoo
ETH,2023-03-29,1772.89990234375,1825.600952148438,1772.89990234375,1793.001831054688,9136176952,yahoo
ETH,2023-03-30,1793.345947265625,1827.2802734375,1766.248901367188,1792.737182617188,9724496987,yahoo
ETH,2023-03-31,1793.6201171875,1844.677368164062,1783.142211914062,1822.022094726562,9149379763,yahoo
ETH,2023-04-01,1821.704345703125,1840.173095703125,1811.118530273438,1813.860595703125,5556443606,yahoo
ETH,2023-04-02,1821.192138671875,1824.328857421875,1774.872436523438,1795.708129882812,6199721188,yahoo
ETH,2023-04-03,1794.922485351562,1839.157836914062,1765.518920898438,1810.297119140625,9643826401,yahoo
ETH,2023-04-04,1810.14208984375,1886.594604492188,1802.955444335938,1871.005126953125,10398322335,yahoo
ETH,2023-04-05,1870.965087890625,1937.49755859375,1865.94189453125,1909.114013671875,10319231689,yahoo
ETH,2023-04-06,1909.1435546875,1909.271728515625,1857.085083007812,1872.922607421875,8263191830,yahoo
ETH,2023-04-07,1872.734130859375,1882.299194335938,1845.993896484375,1865.636108398438,8356130492,yahoo
ETH,2023-04-08,1864.679077148438,1879.107788085938,1848.87548828125,1849.498168945312,5016362733,yahoo
ETH,2023-04-09,1849.672241210938,1873.057373046875,1828.700073242188,1859.387817382812,6361497715,yahoo
ETH,2023-04-10,1859.7412109375,1917.300170898438,1848.164184570312,1911.20751953125,8380134275,yahoo
ETH,2023-04-11,1911.375854492188,1936.728271484375,1886.5341796875,1892.189697265625,8877222956,yahoo
ETH,2023-04-12,1891.94970703125,1929.881225585938,1860.036865234375,1920.68212890625,11010714187,yahoo
ETH,2023-04-13,1917.698364257812,2022.150146484375,1901.8603515625,2012.634643554688,12546950499,yahoo
ETH,2023-04-14,2013.9306640625,2126.316650390625,2011.503295898438,2101.635498046875,16298099411,yahoo
ETH,2023-04-15,2101.616455078125,2111.075439453125,2076.5107421875,2092.466796875,8036468153,yahoo
ETH,2023-04-16,2092.281005859375,2137.445068359375,2076.83203125,2120.005859375,7898126856,yahoo
ETH,2023-04-17,2120.001220703125,2120.113525390625,2063.03857421875,2076.242919921875,9648882546,yahoo
ETH,2023-04-18,2075.855224609375,2121.531494140625,2057.65380859375,2104.537353515625,9134015143,yahoo
ETH,2023-04-19,2103.9462890625,2104.857177734375,1928.582885742188,1936.403442382812,13779745451,yahoo
ETH,2023-04-20,1936.41796875,1979.573364257812,1918.1328125,1943.09765625,11324135406,yahoo
ETH,2023-04-21,1943.409912109375,1955.649169921875,1827.788940429688,1849.999877929688,12044274581,yahoo
ETH,2023-04-22,1849.286499023438,1886.781616210938,1845.849243164062,1874.228637695312,6970642726,yahoo
ETH,2023-04-23,1874.171508789062,1882.229736328125,1838.992431640625,1862.06201171875,6607451862,yahoo
ETH,2023-04-24,1862.085327148438,1888.193725585938,1811.792114257812,1842.757446289062,8438191338,yahoo
ETH,2023-04-25,1842.204345703125,1877.484985351562,1805.322875976562,1866.753662109375,8677255481,yahoo
ETH,2023-04-26,1866.14892578125,1962.567626953125,1792.4638671875,1866.564208984375,14356524696,yahoo
ETH,2023-04-27,1866.693237304688,1936.945190429688,1863.14794921875,1908.786376953125,14008145806,yahoo
ETH,2023-04-28,1909.273071289062,1923.19921875,1876.291870117188,1892.512817382812,7691759733,yahoo
ETH,2023-04-29,1892.565063476562,1916.973754882812,1887.990478515625,1908.9169921875,4796651246,yahoo
ETH,2023-04-30,1908.741333007812,1938.41796875,1876.92431640625,1876.92431640625,6539641957,yahoo
ETH,2023-05-01,1868.89111328125,1886.206420898438,1809.193237304688,1831.954833984375,8625783201,yahoo
ETH,2023-05-02,1831.7265625,1879.759521484375,1824.327026367188,1870.789306640625,7536785767,yahoo
ETH,2023-05-03,1870.687133789062,1915.504150390625,1845.871826171875,1904.65185546875,8306390869,yahoo
ETH,2023-05-04,1905.1689453125,1915.871704101562,1868.629760742188,1877.7041015625,6578438233,yahoo
ETH,2023-05-05,1877.833129882812,1998.41357421875,1876.946655273438,1995.060913085938,9498261360,yahoo
ETH,2023-05-06,1995.479125976562,2017.559448242188,1870.605590820312,1900.221801757812,9623243037,yahoo
ETH,2023-05-07,1899.917602539062,1933.998413085938,1873.076416015625,1873.076416015625,6883942236,yahoo
ETH,2023-05-08,1872.47509765625,1886.162109375,1818.450561523438,1849.042724609375,9895102899,yahoo
ETH,2023-05-09,1849.06103515625,1860.66748046875,1832.906982421875,1848.603149414062,6129516088,yahoo
ETH,2023-05-10,1848.213500976562,1886.80029296875,1795.668823242188,1842.401489257812,9945549603,yahoo
ETH,2023-05-11,1842.492065429688,1842.492065429688,1774.132568359375,1796.490600585938,8353828312,yahoo
ETH,2023-05-12,1795.176635742188,1812.424926757812,1742.40380859375,1808.019775390625,9047198660,yahoo
ETH,2023-05-13,1808.375,1816.058471679688,1788.4755859375,1796.114868164062,4647630864,yahoo
ETH,2023-05-14,1796.10791015625,1823.49072265625,1793.228759765625,1800.5009765625,4711210241,yahoo
ETH,2023-05-15,1800.371215820312,1845.695434570312,1787.536376953125,1817.549926757812,6748889346,yahoo
ETH,2023-05-16,1816.82421875,1830.3515625,1797.84375,1824.121459960938,5595959668,yahoo
ETH,2023-05-17,1824.068359375,1835.554565429688,1786.671997070312,1821.859619140625,6352161579,yahoo
ETH,2023-05-18,1822.068237304688,1831.450317382812,1774.195068359375,1801.728515625,5673124255,yahoo
ETH,2023-05-19,1800.994384765625,1826.194213867188,1797.434448242188,1812.589477539062,4796110259,yahoo
ETH,2023-05-20,1812.76611328125,1829.009643554688,1808.046752929688,1820.47802734375,2951655969,yahoo
ETH,2023-05-21,1820.138061523438,1827.921997070312,1799.946899414062,1804.531372070312,3386768865,yahoo
ETH,2023-05-22,1804.841918945312,1826.696533203125,1793.223999023438,1817.534790039062,4534841049,yahoo
ETH,2023-05-23,1817.781127929688,1869.343994140625,1816.287963867188,1854.380615234375,6820047160,yahoo
ETH,2023-05-24,1854.299682617188,1854.299682617188,1780.925537109375,1800.099975585938,7101647419,yahoo
ETH,2023-05-25,1799.84521484375,1815.994750976562,1763.365112304688,1805.953735351562,6321689859,yahoo
ETH,2023-05-26,1805.725463867188,1837.865844726562,1798.406005859375,1828.689697265625,5451414258,yahoo
ETH,2023-05-27,1828.57568359375,1836.1845703125,1817.492065429688,1831.118286132812,3216737652,yahoo
ETH,2023-05-28,1831.0986328125,1915.723266601562,1825.46728515625,1910.914184570312,6359610561,yahoo
ETH,2023-05-29,1909.297485351562,1926.421752929688,1879.077514648438,1893.078125,5884674572,yahoo
ETH,2023-05-30,1893.093139648438,1916.574951171875,1883.934692382812,1901.026611328125,5363439784,yahoo
ETH,2023-05-31,1901.098266601562,1907.035400390625,1852.0947265625,1874.130493164062,5984512548,yahoo
ETH,2023-06-01,1873.914672851562,1887.705322265625,1846.227416992188,1862.201416015625,5640027197,yahoo
ETH,2023-06-02,1862.423706054688,1910.278442382812,1851.964721679688,1907.256591796875,6097746022,yahoo
ETH,2023-06-03,1907.420776367188,1908.822265625,1885.485473632812,1892.412475585938,3472274607,yahoo
ETH,2023-06-04,1892.398193359375,1912.205688476562,1885.65185546875,1890.513549804688,3747042696,yahoo
ETH,2023-06-05,1890.417602539062,1890.640502929688,1780.211547851562,1811.828369140625,9246593033,yahoo
ETH,2023-06-06,1810.581420898438,1896.22265625,1801.4052734375,1884.494873046875,8704411776,yahoo
ETH,2023-06-07,1884.372924804688,1893.80908203125,1822.303100585938,1832.39599609375,7919894455,yahoo
ETH,2023-06-08,1832.513549804688,1861.136108398438,1830.1650390625,1846.301879882812,4536041931,yahoo
ETH,2023-06-09,1846.077880859375,1854.824951171875,1828.544555664062,1840.225219726562,4610831509,yahoo
ETH,2023-06-10,1840.391967773438,1844.78564453125,1721.443115234375,1752.384765625,10788500406,yahoo
ETH,2023-06-11,1752.527587890625,1776.84716796875,1741.110473632812,1753.415283203125,4559112981,yahoo
ETH,2023-06-12,1753.075439453125,1757.659790039062,1722.906372070312,1742.528686523438,6031384958,yahoo
ETH,2023-06-13,1742.39013671875,1761.955444335938,1727.749877929688,1739.03759765625,6214125203,yahoo
ETH,2023-06-14,1739.250122070312,1749.163208007812,1637.187744140625,1650.519287109375,7462905534,yahoo
ETH,2023-06-15,1650.498168945312,1676.406616210938,1624.138305664062,1665.519775390625,7328564880,yahoo
ETH,2023-06-16,1665.41064453125,1727.28955078125,1653.1708984375,1716.668823242188,6281023479,yahoo
ETH,2023-06-17,1716.671752929688,1766.76318359375,1714.15087890625,1727.2041015625,4875187477,yahoo
ETH,2023-06-18,1727.193725585938,1746.509155273438,1718.111450195312,1720.577514648438,3820038842,yahoo
ETH,2023-06-19,1720.50537109375,1745.134643554688,1705.8134765625,1737.659423828125,5210480121,yahoo
ETH,2023-06-20,1736.879760742188,1793.31396484375,1715.342529296875,1792.119995117188,7171072578,yahoo
ETH,2023-06-21,1791.994995117188,1898.6689453125,1788.4892578125,1891.007202148438,11731457711,yahoo
ETH,2023-06-22,1889.79443359375,1932.065551757812,1867.876586914062,1872.942993164062,8477657143,yahoo
ETH,2023-06-23,1872.540771484375,1932.531616210938,1865.192016601562,1892.862060546875,8290615074,yahoo
ETH,2023-06-24,1893.77197265625,1905.227416992188,1867.8115234375,1876.059692382812,5026191704,yahoo
ETH,2023-06-25,1875.84912109375,1929.0791015625,1870.85009765625,1900.506103515625,6937581709,yahoo
ETH,2023-06-26,1900.05029296875,1905.360473632812,1840.215087890625,1859.432861328125,8619702292,yahoo
ETH,2023-06-27,1859.34619140625,1911.311157226562,1856.83837890625,1889.703369140625,7686042202,yahoo
ETH,2023-06-28,1889.906494140625,1890.208984375,1822.102783203125,1827.97119140625,7135265016,yahoo
ETH,2023-06-29,1828.059326171875,1876.5302734375,1828.059326171875,1852.227294921875,5677228612,yahoo
ETH,2023-06-30,1852.008422851562,1945.274291992188,1831.281005859375,1933.18896484375,12895131248,yahoo
ETH,2023-07-01,1933.323852539062,1942.701538085938,1910.8486328125,1924.56591796875,5136809625,yahoo
ETH,2023-07-02,1924.448120117188,1958.160766601562,1895.906982421875,1937.438354492188,6343966490,yahoo
ETH,2023-07-03,1937.8837890625,1974.775024414062,1934.688842773438,1955.38916015625,7858509087,yahoo
ETH,2023-07-04,1955.524169921875,1966.365356445312,1932.611328125,1936.633544921875,5683423776,yahoo
ETH,2023-07-05,1936.796752929688,1942.432495117188,1897.124755859375,1910.588012695312,6034088075,yahoo
ETH,2023-07-06,1910.417114257812,1956.012329101562,1847.850708007812,1848.636474609375,8905008384,yahoo
ETH,2023-07-07,1847.512573242188,1876.963256835938,1832.025390625,1870.6025390625,6468885150,yahoo
ETH,2023-07-08,1871.002075195312,1872.501586914062,1844.641723632812,1865.53955078125,4299007854,yahoo
ETH,2023-07-09,1865.594970703125,1878.6689453125,1857.748291015625,1863.009765625,4392863807,yahoo
ETH,2023-07-10,1863.240234375,1905.460815429688,1848.777221679688,1880.556396484375,6336468234,yahoo
ETH,2023-07-11,1880.654907226562,1889.381713867188,1863.218627929688,1878.336059570312,4905225892,yahoo
ETH,2023-07-12,1878.322021484375,1901.1484375,1865.710083007812,1872.11376953125,6379007000,yahoo
ETH,2023-07-13,1872.040283203125,2011.88525390625,1864.49609375,2006.511474609375,11114853969,yahoo
ETH,2023-07-14,2005.686157226562,2026.204956054688,1901.361206054688,1939.347045898438,10627449471,yahoo
ETH,2023-07-15,1939.129638671875,1946.019165039062,1928.187377929688,1931.466552734375,4380084234,yahoo
ETH,2023-07-16,1931.64501953125,1942.030883789062,1917.294067382812,1923.681884765625,4329306566,yahoo
ETH,2023-07-17,1923.6943359375,1936.177612304688,1875.120361328125,1911.646118164062,6678090758,yahoo
ETH,2023-07-18,1911.697021484375,1916.468383789062,1878.718505859375,1897.599243164062,5814708445,yahoo
ETH,2023-07-19,1897.797241210938,1919.264404296875,1883.067138671875,1889.007934570312,6018487800,yahoo
ETH,2023-07-20,1889.07373046875,1919.264404296875,1879.734375,1890.969116210938,7366830684,yahoo
ETH,2023-07-21,1891.581298828125,1905.38623046875,1885.296264648438,1892.080078125,4668158260,yahoo
ETH,2023-07-22,1891.955078125,1897.088012695312,1855.0927734375,1864.912353515625,4101305643,yahoo
ETH,2023-07-23,1866.09423828125,1904.483276367188,1859.56884765625,1889.191650390625,4480604100,yahoo
ETH,2023-07-24,1888.8095703125,1889.761962890625,1836.852416992188,1850.002075195312,6344373569,yahoo
ETH,2023-07-25,1850.027954101562,1867.3232421875,1845.981567382812,1857.741943359375,4163381707,yahoo
ETH,2023-07-26,1857.696533203125,1886.97412109375,1849.436889648438,1872.159912109375,5781548155,yahoo
ETH,2023-07-27,1872.086303710938,1885.591552734375,1855.321533203125,1860.357177734375,4291339248,yahoo
ETH,2023-07-28,1860.702514648438,1881.457275390625,1857.048950195312,1874.744873046875,3800973336,yahoo
ETH,2023-07-29,1874.560424804688,1885.529296875,1870.333862304688,1881.06884765625,2497302218,yahoo
ETH,2023-07-30,1880.87158203125,1884.144165039062,1851.72802734375,1861.643798828125,4003005547,yahoo
ETH,2023-07-31,1861.755249023438,1875.62939453125,1851.915405273438,1856.162353515625,4391613314,yahoo
ETH,2023-08-01,1856.190185546875,1873.029907226562,1817.920776367188,1871.792114257812,7634860636,yahoo
ETH,2023-08-02,1873.468139648438,1877.511474609375,1822.348266601562,1839.089721679688,6448512422,yahoo
ETH,2023-08-03,1838.89794921875,1856.407592773438,1825.347778320312,1835.136474609375,4710581074,yahoo
ETH,2023-08-04,1834.890502929688,1847.912231445312,1817.413818359375,1827.712890625,4861242484,yahoo
ETH,2023-08-05,1827.798583984375,1836.46484375,1824.807983398438,1834.987915039062,2866049749,yahoo
ETH,2023-08-06,1834.84521484375,1836.248901367188,1824.986694335938,1827.462036132812,2963395076,yahoo
ETH,2023-08-07,1827.239501953125,1842.522583007812,1804.716674804688,1826.938842773438,5837881974,yahoo
ETH,2023-08-08,1826.931030273438,1873.84716796875,1824.430053710938,1855.807373046875,5812855406,yahoo
ETH,2023-08-09,1855.779418945312,1869.736572265625,1845.48974609375,1854.297607421875,5870081833,yahoo
ETH,2023-08-10,1854.348266601562,1863.310913085938,1845.442260742188,1850.75341796875,3760304518,yahoo
ETH,2023-08-11,1850.74169921875,1855.066040039062,1839.569213867188,1847.124389648438,3353025102,yahoo
ETH,2023-08-12,1847.171997070312,1852.281005859375,1845.71923828125,1848.889892578125,2291124840,yahoo
ETH,2023-08-13,1849.053833007812,1859.916381835938,1834.804321289062,1839.280151367188,3054625661,yahoo
ETH,2023-08-14,1839.323486328125,1853.836303710938,1834.800415039062,1844.185791015625,4083364724,yahoo
ETH,2023-08-15,1844.164184570312,1845.547607421875,1816.325073242188,1826.932739257812,4483923893,yahoo
ETH,2023-08-16,1827.036376953125,1829.361206054688,1798.966674804688,1805.659057617188,4976573383,yahoo
ETH,2023-08-17,1805.5673828125,1807.71484375,1551.713256835938,1684.933471679688,14208462072,yahoo
ETH,2023-08-18,1682.038452148438,1698.124267578125,1644.930908203125,1660.945068359375,9645084584,yahoo
ETH,2023-08-19,1660.844360351562,1693.228149414062,1654.075805664062,1669.471923828125,4871231360,yahoo
ETH,2023-08-20,1669.587768554688,1692.328735351562,1662.901489257812,1684.85205078125,4105056995,yahoo
ETH,2023-08-21,1685.022338867188,1685.082641601562,1651.959838867188,1667.26904296875,5077248383,yahoo
ETH,2023-08-22,1667.279296875,1668.638671875,1596.384033203125,1633.892578125,7244623133,yahoo
ETH,2023-08-23,1634.401733398438,1696.593994140625,1629.5810546875,1679.2744140625,7191868448,yahoo
ETH,2023-08-24,1679.248291015625,1682.48974609375,1641.627075195312,1659.944580078125,5104531920,yahoo
ETH,2023-08-25,1660.269897460938,1671.970703125,1635.967407226562,1652.93505859375,5396997823,yahoo
ETH,2023-08-26,1652.92724609375,1654.777709960938,1643.712646484375,1646.306762695312,2423247747,yahoo
ETH,2023-08-27,1646.27197265625,1659.26708984375,1645.90283203125,1657.513061523438,2624065031,yahoo
ETH,2023-08-28,1657.439819335938,1659.328735351562,1627.44677734375,1652.457397460938,4855588534,yahoo
ETH,2023-08-29,1652.274169921875,1742.637329101562,1639.576171875,1729.725708007812,11304916729,yahoo
ETH,2023-08-30,1729.676635742188,1730.564697265625,1697.147216796875,1705.112182617188,5023904190,yahoo
ETH,2023-08-31,1705.364501953125,1720.011962890625,1634.850952148438,1645.63916015625,6593153505,yahoo
ETH,2023-09-01,1645.581298828125,1653.53173828125,1603.0341796875,1628.4912109375,6104510092,yahoo
ETH,2023-09-02,1628.559692382812,1644.030639648438,1627.97607421875,1637.025390625,2943590996,yahoo
ETH,2023-09-03,1637.043579101562,1645.645141601562,1626.089233398438,1636.11767578125,3151878318,yahoo
ETH,2023-09-04,1635.724731445312,1642.653198242188,1618.523681640625,1629.6552734375,3887968912,yahoo
ETH,2023-09-05,1629.911010742188,1645.948364257812,1610.141235351562,1633.62939453125,4417491902,yahoo
ETH,2023-09-06,1633.912109375,1656.932739257812,1611.147705078125,1632.252319335938,4987397046,yahoo
ETH,2023-09-07,1632.262817382812,1657.3037109375,1623.220458984375,1647.598266601562,4907290296,yahoo
ETH,2023-09-08,1647.8076171875,1657.136352539062,1617.796508789062,1636.137817382812,4598495496,yahoo
ETH,2023-09-09,1636.050415039062,1636.870727539062,1629.660888671875,1635.162353515625,2081625742,yahoo
ETH,2023-09-10,1635.211669921875,1635.43310546875,1604.04052734375,1616.828857421875,4339499949,yahoo
ETH,2023-09-11,1616.769775390625,1618.305786132812,1533.4267578125,1551.6376953125,7693700923,yahoo
ETH,2023-09-12,1551.497802734375,1619.114013671875,1549.493774414062,1592.429443359375,6813819740,yahoo
ETH,2023-09-13,1592.892333984375,1615.05029296875,1582.217529296875,1607.988525390625,4979469106,yahoo
ETH,2023-09-14,1608.031616210938,1640.522705078125,1607.7353515625,1626.974365234375,5538958553,yahoo
ETH,2023-09-15,1626.8701171875,1652.113159179688,1613.248657226562,1641.640380859375,4348584771,yahoo
ETH,2023-09-16,1641.446411132812,1649.988647460938,1632.577880859375,1635.2216796875,2819575929,yahoo
ETH,2023-09-17,1635.201049804688,1635.512939453125,1616.779296875,1622.896728515625,3032716258,yahoo
ETH,2023-09-18,1623.081909179688,1669.015380859375,1609.957397460938,1637.347045898438,5916674789,yahoo
ETH,2023-09-19,1637.31201171875,1659.53173828125,1628.413208007812,1643.544677734375,4405868861,yahoo
ETH,2023-09-20,1643.495361328125,1649.619140625,1610.420776367188,1622.890625,5156431986,yahoo
ETH,2023-09-21,1622.591796875,1625.20458984375,1573.305786132812,1584.307006835938,5191732312,yahoo
ETH,2023-09-22,1584.002563476562,1601.537719726562,1579.101318359375,1593.268310546875,3460791634,yahoo
ETH,2023-09-23,1593.213134765625,1598.001708984375,1588.328979492188,1593.857788085938,2101436678,yahoo
ETH,2023-09-24,1593.82568359375,1600.207275390625,1576.783325195312,1580.853393554688,3086456944,yahoo
ETH,2023-09-25,1580.747436523438,1595.844116210938,1565.025512695312,1588.322875976562,4394930984,yahoo
ETH,2023-09-26,1588.023193359375,1598.097778320312,1580.16552734375,1593.417236328125,3544861160,yahoo
ETH,2023-09-27,1593.108276367188,1631.910766601562,1585.368896484375,1597.4912109375,5533036096,yahoo
ETH,2023-09-28,1597.671997070312,1666.024169921875,1597.294677734375,1652.882690429688,6658092168,yahoo
ETH,2023-09-29,1652.999877929688,1687.28125,1648.656494140625,1667.94384765625,5529687537,yahoo
ETH,2023-09-30,1667.83447265625,1692.531127929688,1666.563842773438,1671.161865234375,3155292192,yahoo
ETH,2023-10-01,1671.161499023438,1750.595703125,1670.082153320312,1733.810424804688,5054880180,yahoo
ETH,2023-10-02,1732.984008789062,1743.563598632812,1646.07763671875,1663.627563476562,8420552922,yahoo
ETH,2023-10-03,1662.88720703125,1670.356323242188,1644.496459960938,1656.685668945312,4742827302,yahoo
ETH,2023-10-04,1656.735961914062,1657.253540039062,1629.426635742188,1647.838134765625,5127524863,yahoo
ETH,2023-10-05,1647.788208007812,1654.379028320312,1609.849975585938,1611.476440429688,5403759057,yahoo
ETH,2023-10-06,1611.36572265625,1659.60986328125,1611.36572265625,1645.83154296875,4941208729,yahoo
ETH,2023-10-07,1645.810913085938,1648.183715820312,1631.158203125,1634.51123046875,2578994988,yahoo
ETH,2023-10-08,1634.657348632812,1641.182373046875,1618.189208984375,1633.548583984375,3315554175,yahoo
ETH,2023-10-09,1633.454833984375,1635.447875976562,1553.006958007812,1579.806640625,7020801716,yahoo
ETH,2023-10-10,1580.112060546875,1593.741333007812,1553.03173828125,1567.713012695312,5254966125,yahoo
ETH,2023-10-11,1567.680786132812,1578.223510742188,1548.98046875,1566.254760742188,5416504273,yahoo
ETH,2023-10-12,1566.35595703125,1566.878173828125,1523.237548828125,1539.612426757812,5003930677,yahoo
ETH,2023-10-13,1539.432861328125,1571.750610351562,1537.921142578125,1552.089477539062,4575141511,yahoo
ETH,2023-10-14,1552.263793945312,1560.325073242188,1545.73876953125,1555.2568359375,2429214718,yahoo
ETH,2023-10-15,1555.076049804688,1565.760864257812,1550.554565429688,1558.06982421875,2923337883,yahoo
ETH,2023-10-16,1558.3134765625,1628.15625,1555.989624023438,1600.534301757812,8846928526,yahoo
ETH,2023-10-17,1600.635620117188,1601.294677734375,1554.402954101562,1565.439575195312,5032686973,yahoo
ETH,2023-10-18,1565.3828125,1584.726928710938,1556.736328125,1563.749877929688,4354138855,yahoo
ETH,2023-10-19,1563.958129882812,1573.737670898438,1543.585083007812,1567.45703125,5035110867,yahoo
ETH,2023-10-20,1567.570922851562,1628.609008789062,1562.302856445312,1604.666870117188,6747486127,yahoo
ETH,2023-10-21,1604.822265625,1641.241821289062,1593.447998046875,1629.304443359375,4212179634,yahoo
ETH,2023-10-22,1629.297729492188,1667.666625976562,1623.984741210938,1663.429931640625,5248406817,yahoo
ETH,2023-10-23,1674.849243164062,1794.070434570312,1663.447998046875,1765.382690429688,14362295879,yahoo
ETH,2023-10-24,1766.0146484375,1852.684448242188,1758.690063476562,1784.4375,15888690475,yahoo
ETH,2023-10-25,1784.905029296875,1814.484741210938,1762.147094726562,1787.397583007812,9439066475,yahoo
ETH,2023-10-26,1787.48193359375,1865.09521484375,1764.013061523438,1804.039306640625,11196672635,yahoo
ETH,2023-10-27,1803.794921875,1804.135864257812,1751.440063476562,1780.045288085938,7493399771,yahoo
ETH,2023-10-28,1780.084228515625,1800.605346679688,1773.436645507812,1776.6181640625,4226112731,yahoo
ETH,2023-10-29,1776.56396484375,1810.488647460938,1766.052978515625,1795.546020507812,4358528382,yahoo
ETH,2023-10-30,1795.589111328125,1829.24951171875,1779.364501953125,1810.088623046875,7534051038,yahoo
ETH,2023-10-31,1810.131591796875,1819.97265625,1784.567626953125,1816.458984375,6477922747,yahoo
ETH,2023-11-01,1815.8720703125,1858.312866210938,1786.409545898438,1847.089721679688,10628825648,yahoo
ETH,2023-11-02,1847.259887695312,1873.885009765625,1790.11474609375,1800.620971679688,9004197724,yahoo
ETH,2023-11-03,1800.91650390625,1835.072509765625,1779.635498046875,1832.795166015625,7622864055,yahoo
ETH,2023-11-04,1833.368896484375,1867.261352539062,1825.736572265625,1857.698608398438,4845080427,yahoo
ETH,2023-11-05,1857.395629882812,1911.608642578125,1848.6201171875,1894.15771484375,8867152645,yahoo
ETH,2023-11-06,1894.027099609375,1914.582641601562,1871.973022460938,1899.83740234375,8104122602,yahoo
ETH,2023-11-07,1900.599731445312,1907.561401367188,1852.790893554688,1888.124267578125,9203228152,yahoo
ETH,2023-11-08,1887.119018554688,1904.546264648438,1874.545654296875,1889.322387695312,6751627017,yahoo
ETH,2023-11-09,1888.940307617188,2130.88525390625,1884.204345703125,2120.56103515625,24709695029,yahoo
ETH,2023-11-10,2121.0673828125,2134.69140625,2068.13427734375,2078.289794921875,14740624457,yahoo
ETH,2023-11-11,2078.058349609375,2089.530517578125,2035.082153320312,2052.7138671875,10228351203,yahoo
ETH,2023-11-12,2053.11865234375,2066.00341796875,2019.028076171875,2045.18701171875,7951011698,yahoo
ETH,2023-11-13,2045.3544921875,2116.0107421875,2031.954223632812,2055.265380859375,14322027970,yahoo
ETH,2023-11-14,2054.765380859375,2065.06689453125,1939.280395507812,1979.052612304688,13087862495,yahoo
ETH,2023-11-15,1979.47265625,2061.99169921875,1968.774658203125,2060.408447265625,12626326991,yahoo
ETH,2023-11-16,2059.9658203125,2088.662353515625,1940.57421875,1960.881591796875,14651619483,yahoo
ETH,2023-11-17,1961.867553710938,1990.050537109375,1910.445434570312,1961.28076171875,11881648738,yahoo
ETH,2023-11-18,1961.671264648438,1971.462280273438,1921.062377929688,1963.285034179688,8064677046,yahoo
ETH,2023-11-19,1963.180053710938,2015.633911132812,1944.90087890625,2013.204467773438,7716048818,yahoo
ETH,2023-11-20,2011.853393554688,2066.409912109375,1996.044311523438,2022.239135742188,12866464824,yahoo
ETH,2023-11-21,2022.21728515625,2035.035888671875,1937.066772460938,1937.066772460938,13653500841,yahoo
ETH,2023-11-22,1933.583129882812,2089.51416015625,1933.162963867188,2064.42529296875,13372200584,yahoo
ETH,2023-11-23,2063.905517578125,2088.031982421875,2041.464233398438,2062.210693359375,7828437946,yahoo
ETH,2023-11-24,2062.411865234375,2132.481201171875,2060.9990234375,2081.152099609375,12141148820,yahoo
ETH,2023-11-25,2081.296142578125,2091.3427734375,2067.917236328125,2084.4130859375,5362623390,yahoo
ETH,2023-11-26,2084.177490234375,2094.095947265625,2038.600463867188,2063.2861328125,8054814154,yahoo
ETH,2023-11-27,2062.390869140625,2070.606201171875,1988.120361328125,2027.417358398438,10574810069,yahoo
ETH,2023-11-28,2027.517211914062,2074.9541015625,1996.814697265625,2049.338134765625,9910633038,yahoo
ETH,2023-11-29,2049.186767578125,2071.994384765625,2020.756591796875,2029.92919921875,8945151861,yahoo
ETH,2023-11-30,2029.3583984375,2054.4443359375,2022.461791992188,2052.55615234375,8107789163,yahoo
ETH,2023-12-01,2052.0966796875,2109.319091796875,2046.557006835938,2087.139892578125,10866891430,yahoo
ETH,2023-12-02,2087.66357421875,2182.81787109375,2087.407958984375,2165.7041015625,9130124831,yahoo
ETH,2023-12-03,2165.895751953125,2213.17578125,2151.720947265625,2193.691650390625,8278465782,yahoo
ETH,2023-12-04,2193.663330078125,2273.06982421875,2193.00732421875,2243.2158203125,16149367134,yahoo
ETH,2023-12-05,2243.092529296875,2306.5703125,2191.17626953125,2293.841796875,15383072559,yahoo
ETH,2023-12-06,2293.628173828125,2310.713134765625,2225.0810546875,2231.661376953125,12790612571,yahoo
ETH,2023-12-07,2233.2177734375,2380.729736328125,2225.050537109375,2357.57958984375,14766891042,yahoo
ETH,2023-12-08,2357.169189453125,2387.514404296875,2340.92041015625,2358.73193359375,12543458699,yahoo
ETH,2023-12-09,2358.68603515625,2401.760498046875,2331.666015625,2341.17529296875,10613312823,yahoo
ETH,2023-12-10,2341.440185546875,2376.749755859375,2323.40576171875,2352.462646484375,7369608905,yahoo
ETH,2023-12-11,2352.49658203125,2354.9140625,2160.358154296875,2224.578857421875,17989249470,yahoo
ETH,2023-12-12,2224.39111328125,2242.55126953125,2166.77001953125,2202.0380859375,11391132228,yahoo
ETH,2023-12-13,2202.600341796875,2283.09912109375,2150.75439453125,2260.648681640625,12576395493,yahoo
ETH,2023-12-14,2260.736083984375,2331.6015625,2239.3662109375,2316.5791015625,12608711052,yahoo
ETH,2023-12-15,2316.1103515625,2316.892822265625,2214.26318359375,2219.33740234375,10259157898,yahoo
ETH,2023-12-16,2220.41552734375,2260.809814453125,2213.55078125,2226.926513671875,6866555430,yahoo
ETH,2023-12-17,2226.892578125,2244.366455078125,2195.76171875,2196.481201171875,7410453853,yahoo
ETH,2023-12-18,2195.341796875,2222.019287109375,2120.12744140625,2217.2734375,10366536490,yahoo
ETH,2023-12-19,2218.240966796875,2253.348876953125,2139.723388671875,2177.87255859375,10619179629,yahoo
ETH,2023-12-20,2177.239501953125,2263.3291015625,2161.21875,2201.911376953125,12652290807,yahoo
ETH,2023-12-21,2201.7900390625,2278.12158203125,2184.856689453125,2239.54248046875,12616530536,yahoo
ETH,2023-12-22,2239.59814453125,2341.947509765625,2233.53271484375,2326.52490234375,16137246310,yahoo
ETH,2023-12-23,2326.7158203125,2332.072021484375,2270.428955078125,2309.04638671875,7995772945,yahoo
ETH,2023-12-24,2309.626708984375,2325.705078125,2249.984375,2265.692138671875,9450799236,yahoo
ETH,2023-12-25,2265.340576171875,2303.551025390625,2254.574462890625,2272.561767578125,8036302656,yahoo
ETH,2023-12-26,2272.21875,2274.557373046875,2180.225341796875,2231.46533203125,10668581464,yahoo
ETH,2023-12-27,2231.39306640625,2392.608642578125,2215.140380859375,2378.739990234375,14161342927,yahoo
ETH,2023-12-28,2380.20068359375,2445.017578125,2338.703857421875,2347.566162109375,15660799060,yahoo
ETH,2023-12-29,2346.84375,2386.004638671875,2262.975830078125,2300.690673828125,12536968996,yahoo
ETH,2023-12-30,2300.399658203125,2322.021484375,2270.011962890625,2292.0654296875,6888195427,yahoo
ETH,2023-12-31,2291.9453125,2318.512939453125,2261.394287109375,2281.47119140625,6871481744,yahoo
USDC,2022-01-01,1.000082969665527,1.000861048698425,0.9992169737815857,1.00008499622345,2655459065,yahoo
USDC,2022-01-02,1.000080943107605,1.00096595287323,0.9992650151252747,0.9997649788856506,2491554185,yahoo
USDC,2022-01-03,0.9997760057449341,1.000913977622986,0.999396026134491,0.9997079968452454,2979943098,yahoo
USDC,2022-01-04,0.9998180270195007,1.00135600566864,0.9991340041160583,1.000584959983826,3450318436,yahoo
USDC,2022-01-05,1.000604033470154,1.000902056694031,0.9992870092391968,0.9997569918632507,4834405737,yahoo
USDC,2022-01-06,0.9997519850730896,1.001171946525574,0.9992709755897522,0.9995599985122681,4569272674,yahoo
USDC,2022-01-07,0.9995250105857849,1.000869989395142,0.9994019865989685,1.000476956367493,4710183601,yahoo
USDC,2022-01-08,1.000473976135254,1.000996947288513,0.9994500279426575,0.9995120167732239,4278836552,yahoo
USDC,2022-01-09,0.9995059967041016,1.00111997127533,0.9994760155677795,0.9998360276222229,2921877299,yahoo
USDC,2022-01-10,0.9998300075531006,1.001127004623413,0.9993039965629578,1.000380992889404,4659945891,yahoo
USDC,2022-01-11,1.000354051589966,1.001160979270935,0.9990749955177307,1.000216007232666,3645526457,yahoo
USDC,2022-01-12,1.000224947929382,1.000820994377136,0.9991549849510193,0.9997990131378174,3486307844,yahoo
USDC,2022-01-13,0.9997860193252563,1.000977993011475,0.9989969730377197,0.9990249872207642,3601566982,yahoo
USDC,2022-01-14,0.9990950226783752,1.000754952430725,0.9990950226783752,1.000033974647522,4005995393,yahoo
USDC,2022-01-15,1.000054001808167,1.000622987747192,0.9991329908370972,0.9994819760322571,2837817560,yahoo
USDC,2022-01-16,0.9994940161705017,1.000754952430725,0.9990720152854919,0.9996920228004456,2296999988,yahoo
USDC,2022-01-17,0.999750018119812,1.000900030136108,0.9992049932479858,0.9996790289878845,3025152126,yahoo
USDC,2022-01-18,0.9996690154075623,1.000952959060669,0.9991599917411804,1.000105023384094,3223501722,yahoo
USDC,2022-01-19,1.000097990036011,1.000758051872253,0.9991379976272583,1.000331044197083,3239858099,yahoo
USDC,2022-01-20,1.000336050987244,1.001302003860474,0.9989259839057922,1.000411987304688,3125580294,yahoo
USDC,2022-01-21,1.000488042831421,1.001214027404785,0.9989960193634033,1.000440955162048,7940219543,yahoo
USDC,2022-01-22,1.000439047813416,1.000754952430725,0.9989849925041199,1.0000319480896,6945199430,yahoo
USDC,2022-01-23,1.000090003013611,1.001132011413574,0.9990890026092529,1.000144958496094,4572234577,yahoo
USDC,2022-01-24,1.000169992446899,1.000990033149719,0.9991310238838196,1.00030505657196,7468827146,yahoo
USDC,2022-01-25,1.000318050384521,1.001090049743652,0.9990310072898865,1.000429034233093,4146328235,yahoo
USDC,2022-01-26,1.000419974327087,1.000885963439941,0.9988530278205872,0.99993497133255,83252070566791,yahoo
USDC,2022-01-27,0.9998499751091003,1.001183032989502,0.9989230036735535,0.9997760057449341,5023632111,yahoo
USDC,2022-01-28,0.9997490048408508,1.001276016235352,0.9989690184593201,0.9996510148048401,4809047239,yahoo
USDC,2022-01-29,0.9996629953384399,1.00080394744873,0.9989579916000366,1.000395059585571,77941755281506,yahoo
USDC,2022-01-30,1.000404953956604,1.00075101852417,0.9991959929466248,1.000064969062805,2333906963,yahoo
USDC,2022-01-31,1.00008499622345,1.001075029373169,0.9990839958190918,0.9995390176773071,2977541960,yahoo
USDC,2022-02-01,0.9995200037956238,1.00046694278717,0.9990890026092529,0.9996830224990845,3093316095,yahoo
USDC,2022-02-02,0.999705970287323,1.000725984573364,0.9991750121116638,0.9999669790267944,2735917325,yahoo
USDC,2022-02-03,0.9999009966850281,1.000627040863037,0.9990599751472473,1.000231027603149,2639131315,yahoo
USDC,2022-02-04,1.000187039375305,1.000676035881042,0.9992319941520691,0.9995329976081848,5446795900,yahoo
USDC,2022-02-05,0.999584972858429,1.000478982925415,0.998865008354187,1.000116944313049,5767688766,yahoo
USDC,2022-02-06,1.000090956687927,1.000494003295898,0.9990410208702087,1.000357031822205,2185135025,yahoo
USDC,2022-02-07,1.000311970710754,1.001152992248535,0.9989979863166809,0.9990220069885254,3534437072,yahoo
USDC,2022-02-08,0.9990770220756531,1.000568032264709,0.9979910254478455,0.9991710186004639,3736950599,yahoo
USDC,2022-02-09,0.9991130232810974,1.000563979148865,0.9990090131759644,0.9995869994163513,2902479207,yahoo
USDC,2022-02-10,0.9995920062065125,1.000820994377136,0.9988830089569092,1.000102996826172,4195499895,yahoo
USDC,2022-02-11,1.000144004821777,1.000532031059265,0.9986839890480042,0.9993680119514465,4014217487,yahoo
USDC,2022-02-12,0.9993829727172852,1.000677943229675,0.9988260269165039,1.000177025794983,2817156195,yahoo
USDC,2022-02-13,1.000154972076416,1.000622034072876,0.9987679719924927,0.999983012676239,2123450728,yahoo
USDC,2022-02-14,0.9999849796295166,1.000691056251526,0.9989780187606812,0.999364972114563,2963505590,yahoo
USDC,2022-02-15,0.9993299841880798,1.000414967536926,0.9988610148429871,0.9995710253715515,3303759191,yahoo
USDC,2022-02-16,0.9996089935302734,1.00066602230072,0.9989219903945923,0.9997760057449341,3231224663,yahoo
USDC,2022-02-17,0.9996970295906067,1.000455021858215,0.9988840222358704,0.9994019865989685,3964363431,yahoo
USDC,2022-02-18,0.9994040131568909,1.000573039054871,0.998898983001709,0.999770998954773,3506445548,yahoo
USDC,2022-02-19,0.9997339844703674,1.000506997108459,0.9990180134773254,0.9998700022697449,2094832701,yahoo
USDC,2022-02-20,0.9998639822006226,1.000710964202881,0.998878002166748,1.000002980232239,2869319070,yahoo
USDC,2022-02-21,1.000000953674316,1.000856041908264,0.998835027217865,0.999334990978241,5035066514,yahoo
USDC,2022-02-22,0.9993590116500854,1.001062989234924,0.9988240003585815,1.000044941902161,4311028906,yahoo
USDC,2022-02-23,1.000046014785767,1.00069797039032,0.9988809823989868,0.9995129704475403,4088593001,yahoo
USDC,2022-02-24,0.999521017074585,1.000717043876648,0.9988399744033813,0.9999629855155945,9044960990,yahoo
USDC,2022-02-25,0.9999439716339111,1.000911951065063,0.9992820024490356,0.9999430179595947,5563465156,yahoo
USDC,2022-02-26,0.9999039769172668,1.000396966934204,0.9991350173950195,0.9999920129776001,3262045031,yahoo
USDC,2022-02-27,0.99993497133255,1.000419974327087,0.9985449910163879,0.9997220039367676,4352100239,yahoo
USDC,2022-02-28,0.9996880292892456,1.000571012496948,0.9988750219345093,0.9998530149459839,5502186592,yahoo
USDC,2022-03-01,0.9998400211334229,1.000522971153259,0.9985049962997437,0.999813973903656,5617261430,yahoo
USDC,2022-03-02,0.9998030066490173,1.000584959983826,0.998769998550415,0.9995689988136292,5351706956,yahoo
USDC,2022-03-03,0.999563992023468,1.000502943992615,0.9990410208702087,0.9999340176582336,3923999317,yahoo
USDC,2022-03-04,0.9999589920043945,1.000684976577759,0.9990720152854919,0.9998409748077393,4810312635,yahoo
USDC,2022-03-05,0.999921977519989,1.000887989997864,0.9977449774742126,0.9993709921836853,2645372913,yahoo
USDC,2022-03-06,0.9993799924850464,1.000412940979004,0.9987679719924927,0.9998509883880615,3162813903,yahoo
USDC,2022-03-07,0.999875009059906,1.000687003135681,0.9986310005187988,0.9991340041160583,4227523780,yahoo
USDC,2022-03-08,0.9991009831428528,1.001224994659424,0.9990689754486084,1.00025999546051,4167069281,yahoo
USDC,2022-03-09,1.000269055366516,1.001520991325378,0.9992210268974304,1.000450015068054,4206640635,yahoo
USDC,2022-03-10,1.000440001487732,1.000705003738403,0.998993992805481,0.999800980091095,3932910648,yahoo
USDC,2022-03-11,0.9998080134391785,1.000177025794983,0.9991679787635803,0.9993410110473633,3885937976,yahoo
USDC,2022-03-12,0.9993469715118408,1.000237941741943,0.9992430210113525,0.999538004398346,2442312633,yahoo
USDC,2022-03-13,0.9996989965438843,1.000180959701538,0.9990280270576477,0.9999650120735168,2802399958,yahoo
USDC,2022-03-14,0.9999470114707947,1.000643014907837,0.9983969926834106,1.000288009643555,3579010932,yahoo
USDC,2022-03-15,1.000269055366516,1.000797986984253,0.9987019896507263,0.9993669986724854,3439991060,yahoo
USDC,2022-03-16,0.9993619918823242,1.000555038452148,0.9991679787635803,0.9998959898948669,5396067900,yahoo
USDC,2022-03-17,0.999904990196228,1.000246047973633,0.9994980096817017,0.999783992767334,3742857761,yahoo
USDC,2022-03-18,0.9997529983520508,1.000102996826172,0.9993230104446411,0.9998480081558228,4336717258,yahoo
USDC,2022-03-19,0.9998059868812561,1.000169038772583,0.9993370175361633,0.9997479915618896,2958600262,yahoo
USDC,2022-03-20,0.9997550249099731,1.000246047973633,0.9991570115089417,0.9999319911003113,2943598190,yahoo
USDC,2022-03-21,0.9999269843101501,1.000377058982849,0.9993990063667297,0.9998279809951782,3371335656,yahoo
USDC,2022-03-22,0.9998199939727783,1.00026798248291,0.9994770288467407,0.9999039769172668,4026123791,yahoo
USDC,2022-03-23,0.9998900294303894,1.000378966331482,0.9991769790649414,0.9999529719352722,3777569857,yahoo
USDC,2022-03-24,0.9999769926071167,1.000378966331482,0.9990730285644531,0.9997050166130066,4794381206,yahoo
USDC,2022-03-25,0.9997029900550842,1.000249028205872,0.9987829923629761,0.9991530179977417,3995768300,yahoo
USDC,2022-03-26,0.9992030262947083,1.000545024871826,0.9990659952163696,0.999891996383667,2351508897,yahoo
USDC,2022-03-27,0.9999200105667114,1.000434994697571,0.9994950294494629,1.000038981437683,3193250085,yahoo
USDC,2022-03-28,1.000044941902161,1.000511050224304,0.9992309808731079,1.000126004219055,4736107595,yahoo
USDC,2022-03-29,1.000064015388489,1.000331997871399,0.9993450045585632,0.9999960064888,4605087735,yahoo
USDC,2022-03-30,0.9999960064888,1.000478029251099,0.9991649985313416,0.9994310140609741,4294916739,yahoo
USDC,2022-03-31,0.9994480013847351,1.000293970108032,0.9989410042762756,0.9994469881057739,4965559497,yahoo
USDC,2022-04-01,0.9995160102844238,1.000417947769165,0.999023973941803,0.9999939799308777,4910693133,yahoo
USDC,2022-04-02,1.000007033348083,1.000308990478516,0.9990649819374084,0.999343991279602,4174919496,yahoo
USDC,2022-04-03,0.9993039965629578,1.00043797492981,0.9985049962997437,1.000094056129456,3383196459,yahoo
USDC,2022-04-04,1.000087976455688,1.000316023826599,0.9989100098609924,1.00012195110321,4217884092,yahoo
USDC,2022-04-05,1.0001380443573,1.000360012054443,0.9990339875221252,0.9996960163116455,3993328112,yahoo
USDC,2022-04-06,0.99965900182724,1.000602006912231,0.9986230134963989,0.999584972858429,5849605363,yahoo
USDC,2022-04-07,0.9996119737625122,1.001111030578613,0.9990659952163696,1.000036954879761,3809231231,yahoo
USDC,2022-04-08,1.000110030174255,1.001014947891235,0.9973160028457642,0.9997410178184509,3965817036,yahoo
USDC,2022-04-09,0.9997460246086121,1.000532984733582,0.9990670084953308,1.000084042549133,2269317026,yahoo
USDC,2022-04-10,1.000084042549133,1.000502943992615,0.9991440176963806,0.9996259808540344,2315716300,yahoo
USDC,2022-04-11,0.9996960163116455,1.000303983688354,0.9990090131759644,0.9997320175170898,5102389285,yahoo
USDC,2022-04-12,0.999813973903656,1.000623941421509,0.9992319941520691,0.9998649954795837,4605505010,yahoo
USDC,2022-04-13,0.9998289942741394,1.00039005279541,0.9991530179977417,0.9997450113296509,3725782044,yahoo
USDC,2022-04-14,0.9997249841690063,1.000332951545715,0.999081015586853,0.9998390078544617,3957318706,yahoo
USDC,2022-04-15,0.9998310208320618,1.000561952590942,0.9993860125541687,0.9997529983520508,3220618832,yahoo
USDC,2022-04-16,0.9997339844703674,1.000432014465332,0.9992700219154358,1.000226020812988,2152278186,yahoo
USDC,2022-04-17,1.000201940536499,1.00032103061676,0.9989050030708313,0.9992589950561523,2678573075,yahoo
USDC,2022-04-18,0.9992730021476746,1.000550031661987,0.9988290071487427,0.9998729825019836,4013104508,yahoo
USDC,2022-04-19,0.9998829960823059,1.00060498714447,0.9993199706077576,0.9998970031738281,3629844066,yahoo
USDC,2022-04-20,0.9999079704284668,1.000633001327515,0.9993129968643188,0.9998469948768616,4170091755,yahoo
USDC,2022-04-21,0.9998390078544617,1.001759052276611,0.999439001083374,1.000282049179077,4474827385,yahoo
USDC,2022-04-22,1.000247001647949,1.000676989555359,0.9994630217552185,1.00019896030426,3882678798,yahoo
USDC,2022-04-23,1.000236988067627,1.000627994537354,0.9994950294494629,1.000004053115845,2324060694,yahoo
USDC,2022-04-24,0.9997910261154175,1.001844048500061,0.9994779825210571,0.9999629855155945,2649077080,yahoo
USDC,2022-04-25,0.9999600052833557,1.002027988433838,0.9994000196456909,1.000218033790588,4720363070,yahoo
USDC,2022-04-26,1.000192046165466,1.001826047897339,0.9993630051612854,1.000126957893372,4221564998,yahoo
USDC,2022-04-27,1.000128984451294,1.000838994979858,0.9995350241661072,1.00032103061676,3849488651,yahoo
USDC,2022-04-28,1.000309944152832,1.000504970550537,0.9995070099830627,1.000028967857361,4611631886,yahoo
USDC,2022-04-29,1.000007033348083,1.000416994094849,0.9995419979095459,1.000023007392883,4076411418,yahoo
USDC,2022-04-30,1.0000079870224,1.000494956970215,0.9992799758911133,1.000295042991638,3824993132,yahoo
USDC,2022-05-01,1.000278949737549,1.000849962234497,0.9994869828224182,1.000380992889404,3757508036,yahoo
USDC,2022-05-02,1.00036096572876,1.000563979148865,0.9994999766349792,1.000059962272644,3902762410,yahoo
USDC,2022-05-03,1.000056028366089,1.000380992889404,0.9994760155677795,1.000118970870972,3691702287,yahoo
USDC,2022-05-04,1.000118017196655,1.000648021697998,0.9996190071105957,1.00007700920105,4446134900,yahoo
USDC,2022-05-05,1.000066041946411,1.00060498714447,0.9993810057640076,0.9999579787254333,5202645491,yahoo
USDC,2022-05-06,0.9999470114707947,1.000607967376709,0.9995229840278625,1.000072002410889,5376284197,yahoo
USDC,2022-05-07,1.000064969062805,1.000427007675171,0.9996169805526733,0.9999060034751892,3623126811,yahoo
USDC,2022-05-08,0.9999179840087891,1.000630974769592,0.9995480179786682,1.000087022781372,5432001418,yahoo
USDC,2022-05-09,0.9999939799308777,1.00068199634552,0.9993759989738464,0.9995949864387512,8493986111,yahoo
USDC,2022-05-10,0.9995759725570679,1.000684976577759,0.9992780089378357,0.9998279809951782,8611992228,yahoo
USDC,2022-05-11,0.9997850060462952,1.001350045204163,0.99925297498703,1.000766038894653,15143285239,yahoo
USDC,2022-05-12,1.000777006149292,1.011433959007263,0.9995309710502625,1.000658988952637,18612052637,yahoo
USDC,2022-05-13,1.000601053237915,1.001901030540466,0.9996370077133179,1.000347018241882,8025797259,yahoo
USDC,2022-05-14,1.000417947769165,1.000977039337158,0.9996950030326843,1.000380992889404,5734214071,yahoo
USDC,2022-05-15,1.000367999076843,1.001026034355164,0.9998630285263062,1.00018298625946,4610661832,yahoo
USDC,2022-05-16,1.000195026397705,1.000815987586975,0.9997400045394897,1.000581026077271,6650512579,yahoo
USDC,2022-05-17,1.000622987747192,1.001044988632202,0.9999399781227112,1.000218987464905,5271575140,yahoo
USDC,2022-05-18,1.000218987464905,1.000798940658569,0.999770998954773,0.999770998954773,5791540700,yahoo
USDC,2022-05-19,0.999809980392456,1.000821948051453,0.999809980392456,1.000269055366516,6580258237,yahoo
USDC,2022-05-20,1.000277996063232,1.000887036323547,0.9997869729995728,0.9999070167541504,5519038708,yahoo
USDC,2022-05-21,0.9999439716339111,1.000862002372742,0.9998660087585449,1.000265955924988,3085866979,yahoo
USDC,2022-05-22,1.000254988670349,1.000833988189697,0.9999369978904724,1.000092029571533,3493584223,yahoo
USDC,2022-05-23,1.000115036964417,1.000905990600586,0.9997280240058899,1.000141024589539,5594245864,yahoo
USDC,2022-05-24,1.000149011611938,1.000906944274902,0.9997379779815674,1.000179052352905,4616931095,yahoo
USDC,2022-05-25,1.000177025794983,1.001006960868835,0.9997779726982117,0.9998210072517395,4580073336,yahoo
USDC,2022-05-26,0.9998379945755005,1.001171946525574,0.9997400045394897,0.9999300241470337,6850921932,yahoo
USDC,2022-05-27,0.9999639987945557,1.001227974891663,0.9997050166130066,1.000403046607971,6832701659,yahoo
USDC,2022-05-28,1.000251054763794,1.000846982002258,0.9998379945755005,1.000149965286255,4367920911,yahoo
USDC,2022-05-29,1.000149011611938,1.000826001167297,0.9998279809951782,1.000586032867432,3972282488,yahoo
USDC,2022-05-30,1.000568032264709,1.000870943069458,0.9995819926261902,1.000098943710327,6484139842,yahoo
USDC,2022-05-31,1.000079989433289,1.000776052474976,0.9997739791870117,1.000210046768188,5896228360,yahoo
USDC,2022-06-01,1.000216007232666,1.000717997550964,0.9997119903564453,1.0001300573349,6158677984,yahoo
USDC,2022-06-02,1.000139951705933,1.000808000564575,0.9998239874839783,1.000223994255066,4994899697,yahoo
USDC,2022-06-03,1.000272035598755,1.000761032104492,0.9997649788856506,1.000143051147461,4266590882,yahoo
USDC,2022-06-04,1.000174999237061,1.000725984573364,0.9998279809951782,1.000242948532104,3190396150,yahoo
USDC,2022-06-05,1.000205039978027,1.000959992408752,0.9998819828033447,1.000144004821777,3227635578,yahoo
USDC,2022-06-06,1.000139951705933,1.000833988189697,0.9996640086174011,1.000082015991211,4623471415,yahoo
USDC,2022-06-07,1.000089049339294,1.000846982002258,0.9997419714927673,1.000102996826172,5926284249,yahoo
USDC,2022-06-08,1.000043988227844,1.000830054283142,0.9997940063476562,1.000218033790588,4466105669,yahoo
USDC,2022-06-09,1.000211954116821,1.000632047653198,0.9997469782829285,1.00024402141571,3391661643,yahoo
USDC,2022-06-10,1.000208020210266,1.000476956367493,0.9996979832649231,1.000062942504883,4483108536,yahoo
USDC,2022-06-11,1.000087976455688,1.00108802318573,0.9997379779815674,1.000090003013611,4801662884,yahoo
USDC,2022-06-12,1.000195026397705,1.000915050506592,0.9995269775390625,1.000048995018005,6008997676,yahoo
USDC,2022-06-13,0.9999740123748779,1.001116991043091,0.9995009899139404,1.000434041023254,13815639937,yahoo
USDC,2022-06-14,1.000502943992615,1.00122594833374,0.9995920062065125,1.000728011131287,9261666900,yahoo
USDC,2022-06-15,1.000643014907837,1.00134003162384,0.9997770190238953,1.000704050064087,10865090032,yahoo
USDC,2022-06-16,1.000710964202881,1.000908970832825,0.9997889995574951,1.000367999076843,6216714654,yahoo
USDC,2022-06-17,1.000448942184448,1.001063942909241,0.999921977519989,1.000208020210266,5283451774,yahoo
USDC,2022-06-18,1.000151038169861,1.001324057579041,0.9995869994163513,1.000314950942993,7168140282,yahoo
USDC,2022-06-19,1.000257968902588,1.00109601020813,0.9998959898948669,1.000404000282288,6073489273,yahoo
USDC,2022-06-20,1.000409007072449,1.000982999801636,0.9998440146446228,1.000151991844177,5394231917,yahoo
USDC,2022-06-21,1.000180006027222,1.001109004020691,0.9998390078544617,0.9999430179595947,4898540814,yahoo
USDC,2022-06-22,0.9999639987945557,1.000790953636169,0.9996280074119568,1.000108003616333,4567777097,yahoo
USDC,2022-06-23,1.00009298324585,1.000779032707214,0.9998189806938171,1.000538945198059,4598601365,yahoo
USDC,2022-06-24,1.00056004524231,1.000620007514954,0.9998070001602173,0.9998639822006226,5032854948,yahoo
USDC,2022-06-25,0.9999200105667114,1.000659942626953,0.9996619820594788,1.000103950500488,3411506544,yahoo
USDC,2022-06-26,1.000082969665527,1.000735998153687,0.9998120069503784,0.9998130202293396,3243270528,yahoo
USDC,2022-06-27,1.000008940696716,1.000637054443359,0.9997730255126953,1.000166058540344,3977297459,yahoo
USDC,2022-06-28,1.000123023986816,1.000687003135681,0.9998149871826172,1.000139951705933,4237935225,yahoo
USDC,2022-06-29,1.000120997428894,1.00068199634552,0.9998369812965393,1.000365018844604,5094612628,yahoo
USDC,2022-06-30,1.000393033027649,1.000792980194092,0.9997439980506897,0.9999139904975891,5219514116,yahoo
USDC,2022-07-01,1.000090003013611,1.000658988952637,0.9998120069503784,1.000177025794983,5311122206,yahoo
USDC,2022-07-02,1.000216007232666,1.000676989555359,0.9996780157089233,0.9999709725379944,3973778503,yahoo
USDC,2022-07-03,0.9999600052833557,1.000655055046082,0.9997730255126953,1.000372052192688,3614447154,yahoo
USDC,2022-07-04,1.000357031822205,1.000730037689209,0.9998120069503784,1.000306010246277,5032411793,yahoo
USDC,2022-07-05,1.000336050987244,1.000581979751587,0.9998090267181396,1.00005304813385,6243487902,yahoo
USDC,2022-07-06,1.000112056732178,1.000781059265137,0.9997349977493286,0.999879002571106,5406302050,yahoo
USDC,2022-07-07,0.9998930096626282,1.000619053840637,0.9997590184211731,1.000092029571533,5521739581,yahoo
USDC,2022-07-08,1.000105023384094,1.000710964202881,0.9996349811553955,0.9997779726982117,6142274118,yahoo
USDC,2022-07-09,0.9999150037765503,1.000524997711182,0.9998120069503784,1.000046014785767,4905270940,yahoo
USDC,2022-07-10,1.000059962272644,1.000386953353882,0.999701976776123,1.000028967857361,4439375698,yahoo
USDC,2022-07-11,1.000046014785767,1.000651955604553,0.9997259974479675,1.000169038772583,4843512117,yahoo
USDC,2022-07-12,1.000170946121216,1.000573992729187,0.9996860027313232,0.9998530149459839,4780296209,yahoo
USDC,2022-07-13,0.9999099969863892,1.000787973403931,0.9995350241661072,1.000046968460083,5445116047,yahoo
USDC,2022-07-14,1.000164031982422,1.00047504901886,0.9997079968452454,0.9999970197677612,5345559224,yahoo
USDC,2022-07-15,1.000008940696716,1.000465035438538,0.9995999932289124,0.9999629855155945,5646216485,yahoo
USDC,2022-07-16,0.9999459981918335,1.00086498260498,0.9995890259742737,1.000151038169861,5382938984,yahoo
USDC,2022-07-17,1.000172019004822,1.000440001487732,0.9994519948959351,1.000249028205872,5540927850,yahoo
USDC,2022-07-18,1.000241994857788,1.000769972801208,0.9995189905166626,1.000077962875366,8456901936,yahoo
USDC,2022-07-19,0.9998720288276672,1.000501036643982,0.9993540048599243,0.9998930096626282,9504899153,yahoo
USDC,2022-07-20,0.9998729825019836,1.000578999519348,0.9994500279426575,0.9999129772186279,8806753436,yahoo
USDC,2022-07-21,0.9998869895935059,1.000548958778381,0.9994580149650574,1.000082015991211,7372587537,yahoo
USDC,2022-07-22,1.000079035758972,1.000447034835815,0.9992190003395081,1.000017046928406,6285903773,yahoo
USDC,2022-07-23,0.9999520182609558,1.000408053398132,0.9994969964027405,1.000013947486877,5287167945,yahoo
USDC,2022-07-24,1.000007033348083,1.00047504901886,0.9995980262756348,1.000084042549133,4866184511,yahoo
USDC,2022-07-25,1.000064015388489,1.000484943389893,0.9993630051612854,0.9997419714927673,6431520471,yahoo
USDC,2022-07-26,0.9997770190238953,1.000669002532959,0.999584972858429,1.000141978263855,6871887569,yahoo
USDC,2022-07-27,1.000161051750183,1.000694990158081,0.9996349811553955,1.000115036964417,8262809031,yahoo
USDC,2022-07-28,1.000141024589539,1.000491976737976,0.9994189739227295,1.000022053718567,9419521160,yahoo
USDC,2022-07-29,1.0000239610672,1.000506043434143,0.999210000038147,0.9996780157089233,8773001546,yahoo
USDC,2022-07-30,0.9997199773788452,1.000419020652771,0.9993759989738464,0.9998660087585449,6342886733,yahoo
USDC,2022-07-31,0.9997479915618896,1.000301003456116,0.9993159770965576,0.999796986579895,7124030237,yahoo
USDC,2022-08-01,0.9997580051422119,1.000468969345093,0.9995229840278625,0.9998369812965393,8090652736,yahoo
USDC,2022-08-02,0.9998559951782227,1.000583052635193,0.999347984790802,0.9999340176582336,8333966555,yahoo
USDC,2022-08-03,0.9999669790267944,1.000512003898621,0.9995650053024292,1.0000319480896,7123782220,yahoo
USDC,2022-08-04,1.000033974647522,1.000686049461365,0.9996119737625122,1.000036001205444,6265705595,yahoo
USDC,2022-08-05,1.000036954879761,1.000417947769165,0.9994239807128906,1.000087976455688,6033672422,yahoo
USDC,2022-08-06,1.000120997428894,1.000288009643555,0.9995660185813904,0.999705970287323,4013049170,yahoo
USDC,2022-08-07,0.9998480081558228,1.000354051589966,0.9994909763336182,0.9999189972877502,3504912367,yahoo
USDC,2022-08-08,0.9999380111694336,1.000453948974609,0.9994419813156128,1.000066041946411,6960679226,yahoo
USDC,2022-08-09,1.000079989433289,1.000298976898193,0.999144971370697,0.9997979998588562,6736005317,yahoo
USDC,2022-08-10,0.9997720122337341,1.000326037406921,0.9995319843292236,1.000134944915771,7908008277,yahoo
USDC,2022-08-11,1.000136017799377,1.000257968902588,0.999642014503479,0.9999139904975891,8324806426,yahoo
USDC,2022-08-12,0.9998840093612671,1.000278949737549,0.9996510148048401,1.000066995620728,6575377525,yahoo
USDC,2022-08-13,1.000041007995605,1.000159978866577,0.9996709823608398,0.9999520182609558,5445129024,yahoo
USDC,2022-08-14,0.9999520182609558,1.000170946121216,0.9995579719543457,0.9998480081558228,4448890165,yahoo
USDC,2022-08-15,0.9998819828033447,1.000260949134827,0.9994590282440186,0.9999489784240723,7302904711,yahoo
USDC,2022-08-16,0.9999150037765503,1.000231981277466,0.9996209740638733,1.00006103515625,6162980451,yahoo
USDC,2022-08-17,1.000064015388489,1.000260949134827,0.9994210004806519,0.9999549984931946,6429626031,yahoo
USDC,2022-08-18,0.9999750256538391,1.000192046165466,0.999625027179718,0.9999070167541504,5259309739,yahoo
USDC,2022-08-19,0.9999369978904724,1.000399947166443,0.9994779825210571,1.000028014183044,7104084896,yahoo
USDC,2022-08-20,0.9999539852142334,1.000460982322693,0.999737024307251,1.000211000442505,7104084896,yahoo
USDC,2022-08-21,1.000187993049622,1.000396966934204,0.9997590184211731,1.000141024589539,5446317941,yahoo
USDC,2022-08-22,1.000113964080811,1.000363945960999,0.9997640252113342,1.0001380443573,5446317941,yahoo
USDC,2022-08-23,1.000136017799377,1.000395059585571,0.9997050166130066,0.9999819993972778,5446317941,yahoo
USDC,2022-08-24,0.9999989867210388,1.000239014625549,0.9996470212936401,0.9998610019683838,7342467396,yahoo
USDC,2022-08-25,0.9999210238456726,1.000195026397705,0.9996709823608398,0.9999600052833557,7247298408,yahoo
USDC,2022-08-26,0.9999790191650391,1.000318050384521,0.9995489716529846,0.9999740123748779,9023777773,yahoo
USDC,2022-08-27,0.9999210238456726,1.000349998474121,0.9997010231018066,1.000008940696716,12367955268,yahoo
USDC,2022-08-28,1.000013947486877,1.000239968299866,0.9997270107269287,1.000030994415283,6479740107,yahoo
USDC,2022-08-29,0.99993497133255,1.000365972518921,0.999800980091095,0.9999669790267944,8146241733,yahoo
USDC,2022-08-30,0.9999799728393555,1.000501990318298,0.9996870160102844,1.000005960464478,6564730413,yahoo
USDC,2022-08-31,0.9999790191650391,1.000391006469727,0.9996820092201233,1.000028014183044,5586800452,yahoo
USDC,2022-09-01,1.000054955482483,1.000396966934204,0.9996600151062012,0.9999759793281555,5070758690,yahoo
USDC,2022-09-02,0.999970018863678,1.000277996063232,0.9997320175170898,1.00010097026825,4800544392,yahoo
USDC,2022-09-03,1.000133037567139,1.000293970108032,0.9996399879455566,1.000126004219055,5057166378,yahoo
USDC,2022-09-04,1.000115990638733,1.000254988670349,0.9997959733009338,1.000107049942017,6332291606,yahoo
USDC,2022-09-05,1.000120997428894,1.000290036201477,0.9995920062065125,0.9998819828033447,6182567826,yahoo
USDC,2022-09-06,0.9998999834060669,1.000318050384521,0.9994570016860962,0.9998779892921448,7323352432,yahoo
USDC,2022-09-07,0.9998049736022949,1.000316023826599,0.9997100234031677,0.9999930262565613,5925798240,yahoo
USDC,2022-09-08,0.9999669790267944,1.000259041786194,0.9997000098228455,0.9999139904975891,5599051311,yahoo
USDC,2022-09-09,0.9999070167541504,1.000219941139221,0.9996330142021179,0.9999449849128723,7486756055,yahoo
USDC,2022-09-10,0.9999449849128723,1.000223994255066,0.9996860027313232,0.9998630285263062,6034410916,yahoo
USDC,2022-09-11,0.9998610019683838,1.000252962112427,0.9996299743652344,0.9999510049819946,5285353049,yahoo
USDC,2022-09-12,0.9999600052833557,1.000200033187866,0.9995160102844238,1.000010967254639,6603561164,yahoo
USDC,2022-09-13,1.000022053718567,1.000224947929382,0.9993640184402466,1.000113964080811,7447771857,yahoo
USDC,2022-09-14,0.9999650120735168,1.00026798248291,0.9997699856758118,1.000040054321289,5785823308,yahoo
USDC,2022-09-15,1.000038027763367,1.00042998790741,0.9997439980506897,1.0001620054245,7140693834,yahoo
USDC,2022-09-16,1.000169992446899,1.000336050987244,0.9997469782829285,1.000118017196655,5765020468,yahoo
USDC,2022-09-17,1.00007700920105,1.000283002853394,0.9998559951782227,1.0000319480896,3630797018,yahoo
USDC,2022-09-18,1.000080943107605,1.000239014625549,0.9996510148048401,1.00007700920105,4028540366,yahoo
USDC,2022-09-19,0.9999939799308777,1.000450015068054,0.9996680021286011,0.9998729825019836,5448220572,yahoo
USDC,2022-09-20,0.9999020099639893,1.000308036804199,0.9995999932289124,0.9999480247497559,4922676526,yahoo
USDC,2022-09-21,0.9999150037765503,1.000692963600159,0.9993489980697632,1.000113010406494,5956755763,yahoo
USDC,2022-09-22,1.000133991241455,1.000488042831421,0.9996129870414734,0.9999200105667114,5233558179,yahoo
USDC,2022-09-23,0.9999459981918335,1.000385999679565,0.9997199773788452,0.9999930262565613,5282910708,yahoo
USDC,2022-09-24,1.000010013580322,1.000242948532104,0.9996470212936401,0.9999729990959167,3875334932,yahoo
USDC,2022-09-25,0.9999679923057556,1.000301003456116,0.9998170137405396,0.9999679923057556,3878358168,yahoo
USDC,2022-09-26,1.000048995018005,1.000421047210693,0.9997410178184509,1.000164985656738,3999499289,yahoo
USDC,2022-09-27,1.000213980674744,1.000411987304688,0.9997050166130066,1.000123023986816,4795683665,yahoo
USDC,2022-09-28,1.000054001808167,1.000344038009644,0.999767005443573,1.000010967254639,4650658918,yahoo
USDC,2022-09-29,1.000054001808167,1.000319004058838,0.9996520280838013,1.000123977661133,4102135594,yahoo
USDC,2022-09-30,0.9999719858169556,1.000395059585571,0.999800980091095,1.000066041946411,4870470845,yahoo
USDC,2022-10-01,1.000041961669922,1.000170946121216,0.9997979998588562,0.9999840259552002,3108134491,yahoo
USDC,2022-10-02,1.000012993812561,1.000311017036438,0.9994419813156128,0.9999909996986389,2933405193,yahoo
USDC,2022-10-03,1.0000319480896,1.00021505355835,0.9998160004615784,0.9999269843101501,4449830981,yahoo
USDC,2022-10-04,0.9999160170555115,1.000200033187866,0.9997879862785339,0.9999319911003113,3702781171,yahoo
USDC,2022-10-05,0.9999430179595947,1.000252962112427,0.9997100234031677,0.9999380111694336,3648372214,yahoo
USDC,2022-10-06,1.000005960464478,1.000272035598755,0.9997130036354065,0.9999690055847168,4064924187,yahoo
USDC,2022-10-07,0.9999880194664001,1.000249981880188,0.9997310042381287,1.000022053718567,3663387742,yahoo
USDC,2022-10-08,0.9999930262565613,1.000188946723938,0.9997659921646118,1.000146985054016,2735745388,yahoo
USDC,2022-10-09,1.000151038169861,1.000216960906982,0.9998540282249451,0.9999930262565613,2260430910,yahoo
USDC,2022-10-10,0.9999809861183167,1.000242948532104,0.9997379779815674,0.9999409914016724,3234465931,yahoo
USDC,2022-10-11,0.9999340176582336,1.000272989273071,0.9997100234031677,1.000025033950806,3635935332,yahoo
USDC,2022-10-12,1.0000239610672,1.000254988670349,0.9998599886894226,0.9999619722366333,2920458912,yahoo
USDC,2022-10-13,0.999970018863678,1.000350952148438,0.9995459914207458,1.0000159740448,4863475901,yahoo
USDC,2022-10-14,1.000008940696716,1.000324010848999,0.9997010231018066,0.9999949932098389,4058420604,yahoo
USDC,2022-10-15,0.9999960064888,1.000234961509705,0.9998379945755005,0.9999300241470337,2551998130,yahoo
USDC,2022-10-16,0.9999060034751892,1.000285983085632,0.9998319745063782,0.9999529719352722,2511992440,yahoo
USDC,2022-10-17,0.9999610185623169,1.000218033790588,0.9998540282249451,0.9999849796295166,2980936199,yahoo
USDC,2022-10-18,0.9999909996986389,1.000301957130432,0.9998480081558228,0.9999979734420776,2885568216,yahoo
USDC,2022-10-19,0.9999819993972778,1.000403046607971,0.9997609853744507,1.000054955482483,2645576295,yahoo
USDC,2022-10-20,1.000038981437683,1.000401973724365,0.9997509717941284,1.0,2679829482,yahoo
USDC,2022-10-21,0.9999859929084778,1.000401973724365,0.9998390078544617,1.000013947486877,3250082894,yahoo
USDC,2022-10-22,1.000018954277039,1.00019097328186,0.999809980392456,1.000028967857361,1929650726,yahoo
USDC,2022-10-23,1.000023007392883,1.000316023826599,0.9997820258140564,1.000030040740967,2276952462,yahoo
USDC,2022-10-24,1.000079989433289,1.00025999546051,0.999767005443573,0.9999799728393555,3031244247,yahoo
USDC,2022-10-25,0.9999420046806335,1.000731945037842,0.999705970287323,0.999966025352478,4523233356,yahoo
USDC,2022-10-26,0.999925971031189,1.000424981117249,0.9997119903564453,1.000026941299438,4575654708,yahoo
USDC,2022-10-27,1.000022053718567,1.000260949134827,0.9997310042381287,0.9999690055847168,4234666654,yahoo
USDC,2022-10-28,0.9999529719352722,1.000288009643555,0.9996860027313232,0.9999229907989502,4000469292,yahoo
USDC,2022-10-29,0.9999179840087891,1.000426054000854,0.9996989965438843,1.000079035758972,4594883158,yahoo
USDC,2022-10-30,1.000051975250244,1.000260949134827,0.9997760057449341,1.000115036964417,3672657264,yahoo
USDC,2022-10-31,1.000085949897766,1.000378966331482,0.9994519948959351,0.9999960064888,5307443271,yahoo
USDC,2022-11-01,1.000012040138245,1.000254034996033,0.9997289776802063,1.000043988227844,3559235451,yahoo
USDC,2022-11-02,1.000035047531128,1.000380992889404,0.9995719790458679,1.000097036361694,6343248164,yahoo
USDC,2022-11-03,1.000133991241455,1.000653982162476,0.9997940063476562,1.000064969062805,3480226568,yahoo
USDC,2022-11-04,1.000041007995605,1.000496029853821,0.9996690154075623,1.000036001205444,4189794922,yahoo
USDC,2022-11-05,1.000018000602722,1.000314950942993,0.9997619986534119,0.9999039769172668,2820629269,yahoo
USDC,2022-11-06,0.9999079704284668,1.000311017036438,0.99959397315979,0.9998689889907837,2414704424,yahoo
USDC,2022-11-07,0.9998509883880615,1.000388026237488,0.9996579885482788,1.000323057174683,3478168774,yahoo
USDC,2022-11-08,1.000296950340271,1.001322984695435,0.9987099766731262,0.9999819993972778,9481272661,yahoo
USDC,2022-11-09,1.000131964683533,1.001206994056702,0.9991559982299805,1.000342011451721,10733960295,yahoo
USDC,2022-11-10,1.000359058380127,1.007329940795898,0.9998570084571838,1.000692009925842,9392844548,yahoo
USDC,2022-11-11,1.000659942626953,1.001327991485596,0.999646008014679,1.000733971595764,4591678573,yahoo
USDC,2022-11-12,1.000758051872253,1.000934958457947,0.9999989867210388,1.000223994255066,2456430569,yahoo
USDC,2022-11-13,1.000177979469299,1.000620007514954,0.9999480247497559,1.000136017799377,2374782585,yahoo
USDC,2022-11-14,1.000134944915771,1.00098705291748,0.9997789859771729,1.000586032867432,4017714642,yahoo
USDC,2022-11-15,1.000617980957031,1.000805020332336,0.9998819828033447,1.00034499168396,3132740778,yahoo
USDC,2022-11-16,1.000355958938599,1.000512957572937,0.9997889995574951,1.000185966491699,3988959847,yahoo
USDC,2022-11-17,1.00019896030426,1.000525951385498,0.9997689723968506,1.0001620054245,2882973153,yahoo
USDC,2022-11-18,1.000159978866577,1.000488042831421,1.000038981437683,1.000247955322266,2638924708,yahoo
USDC,2022-11-19,1.000226020812988,1.000460028648376,0.9999970197677612,1.000156044960022,2142545663,yahoo
USDC,2022-11-20,1.000167012214661,1.00049901008606,0.9998319745063782,1.000213980674744,2631891750,yahoo
USDC,2022-11-21,1.000208973884583,1.000779032707214,0.9998080134391785,1.000329971313477,6600804024,yahoo
USDC,2022-11-22,1.00025200843811,1.000722050666809,0.9999690055847168,1.000419020652771,4058680571,yahoo
USDC,2022-11-23,1.000480055809021,1.000787019729614,1.000013947486877,1.000326991081238,4043753926,yahoo
USDC,2022-11-24,1.00032901763916,1.000635027885437,0.9999650120735168,1.00021505355835,3455771499,yahoo
USDC,2022-11-25,1.000167012214661,1.000316023826599,0.9998930096626282,1.000056982040405,2547890810,yahoo
USDC,2022-11-26,1.000080943107605,1.000638961791992,0.9998689889907837,1.000151038169861,2436483647,yahoo
USDC,2022-11-27,1.000164985656738,1.000354051589966,0.9998379945755005,1.000141024589539,2289589937,yahoo
USDC,2022-11-28,1.000175952911377,1.000622987747192,0.9996780157089233,1.000200986862183,2949046303,yahoo
USDC,2022-11-29,1.000252962112427,1.000444054603577,0.9999430179595947,1.000076055526733,2909572697,yahoo
USDC,2022-11-30,1.000079035758972,1.000607967376709,0.999646008014679,1.0000079870224,3389698194,yahoo
USDC,2022-12-01,1.000015020370483,1.000260949134827,0.9995610117912292,1.000002980232239,2503961407,yahoo
USDC,2022-12-02,1.000012040138245,1.000295042991638,0.9996950030326843,1.000051021575928,2490597772,yahoo
USDC,2022-12-03,1.000064969062805,1.000244975090027,0.9997419714927673,0.9999619722366333,1795238577,yahoo
USDC,2022-12-04,0.999966025352478,1.000252962112427,0.999809980392456,1.0000159740448,1702758189,yahoo
USDC,2022-12-05,1.000118017196655,1.000396966934204,0.9996790289878845,1.000020980834961,2283841749,yahoo
USDC,2022-12-06,1.000018954277039,1.000254988670349,0.9996700286865234,1.000090003013611,2226009116,yahoo
USDC,2022-12-07,1.000098943710327,1.00019896030426,0.9994980096817017,1.000026941299438,2274813216,yahoo
USDC,2022-12-08,1.000035047531128,1.000442028045654,0.9998059868812561,1.000028967857361,2170271743,yahoo
USDC,2022-12-09,1.000033020973206,1.000306963920593,0.9997609853744507,1.000043034553528,2120225426,yahoo
USDC,2022-12-10,1.000038027763367,1.000219941139221,0.9999129772186279,1.000072002410889,1280687558,yahoo
USDC,2022-12-11,1.00006902217865,1.000339984893799,0.9997400045394897,0.9999960064888,1330942018,yahoo
USDC,2022-12-12,0.9999970197677612,1.000288009643555,0.9997259974479675,1.000095963478088,2410188441,yahoo
USDC,2022-12-13,1.000095963478088,1.000517010688782,0.9996340274810791,1.000133991241455,3884992735,yahoo
USDC,2022-12-14,1.000134944915771,1.000280976295471,0.9996179938316345,0.9999799728393555,3151848157,yahoo
USDC,2022-12-15,1.000040054321289,1.000249028205872,0.9995700120925903,1.000015020370483,2460794466,yahoo
USDC,2022-12-16,1.000005960464478,1.000246047973633,0.9993429780006409,0.9999009966850281,3154403231,yahoo
USDC,2022-12-17,0.9998990297317505,1.000409960746765,0.9994029998779297,1.000020027160645,2160638041,yahoo
USDC,2022-12-18,1.000018954277039,1.000265955924988,0.9996330142021179,0.9997609853744507,1068964229,yahoo
USDC,2022-12-19,0.9997919797897339,1.000249981880188,0.9993460178375244,1.00019097328186,2366552622,yahoo
USDC,2022-12-20,1.000190019607544,1.000442981719971,0.999763011932373,0.9999909996986389,2562520190,yahoo
USDC,2022-12-21,0.999987006187439,1.000270009040833,0.9997360110282898,1.000095963478088,1950566712,yahoo
USDC,2022-12-22,1.000040054321289,1.000342965126038,0.9995059967041016,1.000110030174255,1850998745,yahoo
USDC,2022-12-23,1.000120043754578,1.000270962715149,0.9997860193252563,1.000033974647522,1885345751,yahoo
USDC,2022-12-24,1.000012993812561,1.000234007835388,0.9999179840087891,1.000046014785767,915340746,yahoo
USDC,2022-12-25,1.000028967857361,1.00021505355835,0.9997550249099731,1.000082015991211,1380163674,yahoo
USDC,2022-12-26,1.000110030174255,1.000195980072021,0.9998540282249451,1.000102996826172,1442718612,yahoo
USDC,2022-12-27,1.000103950500488,1.000272035598755,0.9996979832649231,1.000169038772583,1696141537,yahoo
USDC,2022-12-28,1.000128030776978,1.00024402141571,0.999770998954773,1.000185012817383,2210122747,yahoo
USDC,2022-12-29,1.000156998634338,1.000331044197083,0.9997829794883728,1.0001380443573,1972864413,yahoo
USDC,2022-12-30,1.000102043151855,1.000295996665955,0.9998520016670227,1.000120997428894,1879667314,yahoo
USDC,2022-12-31,1.000195980072021,1.000341057777405,0.9998769760131836,1.000028967857361,1329559200,yahoo
USDC,2023-01-01,1.000022053718567,1.000362038612366,0.9998540282249451,0.9999930262565613,1197927576,yahoo
USDC,2023-01-02,1.000013947486877,1.000216960906982,0.9998480081558228,0.9999889731407166,1562545140,yahoo
USDC,2023-01-03,1.000010013580322,1.000251054763794,0.9997090101242065,1.000097990036011,2006189065,yahoo
USDC,2023-01-04,1.000108957290649,1.000301957130432,0.9997379779815674,1.000004053115845,2402538600,yahoo
USDC,2023-01-05,1.000010967254639,1.000216960906982,0.9998059868812561,1.000020980834961,2080129330,yahoo
USDC,2023-01-06,1.0000079870224,1.000342965126038,0.9997959733009338,1.000012993812561,2361812755,yahoo
USDC,2023-01-07,1.000015020370483,1.000326991081238,0.9998779892921448,0.9999819993972778,1570732742,yahoo
USDC,2023-01-08,0.9999449849128723,1.000363945960999,0.9998329877853394,1.000195980072021,1788498969,yahoo
USDC,2023-01-09,1.000237941741943,1.000357985496521,0.9995880126953125,1.000046014785767,3646138496,yahoo
USDC,2023-01-10,1.000005006790161,1.000234961509705,0.999705970287323,0.999987006187439,2630571530,yahoo
USDC,2023-01-11,1.0000079870224,1.000383973121643,0.999701976776123,1.000131964683533,2801305360,yahoo
USDC,2023-01-12,1.000319957733154,1.000447034835815,0.9992769956588745,1.000072002410889,4571366092,yahoo
USDC,2023-01-13,1.000080943107605,1.000537991523743,0.9996060132980347,1.000247001647949,3509707746,yahoo
USDC,2023-01-14,1.000180959701538,1.000784993171692,0.9993900060653687,1.000084042549133,4297415658,yahoo
USDC,2023-01-15,1.000105023384094,1.00031304359436,0.9995449781417847,0.999925971031189,2635965361,yahoo
USDC,2023-01-16,0.9998999834060669,1.000494956970215,0.9996269941329956,0.9999619722366333,2899726940,yahoo
USDC,2023-01-17,1.0000079870224,1.000357985496521,0.9996179938316345,0.999809980392456,2965132328,yahoo
USDC,2023-01-18,0.9998080134391785,1.000684022903442,0.9993919730186462,0.999845027923584,4209476194,yahoo
USDC,2023-01-19,0.9997959733009338,1.000308036804199,0.9997429847717285,1.0000239610672,3098920631,yahoo
USDC,2023-01-20,1.000041961669922,1.000681042671204,0.9996669888496399,1.000265002250671,3444375885,yahoo
USDC,2023-01-21,1.000298023223877,1.000504970550537,0.9991430044174194,0.9998400211334229,3742948234,yahoo
USDC,2023-01-22,0.9998610019683838,1.000385999679565,0.9994310140609741,0.9999759793281555,3227947507,yahoo
USDC,2023-01-23,0.9998369812965393,1.000426054000854,0.9994230270385742,0.999858021736145,3419783936,yahoo
USDC,2023-01-24,0.9998260140419006,1.00032103061676,0.9990890026092529,0.9999579787254333,3576076257,yahoo
USDC,2023-01-25,0.9999330043792725,1.000506043434143,0.9994999766349792,1.000061988830566,4154869647,yahoo
USDC,2023-01-26,1.000028967857361,1.000339031219482,0.9996280074119568,0.9999600052833557,3258930502,yahoo
USDC,2023-01-27,0.9999799728393555,1.000388026237488,0.9995800256729126,1.000026941299438,3615689955,yahoo
USDC,2023-01-28,0.9999819993972778,1.000265002250671,0.9996349811553955,1.0001300573349,2554816547,yahoo
USDC,2023-01-29,1.000113964080811,1.000393033027649,0.99965500831604,1.000000953674316,2963258500,yahoo
USDC,2023-01-30,1.000074982643127,1.000332951545715,0.9995030164718628,1.00010097026825,3562976035,yahoo
USDC,2023-01-31,1.000020980834961,1.000430941581726,0.9996500015258789,1.000058054924011,2960609713,yahoo
USDC,2023-02-01,1.000017046928406,1.000771045684814,0.9995250105857849,1.000149965286255,3454788463,yahoo
USDC,2023-02-02,1.000087022781372,1.000455021858215,0.9993699789047241,0.9997749924659729,4233203635,yahoo
USDC,2023-02-03,0.9997889995574951,1.000493049621582,0.9996650218963623,1.000035047531128,3432403396,yahoo
USDC,2023-02-04,0.9999809861183167,1.00029194355011,0.9996690154075623,0.9999210238456726,2476218901,yahoo
USDC,2023-02-05,0.9998840093612671,1.000306963920593,0.999176025390625,0.9999539852142334,2929555475,yahoo
USDC,2023-02-06,0.9999600052833557,1.000458955764771,0.9995009899139404,0.9999279975891113,3098238993,yahoo
USDC,2023-02-07,0.9998390078544617,1.000319957733154,0.9994770288467407,0.9999930262565613,3694028407,yahoo
USDC,2023-02-08,1.000010967254639,1.000277042388916,0.9995309710502625,1.000012040138245,3602936283,yahoo
USDC,2023-02-09,1.0000239610672,1.000501990318298,0.9994620084762573,1.00012195110321,4476731490,yahoo
USDC,2023-02-10,1.000115990638733,1.000383973121643,0.9995009899139404,1.000030994415283,3672886124,yahoo
USDC,2023-02-11,1.000005006790161,1.000295996665955,0.9995840191841125,0.9999769926071167,2420063116,yahoo
USDC,2023-02-12,0.9999780058860779,1.000457048416138,0.9995880126953125,1.000066041946411,2523403098,yahoo
USDC,2023-02-13,1.000133991241455,1.000388026237488,0.9994300007820129,1.000095009803772,4929525447,yahoo
USDC,2023-02-14,1.000112056732178,1.000534057617188,0.9995620250701904,1.000056982040405,4219254344,yahoo
USDC,2023-02-15,1.000066041946411,1.000502943992615,0.9996439814567566,1.000071048736572,4265639806,yahoo
USDC,2023-02-16,1.000010967254639,1.000435948371887,0.9994789958000183,0.999858021736145,5620785014,yahoo
USDC,2023-02-17,0.9998310208320618,1.00049102306366,0.9995660185813904,0.99993497133255,4696979332,yahoo
USDC,2023-02-18,0.9999840259552002,1.000306010246277,0.9997239708900452,0.9998869895935059,2724755647,yahoo
USDC,2023-02-19,0.9999799728393555,1.000288963317871,0.9994670152664185,0.9998970031738281,3217361040,yahoo
USDC,2023-02-20,0.9999619722366333,1.00032103061676,0.9994739890098572,1.000143051147461,3456245956,yahoo
USDC,2023-02-21,1.000120997428894,1.000210046768188,0.9995129704475403,1.000064015388489,4145675499,yahoo
USDC,2023-02-22,1.000097036361694,1.000388026237488,0.9995899796485901,1.000144958496094,4388750217,yahoo
USDC,2023-02-23,1.000152945518494,1.000435948371887,0.999517023563385,1.000082969665527,4056250193,yahoo
USDC,2023-02-24,1.000076055526733,1.000334024429321,0.9994310140609741,1.000044941902161,4261268706,yahoo
USDC,2023-02-25,1.000056028366089,1.000287055969238,0.9996659755706787,1.000287055969238,2686817523,yahoo
USDC,2023-02-26,1.000113964080811,1.000308036804199,0.9996790289878845,1.000136017799377,2507543870,yahoo
USDC,2023-02-27,1.000125050544739,1.000465989112854,0.9996309876441956,1.000074982643127,3267016287,yahoo
USDC,2023-02-28,1.000079989433289,1.000254988670349,0.9995790123939514,0.9998760223388672,3109767982,yahoo
USDC,2023-03-01,0.9999229907989502,1.00032901763916,0.9997010231018066,1.0001460313797,3676550737,yahoo
USDC,2023-03-02,1.000062942504883,1.000609993934631,0.9993919730186462,1.000295042991638,3569810686,yahoo
USDC,2023-03-03,1.000318050384521,1.000489950180054,0.9993699789047241,1.0,4111203947,yahoo
USDC,2023-03-04,0.9999799728393555,1.000282049179077,0.9996579885482788,1.000048041343689,2215392974,yahoo
USDC,2023-03-05,1.000054955482483,1.000360012054443,0.9996079802513123,1.000010013580322,2396832193,yahoo
USDC,2023-03-06,1.000038027763367,1.000239014625549,0.9996610283851624,0.9999529719352722,2954077279,yahoo
USDC,2023-03-07,0.9999489784240723,1.00040602684021,0.9996680021286011,1.000080943107605,3567136291,yahoo
USDC,2023-03-08,1.000090956687927,1.00032901763916,0.999638020992279,0.9998689889907837,3259552390,yahoo
USDC,2023-03-09,0.9998459815979004,1.000257968902588,0.9993749856948853,1.0000079870224,3762826045,yahoo
USDC,2023-03-10,1.000000953674316,1.000915050506592,0.9992179870605469,0.9994789958000183,7610706906,yahoo
USDC,2023-03-11,0.9994699954986572,1.000066995620728,0.8773999810218811,0.9714999794960022,26682206827,yahoo
USDC,2023-03-12,0.9682999849319458,0.9954249858856201,0.9470130205154419,0.9920690059661865,9955867537,yahoo
USDC,2023-03-13,0.9911580085754395,1.000277996063232,0.9880359768867493,0.998947024345398,9184314805,yahoo
USDC,2023-03-14,0.9991289973258972,1.000087022781372,0.9975619912147522,0.9991790056228638,7814525316,yahoo
USDC,2023-03-15,0.999131977558136,1.000779986381531,0.9978529810905457,1.000184059143066,7297504595,yahoo
USDC,2023-03-16,1.000089049339294,1.000643968582153,0.9990609884262085,0.9999610185623169,5813165153,yahoo
USDC,2023-03-17,1.000010967254639,1.000877022743225,0.9988660216331482,1.000044941902161,6804547128,yahoo
USDC,2023-03-18,0.999888002872467,1.00059700012207,0.9984049797058105,0.9995020031929016,4862447405,yahoo
USDC,2023-03-19,0.9997119903564453,1.000480055809021,0.9984229803085327,0.999845027923584,4030817576,yahoo
USDC,2023-03-20,0.9999529719352722,1.000401973724365,0.9973899722099304,0.997979998588562,6812088662,yahoo
USDC,2023-03-21,0.9979220032691956,1.000074982643127,0.9964489936828613,0.9985259771347046,5061226074,yahoo
USDC,2023-03-22,0.9985899925231934,0.9998589754104614,0.9969660043716431,0.9991239905357361,6207409133,yahoo
USDC,2023-03-23,0.9991179704666138,1.000041007995605,0.9975429773330688,0.9990370273590088,6139163965,yahoo
USDC,2023-03-24,0.9991829991340637,1.000169038772583,0.9983180165290833,0.999862015247345,5536710750,yahoo
USDC,2023-03-25,0.9997329711914062,1.000195980072021,0.9990990161895752,0.9997360110282898,3630877871,yahoo
USDC,2023-03-26,0.9997919797897339,1.000192999839783,0.9993289709091187,0.9998850226402283,3302521189,yahoo
USDC,2023-03-27,0.9997469782829285,1.000187993049622,0.9989420175552368,0.9996839761734009,4510405294,yahoo
USDC,2023-03-28,0.9995419979095459,1.000352025032043,0.9991850256919861,0.9998840093612671,4167400927,yahoo
USDC,2023-03-29,0.9997919797897339,1.000319004058838,0.9989280104637146,0.9998109936714172,4219185140,yahoo
USDC,2023-03-30,0.9999079704284668,1.000334024429321,0.9991539716720581,1.000008940696716,4893829473,yahoo
USDC,2023-03-31,0.9999579787254333,1.000285983085632,0.9994770288467407,0.999783992767334,4103572101,yahoo
USDC,2023-04-01,0.9996820092201233,1.000280976295471,0.9994509816169739,0.9997860193252563,2593064644,yahoo
USDC,2023-04-02,0.9996510148048401,1.000056982040405,0.9991919994354248,0.9997419714927673,2930085933,yahoo
USDC,2023-04-03,0.9999120235443115,1.000489950180054,0.9992740154266357,0.9998559951782227,4466068651,yahoo
USDC,2023-04-04,0.9996259808540344,1.000195026397705,0.9990329742431641,0.9998170137405396,4031916462,yahoo
USDC,2023-04-05,0.9997239708900452,1.000229954719543,0.9992600083351135,0.9997659921646118,4169747376,yahoo
USDC,2023-04-06,0.9998329877853394,1.000205039978027,0.9992809891700745,0.9999960064888,3814620125,yahoo
USDC,2023-04-07,0.9998469948768616,1.000293016433716,0.99891197681427,1.000054955482483,2903250734,yahoo
USDC,2023-04-08,0.9999099969863892,1.000329971313477,0.9994369745254517,0.9998189806938171,2282839968,yahoo
USDC,2023-04-09,0.9998850226402283,1.000404953956604,0.9993680119514465,0.9997450113296509,2572735226,yahoo
USDC,2023-04-10,0.9998700022697449,1.000309944152832,0.9993150234222412,0.9997169971466064,3782006070,yahoo
USDC,2023-04-11,0.9997869729995728,1.000324964523315,0.9990329742431641,1.000012040138245,4226589595,yahoo
USDC,2023-04-12,0.9998959898948669,1.000342965126038,0.9992319941520691,0.9998530149459839,4455109085,yahoo
USDC,2023-04-13,0.9994860291481018,1.000298976898193,0.999243974685669,0.9998990297317505,4497996156,yahoo
USDC,2023-04-14,1.0000239610672,1.000432968139648,0.9990360140800476,0.9999610185623169,6483808260,yahoo
USDC,2023-04-15,0.9999030232429504,1.000321984291077,0.9993690252304077,0.999875009059906,3570934315,yahoo
USDC,2023-04-16,0.9998030066490173,1.000218033790588,0.998947024345398,0.9997050166130066,3945942527,yahoo
USDC,2023-04-17,0.9996209740638733,1.000120997428894,0.9991779923439026,0.9998649954795837,4388563239,yahoo
USDC,2023-04-18,0.9999579787254333,1.000375032424927,0.9996359944343567,1.000030994415283,4416719010,yahoo
USDC,2023-04-19,1.000049948692322,1.000308990478516,0.9990400075912476,1.000051021575928,5954252197,yahoo
USDC,2023-04-20,0.9998739957809448,1.000450968742371,0.9994590282440186,1.000164031982422,5370179003,yahoo
USDC,2023-04-21,1.000161051750183,1.000808000564575,0.9997460246086121,1.00033700466156,5485001575,yahoo
USDC,2023-04-22,1.000336050987244,1.000759959220886,0.999800980091095,1.000107049942017,3371754245,yahoo
USDC,2023-04-23,1.000064015388489,1.000493049621582,0.9995419979095459,0.9998940229415894,3475533157,yahoo
USDC,2023-04-24,0.9999200105667114,1.000442981719971,0.999547004699707,1.000041961669922,4393039848,yahoo
USDC,2023-04-25,0.9999549984931946,1.000377058982849,0.9996129870414734,1.0,4849844618,yahoo
USDC,2023-04-26,0.9998779892921448,1.000651001930237,0.9995740056037903,0.9998840093612671,6469260029,yahoo
USDC,2023-04-27,1.000051021575928,1.000524997711182,0.9993339776992798,0.9996820092201233,5592517130,yahoo
USDC,2023-04-28,0.9998599886894226,1.000321984291077,0.9994829893112183,0.9998949766159058,4103487467,yahoo
USDC,2023-04-29,0.9998720288276672,1.000221014022827,0.999692976474762,0.999983012676239,2544777872,yahoo
USDC,2023-04-30,0.9998700022697449,1.000365018844604,0.999646008014679,0.9999960064888,3328615964,yahoo
USDC,2023-05-01,0.9999200105667114,1.00054395198822,0.9995790123939514,1.000100016593933,3639367736,yahoo
USDC,2023-05-02,1.000177025794983,1.000514984130859,0.9994459748268127,0.9999330043792725,2902760212,yahoo
USDC,2023-05-03,0.9999520182609558,1.000473976135254,0.9996209740638733,1.000020980834961,3636049113,yahoo
USDC,2023-05-04,0.9999099969863892,1.000447988510132,0.9997010231018066,1.000061988830566,3016766782,yahoo
USDC,2023-05-05,1.000018954277039,1.000411987304688,0.9996820092201233,1.000013947486877,4114517917,yahoo
USDC,2023-05-06,1.000049948692322,1.000426054000854,0.9995629787445068,1.000051975250244,3737756631,yahoo
USDC,2023-05-07,1.000020027160645,1.000440001487732,0.9996539950370789,1.000144958496094,2509528527,yahoo
USDC,2023-05-08,1.00019097328186,1.000411987304688,0.999629020690918,1.000048995018005,4488130638,yahoo
USDC,2023-05-09,1.00006902217865,1.000324964523315,0.9996129870414734,1.00022304058075,2959273885,yahoo
USDC,2023-05-10,1.0001300573349,1.000725030899048,0.9992300271987915,1.000030994415283,4343854748,yahoo
USDC,2023-05-11,1.00005304813385,1.000645041465759,0.999580979347229,1.000174045562744,3909082089,yahoo
USDC,2023-05-12,0.9999269843101501,1.000496983528137,0.999468982219696,1.000059008598328,4185712320,yahoo
USDC,2023-05-13,1.000000953674316,1.000517010688782,0.9996709823608398,1.000028014183044,1974042367,yahoo
USDC,2023-05-14,1.00005304813385,1.000332951545715,0.9996489882469177,1.000097036361694,2047773213,yahoo
USDC,2023-05-15,1.000046014785767,1.000401973724365,0.9996110200881958,1.000020980834961,3148745500,yahoo
USDC,2023-05-16,1.000064015388489,1.000272989273071,0.9995830059051514,0.9999480247497559,2722392153,yahoo
USDC,2023-05-17,0.9998970031738281,1.000355005264282,0.9995200037956238,1.000002980232239,3131943202,yahoo
USDC,2023-05-18,0.9999780058860779,1.000625014305115,0.9996150135993958,0.9999880194664001,2968729105,yahoo
USDC,2023-05-19,1.000015020370483,1.000501990318298,0.9994720220565796,0.9999650120735168,2439159656,yahoo
USDC,2023-05-20,0.9999939799308777,1.00031304359436,0.9997699856758118,1.000076055526733,1435963394,yahoo
USDC,2023-05-21,1.000154972076416,1.000403046607971,0.9997490048408508,0.9998890161514282,1777767516,yahoo
USDC,2023-05-22,0.9998170137405396,1.000395059585571,0.9996629953384399,0.9999549984931946,2589848746,yahoo
USDC,2023-05-23,1.000026941299438,1.00036895275116,0.9995579719543457,0.9999619722366333,2924076287,yahoo
USDC,2023-05-24,0.9999070167541504,1.000354051589966,0.999538004398346,1.000136017799377,3291167507,yahoo
USDC,2023-05-25,0.9999909996986389,1.000329971313477,0.9996100068092346,0.9999979734420776,2770193924,yahoo
USDC,2023-05-26,0.9998800158500671,1.000622034072876,0.9996569752693176,0.9999340176582336,2485067667,yahoo
USDC,2023-05-27,1.000041007995605,1.000596046447754,0.9997349977493286,1.000033974647522,1450362893,yahoo
USDC,2023-05-28,1.000136017799377,1.000440001487732,0.999642014503479,0.9999979734420776,2614572603,yahoo
USDC,2023-05-29,1.000116944313049,1.00042200088501,0.9994959831237793,0.999862015247345,2719634408,yahoo
USDC,2023-05-30,0.999879002571106,1.00039803981781,0.999580979347229,0.9998440146446228,2801360301,yahoo
USDC,2023-05-31,0.9998599886894226,1.000591039657593,0.9994320273399353,1.000179052352905,2753700484,yahoo
USDC,2023-06-01,0.9999790191650391,1.000470995903015,0.9995200037956238,1.000054955482483,3010435468,yahoo
USDC,2023-06-02,1.000084042549133,1.000357985496521,0.9995539784431458,1.000061988830566,2963165478,yahoo
USDC,2023-06-03,1.000012040138245,1.000208973884583,0.9996500015258789,0.9999030232429504,1761598228,yahoo
USDC,2023-06-04,0.9998850226402283,1.000331044197083,0.999576985836029,0.9997959733009338,1912106592,yahoo
USDC,2023-06-05,0.9998630285263062,1.000455021858215,0.999472975730896,0.9999129772186279,4613674985,yahoo
USDC,2023-06-06,1.000035047531128,1.000579953193665,0.9995719790458679,0.9998509883880615,4430436583,yahoo
USDC,2023-06-07,0.9998909831047058,1.000354051589966,0.9996340274810791,0.9999020099639893,4279564855,yahoo
USDC,2023-06-08,0.9999470114707947,1.000447034835815,0.999638020992279,1.000097036361694,2722751251,yahoo
USDC,2023-06-09,0.9999610185623169,1.000558972358704,0.9996989965438843,0.9999489784240723,2665781846,yahoo
USDC,2023-06-10,0.9999939799308777,1.000648021697998,0.9996870160102844,0.9998840093612671,5562774660,yahoo
USDC,2023-06-11,0.9999380111694336,1.000506043434143,0.9996029734611511,0.9999340176582336,2395915206,yahoo
USDC,2023-06-12,0.9997379779815674,1.001013994216919,0.9994909763336182,1.000216007232666,3482493796,yahoo
USDC,2023-06-13,1.000131964683533,1.000566005706787,0.9996389746665955,0.9999809861183167,3455989217,yahoo
USDC,2023-06-14,1.000030040740967,1.000594973564148,0.9992960095405579,1.000051975250244,3368200180,yahoo
USDC,2023-06-15,0.999904990196228,1.002259016036987,0.9995120167732239,1.00008499622345,6040215579,yahoo
USDC,2023-06-16,1.000040054321289,1.000576972961426,0.9996200203895569,1.000120043754578,3727702817,yahoo
USDC,2023-06-17,1.000113010406494,1.000496029853821,0.9997119903564453,1.00006902217865,2353245046,yahoo
USDC,2023-06-18,1.000056028366089,1.000648021697998,0.9997249841690063,1.000018000602722,1927548864,yahoo
USDC,2023-06-19,0.9999909996986389,1.000704050064087,0.9996899962425232,1.000169992446899,3052004763,yahoo
USDC,2023-06-20,1.000115036964417,1.000879049301147,0.9997040033340454,1.000301957130432,4705226783,yahoo
USDC,2023-06-21,1.000192046165466,1.000494003295898,0.9992939829826355,1.000077962875366,6494016298,yahoo
USDC,2023-06-22,1.000097990036011,1.000530958175659,0.9990310072898865,0.9999679923057556,4887538535,yahoo
USDC,2023-06-23,0.9999960064888,1.000733971595764,0.9994739890098572,0.9999909996986389,5087372638,yahoo
USDC,2023-06-24,1.000008940696716,1.000437021255493,0.9995970129966736,0.9999319911003113,2382774730,yahoo
USDC,2023-06-25,0.9998679757118225,1.000561952590942,0.999550998210907,1.000136971473694,2847495718,yahoo
USDC,2023-06-26,1.0001540184021,1.000538945198059,0.9995279908180237,1.000025033950806,3856083147,yahoo
USDC,2023-06-27,1.000044941902161,1.000373005867004,0.9995520114898682,1.0,3824274035,yahoo
USDC,2023-06-28,0.9999070167541504,1.000486969947815,0.9995059967041016,1.000048041343689,3482152553,yahoo
USDC,2023-06-29,1.000118970870972,1.000524044036865,0.9997239708900452,0.9999619722366333,3165466479,yahoo
USDC,2023-06-30,0.9997959733009338,1.000938057899475,0.9994800090789795,1.000252962112427,6373895760,yahoo
USDC,2023-07-01,0.9999600052833557,1.000738024711609,0.9997929930686951,1.000133991241455,2631090680,yahoo
USDC,2023-07-02,1.000056028366089,1.00080394744873,0.9997100234031677,1.000134944915771,2553765961,yahoo
USDC,2023-07-03,1.000201940536499,1.000826954841614,0.9996410012245178,0.9999799728393555,3591365139,yahoo
USDC,2023-07-04,0.9999200105667114,1.000615000724792,0.9995409846305847,1.000164985656738,2950403752,yahoo
USDC,2023-07-05,1.000254034996033,1.000519990921021,0.9994400143623352,1.00010097026825,3099466412,yahoo
USDC,2023-07-06,0.9999970197677612,1.000501990318298,0.9994969964027405,1.000069975852966,4263171820,yahoo
USDC,2023-07-07,0.9999709725379944,1.000651001930237,0.999625027179718,0.9999409914016724,3149204362,yahoo
USDC,2023-07-08,1.000015020370483,1.000684022903442,0.9997479915618896,1.000028967857361,1870945839,yahoo
USDC,2023-07-09,1.000036954879761,1.00065803527832,0.9997400045394897,1.000112056732178,1767586724,yahoo
USDC,2023-07-10,1.000125050544739,1.00066602230072,0.9995539784431458,0.9999669790267944,3359012284,yahoo
USDC,2023-07-11,1.000028014183044,1.000694036483765,0.9996749758720398,0.9999709725379944,2747012361,yahoo
USDC,2023-07-12,1.0000079870224,1.000928997993469,0.9995620250701904,0.9999719858169556,3099598321,yahoo
USDC,2023-07-13,1.000048041343689,1.000784039497375,0.9995179772377014,0.9999060034751892,5528502864,yahoo
USDC,2023-07-14,1.000115990638733,1.000805020332336,0.9994239807128906,1.000195980072021,4852861593,yahoo
USDC,2023-07-15,1.000208020210266,1.000599980354309,0.9996839761734009,1.000056982040405,2140381966,yahoo
USDC,2023-07-16,0.9999619722366333,1.000745058059692,0.9996740221977234,1.000169038772583,2080513172,yahoo
USDC,2023-07-17,1.000151038169861,1.000548005104065,0.9996640086174011,0.99993497133255,3208017139,yahoo
USDC,2023-07-18,0.9999920129776001,1.000530958175659,0.9995260238647461,0.9999719858169556,2974234953,yahoo
USDC,2023-07-19,0.9998930096626282,1.000406980514526,0.9993919730186462,1.000041007995605,2779406654,yahoo
USDC,2023-07-20,1.000044941902161,1.000540018081665,0.9995729923248291,0.9999939799308777,3200825513,yahoo
USDC,2023-07-21,1.000025033950806,1.000566959381104,0.9996280074119568,1.000139951705933,6052246403,yahoo
USDC,2023-07-22,1.000138998031616,1.000911951065063,0.9996449947357178,0.9998080134391785,2059171696,yahoo
USDC,2023-07-23,0.9999619722366333,1.000798940658569,0.9996119737625122,0.9998769760131836,1923166146,yahoo
USDC,2023-07-24,1.000028014183044,1.000542044639587,0.9993600249290466,1.000036001205444,2972535139,yahoo
USDC,2023-07-25,1.000066995620728,1.000772953033447,0.9997619986534119,0.999970018863678,2242969853,yahoo
USDC,2023-07-26,0.9999899864196777,1.000975966453552,0.9995660185813904,1.000134944915771,2959690717,yahoo
USDC,2023-07-27,1.000087022781372,1.000517964363098,0.9996449947357178,0.9998059868812561,2447050412,yahoo
USDC,2023-07-28,0.9998549818992615,1.000679969787598,0.9993979930877686,1.000166058540344,2576906993,yahoo
USDC,2023-07-29,1.000195980072021,1.000627994537354,0.9997730255126953,1.000058054924011,1552851362,yahoo
USDC,2023-07-30,1.000102996826172,1.000573992729187,0.9996860027313232,1.000022053718567,2064962482,yahoo
USDC,2023-07-31,1.0000319480896,1.000617027282715,0.9996190071105957,1.000010013580322,2797739009,yahoo
USDC,2023-08-01,0.9999960064888,1.000607967376709,0.9995430111885071,1.000072002410889,4107231674,yahoo
USDC,2023-08-02,1.000087022781372,1.000645041465759,0.9996500015258789,0.9998909831047058,3899981415,yahoo
USDC,2023-08-03,0.999858021736145,1.00052797794342,0.9996340274810791,1.000242948532104,2992754699,yahoo
USDC,2023-08-04,1.000123023986816,1.000481963157654,0.9992550015449524,0.9999889731407166,3102941071,yahoo
USDC,2023-08-05,1.000022053718567,1.000293016433716,0.9997169971466064,0.9998769760131836,1690306453,yahoo
USDC,2023-08-06,0.9999179840087891,1.000318050384521,0.9995930194854736,0.9998170137405396,1962209985,yahoo
USDC,2023-08-07,0.9997299909591675,1.000514984130859,0.9996520280838013,0.9999740123748779,2920815525,yahoo
USDC,2023-08-08,0.9999970197677612,1.000798940658569,0.9998130202293396,1.000079989433289,3392828372,yahoo
USDC,2023-08-09,1.000013947486877,1.000671982765198,0.9995980262756348,1.000188946723938,3123624699,yahoo
USDC,2023-08-10,1.000128984451294,1.000535011291504,0.9997699856758118,1.000169992446899,2804649587,yahoo
USDC,2023-08-11,1.000074982643127,1.000828981399536,0.9998360276222229,1.000082015991211,2442850118,yahoo
USDC,2023-08-12,1.000076055526733,1.000437021255493,0.9999279975891113,1.000033974647522,1641540904,yahoo
USDC,2023-08-13,1.000090956687927,1.000406980514526,0.9998649954795837,1.000028014183044,1761869668,yahoo
USDC,2023-08-14,1.000041007995605,1.000568985939026,0.9998250007629395,1.000120997428894,2921375821,yahoo
USDC,2023-08-15,1.000108957290649,1.000555038452148,0.9998689889907837,1.00006902217865,2774696602,yahoo
USDC,2023-08-16,1.000015020370483,1.000851988792419,0.9998170137405396,1.000036954879761,3289212879,yahoo
USDC,2023-08-17,1.000017046928406,1.001155018806458,0.9992259740829468,1.000437021255493,6519582155,yahoo
USDC,2023-08-18,1.000285983085632,1.000767946243286,0.9995729923248291,1.000128030776978,4966467815,yahoo
USDC,2023-08-19,0.9999639987945557,1.000560998916626,0.9997580051422119,1.000188946723938,2489094112,yahoo
USDC,2023-08-20,1.00006902217865,1.000548005104065,0.9998440146446228,1.000102043151855,2106341342,yahoo
USDC,2023-08-21,1.000095009803772,1.000635027885437,0.9997569918632507,1.000002026557922,3060565177,yahoo
USDC,2023-08-22,1.000000953674316,1.000787973403931,0.9997779726982117,0.9999909996986389,3647897906,yahoo
USDC,2023-08-23,1.000125050544739,1.000957012176514,0.9997720122337341,1.000169992446899,3730953867,yahoo
USDC,2023-08-24,1.000056028366089,1.000566959381104,0.9998250007629395,0.9999150037765503,2907706728,yahoo
USDC,2023-08-25,0.9999939799308777,1.000532031059265,0.9997619986534119,1.000090003013611,2870155394,yahoo
USDC,2023-08-26,1.000080943107605,1.000576972961426,0.9998549818992615,1.000010013580322,1491868952,yahoo
USDC,2023-08-27,0.9999920129776001,1.000558972358704,0.9997699856758118,1.000005960464478,1551269738,yahoo
USDC,2023-08-28,1.000007033348083,1.000602006912231,0.9997820258140564,0.9999229907989502,2747710982,yahoo
USDC,2023-08-29,0.9999510049819946,1.001518964767456,0.9998610019683838,1.000056028366089,4288358015,yahoo
USDC,2023-08-30,1.000025987625122,1.000735998153687,0.9997180104255676,1.000154972076416,3635286825,yahoo
USDC,2023-08-31,1.000105023384094,1.000877022743225,0.9997659921646118,1.000108003616333,4228660874,yahoo
USDC,2023-09-01,1.000115036964417,1.000609993934631,0.9997739791870117,1.000195980072021,3352194868,yahoo
USDC,2023-09-02,1.000197052955627,1.000527024269104,0.9999169707298279,1.000169992446899,1764318129,yahoo
USDC,2023-09-03,1.000138998031616,1.000838994979858,0.9998639822006226,1.0001300573349,1878209470,yahoo
USDC,2023-09-04,1.00005304813385,1.000427961349487,0.9997900128364563,1.000100016593933,2275770718,yahoo
USDC,2023-09-05,0.9999200105667114,1.000409007072449,0.9998419880867004,1.000030040740967,2529858601,yahoo
USDC,2023-09-06,1.000161051750183,1.001181960105896,0.9997760057449341,1.000139951705933,2855555338,yahoo
USDC,2023-09-07,1.000077962875366,1.000687956809998,0.999800980091095,1.000427007675171,2428528084,yahoo
USDC,2023-09-08,1.000285983085632,1.000839948654175,0.9998949766159058,1.000097036361694,2652808484,yahoo
USDC,2023-09-09,1.000030994415283,1.000671982765198,0.9999340176582336,1.0001300573349,1288697563,yahoo
USDC,2023-09-10,1.000090956687927,1.000625014305115,0.9998400211334229,0.9999470114707947,2034179122,yahoo
USDC,2023-09-11,0.9999629855155945,1.001031994819641,0.9998070001602173,1.000046968460083,3827178715,yahoo
USDC,2023-09-12,1.000141024589539,1.00074303150177,0.9998430013656616,1.000205993652344,4520366160,yahoo
USDC,2023-09-13,1.000084042549133,1.000841021537781,0.9998840093612671,1.000164985656738,3192111737,yahoo
USDC,2023-09-14,1.000175952911377,1.000843048095703,0.9999110102653503,1.000162959098816,3162074793,yahoo
USDC,2023-09-15,1.000151038169861,1.000702023506165,0.9998990297317505,1.000342011451721,2660676460,yahoo
USDC,2023-09-16,1.000126004219055,1.00082004070282,0.9999790191650391,1.000167965888977,1708005224,yahoo
USDC,2023-09-17,1.000115990638733,1.000834941864014,0.9999499917030334,1.000082969665527,1585056981,yahoo
USDC,2023-09-18,1.000025033950806,1.000766038894653,0.9998660087585449,1.000115990638733,3435389761,yahoo
USDC,2023-09-19,1.000028967857361,1.000663042068481,0.9998220205307007,1.000110030174255,3053934292,yahoo
USDC,2023-09-20,1.000054001808167,1.00055205821991,0.9998480081558228,1.000185012817383,3103179365,yahoo
USDC,2023-09-21,1.000177025794983,1.000607013702393,0.9997519850730896,1.000004053115845,2975710420,yahoo
USDC,2023-09-22,1.000002026557922,1.000442981719971,0.9997469782829285,1.000089049339294,2571335978,yahoo
USDC,2023-09-23,1.00007700920105,1.000473976135254,0.9999290108680725,0.9999790191650391,1770927144,yahoo
USDC,2023-09-24,0.9999729990959167,1.000736951828003,0.9999099969863892,1.000087022781372,1785908523,yahoo
USDC,2023-09-25,1.000113010406494,1.000632047653198,0.9997990131378174,1.00005304813385,2956159954,yahoo
USDC,2023-09-26,1.000000953674316,1.000710010528564,0.9998840093612671,1.000079035758972,2698152867,yahoo
USDC,2023-09-27,1.000046968460083,1.00075900554657,0.9998890161514282,1.000156044960022,2473184892,yahoo
USDC,2023-09-28,1.00019097328186,1.001157999038696,0.999871015548706,1.000064015388489,3111905152,yahoo
USDC,2023-09-29,1.000126957893372,1.000679016113281,0.9998059868812561,1.000095009803772,2434341381,yahoo
USDC,2023-09-30,1.000123023986816,1.000576019287109,0.9998279809951782,1.000105977058411,1372115519,yahoo
USDC,2023-10-01,1.000110983848572,1.000419974327087,0.9998649954795837,1.000090003013611,2061687654,yahoo
USDC,2023-10-02,1.000288009643555,1.000656962394714,0.9997869729995728,1.000030040740967,4197739502,yahoo
USDC,2023-10-03,1.000030040740967,1.000581026077271,0.999737024307251,1.000095009803772,2520912223,yahoo
USDC,2023-10-04,1.000013947486877,1.000488996505737,0.999813973903656,1.000393033027649,2560902818,yahoo
USDC,2023-10-05,1.000260949134827,1.000432968139648,0.9998300075531006,0.9999489784240723,2671315261,yahoo
USDC,2023-10-06,0.9998940229415894,1.000363945960999,0.9997730255126953,0.9999909996986389,2590803813,yahoo
USDC,2023-10-07,0.9999899864196777,1.000185012817383,0.999750018119812,0.9999600052833557,1179571042,yahoo
USDC,2023-10-08,1.000012040138245,1.000131964683533,0.9997079968452454,0.9999690055847168,1621879275,yahoo
USDC,2023-10-09,0.9999579787254333,1.000664949417114,0.9996849894523621,0.9999020099639893,2797548386,yahoo
USDC,2023-10-10,0.9999930262565613,1.000532984733582,0.9997289776802063,0.9999759793281555,2402546704,yahoo
USDC,2023-10-11,1.000041007995605,1.000524044036865,0.9998189806938171,0.999970018863678,2952223563,yahoo
USDC,2023-10-12,0.9999740123748779,1.000797986984253,0.9998430013656616,1.000108003616333,2354134010,yahoo
USDC,2023-10-13,1.000054001808167,1.000738024711609,0.9998810291290283,1.000239014625549,2256260023,yahoo
USDC,2023-10-14,1.000167012214661,1.000530958175659,0.9999539852142334,1.000113010406494,1036838776,yahoo
USDC,2023-10-15,1.000048041343689,1.000673055648804,0.9999039769172668,1.000313997268677,1366917286,yahoo
USDC,2023-10-16,1.000233054161072,1.000821948051453,0.9998180270195007,1.00020694732666,4703592443,yahoo
USDC,2023-10-17,1.000221014022827,1.000327944755554,0.999813973903656,1.0000239610672,2840553486,yahoo
USDC,2023-10-18,1.000054001808167,1.000470042228699,0.9998869895935059,1.000038981437683,2648160709,yahoo
USDC,2023-10-19,1.000208020210266,1.000548005104065,0.999858021736145,0.9999880194664001,2652500406,yahoo
USDC,2023-10-20,1.000012040138245,1.00054395198822,0.9996430277824402,1.000064015388489,3464401132,yahoo
USDC,2023-10-21,1.000015020370483,1.000211954116821,0.9998130202293396,0.9999489784240723,2029693357,yahoo
USDC,2023-10-22,0.999925971031189,1.000509023666382,0.9997220039367676,0.9999179840087891,2139970395,yahoo
USDC,2023-10-23,1.000301003456116,1.000586986541748,0.9993259906768799,1.000089049339294,6974709631,yahoo
USDC,2023-10-24,0.9999769926071167,1.000481963157654,0.9995179772377014,0.9999939799308777,8074666907,yahoo
USDC,2023-10-25,0.9999960064888,1.000784993171692,0.9998130202293396,1.000195980072021,5304032294,yahoo
USDC,2023-10-26,1.0001540184021,1.000522017478943,0.9998160004615784,1.000018954277039,4962675018,yahoo
USDC,2023-10-27,1.000005960464478,1.000789999961853,0.9998149871826172,1.0,4082394599,yahoo
USDC,2023-10-28,1.0000319480896,1.000599980354309,0.9995869994163513,1.000056028366089,2468016438,yahoo
USDC,2023-10-29,1.000038027763367,1.000476002693176,0.9998419880867004,1.000022053718567,2543105671,yahoo
USDC,2023-10-30,0.9999510049819946,1.000468015670776,0.9997079968452454,1.000167965888977,3923554176,yahoo
USDC,2023-10-31,1.000198006629944,1.000452041625977,0.999763011932373,0.9999399781227112,3514523823,yahoo
USDC,2023-11-01,1.00010097026825,1.000447988510132,0.9996439814567566,1.000233054161072,4780026293,yahoo
USDC,2023-11-02,1.000177979469299,1.000633955001831,0.9997680187225342,1.000120043754578,4727405731,yahoo
USDC,2023-11-03,1.000157952308655,1.000645995140076,0.9997879862785339,1.000249028205872,3917354437,yahoo
USDC,2023-11-04,1.000170946121216,1.000691056251526,0.9999449849128723,1.000174999237061,2236249364,yahoo
USDC,2023-11-05,1.000260949134827,1.00075900554657,0.99965900182724,0.9999970197677612,3320758545,yahoo
USDC,2023-11-06,1.000090956687927,1.000442981719971,0.9998059868812561,0.9999840259552002,3704537072,yahoo
USDC,2023-11-07,0.9999420046806335,1.000808000564575,0.999796986579895,1.000028014183044,4331266462,yahoo
USDC,2023-11-08,1.000022053718567,1.000412940979004,0.9998520016670227,1.000033974647522,3483561051,yahoo
USDC,2023-11-09,1.000051021575928,1.000362992286682,0.9992380142211914,0.9999560117721558,7796943402,yahoo
USDC,2023-11-10,0.9999079704284668,1.00039005279541,0.9995319843292236,0.9995419979095459,5800619880,yahoo
USDC,2023-11-11,0.9998329877853394,1.000134944915771,0.9994630217552185,0.9997100234031677,4054656387,yahoo
USDC,2023-11-12,0.999688982963562,1.000326991081238,0.9992030262947083,0.9996010065078735,3363812288,yahoo
USDC,2023-11-13,0.9997730255126953,1.000810980796814,0.9993399977684021,0.9999629855155945,5884242661,yahoo
USDC,2023-11-14,1.000259041786194,1.000507950782776,0.9996079802513123,1.000025033950806,5897076012,yahoo
USDC,2023-11-15,1.000074028968811,1.000427961349487,0.9998030066490173,1.000030040740967,6459430865,yahoo
USDC,2023-11-16,1.000089049339294,1.000372052192688,0.9996479749679565,0.9999520182609558,6587299689,yahoo
USDC,2023-11-17,1.000017046928406,1.000452995300293,0.9997119903564453,1.00019097328186,5656392614,yahoo
USDC,2023-11-18,1.000120997428894,1.000290036201477,0.999800980091095,1.000072956085205,3527085445,yahoo
USDC,2023-11-19,1.000074028968811,1.000264048576355,0.9997950196266174,0.9999759793281555,3377536219,yahoo
USDC,2023-11-20,1.000026941299438,1.000247001647949,0.9995489716529846,0.9999690055847168,5715544230,yahoo
USDC,2023-11-21,0.9998210072517395,1.00032901763916,0.9995650053024292,1.000046014785767,6746318099,yahoo
USDC,2023-11-22,1.000010967254639,1.000574946403503,0.9995689988136292,0.9999819993972778,5843849576,yahoo
USDC,2023-11-23,1.000004053115845,1.000203013420105,0.9997550249099731,0.9999560117721558,3906905702,yahoo
USDC,2023-11-24,1.000020027160645,1.000450968742371,0.9994329810142517,0.9996320009231567,5071942600,yahoo
USDC,2023-11-25,0.9995549917221069,1.000149965286255,0.9993969798088074,0.9998869895935059,2220573375,yahoo
USDC,2023-11-26,0.9998760223388672,1.000002980232239,0.9992259740829468,0.9998679757118225,2981851641,yahoo
USDC,2023-11-27,0.9998599886894226,1.000512003898621,0.9994670152664185,0.9999989867210388,4857602258,yahoo
USDC,2023-11-28,1.000113010406494,1.000532984733582,0.9994289875030518,0.9999139904975891,4946072076,yahoo
USDC,2023-11-29,0.9998530149459839,1.000228047370911,0.9993230104446411,1.000040054321289,4806411317,yahoo
USDC,2023-11-30,1.000022053718567,1.000288009643555,0.9997910261154175,1.000005960464478,3955267282,yahoo
USDC,2023-12-01,1.00009298324585,1.00020694732666,0.9994959831237793,0.999796986579895,5045550334,yahoo
USDC,2023-12-02,0.9997509717941284,1.000115036964417,0.9993199706077576,0.9999529719352722,3627380584,yahoo
USDC,2023-12-03,0.999966025352478,1.000169038772583,0.998894989490509,0.9998959898948669,3432480206,yahoo
USDC,2023-12-04,0.9999020099639893,1.000473976135254,0.9990460276603699,0.9999210238456726,7360707792,yahoo
USDC,2023-12-05,0.9999729990959167,1.000444054603577,0.9993579983711243,1.00028395652771,6856709757,yahoo
USDC,2023-12-06,1.000012993812561,1.000619053840637,0.9997779726982117,1.000030994415283,6126970583,yahoo
USDC,2023-12-07,0.9999769926071167,1.000607013702393,0.9997649788856506,0.9999970197677612,6488731738,yahoo
USDC,2023-12-08,1.000017046928406,1.000556945800781,0.9998070001602173,0.9999250173568726,6282261785,yahoo
USDC,2023-12-09,0.9999189972877502,1.000656008720398,0.9998419880867004,1.000195026397705,4743965792,yahoo
USDC,2023-12-10,1.000056028366089,1.000586032867432,0.9998310208320618,1.000028014183044,3540530606,yahoo
USDC,2023-12-11,1.000095009803772,1.002967000007629,0.999692976474762,1.000079989433289,8980651787,yahoo
USDC,2023-12-12,1.0001540184021,1.00099503993988,0.999783992767334,1.00030505657196,6327509556,yahoo
USDC,2023-12-13,1.000265955924988,1.001093029975891,0.9998090267181396,1.000002980232239,6632941650,yahoo
USDC,2023-12-14,1.000123023986816,1.000993013381958,0.9998480081558228,0.9999769926071167,6352617430,yahoo
USDC,2023-12-15,1.000048995018005,1.000846028327942,0.9998459815979004,1.000169992446899,5589250638,yahoo
USDC,2023-12-16,1.000170946121216,1.00081205368042,0.9998419880867004,0.9999729990959167,3971109127,yahoo
USDC,2023-12-17,0.9998729825019836,1.001065969467163,0.9997739791870117,1.000545978546143,4203857073,yahoo
USDC,2023-12-18,1.000213027000427,1.000947952270508,0.9998369812965393,1.000030994415283,5768924196,yahoo
USDC,2023-12-19,1.000000953674316,1.000936985015869,0.9996960163116455,1.000257015228271,5304568228,yahoo
USDC,2023-12-20,1.0001540184021,1.001237034797668,0.9997220039367676,1.000026941299438,5626388921,yahoo
USDC,2023-12-21,0.9999650120735168,1.000676989555359,0.9997040033340454,0.9999819993972778,5752000926,yahoo
USDC,2023-12-22,0.9999819993972778,1.001039028167725,0.9998430013656616,1.000205039978027,6215615616,yahoo
USDC,2023-12-23,1.000213027000427,1.000658988952637,0.9998739957809448,1.000247955322266,3587593263,yahoo
USDC,2023-12-24,1.000051021575928,1.000691056251526,0.9997199773788452,1.000308990478516,4449639052,yahoo
USDC,2023-12-25,1.000311970710754,1.000605940818787,0.9997959733009338,1.000396966934204,4515777689,yahoo
USDC,2023-12-26,1.000265002250671,1.000651955604553,0.9997090101242065,1.000357031822205,5897181585,yahoo
USDC,2023-12-27,1.00033700466156,1.000849962234497,0.9998850226402283,0.9999610185623169,6415682081,yahoo
USDC,2023-12-28,1.000154972076416,1.000982046127319,0.9996849894523621,1.00075101852417,6962497226,yahoo
USDC,2023-12-29,1.000659942626953,1.001173973083496,0.9999210238456726,1.000342965126038,6732719103,yahoo
USDC,2023-12-30,1.000381946563721,1.00115704536438,0.9998559951782227,1.000329971313477,3591793169,yahoo
USDC,2023-12-31,1.000136017799377,1.001227021217346,0.9998340010643005,1.000069975852966,3568612484,yahoo
USDT,2022-01-01,1.00009298324585,1.000746965408325,1.000030040740967,1.000499963760376,43336209524,yahoo
USDT,2022-01-02,1.00049102306366,1.000849962234497,1.000159978866577,1.000460028648376,43202922802,yahoo
USDT,2022-01-03,1.000452995300293,1.00072705745697,1.000040054321289,1.000164985656738,54125933259,yahoo
USDT,2022-01-04,1.000161051750183,1.000537991523743,0.9999780058860779,1.000208020210266,60765931554,yahoo
USDT,2022-01-05,1.000205039978027,1.000625967979431,0.9999520182609558,1.00012195110321,77225535519,yahoo
USDT,2022-01-06,1.000123023986816,1.000597953796387,0.9999809861183167,1.000195026397705,71751236899,yahoo
USDT,2022-01-07,1.000208020210266,1.000627994537354,0.999845027923584,1.00025200843811,82344370614,yahoo
USDT,2022-01-08,1.00025999546051,1.000444054603577,0.999879002571106,1.000097036361694,62394894090,yahoo
USDT,2022-01-09,1.000097036361694,1.000313997268677,1.0000079870224,1.000257015228271,49109221960,yahoo
USDT,2022-01-10,1.000255942344666,1.000303983688354,1.000020027160645,1.000180959701538,68455690767,yahoo
USDT,2022-01-11,1.000179052352905,1.000519990921021,1.000018954277039,1.000362038612366,59061400900,yahoo
USDT,2022-01-12,1.00036895275116,1.000712990760803,1.000210046768188,1.000290036201477,62300703831,yahoo
USDT,2022-01-13,1.000287055969238,1.000763058662415,1.000262022018433,1.000404953956604,63231903910,yahoo
USDT,2022-01-14,1.000411033630371,1.000756978988647,1.0001620054245,1.000283002853394,60503324000,yahoo
USDT,2022-01-15,1.000301003456116,1.000939965248108,1.000221967697144,1.000641942024231,41922988280,yahoo
USDT,2022-01-16,1.00072705745697,1.000818014144897,1.000242948532104,1.000416994094849,41551382127,yahoo
USDT,2022-01-17,1.000434041023254,1.000648975372314,1.000218033790588,1.000367999076843,51430977642,yahoo
USDT,2022-01-18,1.000350952148438,1.000996947288513,1.000174045562744,1.000419974327087,52799723207,yahoo
USDT,2022-01-19,1.000412940979004,1.001041054725647,1.000190019607544,1.000489950180054,50127231375,yahoo
USDT,2022-01-20,1.000480055809021,1.000890016555786,1.000071048736572,1.000257015228271,38591713522,yahoo
USDT,2022-01-21,1.000249981880188,1.000720024108887,1.000012993812561,1.000177025794983,86570105642,yahoo
USDT,2022-01-22,1.000182032585144,1.000941038131714,1.000072956085205,1.000157952308655,90441827607,yahoo
USDT,2022-01-23,1.000154972076416,1.001008033752441,1.000107049942017,1.00049102306366,57296666670,yahoo
USDT,2022-01-24,1.000498056411743,1.001062035560608,1.000108003616333,1.000439047813416,88845381041,yahoo
USDT,2022-01-25,1.000442028045654,1.000902056694031,1.000169038772583,1.000604033470154,58560287216,yahoo
USDT,2022-01-26,1.000594973564148,1.001116991043091,1.000290036201477,1.000630021095276,70750980627,yahoo
USDT,2022-01-27,1.000632047653198,1.000859022140503,1.00020694732666,1.000344038009644,53950927548,yahoo
USDT,2022-01-28,1.000342965126038,1.000723004341125,1.000151038169861,1.00034499168396,50688257403,yahoo
USDT,2022-01-29,1.000339984893799,1.000633001327515,1.000193953514099,1.000362038612366,39357192812,yahoo
USDT,2022-01-30,1.000455021858215,1.000607013702393,1.000234007835388,1.000341057777405,35043713256,yahoo
USDT,2022-01-31,1.000344038009644,1.000676989555359,1.000265002250671,1.000484943389893,45082693892,yahoo
USDT,2022-02-01,1.000504970550537,1.000741004943848,1.000354051589966,1.000426054000854,43193864245,yahoo
USDT,2022-02-02,1.000427007675171,1.000663995742798,1.000308036804199,1.000380039215088,44198324772,yahoo
USDT,2022-02-03,1.000380039215088,1.000761985778809,1.000288009643555,1.000385999679565,41979444063,yahoo
USDT,2022-02-04,1.000386953353882,1.000993967056274,1.000277996063232,1.000563025474548,59154422463,yahoo
USDT,2022-02-05,1.000563979148865,1.000807046890259,1.000378012657166,1.000594973564148,50686325002,yahoo
USDT,2022-02-06,1.000586986541748,1.000828981399536,1.000362992286682,1.000679016113281,40572292703,yahoo
USDT,2022-02-07,1.000676989555359,1.000852942466736,1.000396966934204,1.000555038452148,64635714287,yahoo
USDT,2022-02-08,1.000553965568542,1.000990986824036,1.000491976737976,1.000619053840637,72230569455,yahoo
USDT,2022-02-09,1.00060498714447,1.000998973846436,1.000545024871826,1.000743985176086,53386706331,yahoo
USDT,2022-02-10,1.000730037689209,1.001054048538208,1.000506997108459,1.000725984573364,77334791717,yahoo
USDT,2022-02-11,1.000730037689209,1.002683043479919,1.000504016876221,1.000722050666809,66753002645,yahoo
USDT,2022-02-12,1.000720024108887,1.001073002815247,1.000471949577332,1.000601053237915,49138854287,yahoo
USDT,2022-02-13,1.00059700012207,1.000864028930664,1.000416994094849,1.000455975532532,41277090178,yahoo
USDT,2022-02-14,1.000444054603577,1.00086498260498,1.000326037406921,1.000512957572937,48318327792,yahoo
USDT,2022-02-15,1.000512957572937,1.000740051269531,1.000363945960999,1.000584959983826,53542330209,yahoo
USDT,2022-02-16,1.000599980354309,1.000699043273926,1.000339984893799,1.000396966934204,48729582312,yahoo
USDT,2022-02-17,1.000403046607971,1.000601053237915,1.000324964523315,1.000514984130859,59426477844,yahoo
USDT,2022-02-18,1.000504016876221,1.000707030296326,1.000401973724365,1.000558972358704,52679060916,yahoo
USDT,2022-02-19,1.000545978546143,1.000769972801208,1.000406980514526,1.000576019287109,37278604791,yahoo
USDT,2022-02-20,1.000584959983826,1.000789999961853,1.000318050384521,1.000408053398132,45611091002,yahoo
USDT,2022-02-21,1.000401973724365,1.000874042510986,1.000319004058838,1.000501990318298,72043746349,yahoo
USDT,2022-02-22,1.000458955764771,1.00084400177002,1.000347018241882,1.000704050064087,60539262856,yahoo
USDT,2022-02-23,1.000712037086487,1.000960946083069,1.000452995300293,1.000498056411743,54845607157,yahoo
USDT,2022-02-24,1.000581026077271,1.001024961471558,1.000298976898193,1.000635981559753,107952010250,yahoo
USDT,2022-02-25,1.000640988349915,1.001106977462769,1.000339984893799,1.000473976135254,66025345539,yahoo
USDT,2022-02-26,1.000486016273499,1.000722050666809,1.000290989875793,1.000396966934204,46708690534,yahoo
USDT,2022-02-27,1.000393033027649,1.000789999961853,1.000265955924988,1.00049102306366,57257598779,yahoo
USDT,2022-02-28,1.000506997108459,1.001013994216919,1.00022304058075,1.000350952148438,72330789600,yahoo
USDT,2022-03-01,1.000359058380127,1.000605940818787,1.000180006027222,1.000452041625977,75388694286,yahoo
USDT,2022-03-02,1.000452041625977,1.000666975975037,1.000242948532104,1.00046694278717,68076385283,yahoo
USDT,2022-03-03,1.000473022460938,1.000565052032471,0.9999579787254333,1.000017046928406,57033279685,yahoo
USDT,2022-03-04,1.000015020370483,1.000725984573364,1.0,1.000197052955627,61900652306,yahoo
USDT,2022-03-05,1.000197052955627,1.000380992889404,1.000087022781372,1.000275015830994,39306054797,yahoo
USDT,2022-03-06,1.000272035598755,1.000545024871826,1.000056982040405,1.00024402141571,43914369258,yahoo
USDT,2022-03-07,1.000251054763794,1.000570058822632,1.000059962272644,1.000123023986816,61333826920,yahoo
USDT,2022-03-08,1.000090003013611,1.000591039657593,1.000046968460083,1.000282049179077,55667916973,yahoo
USDT,2022-03-09,1.000285029411316,1.000496983528137,1.000105023384094,1.000293970108032,67017876859,yahoo
USDT,2022-03-10,1.000285029411316,1.00066602230072,1.000187993049622,1.000565052032471,65784999972,yahoo
USDT,2022-03-11,1.000579953193665,1.000637054443359,1.000067949295044,1.000200033187866,58051333936,yahoo
USDT,2022-03-12,1.000213980674744,1.000372052192688,1.000017046928406,1.000080943107605,38101124958,yahoo
USDT,2022-03-13,1.000061988830566,1.000367045402527,1.000061988830566,1.00019896030426,42268710956,yahoo
USDT,2022-03-14,1.000190019607544,1.000380992889404,1.000112056732178,1.000218987464905,52613345077,yahoo
USDT,2022-03-15,1.000216007232666,1.000502943992615,1.000103950500488,1.000334024429321,52961395870,yahoo
USDT,2022-03-16,1.000331997871399,1.000501036643982,1.000174045562744,1.000434994697571,74673285342,yahoo
USDT,2022-03-17,1.000427961349487,1.000617980957031,1.000242948532104,1.000499963760376,52913216462,yahoo
USDT,2022-03-18,1.000480055809021,1.00089704990387,1.00032901763916,1.00048303604126,64969319781,yahoo
USDT,2022-03-19,1.000486969947815,1.000769019126892,1.000383019447327,1.000509977340698,58881848497,yahoo
USDT,2022-03-20,1.000504970550537,1.000738024711609,1.000375032424927,1.000427007675171,57837125338,yahoo
USDT,2022-03-21,1.000416994094849,1.000540971755981,1.000296950340271,1.000347018241882,64828148834,yahoo
USDT,2022-03-22,1.000349998474121,1.000707030296326,1.000303983688354,1.00033700466156,71455738693,yahoo
USDT,2022-03-23,1.000349998474121,1.000700950622559,1.000260949134827,1.000409007072449,68181581345,yahoo
USDT,2022-03-24,1.000452995300293,1.000666975975037,1.000282049179077,1.000599980354309,77842904360,yahoo
USDT,2022-03-25,1.000604033470154,1.000630021095276,1.000350952148438,1.00040602684021,64320675570,yahoo
USDT,2022-03-26,1.000422954559326,1.000540018081665,1.000329971313477,1.00036096572876,39871932342,yahoo
USDT,2022-03-27,1.00036096572876,1.000605940818787,1.00026798248291,1.000375986099243,59103680528,yahoo
USDT,2022-03-28,1.000365018844604,1.000651001930237,1.000226020812988,1.000411987304688,86217871591,yahoo
USDT,2022-03-29,1.00040602684021,1.000661969184875,1.000280022621155,1.000450015068054,80447404974,yahoo
USDT,2022-03-30,1.000427961349487,1.000573992729187,1.000218987464905,1.000277996063232,79713341087,yahoo
USDT,2022-03-31,1.000272035598755,1.000733971595764,1.000200033187866,1.000303983688354,90489848043,yahoo
USDT,2022-04-01,1.000306010246277,1.000638961791992,1.000228047370911,1.000357985496521,92250507858,yahoo
USDT,2022-04-02,1.00036895275116,1.000522971153259,1.00027596950531,1.000344038009644,79916606735,yahoo
USDT,2022-04-03,1.000347971916199,1.000681042671204,1.000195026397705,1.000272989273071,67183096448,yahoo
USDT,2022-04-04,1.00027596950531,1.000450968742371,1.000151991844177,1.000228047370911,79820905659,yahoo
USDT,2022-04-05,1.000221967697144,1.000437021255493,1.00012195110321,1.000193953514099,71594982811,yahoo
USDT,2022-04-06,1.00019896030426,1.000465035438538,1.000085949897766,1.000154972076416,92098510461,yahoo
USDT,2022-04-07,1.000149011611938,1.000491976737976,1.00009298324585,1.000262022018433,61906251582,yahoo
USDT,2022-04-08,1.000260949134827,1.000547051429749,1.000172972679138,1.000288009643555,64297486911,yahoo
USDT,2022-04-09,1.00028395652771,1.000581026077271,1.000151991844177,1.000372052192688,40069848333,yahoo
USDT,2022-04-10,1.000354051589966,1.000568032264709,1.000239968299866,1.00029194355011,43341611560,yahoo
USDT,2022-04-11,1.000298976898193,1.000607013702393,1.000193953514099,1.000347971916199,73914574528,yahoo
USDT,2022-04-12,1.000350952148438,1.00055205821991,1.000177979469299,1.000434994697571,68489224153,yahoo
USDT,2022-04-13,1.000442028045654,1.000442028045654,1.000128030776978,1.000275015830994,57894656914,yahoo
USDT,2022-04-14,1.00027596950531,1.000416040420532,1.000054001808167,1.000126957893372,52908937427,yahoo
USDT,2022-04-15,1.000120043754578,1.000440001487732,1.000069975852966,1.000239014625549,42988969647,yahoo
USDT,2022-04-16,1.000236988067627,1.000391960144043,1.0001300573349,1.000295996665955,35315439111,yahoo
USDT,2022-04-17,1.000290989875793,1.000435948371887,1.000144004821777,1.000313997268677,40964576376,yahoo
USDT,2022-04-18,1.00032103061676,1.000504016876221,1.000152945518494,1.000218033790588,68691204704,yahoo
USDT,2022-04-19,1.000213980674744,1.000419020652771,1.000154972076416,1.000342965126038,57975539645,yahoo
USDT,2022-04-20,1.000350952148438,1.000596046447754,1.000152945518494,1.000201940536499,66021482830,yahoo
USDT,2022-04-21,1.000203013420105,1.000489950180054,1.000118970870972,1.000156998634338,77014328066,yahoo
USDT,2022-04-22,1.000141978263855,1.000365972518921,1.000077962875366,1.000234007835388,60728483573,yahoo
USDT,2022-04-23,1.000221014022827,1.000381946563721,1.000103950500488,1.000228047370911,38357597167,yahoo
USDT,2022-04-24,1.000218033790588,1.000445961952209,1.000164985656738,1.000344038009644,39519383045,yahoo
USDT,2022-04-25,1.000345945358276,1.000393033027649,1.000102996826172,1.000144958496094,73256647805,yahoo
USDT,2022-04-26,1.000131011009216,1.000265002250671,1.000040054321289,1.000072956085205,69068297656,yahoo
USDT,2022-04-27,1.000059008598328,1.00028395652771,1.000012993812561,1.000152945518494,61043327313,yahoo
USDT,2022-04-28,1.000154972076416,1.00029194355011,1.000028014183044,1.00019097328186,68392086439,yahoo
USDT,2022-04-29,1.000200033187866,1.000237941741943,0.9999859929084778,1.000020027160645,67899674445,yahoo
USDT,2022-04-30,1.000000953674316,1.000251054763794,0.999970018863678,1.000154972076416,57266339850,yahoo
USDT,2022-05-01,1.000151991844177,1.000373959541321,1.000098943710327,1.000113010406494,61420362842,yahoo
USDT,2022-05-02,1.000100016593933,1.000280976295471,0.999925971031189,0.9999549984931946,63751566652,yahoo
USDT,2022-05-03,0.9999520182609558,1.000233054161072,0.9999020099639893,1.000044941902161,52924035065,yahoo
USDT,2022-05-04,1.000020980834961,1.000141978263855,0.9999399781227112,1.000038027763367,72222517203,yahoo
USDT,2022-05-05,1.000038981437683,1.000197052955627,0.9999200105667114,0.9999880194664001,85679638685,yahoo
USDT,2022-05-06,0.9999899864196777,1.00021505355835,0.9999160170555115,0.9999819993972778,81327879764,yahoo
USDT,2022-05-07,0.9999709725379944,1.000048995018005,0.9997739791870117,0.9999210238456726,57202594793,yahoo
USDT,2022-05-08,0.9999189972877502,1.000062942504883,0.9997400045394897,0.9998540282249451,77900163502,yahoo
USDT,2022-05-09,0.9998700022697449,1.000133991241455,0.9997699856758118,0.999908983707428,120710294040,yahoo
USDT,2022-05-10,0.9999449849128723,1.000133991241455,0.9997090101242065,0.9997910261154175,128692083965,yahoo
USDT,2022-05-11,0.9997900128364563,0.9999960064888,0.9934589862823486,0.9958720207214355,159700404396,yahoo
USDT,2022-05-12,0.9958789944648743,0.9977359771728516,0.9484859704971313,0.99760901927948,141052751792,yahoo
USDT,2022-05-13,0.997527003288269,0.999193012714386,0.9969450235366821,0.9982389807701111,87009885196,yahoo
USDT,2022-05-14,0.9982420206069946,0.9989709854125977,0.9977909922599792,0.9987800121307373,60781876668,yahoo
USDT,2022-05-15,0.9987800121307373,0.9990770220756531,0.9984920024871826,0.9990689754486084,53979914930,yahoo
USDT,2022-05-16,0.9990839958190918,0.9991530179977417,0.9986590147018433,0.9987789988517761,62504490441,yahoo
USDT,2022-05-17,0.9987720251083374,0.9991070032119751,0.9986500144004822,0.9989089965820312,55745978864,yahoo
USDT,2022-05-18,0.9989020228385925,0.9991499781608582,0.9985420107841492,0.9988020062446594,56067250693,yahoo
USDT,2022-05-19,0.9987859725952148,0.9991220235824585,0.9985499978065491,0.9989709854125977,59651836770,yahoo
USDT,2022-05-20,0.998956024646759,0.9993699789047241,0.9987000226974487,0.9988179802894592,54960961209,yahoo
USDT,2022-05-21,0.9988939762115479,0.9990379810333252,0.9985989928245544,0.9987930059432983,34924240134,yahoo
USDT,2022-05-22,0.998786985874176,0.9991210103034973,0.9985899925231934,0.9990659952163696,40965864100,yahoo
USDT,2022-05-23,0.9990649819374084,0.9992939829826355,0.9988290071487427,0.9990879893302917,58585612765,yahoo
USDT,2022-05-24,0.9990479946136475,0.9992039799690247,0.9988470077514648,0.9991070032119751,51053417289,yahoo
USDT,2022-05-25,0.9990929961204529,0.9991850256919861,0.9988170266151428,0.9989759922027588,50311844127,yahoo
USDT,2022-05-26,0.9989669919013977,0.9992120265960693,0.9987829923629761,0.9989070296287537,67771285444,yahoo
USDT,2022-05-27,0.9989020228385925,0.9991840124130249,0.998786985874176,0.9988629817962646,67961870830,yahoo
USDT,2022-05-28,0.9990109801292419,0.999189019203186,0.9987789988517761,0.9990019798278809,37159842905,yahoo
USDT,2022-05-29,0.9990079998970032,0.9992460012435913,0.9989089965820312,0.9991779923439026,34572061153,yahoo
USDT,2022-05-30,0.9991869926452637,0.9994969964027405,0.9989579916000366,0.9993759989738464,65155466235,yahoo
USDT,2022-05-31,0.9993780255317688,0.9994930028915405,0.9992849826812744,0.9993879795074463,62841794272,yahoo
USDT,2022-06-01,0.9993810057640076,0.9995020031929016,0.998869001865387,0.9992600083351135,68866735590,yahoo
USDT,2022-06-02,0.9992319941520691,0.9994909763336182,0.9991040229797363,0.9993169903755188,50520845556,yahoo
USDT,2022-06-03,0.9992949962615967,0.9994909763336182,0.9990220069885254,0.9991700053215027,43789145735,yahoo
USDT,2022-06-04,0.9991739988327026,0.9993569850921631,0.9990320205688477,0.9993129968643188,30834183068,yahoo
USDT,2022-06-05,0.9993090033531189,0.9993579983711243,0.9991940259933472,0.9992960095405579,30872185296,yahoo
USDT,2022-06-06,0.9992859959602356,0.9995369911193848,0.9992210268974304,0.9993109703063965,51540243030,yahoo
USDT,2022-06-07,0.9992979764938354,0.9995710253715515,0.9991469979286194,0.9994140267372131,67008901675,yahoo
USDT,2022-06-08,0.9994149804115295,0.999563992023468,0.9991989731788635,0.9992619752883911,52176620958,yahoo
USDT,2022-06-09,0.9992730021476746,0.9994990229606628,0.9991589784622192,0.99931401014328,42359067750,yahoo
USDT,2022-06-10,0.999351978302002,0.9994450211524963,0.9991090297698975,0.999180018901825,49685289881,yahoo
USDT,2022-06-11,0.9991819858551025,0.9993079900741577,0.9990090131759644,0.9990249872207642,48736816876,yahoo
USDT,2022-06-12,0.9990140199661255,0.9991490244865417,0.9988420009613037,0.9990800023078918,59051274983,yahoo
USDT,2022-06-13,0.9990689754486084,0.9991260170936584,0.9975469708442688,0.9985939860343933,107410569162,yahoo
USDT,2022-06-14,0.9986019730567932,0.9991080164909363,0.9985550045967102,0.9989539980888367,81024425505,yahoo
USDT,2022-06-15,0.9989339709281921,0.9990230202674866,0.998183012008667,0.9989420175552368,89017006423,yahoo
USDT,2022-06-16,0.9989200234413147,0.9991340041160583,0.9986420273780823,0.9989299774169922,52400892767,yahoo
USDT,2022-06-17,0.9989510178565979,0.9990739822387695,0.9986810088157654,0.9990360140800476,43836219287,yahoo
USDT,2022-06-18,0.9990180134773254,0.9990450143814087,0.9984539747238159,0.9986670017242432,61973128141,yahoo
USDT,2022-06-19,0.9986559748649597,0.9990119934082031,0.9984700083732605,0.9989690184593201,55603476684,yahoo
USDT,2022-06-20,0.998947024345398,0.999110996723175,0.9986289739608765,0.9989569783210754,52157987688,yahoo
USDT,2022-06-21,0.9989709854125977,0.999206006526947,0.9988980293273926,0.9990940093994141,50165859626,yahoo
USDT,2022-06-22,0.9990929961204529,0.9991260170936584,0.9988719820976257,0.9990950226783752,46130025676,yahoo
USDT,2022-06-23,0.9990959763526917,0.9993280172348022,0.9988980293273926,0.9992799758911133,43198538082,yahoo
USDT,2022-06-24,0.9992589950561523,0.999504029750824,0.9991369843482971,0.9993249773979187,46919267632,yahoo
USDT,2022-06-25,0.9993360042572021,0.9996110200881958,0.9992730021476746,0.9995480179786682,36390241725,yahoo
USDT,2022-06-26,0.999550998210907,0.9995949864387512,0.9993739724159241,0.9993979930877686,37228683270,yahoo
USDT,2022-06-27,0.9994580149650574,0.9995989799499512,0.9989839792251587,0.9990919828414917,39296953700,yahoo
USDT,2022-06-28,0.9991040229797363,0.9991340041160583,0.9987819790840149,0.9988319873809814,40773930242,yahoo
USDT,2022-06-29,0.9988440275192261,0.9990580081939697,0.9985190033912659,0.9988840222358704,44380636377,yahoo
USDT,2022-06-30,0.9988880157470703,0.9990929961204529,0.9987620115280151,0.9988189935684204,45578518327,yahoo
USDT,2022-07-01,0.9988600015640259,0.9991369843482971,0.9987050294876099,0.9988669753074646,49683415220,yahoo
USDT,2022-07-02,0.9988549947738647,0.999118983745575,0.9988269805908203,0.998960018157959,31666712588,yahoo
USDT,2022-07-03,0.9989529848098755,0.999127984046936,0.9988909959793091,0.9990779757499695,27890770459,yahoo
USDT,2022-07-04,0.9990710020065308,0.999222993850708,0.9989910125732422,0.9991090297698975,37816157114,yahoo
USDT,2022-07-05,0.9991179704666138,0.9992480278015137,0.9989359974861145,0.9990919828414917,46794873591,yahoo
USDT,2022-07-06,0.9990950226783752,0.9992210268974304,0.998960018157959,0.999098002910614,41932894214,yahoo
USDT,2022-07-07,0.9990890026092529,0.9995059967041016,0.9990190267562866,0.9994459748268127,41395542117,yahoo
USDT,2022-07-08,0.9994109869003296,0.9995759725570679,0.9992849826812744,0.9994180202484131,64720676603,yahoo
USDT,2022-07-09,0.999422013759613,0.9995719790458679,0.9993330240249634,0.999538004398346,38957001478,yahoo
USDT,2022-07-10,0.9995390176773071,0.999629020690918,0.999396026134491,0.9994649887084961,40170710077,yahoo
USDT,2022-07-11,0.999455988407135,0.9995759725570679,0.999127984046936,0.9992250204086304,38726869251,yahoo
USDT,2022-07-12,0.9992250204086304,0.9993799924850464,0.9991179704666138,0.9993429780006409,40368791506,yahoo
USDT,2022-07-13,0.9993420243263245,0.9994289875030518,0.9991570115089417,0.9993839859962463,51757860849,yahoo
USDT,2022-07-14,0.9993939995765686,0.9995399713516235,0.9993020296096802,0.9994069933891296,49222660233,yahoo
USDT,2022-07-15,0.9993849992752075,0.9997439980506897,0.9993469715118408,0.999705970287323,45982487607,yahoo
USDT,2022-07-16,0.9997010231018066,0.9998800158500671,0.9996830224990845,0.9997739791870117,44126749597,yahoo
USDT,2022-07-17,0.9997789859771729,0.9998630285263062,0.9996770024299622,0.9997339844703674,42189248625,yahoo
USDT,2022-07-18,0.9997259974479675,0.999970018863678,0.999692976474762,0.9997770190238953,70390606911,yahoo
USDT,2022-07-19,0.9997850060462952,1.000123977661133,0.9997640252113342,1.000092029571533,77160548741,yahoo
USDT,2022-07-20,1.000095963478088,1.000249028205872,1.000002026557922,1.000067949295044,68306872702,yahoo
USDT,2022-07-21,1.00005304813385,1.0001380443573,0.9999489784240723,1.000079989433289,55292189306,yahoo
USDT,2022-07-22,1.000082015991211,1.000177025794983,1.000026941299438,1.000051975250244,51645071119,yahoo
USDT,2022-07-23,1.000051975250244,1.0001460313797,0.9999840259552002,1.000036001205444,43014917183,yahoo
USDT,2022-07-24,1.000033974647522,1.000118017196655,0.9999300241470337,1.000035047531128,41955275140,yahoo
USDT,2022-07-25,1.000038027763367,1.00012195110321,1.000005960464478,1.000061988830566,56307512994,yahoo
USDT,2022-07-26,1.000066995620728,1.000128030776978,0.9999960064888,1.000046968460083,48266723630,yahoo
USDT,2022-07-27,1.000048041343689,1.000327944755554,0.9999799728393555,1.000273942947388,60104591185,yahoo
USDT,2022-07-28,1.000288009643555,1.000360012054443,1.000123023986816,1.000200033187866,75754591120,yahoo
USDT,2022-07-29,1.000205039978027,1.000345945358276,1.000169038772583,1.000311017036438,72013108986,yahoo
USDT,2022-07-30,1.000309944152832,1.000352025032043,1.000216960906982,1.000288963317871,57489826931,yahoo
USDT,2022-07-31,1.000280022621155,1.000337958335876,1.000200033187866,1.000327944755554,52267348020,yahoo
USDT,2022-08-01,1.000321984291077,1.000367999076843,1.000125050544739,1.000203967094421,50882756969,yahoo
USDT,2022-08-02,1.000210046768188,1.000319004058838,1.000133037567139,1.000159025192261,54793315279,yahoo
USDT,2022-08-03,1.000148057937622,1.000272035598755,1.000116944313049,1.000203967094421,47717439471,yahoo
USDT,2022-08-04,1.00020694732666,1.000285029411316,1.00005304813385,1.000133037567139,44526180493,yahoo
USDT,2022-08-05,1.000112056732178,1.000159025192261,1.0000319480896,1.000041961669922,49723473321,yahoo
USDT,2022-08-06,1.000038027763367,1.000164985656738,1.000038027763367,1.000125050544739,32961917502,yahoo
USDT,2022-08-07,1.000128030776978,1.000180959701538,1.000067949295044,1.000144004821777,29901528651,yahoo
USDT,2022-08-08,1.000159025192261,1.000226974487305,1.000097036361694,1.000177025794983,50243147547,yahoo
USDT,2022-08-09,1.000169038772583,1.00024402141571,1.000118017196655,1.000208973884583,46070684571,yahoo
USDT,2022-08-10,1.000205039978027,1.000561952590942,1.000151038169861,1.000252962112427,60085173824,yahoo
USDT,2022-08-11,1.000251054763794,1.000504016876221,1.000242948532104,1.00040602684021,64445391375,yahoo
USDT,2022-08-12,1.000401020050049,1.000473022460938,1.000244975090027,1.000336050987244,46783370955,yahoo
USDT,2022-08-13,1.000342011451721,1.000573992729187,1.000249981880188,1.000375986099243,41593883061,yahoo
USDT,2022-08-14,1.000367045402527,1.000401020050049,1.000226020812988,1.000270962715149,43866838979,yahoo
USDT,2022-08-15,1.00025999546051,1.000354051589966,1.000125050544739,1.000174045562744,57703388667,yahoo
USDT,2022-08-16,1.000169038772583,1.000324964523315,1.000044941902161,1.000115036964417,46945222159,yahoo
USDT,2022-08-17,1.000125050544739,1.000131964683533,0.9999970197677612,1.000072956085205,53355167557,yahoo
USDT,2022-08-18,1.000072002410889,1.000118970870972,0.99993497133255,0.9999989867210388,43149679443,yahoo
USDT,2022-08-19,0.9999909996986389,1.000174999237061,0.9999459981918335,1.000059962272644,64302127382,yahoo
USDT,2022-08-20,1.00005304813385,1.000133037567139,0.9999729990959167,0.9999740123748779,64302127382,yahoo
USDT,2022-08-21,0.9999740123748779,1.000161051750183,0.9999420046806335,0.9999939799308777,45699064002,yahoo
USDT,2022-08-22,0.9999989867210388,1.000113964080811,0.9998909831047058,0.9999840259552002,51710064329,yahoo
USDT,2022-08-23,0.999983012676239,1.000049948692322,0.9998859763145447,0.9999920129776001,52978066914,yahoo
USDT,2022-08-24,0.9999920129776001,1.000105023384094,0.9999549984931946,1.000038981437683,48708536003,yahoo
USDT,2022-08-25,1.000033974647522,1.0001300573349,0.9999589920043945,1.000079989433289,45854093190,yahoo
USDT,2022-08-26,1.000077962875366,1.000138998031616,0.9999729990959167,1.000043034553528,62406193046,yahoo
USDT,2022-08-27,1.000056028366089,1.000139951705933,0.9999709725379944,1.000018954277039,43316381517,yahoo
USDT,2022-08-28,1.000015020370483,1.000087022781372,0.9999650120735168,1.000028014183044,34337927087,yahoo
USDT,2022-08-29,1.000051021575928,1.000090956687927,0.9999679923057556,1.0000319480896,45837060552,yahoo
USDT,2022-08-30,1.000038981437683,1.000234007835388,0.9999769926071167,1.000080943107605,50170084207,yahoo
USDT,2022-08-31,1.000090003013611,1.000162959098816,0.9999740123748779,1.0000159740448,48405934722,yahoo
USDT,2022-09-01,1.000013947486877,1.000116944313049,0.9999679923057556,1.000010013580322,44702355872,yahoo
USDT,2022-09-02,0.9999960064888,1.000120043754578,0.9999480247497559,1.000089049339294,44468235183,yahoo
USDT,2022-09-03,1.000089049339294,1.000120043754578,1.000033974647522,1.000074028968811,30873646175,yahoo
USDT,2022-09-04,1.000076055526733,1.00010097026825,0.9999750256538391,1.00006103515625,31495577330,yahoo
USDT,2022-09-05,1.000061988830566,1.000092029571533,0.999966025352478,1.000038027763367,39598045837,yahoo
USDT,2022-09-06,1.000026941299438,1.00009298324585,0.9999669790267944,1.000048995018005,64015343588,yahoo
USDT,2022-09-07,1.000010967254639,1.000177979469299,0.999987006187439,1.000108957290649,52755357561,yahoo
USDT,2022-09-08,1.000097036361694,1.000172972679138,1.000013947486877,1.000102043151855,49640976411,yahoo
USDT,2022-09-09,1.000095963478088,1.000303030014038,1.000054955482483,1.000234961509705,70683518131,yahoo
USDT,2022-09-10,1.000234961509705,1.000419974327087,1.000167012214661,1.000280976295471,53524443076,yahoo
USDT,2022-09-11,1.000278949737549,1.000342965126038,1.000221967697144,1.00027596950531,47160062304,yahoo
USDT,2022-09-12,1.000280976295471,1.000323057174683,1.000097990036011,1.000203967094421,66834639114,yahoo
USDT,2022-09-13,1.000161051750183,1.000339984893799,0.9999920129776001,1.000025033950806,71413926112,yahoo
USDT,2022-09-14,1.000038027763367,1.000213027000427,0.9999740123748779,1.000141978263855,55170613417,yahoo
USDT,2022-09-15,1.0001380443573,1.000275015830994,0.9999390244483948,1.000002980232239,60606622307,yahoo
USDT,2022-09-16,1.000002026557922,1.000095009803772,0.9998909831047058,0.9999809861183167,46290851147,yahoo
USDT,2022-09-17,0.9999819993972778,1.000136971473694,0.9999449849128723,1.000097990036011,34904822689,yahoo
USDT,2022-09-18,1.000095963478088,1.000144958496094,0.9999489784240723,1.000023007392883,46056427438,yahoo
USDT,2022-09-19,1.0000079870224,1.000174999237061,0.9999449849128723,1.000105977058411,56769197831,yahoo
USDT,2022-09-20,1.000103950500488,1.000193953514099,1.000036954879761,1.000059962272644,50515394641,yahoo
USDT,2022-09-21,1.000054955482483,1.000193953514099,1.000033020973206,1.000085949897766,63560607050,yahoo
USDT,2022-09-22,1.000105977058411,1.000172019004822,0.9999709725379944,0.9999840259552002,54330130153,yahoo
USDT,2022-09-23,0.9999939799308777,1.000048041343689,0.9999459981918335,0.9999809861183167,58265731392,yahoo
USDT,2022-09-24,0.9999819993972778,1.000102043151855,0.9999549984931946,1.000049948692322,39015165939,yahoo
USDT,2022-09-25,1.00005304813385,1.000136971473694,1.0000239610672,1.000054955482483,35041309688,yahoo
USDT,2022-09-26,1.000046968460083,1.000156998634338,0.9999499917030334,0.9999899864196777,57810071895,yahoo
USDT,2022-09-27,0.9999840259552002,1.000095963478088,0.9999510049819946,0.9999799728393555,71681603882,yahoo
USDT,2022-09-28,0.9999780058860779,1.000051975250244,0.9999110102653503,0.9999759793281555,65738293663,yahoo
USDT,2022-09-29,0.9999970197677612,1.000097036361694,0.9999279975891113,1.000079035758972,52649004466,yahoo
USDT,2022-09-30,1.000076055526733,1.000164985656738,1.000008940696716,1.000048995018005,55223655589,yahoo
USDT,2022-10-01,1.000061988830566,1.000107049942017,0.9999560117721558,1.000043034553528,27312920843,yahoo
USDT,2022-10-02,1.000044941902161,1.000105977058411,0.9999480247497559,1.000059962272644,30109417396,yahoo
USDT,2022-10-03,1.000056028366089,1.000157952308655,0.9999840259552002,1.000089049339294,40191505534,yahoo
USDT,2022-10-04,1.000090956687927,1.000255942344666,1.000064969062805,1.000251054763794,44505643606,yahoo
USDT,2022-10-05,1.000249981880188,1.00030505657196,1.000051975250244,1.000108957290649,41883470473,yahoo
USDT,2022-10-06,1.000105023384094,1.000223994255066,1.000087976455688,1.000143051147461,43958843047,yahoo
USDT,2022-10-07,1.000126957893372,1.000211954116821,1.000058054924011,1.00012195110321,38019451874,yahoo
USDT,2022-10-08,1.000125050544739,1.000190019607544,1.000043988227844,1.000082969665527,23441883205,yahoo
USDT,2022-10-09,1.000077962875366,1.000182032585144,1.000064015388489,1.000157952308655,22977760897,yahoo
USDT,2022-10-10,1.000159025192261,1.000188946723938,0.9999399781227112,1.000018000602722,37843287016,yahoo
USDT,2022-10-11,1.000008940696716,1.000064969062805,0.9998890161514282,0.9999009966850281,38468219592,yahoo
USDT,2022-10-12,0.9999210238456726,1.000043988227844,0.999862015247345,0.9999920129776001,33048616462,yahoo
USDT,2022-10-13,0.999983012676239,1.000136017799377,0.9999319911003113,1.000079035758972,60450860335,yahoo
USDT,2022-10-14,1.000082969665527,1.000152945518494,1.0000159740448,1.000074028968811,48926387475,yahoo
USDT,2022-10-15,1.000072956085205,1.000159025192261,1.000017046928406,1.000087022781372,25527432092,yahoo
USDT,2022-10-16,1.000084042549133,1.000149011611938,1.000028967857361,1.000056982040405,27428821905,yahoo
USDT,2022-10-17,1.000059962272644,1.000148057937622,1.000012040138245,1.00006902217865,36706571573,yahoo
USDT,2022-10-18,1.000067949295044,1.000198006629944,1.000036954879761,1.000105977058411,39012357142,yahoo
USDT,2022-10-19,1.000105023384094,1.000210046768188,1.000036001205444,1.000059962272644,32767030077,yahoo
USDT,2022-10-20,1.000067949295044,1.000159025192261,0.9999639987945557,0.9999939799308777,32981854458,yahoo
USDT,2022-10-21,1.0,1.000141024589539,0.9999279975891113,1.000123023986816,41430999058,yahoo
USDT,2022-10-22,1.000123977661133,1.000195980072021,1.000017046928406,1.00008499622345,24133042918,yahoo
USDT,2022-10-23,1.00006103515625,1.000203013420105,1.0000239610672,1.00007700920105,31629519444,yahoo
USDT,2022-10-24,1.000069975852966,1.000174999237061,1.000041007995605,1.000056982040405,40494105063,yahoo
USDT,2022-10-25,1.000046014785767,1.000254988670349,1.000015020370483,1.000208020210266,64740988487,yahoo
USDT,2022-10-26,1.000200033187866,1.000277042388916,1.000118970870972,1.00019896030426,78294376043,yahoo
USDT,2022-10-27,1.000203967094421,1.000262975692749,1.000056028366089,1.000092029571533,68447928073,yahoo
USDT,2022-10-28,1.000097036361694,1.000224947929382,1.00005304813385,1.0001460313797,61718295435,yahoo
USDT,2022-10-29,1.000141024589539,1.000345945358276,1.00012195110321,1.000226020812988,67603092351,yahoo
USDT,2022-10-30,1.000226020812988,1.000345945358276,1.000169992446899,1.000179052352905,52873524542,yahoo
USDT,2022-10-31,1.000185012817383,1.00025200843811,0.9999189972877502,0.9999470114707947,67168423338,yahoo
USDT,2022-11-01,0.9999560117721558,0.9999849796295166,0.9997739791870117,0.9999240040779114,56795449219,yahoo
USDT,2022-11-02,0.9999179840087891,1.000079035758972,0.9998649954795837,0.9999960064888,76399032768,yahoo
USDT,2022-11-03,0.9999790191650391,1.000048041343689,0.9999439716339111,1.000007033348083,61590549857,yahoo
USDT,2022-11-04,1.000007033348083,1.000118970870972,0.9999589920043945,1.000076055526733,88078834184,yahoo
USDT,2022-11-05,1.000074982643127,1.000180006027222,1.000040054321289,1.000118970870972,57121137337,yahoo
USDT,2022-11-06,1.000120997428894,1.000164031982422,0.9999939799308777,1.000090003013611,51095877870,yahoo
USDT,2022-11-07,1.00010097026825,1.000164985656738,1.000038981437683,1.000094056129456,72598608064,yahoo
USDT,2022-11-08,1.000094056129456,1.000514984130859,1.000013947486877,1.0000319480896,162734866334,yahoo
USDT,2022-11-09,1.000043034553528,1.000043034553528,0.9985259771347046,0.9986000061035156,143975136007,yahoo
USDT,2022-11-10,0.9986339807510376,0.9989749789237976,0.9815250039100647,0.9978349804878235,114807119109,yahoo
USDT,2022-11-11,0.9978139996528625,0.9985690116882324,0.9968850016593933,0.9982179999351501,74933538836,yahoo
USDT,2022-11-12,0.9981979727745056,0.9988229870796204,0.9977729916572571,0.9986159801483154,40298138489,yahoo
USDT,2022-11-13,0.9986169934272766,0.9990659952163696,0.998462975025177,0.9987549781799316,40189889540,yahoo
USDT,2022-11-14,0.9987499713897705,0.9991340041160583,0.9985759854316711,0.9990130066871643,65634612428,yahoo
USDT,2022-11-15,0.9990209937095642,0.9992430210113525,0.9987559914588928,0.9991300106048584,47859299075,yahoo
USDT,2022-11-16,0.9991359710693359,0.9994059801101685,0.9989879727363586,0.9992290139198303,45661177296,yahoo
USDT,2022-11-17,0.9992309808731079,0.9996449947357178,0.9992030262947083,0.9994019865989685,37744442250,yahoo
USDT,2022-11-18,0.999396026134491,0.9994680285453796,0.9990800023078918,0.9991629719734192,34879098921,yahoo
USDT,2022-11-19,0.9991750121116638,0.9992920160293579,0.9990460276603699,0.999101996421814,23288439137,yahoo
USDT,2022-11-20,0.9990869760513306,0.9992070198059082,0.998769998550415,0.9989820122718811,33834889406,yahoo
USDT,2022-11-21,0.9989950060844421,0.9991689920425415,0.9986460208892822,0.9990890026092529,54558293762,yahoo
USDT,2022-11-22,0.999081015586853,0.9993090033531189,0.9988740086555481,0.9991570115089417,44056204568,yahoo
USDT,2022-11-23,0.9991660118103027,0.9992349743843079,0.9989539980888367,0.9991940259933472,45720458651,yahoo
USDT,2022-11-24,0.9991909861564636,0.9995070099830627,0.9991229772567749,0.9994210004806519,36841695607,yahoo
USDT,2022-11-25,0.9994170069694519,0.9995899796485901,0.9994040131568909,0.9995779991149902,25728613650,yahoo
USDT,2022-11-26,0.999576985836029,0.9996259808540344,0.9995070099830627,0.9995740056037903,25190862393,yahoo
USDT,2022-11-27,0.999567985534668,0.9996539950370789,0.9995030164718628,0.9996039867401123,27588594951,yahoo
USDT,2022-11-28,0.9995999932289124,0.9997730255126953,0.9995930194854736,0.9996619820594788,37268352299,yahoo
USDT,2022-11-29,0.9996619820594788,0.9997789859771729,0.9996060132980347,0.9997439980506897,31450915067,yahoo
USDT,2022-11-30,0.9997329711914062,1.00005304813385,0.9996510148048401,1.000015020370483,37405224166,yahoo
USDT,2022-12-01,1.000028967857361,1.000094056129456,0.9999560117721558,1.000043988227844,29913541569,yahoo
USDT,2022-12-02,1.000041961669922,1.000139951705933,1.000017046928406,1.000064969062805,26380777290,yahoo
USDT,2022-12-03,1.000054955482483,1.000105023384094,1.000028014183044,1.00006103515625,20609261957,yahoo
USDT,2022-12-04,1.00006103515625,1.000169038772583,1.000020027160645,1.000120043754578,21649754992,yahoo
USDT,2022-12-05,1.000125050544739,1.000205039978027,1.000040054321289,1.000054001808167,28743587598,yahoo
USDT,2022-12-06,1.000076055526733,1.000151038169861,1.000036001205444,1.00007700920105,25563996757,yahoo
USDT,2022-12-07,1.000064969062805,1.00012195110321,0.9999809861183167,1.000002026557922,25829885797,yahoo
USDT,2022-12-08,1.0000159740448,1.000133991241455,0.9999819993972778,1.000126957893372,25868764140,yahoo
USDT,2022-12-09,1.000120997428894,1.000156998634338,1.000038027763367,1.000056982040405,25000886944,yahoo
USDT,2022-12-10,1.00006103515625,1.000087976455688,1.000025033950806,1.000046014785767,16256414916,yahoo
USDT,2022-12-11,1.000033020973206,1.000102996826172,1.000033020973206,1.000077962875366,17036610394,yahoo
USDT,2022-12-12,1.00008499622345,1.000211954116821,1.0000239610672,1.000107049942017,25872687355,yahoo
USDT,2022-12-13,1.000110983848572,1.000573039054871,0.9999719858169556,1.000017046928406,37452330494,yahoo
USDT,2022-12-14,1.000028014183044,1.000131964683533,0.9999639987945557,1.000105023384094,31427740393,yahoo
USDT,2022-12-15,1.000108957290649,1.000185966491699,1.000038981437683,1.000077962875366,24979746073,yahoo
USDT,2022-12-16,1.00007700920105,1.000180006027222,1.000023007392883,1.000156998634338,31897990627,yahoo
USDT,2022-12-17,1.000128984451294,1.000295996665955,1.000072956085205,1.000161051750183,21306704152,yahoo
USDT,2022-12-18,1.000133991241455,1.000219941139221,1.000074982643127,1.000154972076416,14422416298,yahoo
USDT,2022-12-19,1.000149011611938,1.00020694732666,1.000048041343689,1.000079989433289,21820408554,yahoo
USDT,2022-12-20,1.000072002410889,1.00019896030426,1.000051975250244,1.000110983848572,26224288350,yahoo
USDT,2022-12-21,1.000094056129456,1.00019097328186,1.000036954879761,1.00007700920105,18469483242,yahoo
USDT,2022-12-22,1.000079035758972,1.00012195110321,0.9999719858169556,1.000010967254639,20067291688,yahoo
USDT,2022-12-23,1.000002026557922,1.00006902217865,0.9999359846115112,0.9999809861183167,18370924559,yahoo
USDT,2022-12-24,0.9999809861183167,1.00006103515625,0.9999549984931946,0.9999920129776001,11647419533,yahoo
USDT,2022-12-25,0.9999889731407166,1.00005304813385,0.9998930096626282,0.9999430179595947,14856104217,yahoo
USDT,2022-12-26,0.9999340176582336,1.000020027160645,0.9998940229415894,0.9999949932098389,14986560291,yahoo
USDT,2022-12-27,0.9999639987945557,1.000018954277039,0.9998279809951782,0.9998499751091003,18554435182,yahoo
USDT,2022-12-28,0.9998549818992615,0.9999210238456726,0.9996520280838013,0.9996860027313232,21161758512,yahoo
USDT,2022-12-29,0.9996790289878845,0.9998379945755005,0.9995989799499512,0.9997349977493286,18567214596,yahoo
USDT,2022-12-30,0.9997310042381287,0.9997749924659729,0.9996299743652344,0.99965900182724,19162959224,yahoo
USDT,2022-12-31,0.9996690154075623,0.9997789859771729,0.9996529817581177,0.9996740221977234,13466542553,yahoo
USDT,2023-01-01,0.9996799826622009,0.9997609853744507,0.9995669722557068,0.9996920228004456,11344984018,yahoo
USDT,2023-01-02,0.9996880292892456,0.9998440146446228,0.9996209740638733,0.999770998954773,16348780894,yahoo
USDT,2023-01-03,0.9997829794883728,0.9998959898948669,0.9997220039367676,0.9997590184211731,18233713873,yahoo
USDT,2023-01-04,0.9997509717941284,0.9998689889907837,0.9997209906578064,0.999763011932373,24715975399,yahoo
USDT,2023-01-05,0.999754011631012,0.999904990196228,0.9996939897537231,0.9996970295906067,19334292777,yahoo
USDT,2023-01-06,0.9997100234031677,0.9998459815979004,0.9996259808540344,0.9997379779815674,20350836697,yahoo
USDT,2023-01-07,0.9997320175170898,0.9999070167541504,0.9996970295906067,0.9998959898948669,11626878301,yahoo
USDT,2023-01-08,0.9998949766159058,1.000018954277039,0.9998440146446228,0.9999570250511169,14853747515,yahoo
USDT,2023-01-09,0.9999449849128723,1.00006902217865,0.9998999834060669,0.9999989867210388,31331363115,yahoo
USDT,2023-01-10,0.9999970197677612,1.000139951705933,0.9999210238456726,1.000100016593933,23843949758,yahoo
USDT,2023-01-11,1.000094056129456,1.000161051750183,0.9999669790267944,1.000018954277039,25576360686,yahoo
USDT,2023-01-12,1.00006103515625,1.000149965286255,0.9999650120735168,1.000092029571533,41556485542,yahoo
USDT,2023-01-13,1.000120997428894,1.000218987464905,1.000043034553528,1.000213980674744,35704375577,yahoo
USDT,2023-01-14,1.00020694732666,1.000403046607971,1.000118970870972,1.000156998634338,53708266585,yahoo
USDT,2023-01-15,1.000144004821777,1.000502943992615,1.000113964080811,1.000373959541321,30028224816,yahoo
USDT,2023-01-16,1.000347971916199,1.000452041625977,1.000090003013611,1.000126004219055,35957366329,yahoo
USDT,2023-01-17,1.0001300573349,1.000283002853394,1.00006103515625,1.000102996826172,32250868598,yahoo
USDT,2023-01-18,1.000105977058411,1.000296950340271,0.9999719858169556,0.9999899864196777,40496222408,yahoo
USDT,2023-01-19,0.9999899864196777,1.000095009803772,0.9999470114707947,1.000023007392883,25966707878,yahoo
USDT,2023-01-20,1.000005960464478,1.000242948532104,0.9999740123748779,1.000179052352905,33794858528,yahoo
USDT,2023-01-21,1.00018298625946,1.000409007072449,1.000128030776978,1.000216960906982,40470629184,yahoo
USDT,2023-01-22,1.000223994255066,1.000267028808594,1.0001300573349,1.000234007835388,32852491605,yahoo
USDT,2023-01-23,1.000219941139221,1.000246047973633,1.000090956687927,1.000203967094421,35271449760,yahoo
USDT,2023-01-24,1.000200986862183,1.000327944755554,1.000082015991211,1.0001300573349,34777970359,yahoo
USDT,2023-01-25,1.000128984451294,1.000298976898193,1.00009298324585,1.000174999237061,39242817276,yahoo
USDT,2023-01-26,1.000192999839783,1.000269055366516,1.000059962272644,1.000082015991211,34910787321,yahoo
USDT,2023-01-27,1.000087976455688,1.000278949737549,1.000054955482483,1.000182032585144,34658058512,yahoo
USDT,2023-01-28,1.000175952911377,1.000296950340271,1.000131964683533,1.000193953514099,23967491540,yahoo
USDT,2023-01-29,1.000201940536499,1.000309944152832,1.000092029571533,1.000098943710327,33570913369,yahoo
USDT,2023-01-30,1.000089049339294,1.000156998634338,1.000036954879761,1.00009298324585,37178895589,yahoo
USDT,2023-01-31,1.000080943107605,1.000169038772583,0.9999939799308777,1.000116944313049,31416134222,yahoo
USDT,2023-02-01,1.0001380443573,1.000237941741943,1.000048041343689,1.000097990036011,36688644471,yahoo
USDT,2023-02-02,1.000087976455688,1.000327944755554,1.000082969665527,1.000139951705933,43575657052,yahoo
USDT,2023-02-03,1.000141978263855,1.00027596950531,1.000077962875366,1.000131011009216,36792033814,yahoo
USDT,2023-02-04,1.00012195110321,1.0001620054245,1.000054001808167,1.000100016593933,24493083193,yahoo
USDT,2023-02-05,1.00009298324585,1.00026798248291,1.000089049339294,1.000198006629944,30313569702,yahoo
USDT,2023-02-06,1.000208973884583,1.000273942947388,1.000066995620728,1.000102043151855,32088027094,yahoo
USDT,2023-02-07,1.000095963478088,1.000273942947388,1.000030040740967,1.00007700920105,39183502892,yahoo
USDT,2023-02-08,1.000087976455688,1.000242948532104,1.000038981437683,1.000131011009216,39133872723,yahoo
USDT,2023-02-09,1.000128984451294,1.000267028808594,1.0000319480896,1.000159025192261,47895876169,yahoo
USDT,2023-02-10,1.000156998634338,1.000365018844604,1.000115990638733,1.000152945518494,37581182134,yahoo
USDT,2023-02-11,1.000211000442505,1.000257015228271,1.000090003013611,1.000162959098816,22803314101,yahoo
USDT,2023-02-12,1.000146985054016,1.000285983085632,1.000108003616333,1.000210046768188,24662650244,yahoo
USDT,2023-02-13,1.000213027000427,1.002496004104614,1.000167012214661,1.000933051109314,41054083637,yahoo
USDT,2023-02-14,1.000923037528992,1.001134037971497,1.000355005264282,1.000404000282288,40374822815,yahoo
USDT,2023-02-15,1.000404953956604,1.000547051429749,1.000177025794983,1.000218033790588,44524116301,yahoo
USDT,2023-02-16,1.000224947929382,1.000316023826599,1.000094056129456,1.000162959098816,57045633961,yahoo
USDT,2023-02-17,1.000162959098816,1.00024402141571,1.00010097026825,1.000221014022827,53478834233,yahoo
USDT,2023-02-18,1.00021505355835,1.000331044197083,1.000144958496094,1.000182032585144,30777314971,yahoo
USDT,2023-02-19,1.000180959701538,1.000290989875793,1.000154972076416,1.000236988067627,39281755451,yahoo
USDT,2023-02-20,1.000247955322266,1.000283002853394,1.000116944313049,1.000187039375305,44403471554,yahoo
USDT,2023-02-21,1.000180959701538,1.00022304058075,1.000077962875366,1.000131964683533,45397558230,yahoo
USDT,2023-02-22,1.0001460313797,1.000367999076843,1.000067949295044,1.000098943710327,43805622619,yahoo
USDT,2023-02-23,1.000095963478088,1.000216007232666,1.000059008598328,1.000123977661133,40733371959,yahoo
USDT,2023-02-24,1.000116944313049,1.000226974487305,1.000025033950806,1.000069975852966,39747788121,yahoo
USDT,2023-02-25,1.000072002410889,1.000174999237061,1.000049948692322,1.000131964683533,25281973906,yahoo
USDT,2023-02-26,1.000131964683533,1.000175952911377,1.000051975250244,1.000087022781372,23103836401,yahoo
USDT,2023-02-27,1.000079989433289,1.000195980072021,1.000046968460083,1.000174999237061,31170898346,yahoo
USDT,2023-02-28,1.000139951705933,1.000254988670349,1.000077962875366,1.0001540184021,29878544329,yahoo
USDT,2023-03-01,1.000169038772583,1.000323057174683,1.000069975852966,1.000144004821777,33994082293,yahoo
USDT,2023-03-02,1.000131964683533,1.00032103061676,1.000023007392883,1.000090956687927,28824873446,yahoo
USDT,2023-03-03,1.00008499622345,1.000360012054443,1.000058054924011,1.000100016593933,37747411845,yahoo
USDT,2023-03-04,1.000097990036011,1.000242948532104,1.000072002410889,1.000113964080811,18409338907,yahoo
USDT,2023-03-05,1.000118970870972,1.000237941741943,1.00005304813385,1.000107049942017,19088160147,yahoo
USDT,2023-03-06,1.000097990036011,1.000167012214661,0.9999740123748779,1.000010967254639,24736796655,yahoo
USDT,2023-03-07,1.000017046928406,1.000080943107605,0.9999359846115112,1.000012993812561,31500223933,yahoo
USDT,2023-03-08,1.0000159740448,1.000048041343689,0.9999629855155945,1.000007033348083,31323198703,yahoo
USDT,2023-03-09,1.000005960464478,1.000043034553528,0.9998160004615784,0.9999859929084778,41653343124,yahoo
USDT,2023-03-10,0.9999790191650391,1.003419995307922,0.9998660087585449,1.003046989440918,55191206438,yahoo
USDT,2023-03-11,1.003025054931641,1.029628038406372,1.002796053886414,1.007689952850342,65038416671,yahoo
USDT,2023-03-12,1.007689952850342,1.016291975975037,1.00593900680542,1.00714898109436,48442153750,yahoo
USDT,2023-03-13,1.007365942001343,1.011595964431763,1.001291990280151,1.003870010375977,72852500939,yahoo
USDT,2023-03-14,1.004052042961121,1.006482005119324,1.001852035522461,1.003247022628784,74778462453,yahoo
USDT,2023-03-15,1.003170967102051,1.005406975746155,1.001278042793274,1.00394594669342,62575628923,yahoo
USDT,2023-03-16,1.00394594669342,1.004448056221008,1.001129031181335,1.002133965492249,46345690965,yahoo
USDT,2023-03-17,1.002177953720093,1.003718972206116,1.00080394744873,1.002326011657715,61866017598,yahoo
USDT,2023-03-18,1.002197027206421,1.003584980964661,1.001139044761658,1.002336978912354,47735900216,yahoo
USDT,2023-03-19,1.002369046211243,1.003424048423767,1.001168966293335,1.003007054328918,44405090365,yahoo
USDT,2023-03-20,1.003046989440918,1.003801941871643,1.000975966453552,1.001790046691895,54497686907,yahoo
USDT,2023-03-21,1.001808047294617,1.0035560131073,0.9999799728393555,1.001536011695862,49904460369,yahoo
USDT,2023-03-22,1.001497983932495,1.002835988998413,0.9996399879455566,1.001878976821899,50711682141,yahoo
USDT,2023-03-23,1.001917004585266,1.003147006034851,0.99993497133255,1.000959992408752,39641340671,yahoo
USDT,2023-03-24,1.001180052757263,1.001718997955322,1.000026941299438,1.001258969306946,40600299923,yahoo
USDT,2023-03-25,1.001147985458374,1.001665949821472,1.000251054763794,1.000848054885864,22544554979,yahoo
USDT,2023-03-26,1.000903964042664,1.001196980476379,1.000107049942017,1.000892996788025,21431041962,yahoo
USDT,2023-03-27,1.000723958015442,1.001065015792847,0.9997339844703674,1.000233054161072,29216004744,yahoo
USDT,2023-03-28,1.000046968460083,1.000592947006226,0.9996050000190735,1.000306963920593,27305773765,yahoo
USDT,2023-03-29,1.000180006027222,1.000694036483765,0.9991160035133362,0.9999889731407166,32050016572,yahoo
USDT,2023-03-30,1.000087976455688,1.000695943832397,0.9994580149650574,1.00009298324585,34935146979,yahoo
USDT,2023-03-31,1.00006103515625,1.000638008117676,0.9996330142021179,1.000123977661133,29809423853,yahoo
USDT,2023-04-01,1.000077962875366,1.000684976577759,0.9997190237045288,1.000301003456116,19879792202,yahoo
USDT,2023-04-02,1.000208020210266,1.000638008117676,0.9997299909591675,1.000236988067627,21255417929,yahoo
USDT,2023-04-03,1.000359058380127,1.000823020935059,0.9996259808540344,1.00018298625946,33940605510,yahoo
USDT,2023-04-04,0.9999629855155945,1.000781059265137,0.9991959929466248,1.000213980674744,28651211704,yahoo
USDT,2023-04-05,1.000169992446899,1.000530004501343,0.9995570182800293,1.0001300573349,29374587800,yahoo
USDT,2023-04-06,1.000164985656738,1.000749945640564,0.9996179938316345,1.000553965568542,23758252949,yahoo
USDT,2023-04-07,1.000357985496521,1.000998973846436,0.9995719790458679,1.000633001327515,19099660090,yahoo
USDT,2023-04-08,1.000483989715576,1.000964999198914,0.9999809861183167,1.000424027442932,18174194744,yahoo
USDT,2023-04-09,1.000455021858215,1.000967025756836,0.9998729825019836,1.000458002090454,19753710646,yahoo
USDT,2023-04-10,1.000517010688782,1.001129984855652,0.9998930096626282,1.000437021255493,27938130200,yahoo
USDT,2023-04-11,1.000493049621582,1.001127004623413,0.9999520182609558,1.001029968261719,30207674345,yahoo
USDT,2023-04-12,1.000959992408752,1.001530051231384,1.000028967857361,1.000720977783203,30471411545,yahoo
USDT,2023-04-13,1.000237941741943,1.001467943191528,1.000234961509705,1.000977039337158,30853738919,yahoo
USDT,2023-04-14,1.001059055328369,1.001335978507996,0.99993497133255,1.000722050666809,43263085148,yahoo
USDT,2023-04-15,1.000795006752014,1.001289963722229,1.00029194355011,1.000779986381531,23715727388,yahoo
USDT,2023-04-16,1.000697016716003,1.001188039779663,0.9997410178184509,1.00053596496582,24405645675,yahoo
USDT,2023-04-17,1.000409960746765,1.001024007797241,0.9999139904975891,1.000530004501343,32406207872,yahoo
USDT,2023-04-18,1.000640034675598,1.000874996185303,0.9998819828033447,1.000408053398132,32344221199,yahoo
USDT,2023-04-19,1.000439047813416,1.000993013381958,0.9999420046806335,1.000558972358704,42801912254,yahoo
USDT,2023-04-20,1.000327944755554,1.000990033149719,0.9996539950370789,1.000221014022827,36282233270,yahoo
USDT,2023-04-21,1.00024402141571,1.000625014305115,0.999468982219696,1.000141978263855,34553496031,yahoo
USDT,2023-04-22,1.000139951705933,1.000867962837219,0.9995869994163513,1.000185012817383,20337083601,yahoo
USDT,2023-04-23,1.000138998031616,1.000771999359131,0.9996979832649231,1.000023007392883,19881820238,yahoo
USDT,2023-04-24,1.000026941299438,1.000800013542175,0.9996680021286011,1.000120997428894,25519663344,yahoo
USDT,2023-04-25,1.000105977058411,1.000486969947815,0.9996910095214844,1.000159025192261,25931247322,yahoo
USDT,2023-04-26,1.000079035758972,1.000895977020264,0.999584972858429,1.000282049179077,43664074716,yahoo
USDT,2023-04-27,1.000450968742371,1.000767946243286,0.9994580149650574,0.9999650120735168,35809974908,yahoo
USDT,2023-04-28,1.000233054161072,1.000967025756836,0.999875009059906,1.000695943832397,27117912216,yahoo
USDT,2023-04-29,1.000761032104492,1.000941038131714,1.000242948532104,1.000601053237915,16553983401,yahoo
USDT,2023-04-30,1.000452041625977,1.000900983810425,1.000148057937622,1.00043797492981,21489188232,yahoo
USDT,2023-05-01,1.000555038452148,1.000988006591797,0.9996770024299622,1.00032901763916,29128129876,yahoo
USDT,2023-05-02,1.000424027442932,1.000970005989075,0.9997119903564453,1.000434041023254,24895722187,yahoo
USDT,2023-05-03,1.000445008277893,1.000789046287537,0.9999399781227112,1.000270962715149,29787863486,yahoo
USDT,2023-05-04,1.000218987464905,1.000800013542175,1.000049948692322,1.000450968742371,22536823772,yahoo
USDT,2023-05-05,1.000404953956604,1.001291036605835,1.000082015991211,1.001018047332764,29375040253,yahoo
USDT,2023-05-06,1.001016020774841,1.002117991447449,1.000686049461365,1.001834034919739,27117468583,yahoo
USDT,2023-05-07,1.001809000968933,1.002081036567688,1.000964999198914,1.001541018486023,18725657881,yahoo
USDT,2023-05-08,1.001569986343384,1.001904964447021,1.000447988510132,1.00092601776123,32860419478,yahoo
USDT,2023-05-09,1.00093400478363,1.00108802318573,1.000079989433289,1.000723958015442,22126554663,yahoo
USDT,2023-05-10,1.000718951225281,1.001384973526001,0.9997609853744507,1.000833988189697,31704546238,yahoo
USDT,2023-05-11,1.000810027122498,1.001142024993896,1.000108957290649,1.000723004341125,26131663102,yahoo
USDT,2023-05-12,1.000486016273499,1.000923037528992,0.9999560117721558,1.000581026077271,28824954947,yahoo
USDT,2023-05-13,1.000512003898621,1.001032948493958,1.000241041183472,1.000558972358704,15655448449,yahoo
USDT,2023-05-14,1.000596046447754,1.000802040100098,1.000110030174255,1.000512957572937,14874679168,yahoo
USDT,2023-05-15,1.000455021858215,1.000836968421936,0.99993497133255,1.000262022018433,21594744662,yahoo
USDT,2023-05-16,1.00036895275116,1.00072705745697,0.9998160004615784,1.000115990638733,19841483059,yahoo
USDT,2023-05-17,1.00007700920105,1.000741958618164,0.9995980262756348,1.000092029571533,24293380413,yahoo
USDT,2023-05-18,1.000051975250244,1.000484943389893,0.9995800256729126,1.00007700920105,22493741162,yahoo
USDT,2023-05-19,1.000017046928406,1.000756978988647,0.9994959831237793,1.000247955322266,17414028938,yahoo
USDT,2023-05-20,1.000249981880188,1.000578045845032,1.0000159740448,1.000398993492126,11851408172,yahoo
USDT,2023-05-21,1.000476002693176,1.000705003738403,1.000090003013611,1.00018298625946,13532622119,yahoo
USDT,2023-05-22,1.000141978263855,1.000833988189697,0.9998549818992615,1.000200986862183,17216429735,yahoo
USDT,2023-05-23,1.000244975090027,1.000627994537354,0.9997029900550842,1.000103950500488,21420969303,yahoo
USDT,2023-05-24,1.00006103515625,1.000448942184448,0.9995949864387512,1.000038981437683,25306791660,yahoo
USDT,2023-05-25,0.9999499917030334,1.000373959541321,0.9994800090789795,1.000046014785767,20956153601,yahoo
USDT,2023-05-26,0.9999979734420776,1.000975966453552,0.9997640252113342,1.000344038009644,19111705070,yahoo
USDT,2023-05-27,1.000383019447327,1.000903964042664,1.000041007995605,1.000504016876221,12433601962,yahoo
USDT,2023-05-28,1.000553011894226,1.000825047492981,0.9998970031738281,1.000172972679138,21242373192,yahoo
USDT,2023-05-29,1.00035297870636,1.000630021095276,0.9997940063476562,1.00024402141571,22313821215,yahoo
USDT,2023-05-30,1.000267028808594,1.000870943069458,0.9999020099639893,1.000152945518494,21495789250,yahoo
USDT,2023-05-31,1.000203013420105,1.000877976417542,0.9997140169143677,1.000334024429321,23174506660,yahoo
USDT,2023-06-01,1.000213980674744,1.000635027885437,0.9994320273399353,1.000334024429321,20725195153,yahoo
USDT,2023-06-02,1.000367045402527,1.000625967979431,0.9997490048408508,1.000383019447327,20867435500,yahoo
USDT,2023-06-03,1.000391960144043,1.000622034072876,1.000025033950806,1.000159025192261,13418796255,yahoo
USDT,2023-06-04,1.00018298625946,1.000630974769592,0.9998999834060669,1.000151038169861,14904403851,yahoo
USDT,2023-06-05,1.000203013420105,1.000627994537354,0.999396026134491,1.000306010246277,33807354175,yahoo
USDT,2023-06-06,1.00035297870636,1.00067400932312,0.9994649887084961,1.000174045562744,30910972861,yahoo
USDT,2023-06-07,1.000169992446899,1.000681042671204,0.9997810125350952,1.000066041946411,28078183756,yahoo
USDT,2023-06-08,1.000156998634338,1.000620007514954,0.9996619820594788,1.000311017036438,18183759822,yahoo
USDT,2023-06-09,1.000203013420105,1.000625014305115,0.9996140003204346,0.9999489784240723,18180149900,yahoo
USDT,2023-06-10,1.000012040138245,1.001111030578613,0.9997209906578064,1.000439047813416,39594900162,yahoo
USDT,2023-06-11,1.000481009483337,1.000951051712036,1.000077962875366,1.000314950942993,17537918491,yahoo
USDT,2023-06-12,1.000185012817383,1.001113057136536,0.9994829893112183,1.000054955482483,21083018568,yahoo
USDT,2023-06-13,0.9999729990959167,1.000499963760376,0.9994469881057739,0.999862015247345,23706670402,yahoo
USDT,2023-06-14,0.9998149871826172,1.000723004341125,0.9989830255508423,0.9998369812965393,23021035089,yahoo
USDT,2023-06-15,0.9998120069503784,1.000116944313049,0.995760977268219,0.9991829991340637,26724033220,yahoo
USDT,2023-06-16,0.9991419911384583,0.999629020690918,0.9984319806098938,0.9993299841880798,22643402807,yahoo
USDT,2023-06-17,0.9993559718132019,1.000118017196655,0.999002993106842,0.9997040033340454,16785486745,yahoo
USDT,2023-06-18,0.9997109770774841,1.000442028045654,0.999442994594574,0.9998080134391785,14276388752,yahoo
USDT,2023-06-19,0.9997490048408508,1.000285029411316,0.9992240071296692,0.999862015247345,17980147544,yahoo
USDT,2023-06-20,0.9997770190238953,1.000964045524597,0.9993219971656799,1.000385046005249,27490561659,yahoo
USDT,2023-06-21,1.000280976295471,1.000841975212097,0.9992799758911133,1.00005304813385,41597850081,yahoo
USDT,2023-06-22,1.000182032585144,1.000807046890259,0.9991509914398193,1.000184059143066,31071097282,yahoo
USDT,2023-06-23,1.000224947929382,1.001391053199768,0.9999110102653503,1.000566005706787,31145738921,yahoo
USDT,2023-06-24,1.000607013702393,1.001013040542603,1.00018298625946,1.000520944595337,20749225264,yahoo
USDT,2023-06-25,1.00046694278717,1.000933051109314,0.9999499917030334,1.000465035438538,21373038596,yahoo
USDT,2023-06-26,1.000563025474548,1.00083601474762,0.999629020690918,1.000211954116821,26117984793,yahoo
USDT,2023-06-27,1.000218987464905,1.000604033470154,0.9995999932289124,1.000195026397705,23449790413,yahoo
USDT,2023-06-28,1.000095009803772,1.000695943832397,0.9995309710502625,1.000025033950806,23894930229,yahoo
USDT,2023-06-29,1.000080943107605,1.000545024871826,0.9996479749679565,0.9998300075531006,21010132360,yahoo
USDT,2023-06-30,0.999701976776123,1.000638008117676,0.9991999864578247,1.000080943107605,43642431673,yahoo
USDT,2023-07-01,0.9998189806938171,1.000728011131287,0.9995080232620239,1.000128984451294,19795362801,yahoo
USDT,2023-07-02,1.000108003616333,1.000833034515381,0.9997159838676453,1.00008499622345,20337659643,yahoo
USDT,2023-07-03,1.000048995018005,1.000816941261292,0.9997069835662842,0.9999979734420776,26282530169,yahoo
USDT,2023-07-04,0.9999449849128723,1.000882029533386,0.999796986579895,1.000301003456116,20970952942,yahoo
USDT,2023-07-05,1.000391006469727,1.000682950019836,0.9995830059051514,1.000094056129456,21584664810,yahoo
USDT,2023-07-06,1.000008940696716,1.000718951225281,0.999530017375946,1.000205993652344,30430114230,yahoo
USDT,2023-07-07,1.000038981437683,1.000730037689209,0.9996359944343567,0.9999589920043945,21072109064,yahoo
USDT,2023-07-08,1.000128984451294,1.000745058059692,0.9998700022697449,1.000187039375305,13426621991,yahoo
USDT,2023-07-09,1.000210046768188,1.000916957855225,0.9998900294303894,1.000203967094421,13296750364,yahoo
USDT,2023-07-10,1.000226020812988,1.000776052474976,0.9996309876441956,1.000056028366089,23313495695,yahoo
USDT,2023-07-11,1.000118970870972,1.000800967216492,0.9997739791870117,1.000072956085205,18221606248,yahoo
USDT,2023-07-12,1.000102996826172,1.000939011573792,0.9996619820594788,0.9999340176582336,20685690690,yahoo
USDT,2023-07-13,1.00006902217865,1.001253962516785,0.9997090101242065,1.000373005867004,41556380527,yahoo
USDT,2023-07-14,1.000553965568542,1.001420974731445,0.9998679757118225,1.000725030899048,39502042324,yahoo
USDT,2023-07-15,1.000717997550964,1.001204013824463,1.000018000602722,1.000365018844604,18925797737,yahoo
USDT,2023-07-16,1.000296950340271,1.000947952270508,1.000010013580322,1.000607013702393,17514358400,yahoo
USDT,2023-07-17,1.000612020492554,1.000972032546997,0.9997829794883728,1.000219941139221,24482827973,yahoo
USDT,2023-07-18,1.000272035598755,1.000723004341125,0.9995620250701904,1.000157952308655,22117323145,yahoo
USDT,2023-07-19,1.000133991241455,1.000851988792419,0.9996470212936401,1.000229954719543,21629091201,yahoo
USDT,2023-07-20,1.000172972679138,1.000851988792419,0.9996160268783569,1.000079035758972,25849427845,yahoo
USDT,2023-07-21,1.000069975852966,1.000607967376709,0.9995440244674683,1.000216007232666,21736934537,yahoo
USDT,2023-07-22,1.000169038772583,1.001013040542603,0.9998490214347839,0.9998610019683838,15361411060,yahoo
USDT,2023-07-23,1.000115036964417,1.001127004623413,0.9997689723968506,0.9998970031738281,15719491555,yahoo
USDT,2023-07-24,0.9999880194664001,1.000591993331909,0.9991210103034973,1.000010967254639,24790908035,yahoo
USDT,2023-07-25,1.0000159740448,1.000704050064087,0.999517023563385,0.9998289942741394,18046684131,yahoo
USDT,2023-07-26,0.9998990297317505,1.000779986381531,0.999550998210907,1.00010097026825,22065183057,yahoo
USDT,2023-07-27,1.000056028366089,1.000602960586548,0.9993789792060852,0.9995899796485901,17964435031,yahoo
USDT,2023-07-28,0.9996749758720398,1.000478029251099,0.9994210004806519,1.000105977058411,17371797760,yahoo
USDT,2023-07-29,1.000108957290649,1.000581026077271,0.9997280240058899,1.000054001808167,11962846967,yahoo
USDT,2023-07-30,1.000079035758972,1.000620007514954,0.9997940063476562,0.9998930096626282,15914742870,yahoo
USDT,2023-07-31,0.9999240040779114,1.000504016876221,0.9994879961013794,0.9999110102653503,18354638255,yahoo
USDT,2023-08-01,0.9999150037765503,1.000494956970215,0.9989889860153198,0.9995219707489014,27115449240,yahoo
USDT,2023-08-02,0.9995440244674683,1.000287055969238,0.9988960027694702,0.9993259906768799,26312546015,yahoo
USDT,2023-08-03,0.999284029006958,0.9998199939727783,0.9986420273780823,0.9994480013847351,20365437032,yahoo
USDT,2023-08-04,0.9993559718132019,0.9996669888496399,0.9983959794044495,0.9986019730567932,20189124066,yahoo
USDT,2023-08-05,0.9986310005187988,0.9992290139198303,0.9982950091362,0.9989830255508423,14278737533,yahoo
USDT,2023-08-06,0.9990180134773254,0.9992719888687134,0.998196005821228,0.9983819723129272,14800094198,yahoo
USDT,2023-08-07,0.9982950091362,0.9994459748268127,0.9977959990501404,0.9988179802894592,23981817200,yahoo
USDT,2023-08-08,0.9988409876823425,1.000623941421509,0.9984819889068604,0.9997180104255676,25874561718,yahoo
USDT,2023-08-09,0.9997239708900452,1.000264048576355,0.9989150166511536,0.9994249939918518,22920990916,yahoo
USDT,2023-08-10,0.9993690252304077,0.9998329877853394,0.9986510276794434,0.9990119934082031,18525528096,yahoo
USDT,2023-08-11,0.9989399909973145,0.9995909929275513,0.9983559846878052,0.9989690184593201,16439483171,yahoo
USDT,2023-08-12,0.998986005783081,0.9998959898948669,0.998986005783081,0.9994530081748962,11930000390,yahoo
USDT,2023-08-13,0.9994680285453796,0.9998999834060669,0.9991070032119751,0.9992499947547913,14122729675,yahoo
USDT,2023-08-14,0.9992660284042358,0.9998760223388672,0.9984310269355774,0.9991840124130249,20154696560,yahoo
USDT,2023-08-15,0.9991679787635803,0.9994639754295349,0.9983929991722107,0.9989650249481201,21720437145,yahoo
USDT,2023-08-16,0.9989169836044312,0.9994069933891296,0.9986050128936768,0.9988560080528259,24501625172,yahoo
USDT,2023-08-17,0.9988430142402649,1.00069797039032,0.9983569979667664,1.000385999679565,46202367641,yahoo
USDT,2023-08-18,1.000285029411316,1.00066602230072,0.9990010261535645,0.9998300075531006,34300507987,yahoo
USDT,2023-08-19,0.9997169971466064,1.000445961952209,0.9994649887084961,0.9998599886894226,17888080535,yahoo
USDT,2023-08-20,0.9998990297317505,1.000329971313477,0.9996560215950012,0.9999949932098389,15722340351,yahoo
USDT,2023-08-21,0.9999420046806335,1.000362992286682,0.9993579983711243,0.9998350143432617,21350289570,yahoo
USDT,2023-08-22,0.9997959733009338,1.00032901763916,0.9993469715118408,0.9994660019874573,24087904847,yahoo
USDT,2023-08-23,0.9996129870414734,1.00072705745697,0.9992560148239136,0.9998990297317505,25410027986,yahoo
USDT,2023-08-24,0.9998289942741394,1.000144004821777,0.9993209838867188,0.999426007270813,20070736123,yahoo
USDT,2023-08-25,0.9994840025901794,1.000159978866577,0.9992759823799133,0.9994940161705017,19999153582,yahoo
USDT,2023-08-26,0.9994810223579407,0.9999989867210388,0.9992169737815857,0.9995390176773071,11240935990,yahoo
USDT,2023-08-27,0.9995200037956238,1.000118970870972,0.9993339776992798,0.999521017074585,12072570625,yahoo
USDT,2023-08-28,0.9995120167732239,1.000174045562744,0.9991369843482971,0.9993270039558411,18160207139,yahoo
USDT,2023-08-29,0.9993280172348022,1.001127958297729,0.9989839792251587,1.000038027763367,39257157473,yahoo
USDT,2023-08-30,1.000090956687927,1.000627040863037,0.9996190071105957,1.000128030776978,22718699935,yahoo
USDT,2023-08-31,1.000036954879761,1.00058901309967,0.9996410012245178,0.9998459815979004,27302426037,yahoo
USDT,2023-09-01,0.9998130202293396,1.000365018844604,0.9991589784622192,0.9997119903564453,25428948060,yahoo
USDT,2023-09-02,0.9997000098228455,1.000319004058838,0.9994950294494629,1.000133037567139,16557766093,yahoo
USDT,2023-09-03,1.000018000602722,1.000468969345093,0.9996989965438843,0.9999740123748779,14510340452,yahoo
USDT,2023-09-04,0.9998570084571838,1.000126957893372,0.9994419813156128,0.9996449947357178,17920742517,yahoo
USDT,2023-09-05,0.9995610117912292,0.9999520182609558,0.9991160035133362,0.9995840191841125,18323727990,yahoo
USDT,2023-09-06,0.9996680021286011,1.000197052955627,0.9991329908370972,0.9995520114898682,19715200487,yahoo
USDT,2023-09-07,0.9994819760322571,1.000156998634338,0.9991880059242249,0.9997580051422119,18242134001,yahoo
USDT,2023-09-08,0.9997599720954895,1.000285029411316,0.9993879795074463,0.9997779726982117,17906934253,yahoo
USDT,2023-09-09,0.9997230172157288,1.000321984291077,0.9994890093803406,0.9997339844703674,10128707374,yahoo
USDT,2023-09-10,0.9997190237045288,1.000237941741943,0.9995149970054626,0.9996129870414734,15171173010,yahoo
USDT,2023-09-11,0.9995719790458679,1.000455021858215,0.9994009733200073,0.9997010231018066,24658044680,yahoo
USDT,2023-09-12,0.9997220039367676,1.000520944595337,0.999439001083374,1.000036954879761,26626307087,yahoo
USDT,2023-09-13,0.9999600052833557,1.000746011734009,0.9997079968452454,1.000242948532104,20526953164,yahoo
USDT,2023-09-14,1.00027596950531,1.000763058662415,0.9998220205307007,1.00025999546051,21251601415,yahoo
USDT,2023-09-15,1.000252962112427,1.000756978988647,0.9998419880867004,1.000342965126038,19295499486,yahoo
USDT,2023-09-16,1.000110983848572,1.000913023948669,0.999987006187439,1.000298023223877,14317870597,yahoo
USDT,2023-09-17,1.000277996063232,1.000938057899475,1.000112056732178,1.00029194355011,12731066338,yahoo
USDT,2023-09-18,1.000254034996033,1.000885963439941,0.9999120235443115,1.000237941741943,23169510106,yahoo
USDT,2023-09-19,1.000139951705933,1.000893950462341,0.9999889731407166,1.000262975692749,19869924197,yahoo
USDT,2023-09-20,1.00020694732666,1.000653028488159,0.9999039769172668,1.00020694732666,20831080166,yahoo
USDT,2023-09-21,1.000185966491699,1.000638008117676,0.9996989965438843,0.9999859929084778,65289803093,yahoo
USDT,2023-09-22,0.9999189972877502,1.000553011894226,0.9996629953384399,1.000008940696716,16422421266,yahoo
USDT,2023-09-23,1.0000159740448,1.000452995300293,0.999875009059906,1.000066995620728,12105054638,yahoo
USDT,2023-09-24,1.000064969062805,1.000676035881042,0.9998859763145447,1.000134944915771,13177215723,yahoo
USDT,2023-09-25,1.000131964683533,1.000601053237915,0.9994950294494629,0.9997850060462952,18410794811,yahoo
USDT,2023-09-26,0.9997190237045288,1.000561952590942,0.9994720220565796,0.9996060132980347,17449026978,yahoo
USDT,2023-09-27,0.9995549917221069,0.9999960064888,0.9990900158882141,0.9993860125541687,21012429240,yahoo
USDT,2023-09-28,0.999455988407135,1.000820994377136,0.9989879727363586,1.000017046928406,23496469874,yahoo
USDT,2023-09-29,1.000061988830566,1.000844955444336,0.9996910095214844,1.000041961669922,33744855887,yahoo
USDT,2023-09-30,1.000066995620728,1.000596046447754,0.9998030066490173,1.000210046768188,28335840810,yahoo
USDT,2023-10-01,1.000192999839783,1.000615954399109,0.9997699856758118,0.9998940229415894,26887832164,yahoo
USDT,2023-10-02,1.000026941299438,1.001006007194519,0.9998019933700562,1.000332951545715,33775951107,yahoo
USDT,2023-10-03,1.000262975692749,1.000509023666382,0.9997419714927673,1.000092029571533,28992376862,yahoo
USDT,2023-10-04,1.000022053718567,1.000560998916626,0.999770998954773,1.000437021255493,21138935230,yahoo
USDT,2023-10-05,1.000287055969238,1.000645995140076,0.9999060034751892,1.000089049339294,18816329985,yahoo
USDT,2023-10-06,1.000036954879761,1.000638008117676,0.9998850226402283,1.000435948371887,19152176768,yahoo
USDT,2023-10-07,1.000439047813416,1.000776052474976,1.000272035598755,1.000550031661987,11006329208,yahoo
USDT,2023-10-08,1.000588059425354,1.000800013542175,1.000270962715149,1.000460028648376,12488411034,yahoo
USDT,2023-10-09,1.000455975532532,1.001181960105896,0.9998779892921448,1.000080943107605,20684218429,yahoo
USDT,2023-10-10,1.000195980072021,1.000823974609375,0.9998589754104614,1.000087976455688,17384784047,yahoo
USDT,2023-10-11,1.000064969062805,1.000661015510559,0.9995689988136292,0.9997519850730896,19945698427,yahoo
USDT,2023-10-12,0.9997490048408508,1.000566959381104,0.9994779825210571,0.9997079968452454,16234691731,yahoo
USDT,2023-10-13,0.999646008014679,1.000465989112854,0.9993810057640076,0.9999600052833557,21158055012,yahoo
USDT,2023-10-14,0.999888002872467,1.00062096118927,0.9997929930686951,1.000105977058411,9989859215,yahoo
USDT,2023-10-15,1.000025033950806,1.000548005104065,0.9998360276222229,1.000373005867004,12496424347,yahoo
USDT,2023-10-16,1.000378966331482,1.000931978225708,0.9999110102653503,1.000548005104065,47707269941,yahoo
USDT,2023-10-17,1.000579953193665,1.000839948654175,1.000156044960022,1.000404000282288,38333912794,yahoo
USDT,2023-10-18,1.000419020652771,1.000792026519775,1.000107049942017,1.000226974487305,32819081997,yahoo
USDT,2023-10-19,1.000404953956604,1.001075029373169,1.000069975852966,1.000463008880615,33070893762,yahoo
USDT,2023-10-20,1.000442028045654,1.00109601020813,1.000090956687927,1.000530958175659,40795586179,yahoo
USDT,2023-10-21,1.000491976737976,1.000676035881042,1.000102996826172,1.000355958938599,31214248865,yahoo
USDT,2023-10-22,1.000332951545715,1.000692009925842,0.9999669790267944,1.000246047973633,33182189773,yahoo
USDT,2023-10-23,1.000555038452148,1.001013994216919,0.9998220205307007,1.000399947166443,50238491833,yahoo
USDT,2023-10-24,1.000362992286682,1.000568032264709,0.9995729923248291,1.000015020370483,60389981030,yahoo
USDT,2023-10-25,0.999966025352478,1.000771999359131,0.9997389912605286,1.000414967536926,37032981246,yahoo
USDT,2023-10-26,1.000403046607971,1.000653982162476,0.9997810125350952,1.000192999839783,34400726384,yahoo
USDT,2023-10-27,1.0001620054245,1.000800013542175,0.999921977519989,1.000257015228271,26940157935,yahoo
USDT,2023-10-28,1.000316977500916,1.000748038291931,0.9995419979095459,1.000252962112427,17102158535,yahoo
USDT,2023-10-29,1.000234961509705,1.00072705745697,0.9999719858169556,1.000386953353882,17945833722,yahoo
USDT,2023-10-30,1.000234007835388,1.00087296962738,0.9998990297317505,1.000571966171265,28763511481,yahoo
USDT,2023-10-31,1.000592947006226,1.000900983810425,1.000036954879761,1.000314950942993,29335341382,yahoo
USDT,2023-11-01,1.000427961349487,1.000859975814819,0.999783992767334,1.000610947608948,39913237495,yahoo
USDT,2023-11-02,1.000558972358704,1.001160025596619,1.000004053115845,1.000213027000427,37061602828,yahoo
USDT,2023-11-03,1.000265955924988,1.001011967658997,0.9999679923057556,1.00065004825592,30750864935,yahoo
USDT,2023-11-04,1.00061297416687,1.001268982887268,1.000326037406921,1.000781059265137,20039891292,yahoo
USDT,2023-11-05,1.000849962234497,1.001541018486023,1.000460982322693,1.000723958015442,27539467535,yahoo
USDT,2023-11-06,1.000677943229675,1.001209020614624,1.000116944313049,1.000316977500916,28998480107,yahoo
USDT,2023-11-07,1.00030505657196,1.001108050346375,1.000036001205444,1.000568985939026,37131401565,yahoo
USDT,2023-11-08,1.00049901008606,1.00096595287323,0.9999099969863892,1.000355005264282,31439123893,yahoo
USDT,2023-11-09,1.000385999679565,1.000816941261292,0.9995779991149902,1.00009298324585,71681797266,yahoo
USDT,2023-11-10,1.000172972679138,1.000720977783203,0.9997429847717285,0.9999979734420776,50393389957,yahoo
USDT,2023-11-11,1.000255942344666,1.000816941261292,0.9997159838676453,0.9998329877853394,40492882175,yahoo
USDT,2023-11-12,0.99993497133255,1.000777006149292,0.9996619820594788,1.000143051147461,34090921591,yahoo
USDT,2023-11-13,1.000252962112427,1.001230955123901,0.9998760223388672,1.000373959541321,47623447835,yahoo
USDT,2023-11-14,1.000663995742798,1.00080394744873,0.9995980262756348,1.000259041786194,47902433059,yahoo
USDT,2023-11-15,1.000249981880188,1.000931978225708,1.000022053718567,1.000769972801208,49894898098,yahoo
USDT,2023-11-16,1.000605940818787,1.000792980194092,0.9997529983520508,1.000038981437683,52458412049,yahoo
USDT,2023-11-17,1.000182032585144,1.000617027282715,0.9998649954795837,1.000578045845032,45809290050,yahoo
USDT,2023-11-18,1.000437021255493,1.000836968421936,1.000161051750183,1.000597953796387,30549410765,yahoo
USDT,2023-11-19,1.000597953796387,1.000810980796814,1.00019097328186,1.000453948974609,28609109544,yahoo
USDT,2023-11-20,1.000491976737976,1.001006960868835,1.000033974647522,1.00059700012207,40570824216,yahoo
USDT,2023-11-21,1.000517964363098,1.00086498260498,0.9997919797897339,1.000388979911804,48932459629,yahoo
USDT,2023-11-22,1.000373959541321,1.000684022903442,0.9998570084571838,1.000337958335876,43622993259,yahoo
USDT,2023-11-23,1.00036096572876,1.000476956367493,0.9999169707298279,1.000141978263855,28640324596,yahoo
USDT,2023-11-24,1.000149011611938,1.000857949256897,0.9999229907989502,1.00035297870636,40071555958,yahoo
USDT,2023-11-25,1.000264048576355,1.000816941261292,0.999925971031189,1.000478982925415,23045093192,yahoo
USDT,2023-11-26,1.000486016273499,1.000609040260315,0.9996230006217957,1.000211000442505,30299804822,yahoo
USDT,2023-11-27,1.000213980674744,1.000661015510559,0.9998350143432617,0.9999799728393555,38568585545,yahoo
USDT,2023-11-28,1.000112056732178,1.000668048858643,0.999888002872467,1.000377058982849,37720536626,yahoo
USDT,2023-11-29,1.000326037406921,1.000816941261292,0.9998890161514282,1.000219941139221,35115076722,yahoo
USDT,2023-11-30,1.000236034393311,1.00039005279541,0.9998630285263062,1.000156044960022,29247809691,yahoo
USDT,2023-12-01,1.000195980072021,1.000630021095276,0.9998310208320618,1.000185012817383,36738335582,yahoo
USDT,2023-12-02,1.00019896030426,1.000560998916626,0.999692976474762,1.000363945960999,31086578261,yahoo
USDT,2023-12-03,1.000444054603577,1.000561952590942,0.9993209838867188,1.000308990478516,32506614462,yahoo
USDT,2023-12-04,1.000306963920593,1.00102698802948,0.9990900158882141,0.9999129772186279,74534917166,yahoo
USDT,2023-12-05,0.9999740123748779,1.000748991966248,0.9993069767951965,1.000545978546143,59504264657,yahoo
USDT,2023-12-06,1.000219941139221,1.000856041908264,0.9998390078544617,1.0000319480896,57074332907,yahoo
USDT,2023-12-07,1.000010967254639,1.001062035560608,0.9999060034751892,1.000316977500916,52213979484,yahoo
USDT,2023-12-08,1.000372052192688,1.000661969184875,0.9999529719352722,1.000123977661133,48979635040,yahoo
USDT,2023-12-09,1.000131011009216,1.000939965248108,1.000048995018005,1.000517010688782,45714652119,yahoo
USDT,2023-12-10,1.000354051589966,1.000709056854248,0.999888002872467,1.000043988227844,32521476893,yahoo
USDT,2023-12-11,1.000072002410889,1.000772953033447,0.9988499879837036,0.999547004699707,73473005079,yahoo
USDT,2023-12-12,0.9995819926261902,1.00098705291748,0.9990299940109253,0.9997860193252563,50960203250,yahoo
USDT,2023-12-13,0.9997209906578064,1.000718951225281,0.9992460012435913,1.00019097328186,52038965688,yahoo
USDT,2023-12-14,1.000275015830994,1.000985980033875,0.9997860193252563,1.000154972076416,50697278985,yahoo
USDT,2023-12-15,1.000228047370911,1.001034021377563,0.999584972858429,1.000149965286255,45289072124,yahoo
USDT,2023-12-16,1.000080943107605,1.000576019287109,0.9991099834442139,0.9991819858551025,34866731284,yahoo
USDT,2023-12-17,0.9990620017051697,1.000442981719971,0.9985719919204712,0.9998769760131836,34792857542,yahoo
USDT,2023-12-18,0.9993529915809631,1.000306010246277,0.998852014541626,0.9997580051422119,47767663338,yahoo
USDT,2023-12-19,0.999770998954773,1.000601053237915,0.9992820024490356,0.9998900294303894,44657013334,yahoo
USDT,2023-12-20,0.9996989965438843,1.001116991043091,0.9994919896125793,1.000025987625122,50936892565,yahoo
USDT,2023-12-21,0.9999499917030334,1.00087296962738,0.9997149705886841,1.0001460313797,48533420642,yahoo
USDT,2023-12-22,1.000177979469299,1.001343965530396,0.9999169707298279,1.000942945480347,52902171478,yahoo
USDT,2023-12-23,1.000980019569397,1.001312971115112,1.00021505355835,1.000741004943848,36651294683,yahoo
USDT,2023-12-24,1.00052797794342,1.00127899646759,1.000223994255066,1.000880002975464,49444358257,yahoo
USDT,2023-12-25,1.000781059265137,1.001222968101501,0.9998149871826172,1.000561952590942,61756563211,yahoo
USDT,2023-12-26,1.000489950180054,1.000967025756836,0.9993249773979187,1.000234007835388,63483140133,yahoo
USDT,2023-12-27,1.000231027603149,1.001116037368774,0.9998480081558228,1.000694990158081,56078039633,yahoo
USDT,2023-12-28,1.000856041908264,1.001461982727051,1.000028967857361,1.001186013221741,59086706628,yahoo
USDT,2023-12-29,1.001083016395569,1.001484036445618,0.999800980091095,1.000448942184448,52443392742,yahoo
USDT,2023-12-30,1.000509977340698,1.00099503993988,0.999754011631012,1.000380992889404,31559955137,yahoo
USDT,2023-12-31,1.000203967094421,1.001256942749023,0.9993429780006409,0.9997299909591675,33159237822,yahoo
