date,coin,rolling_volume_30d,threshold_distance,threshold_down,threshold_up,next_day_low,next_day_high,next_day_close,depeg_dynamic
2022-01-30,BUSD,442333496122.0,0.0013124518841264804,0.9986875481158736,1.0013124518841265,0.998196005821228,1.002056956291199,1.000100016593933,1
2022-01-31,BUSD,443149177321.0,0.0013116461360218148,0.9986883538639781,1.0013116461360219,0.9980289936065674,1.00152599811554,1.00088095664978,1
2022-02-01,BUSD,443804380609.0,0.0013110003423916997,0.9986889996576083,1.0013110003423917,0.9982110261917114,1.001566052436829,0.9986940026283264,1
2022-02-02,BUSD,443806697122.0,0.0013109980614026719,0.9986890019385973,1.0013109980614028,0.9985470175743104,1.001911997795105,1.001276969909668,1
2022-02-03,BUSD,443544465199.0,0.0013112563728318169,0.9986887436271682,1.001311256372832,0.998441994190216,1.00151801109314,0.999692976474762,1
2022-02-04,BUSD,442943307768.0,0.0013118493118952467,0.9986881506881048,1.0013118493118953,0.99823397397995,1.00140905380249,0.9988399744033812,1
2022-02-05,BUSD,441898718966.0,0.0013128821765838825,0.9986871178234161,1.001312882176584,0.9984400272369384,1.001382946968079,0.9998980164527892,1
2022-02-06,BUSD,439531517577.0,0.0013152349041704494,0.9986847650958296,1.0013152349041705,0.9981139898300172,1.00151801109314,0.9992759823799132,1
2022-02-07,BUSD,440363413261.0,0.0013144061735399567,0.99868559382646,1.00131440617354,0.9976760149002076,1.000857949256897,1.000583052635193,1
2022-02-08,BUSD,442202628002.0,0.0013125813430056343,0.9986874186569944,1.0013125813430057,0.9983149766921996,1.001410007476807,1.000342011451721,1
2022-02-09,BUSD,441242021968.0,0.001313533171107162,0.9986864668288928,1.0013135331711072,0.997987985610962,1.001073002815247,0.9989380240440368,1
2022-02-10,BUSD,443748585393.0,0.0013110552867784833,0.9986889447132216,1.0013110552867786,0.9984099864959716,1.001374006271362,0.998951017856598,1
2022-02-11,BUSD,444873491750.0,0.00130994931000522,0.9986900506899948,1.0013099493100053,0.9983999729156494,1.001714944839478,0.9996200203895568,1
2022-02-12,BUSD,444232959094.0,0.0013105786062171012,0.9986894213937829,1.001310578606217,0.9982550144195556,1.001821994781494,0.998665988445282,1
2022-02-13,BUSD,443432258048.0,0.0013113669646457572,0.9986886330353543,1.0013113669646458,0.9979469776153564,1.002238035202026,0.9986979961395264,1
2022-02-14,BUSD,444443602627.0,0.0013103715244251772,0.9986896284755749,1.0013103715244251,0.9983999729156494,1.001178979873657,1.000447988510132,1
2022-02-15,BUSD,446150664857.0,0.0013086981399851089,0.9986913018600149,1.001308698139985,0.9981290102005004,1.001163005828857,0.999200999736786,1
2022-02-16,BUSD,446921238542.0,0.0013079455625732512,0.9986920544374267,1.0013079455625733,0.9981099963188172,1.001320958137512,1.000607967376709,1
2022-02-17,BUSD,447649264103.0,0.0013072361273433778,0.9986927638726566,1.0013072361273434,0.998445987701416,1.002591013908386,0.9990609884262084,1
2022-02-18,BUSD,448036750446.0,0.0013068591625499677,0.99869314083745,1.00130685916255,0.9983279705047609,1.001495957374573,0.9997900128364564,1
2022-02-19,BUSD,135488413460.0,0.001946999982261946,0.998053000017738,1.0019469999822619,0.9979860186576844,1.001387000083923,0.9988530278205872,1
2022-02-20,BUSD,132353618372.0,0.0019622517589552627,0.9980377482410447,1.0019622517589553,0.9981849789619446,1.001355051994324,0.998494029045105,0
2022-02-21,BUSD,130834774843.0,0.001969815737661653,0.9980301842623384,1.0019698157376618,0.9977350234985352,1.001381039619446,1.000728011131287,1
2022-02-22,BUSD,131167052140.0,0.001968150994098662,0.9980318490059014,1.0019681509940987,0.9980959892272948,1.001642942428589,0.999737024307251,0
2022-02-23,BUSD,129019477077.0,0.0019790111490994686,0.9980209888509005,1.0019790111490994,0.9979270100593568,1.001582026481628,0.9997779726982116,1
2022-02-24,BUSD,133458998341.0,0.0019568192543511892,0.9980431807456488,1.001956819254351,0.998332977294922,1.001335978507996,1.000579953193665,0
2022-02-25,BUSD,133520033632.0,0.001956521038837771,0.9980434789611622,1.0019565210388377,0.9982230067253112,1.001263976097107,1.00042200088501,0
2022-02-26,BUSD,132901603965.0,0.0019595510968504447,0.9980404489031496,1.0019595510968504,0.99794602394104,1.001729965209961,0.999222993850708,1
2022-02-27,BUSD,132921666839.0,0.001959452501926453,0.9980405474980736,1.0019594525019264,0.9981200098991394,1.00150203704834,1.00068998336792,0
2022-02-28,BUSD,135971703400.0,0.0019446904758832313,0.9980553095241168,1.0019446904758833,0.9981650114059448,1.001508951187134,1.000331044197083,0
2022-03-01,BUSD,140603770876.0,0.0019230962038524404,0.9980769037961476,1.0019230962038523,0.9980999827384948,1.001405000686646,0.9990890026092528,0
2022-03-02,BUSD,143050087870.0,0.0019120707461614563,0.9980879292538385,1.0019120707461615,0.9984269738197328,1.001968026161194,1.000725030899048,1
2022-03-03,BUSD,144904740398.0,0.0019038780883212894,0.9980961219116787,1.0019038780883214,0.9980499744415284,1.001600027084351,1.000314950942993,1
2022-03-04,BUSD,146537087276.0,0.0018967822711919236,0.9981032177288081,1.001896782271192,0.998320996761322,1.001477003097534,0.999776005744934,0
2022-03-05,BUSD,146169722814.0,0.0018983699858945698,0.9981016300141055,1.0018983699858945,0.998749017715454,1.001937985420227,1.000681042671204,1
2022-03-06,BUSD,145160247165.0,0.001902760382342645,0.9980972396176574,1.0019027603823427,0.9981690049171448,1.00193202495575,0.9992910027503968,1
2022-03-07,BUSD,146150308663.0,0.0018984540400214611,0.9981015459599786,1.0018984540400215,0.9985870122909546,1.001773953437805,1.000157952308655,0
2022-03-08,BUSD,147534001085.0,0.001892500312229752,0.9981074996877702,1.0018925003122297,0.9982529878616332,1.001765966415405,1.000156998634338,0
2022-03-09,BUSD,148818871952.0,0.0018870380786801767,0.9981129619213198,1.0018870380786802,0.9980800151824952,1.001778960227966,0.9991689920425416,1
2022-03-10,BUSD,149259505016.0,0.0018851793228222852,0.9981148206771777,1.0018851793228223,0.998420000076294,1.001595020294189,0.999364972114563,0
2022-03-11,BUSD,150841488190.0,0.00187856573770984,0.9981214342622902,1.0018785657377098,0.9986140131950378,1.001773953437805,0.9990230202674866,0
2022-03-12,BUSD,147713596397.0,0.0018917330120102594,0.9981082669879897,1.0018917330120103,0.9983620047569276,1.001698017120361,1.000319004058838,0
2022-03-13,BUSD,145998282717.0,0.0018991127558804456,0.9981008872441196,1.0018991127558805,0.9983299970626832,1.001482009887695,1.000959038734436,0
2022-03-14,BUSD,146599244323.0,0.0018965141591882433,0.9981034858408118,1.0018965141591882,0.9981380105018616,1.001633048057556,0.9990950226783752,0
2022-03-15,BUSD,147959865276.0,0.001890682876604126,0.9981093171233959,1.001890682876604,0.9981499910354614,1.001309037208557,0.9994720220565796,0
2022-03-16,BUSD,150407126675.0,0.001880372372913808,0.9981196276270862,1.0018803723729137,0.9982609748840332,1.00124204158783,0.9998990297317504,0
2022-03-17,BUSD,150840807442.0,0.0018785685637089109,0.9981214314362911,1.0018785685637088,0.998511016368866,1.001466035842896,0.9991779923439026,0
2022-03-18,BUSD,152888250008.0,0.0018701450702292065,0.9981298549297708,1.0018701450702292,0.9984260201454164,1.001600027084351,1.001019954681396,0
2022-03-19,BUSD,153448180772.0,0.001867867584711823,0.9981321324152882,1.001867867584712,0.9984930157661438,1.001546025276184,0.9993799924850464,0
2022-03-20,BUSD,154293893149.0,0.001864448625195317,0.9981355513748047,1.0018644486251953,0.998054027557373,1.001577019691467,1.000923037528992,1
2022-03-21,BUSD,157211325687.0,0.0018528434363404079,0.9981471565636596,1.0018528434363405,0.9984210133552552,1.001873970031738,1.000331044197083,1
2022-03-22,BUSD,159487211325.0,0.0018439878077269288,0.9981560121922731,1.001843987807727,0.9985769987106324,1.001755952835083,1.000686049461365,0
2022-03-23,BUSD,159957983345.0,0.001842177017846376,0.9981578229821536,1.0018421770178463,0.9983819723129272,1.001937985420227,0.9989759922027588,1
2022-03-24,BUSD,161617213895.0,0.0018358511311273415,0.9981641488688726,1.0018358511311274,0.998108983039856,1.001703023910522,1.000900030136108,1
2022-03-25,BUSD,161637208735.0,0.001835775428542892,0.9981642245714571,1.001835775428543,0.998203992843628,1.001796960830688,1.001355051994324,0
2022-03-26,BUSD,155591374139.0,0.0018592515884790198,0.998140748411521,1.001859251588479,0.9980459809303284,1.001816034317017,1.000911951065063,1
2022-03-27,BUSD,153861866152.0,0.001866192049180793,0.9981338079508192,1.0018661920491807,0.9978520274162292,1.001817941665649,0.9998729825019836,1
2022-03-28,BUSD,155912175345.0,0.0018579755288440373,0.998142024471156,1.0018579755288441,0.997704029083252,1.002625942230225,0.9986230134963988,1
2022-03-29,BUSD,157031715477.0,0.0018535495841368419,0.9981464504158631,1.0018535495841367,0.9980390071868896,1.001894950866699,0.9991999864578248,1
2022-03-30,BUSD,156704919576.0,0.0018548371672494142,0.9981451628327506,1.0018548371672493,0.9981799721717834,1.002153038978577,1.001186013221741,1
2022-03-31,BUSD,156247030992.0,0.001856647293307688,0.9981433527066923,1.0018566472933077,0.9983850121498108,1.002042055130005,0.9993889927864076,1
2022-04-01,BUSD,157445978895.0,0.001851922502843226,0.9981480774971567,1.0018519225028433,0.9984250068664552,1.001968026161194,0.9994869828224182,1
2022-04-02,BUSD,158038067411.0,0.0018496068703557115,0.9981503931296443,1.0018496068703557,0.9980720281600952,1.002120018005371,0.9995030164718628,1
2022-04-03,BUSD,157773814577.0,0.001850638920019043,0.998149361079981,1.001850638920019,0.9980419874191284,1.00193202495575,1.001150012016296,1
2022-04-04,BUSD,160435993447.0,0.0018403456432250275,0.998159654356775,1.001840345643225,0.998341977596283,1.001845955848694,0.9993510246276855,1
2022-04-05,BUSD,162321228587.0,0.0018331931521646514,0.9981668068478353,1.0018331931521647,0.998317003250122,1.001911997795105,0.9991689920425416,1
2022-04-06,BUSD,163582829127.0,0.0018284682702760019,0.998171531729724,1.001828468270276,0.9982600212097168,1.002181053161621,0.9999889731407166,1
2022-04-07,BUSD,163538110057.0,0.001828634918381546,0.9981713650816184,1.0018286349183816,0.9979429841041564,1.002416014671326,0.999450981616974,1
2022-04-08,BUSD,161781549841.0,0.001835229307968023,0.998164770692032,1.001835229307968,0.9979429841041564,1.001850962638855,0.9988020062446594,1
2022-04-09,BUSD,159121850542.0,0.0018453980599722347,0.9981546019400278,1.0018453980599722,0.9978709816932678,1.001875996589661,1.000741004943848,1
2022-04-10,BUSD,156860498655.0,0.0018542237361673613,0.9981457762638326,1.0018542237361674,0.9977989792823792,1.002177000045776,1.001371026039124,1
2022-04-11,BUSD,158139551571.0,0.0018492111313503565,0.9981507888686496,1.0018492111313504,0.9982190132141112,1.002117037773132,1.001381039619446,1
2022-04-12,BUSD,158983403383.0,0.0018459335791656908,0.9981540664208343,1.0018459335791656,0.9983109831809998,1.001871943473816,1.000677943229675,1
2022-04-13,BUSD,160367538927.0,0.00184060746274589,0.9981593925372542,1.001840607462746,0.9982560276985168,1.002104997634888,0.999119997024536,1
2022-04-14,BUSD,159148909978.0,0.0018452934655579468,0.998154706534442,1.001845293465558,0.998134970664978,1.001889944076538,0.99898099899292,1
2022-04-15,BUSD,155466888770.0,0.0018597477024188739,0.9981402522975811,1.001859747702419,0.998049020767212,1.001780986785889,0.9994620084762572,1
2022-04-16,BUSD,152273579844.0,0.001872658045253567,0.9981273419547464,1.0018726580452535,0.9980859756469728,1.002078056335449,0.9987919926643372,1
2022-04-17,BUSD,148130003442.0,0.0018899587366708688,0.9981100412633291,1.001889958736671,0.9978839755058287,1.001921057701111,1.000702977180481,1
2022-04-18,BUSD,147729141757.0,0.0018916666547523807,0.9981083333452476,1.0018916666547524,0.998308002948761,1.001670956611633,1.00042998790741,0
2022-04-19,BUSD,146920925105.0,0.0018951290196488,0.9981048709803512,1.0018951290196487,0.9983069896697998,1.001602053642273,1.000753998756409,0
2022-04-20,BUSD,145802101797.0,0.0018999641444104366,0.9981000358555896,1.0018999641444104,0.998341977596283,1.002007961273193,1.000499963760376,1
2022-04-21,BUSD,144705389357.0,0.0019047519694409781,0.998095248030559,1.001904751969441,0.9981930255889891,1.001626014709473,0.9992579817771912,0
2022-04-22,BUSD,143253458289.0,0.0019111654910197648,0.9980888345089802,1.0019111654910198,0.9985250234603882,1.00179398059845,0.9986680150032043,0
2022-04-23,BUSD,139146839382.0,0.001929784814594461,0.9980702151854055,1.0019297848145945,0.9980549812316896,1.001543998718262,1.000396966934204,1
2022-04-24,BUSD,136958639741.0,0.0019400080052389328,0.998059991994761,1.001940008005239,0.9979180097579956,1.001788973808289,0.9994339942932128,1
2022-04-25,BUSD,138941780224.0,0.0019307337145143056,0.9980692662854856,1.0019307337145142,0.9979119896888732,1.002150058746338,0.9990190267562866,1
2022-04-26,BUSD,139983809286.0,0.0019259310317461997,0.9980740689682538,1.001925931031746,0.998121976852417,1.001939058303833,0.9998469948768616,1
2022-04-27,BUSD,137997719307.0,0.0019351265152595185,0.9980648734847405,1.0019351265152596,0.998130977153778,1.001850962638855,1.001250982284546,0
2022-04-28,BUSD,137333954407.0,0.0019382391352211722,0.9980617608647788,1.0019382391352212,0.9981639981269836,1.002189993858337,0.9988729953765868,1
2022-04-29,BUSD,136934846749.0,0.0019401203601845808,0.9980598796398155,1.0019401203601845,0.998192012310028,1.001840949058533,0.9993810057640076,0
2022-04-30,BUSD,134186435838.0,0.0019532768105594168,0.9980467231894405,1.0019532768105595,0.9982240200042723,1.00230598449707,1.001157999038696,1
2022-05-01,BUSD,131039540015.0,0.0019687891774465356,0.9980312108225534,1.0019687891774465,0.9980739951133728,1.002215027809143,0.9997860193252563,1
2022-05-02,BUSD,129235429482.0,0.0019779082253206354,0.9980220917746794,1.0019779082253206,0.998324990272522,1.001888990402222,0.9987549781799316,0
2022-05-03,BUSD,127810082203.0,0.0019852336530513,0.9980147663469487,1.0019852336530513,0.998583972454071,1.002328038215637,0.9994680285453796,1
2022-05-04,BUSD,126601514348.0,0.001991530826501355,0.9980084691734986,1.0019915308265013,0.9980430006980896,1.002171039581299,0.9996190071105956,1
2022-05-05,BUSD,126937306963.0,0.001989773182218832,0.9980102268177812,1.001989773182219,0.9978529810905457,1.001958012580872,1.000411033630371,1
2022-05-06,BUSD,125458546636.0,0.001997560381800443,0.9980024396181996,1.0019975603818005,0.9980570077896118,1.007154941558838,0.9997249841690063,1
2022-05-07,BUSD,128544847474.0,0.0019814438761356166,0.9980185561238644,1.0019814438761356,0.9979550242424012,1.001929998397827,1.000290989875793,1
2022-05-08,BUSD,134579356106.0,0.0019513740170403206,0.9980486259829596,1.0019513740170403,0.9978200197219848,1.002361059188843,1.000854015350342,1
2022-05-09,BUSD,139763302805.0,0.0019269433554873535,0.9980730566445126,1.0019269433554874,0.9980379939079284,1.002231955528259,0.9997190237045288,1
2022-05-10,BUSD,145367444680.0,0.0019018559279240785,0.998098144072076,1.001901855927924,0.99822598695755,1.004693984985352,1.002980947494507,1
2022-05-11,BUSD,155909647467.0,0.0018579855703652144,0.9981420144296348,1.0018579855703653,1.000622987747192,1.02469003200531,1.003662943840027,1
2022-05-12,BUSD,170253849163.0,0.001804267890075698,0.9981957321099243,1.0018042678900756,0.999215006828308,1.004449963569641,1.001199960708618,1
2022-05-13,BUSD,174065096572.0,0.0017910021266745277,0.9982089978733255,1.0017910021266745,0.9991919994354248,1.003504991531372,1.000329971313477,1
2022-05-14,BUSD,182936586920.0,0.0017615696096066494,0.9982384303903934,1.0017615696096067,0.9989399909973145,1.003036975860596,1.000460028648376,1
2022-05-15,BUSD,188261697800.0,0.0017448014346967305,0.9982551985653033,1.0017448014346968,0.9985700249671936,1.002737045288086,0.9995319843292236,1
2022-05-16,BUSD,195110971981.0,0.0017241409591290781,0.9982758590408709,1.001724140959129,0.99890398979187,1.002619981765747,1.001801013946533,1
2022-05-17,BUSD,198917380723.0,0.0017130725497618716,0.9982869274502382,1.0017130725497618,0.998682975769043,1.002771973609924,1.001878976821899,1
2022-05-18,BUSD,199980999653.0,0.0017100301003337758,0.9982899698996662,1.0017100301003339,0.999110996723175,1.002568006515503,1.000838994979858,1
2022-05-19,BUSD,202813993616.0,0.0017020305892661014,0.9982979694107339,1.001702030589266,0.998989999294281,1.00249195098877,1.000234007835388,1
2022-05-20,BUSD,204079727594.0,0.0016985045373189734,0.998301495462681,1.001698504537319,0.9986289739608764,1.002099990844727,1.000499963760376,1
2022-05-21,BUSD,202923164237.0,0.0017017253094020572,0.998298274690598,1.001701725309402,0.9989590048789978,1.002315998077393,1.001495957374573,1
2022-05-22,BUSD,204500645203.0,0.0016973384097233154,0.9983026615902767,1.0016973384097234,0.9988470077514648,1.002323031425476,1.00062894821167,1
2022-05-23,BUSD,209462129422.0,0.0016838296860362217,0.9983161703139638,1.0016838296860362,0.9986129999160768,1.00219202041626,0.9995669722557068,1
2022-05-24,BUSD,211865831042.0,0.0016774375464456849,0.9983225624535543,1.0016774375464457,0.9986169934272766,1.001940011978149,0.9990339875221252,1
2022-05-25,BUSD,212206136870.0,0.0016765403886183753,0.9983234596113816,1.0016765403886183,0.9987130165100098,1.002272009849548,1.000228047370911,1
2022-05-26,BUSD,214017516423.0,0.0016717970710186257,0.9983282029289814,1.0016717970710187,0.9987090229988098,1.001943945884705,1.000367999076843,1
2022-05-27,BUSD,216142411029.0,0.0016663005440696842,0.9983336994559303,1.0016663005440696,0.9987480044364928,1.002405047416687,1.001822948455811,1
2022-05-28,BUSD,214129017426.0,0.001671506841920528,0.9983284931580795,1.0016715068419206,0.9988430142402648,1.002732992172241,1.001081943511963,1
2022-05-29,BUSD,211841783172.0,0.0016775010172006795,0.9983224989827993,1.0016775010172008,0.9988279938697816,1.002112984657288,1.001566052436829,1
2022-05-30,BUSD,214248714955.0,0.0016711955020369269,0.998328804497963,1.001671195502037,0.9984340071678162,1.002187013626099,1.000010013580322,1
2022-05-31,BUSD,216702162303.0,0.001664864597642414,0.9983351354023576,1.0016648645976425,0.9986199736595154,1.002331972122192,1.00075900554657,1
2022-06-01,BUSD,220051773698.0,0.0016563738883065208,0.9983436261116935,1.0016563738883064,0.9983959794044496,1.002125978469849,1.001968026161194,1
2022-06-02,BUSD,221190428888.0,0.001653526742267645,0.9983464732577324,1.0016535267422677,0.9989349842071532,1.002480030059814,0.9998360276222228,1
2022-06-03,BUSD,220446797761.0,0.001655383930997585,0.9983446160690024,1.0016553839309976,0.9986969828605652,1.002647995948792,1.000861048698425,1
2022-06-04,BUSD,217193078085.0,0.001663609301559584,0.9983363906984404,1.0016636093015596,0.9987159967422484,1.002908945083618,1.002102971076965,1
2022-06-05,BUSD,215078773843.0,0.0016690428348518276,0.9983309571651482,1.0016690428348518,0.9985640048980712,1.002518057823181,1.001227974891663,1
2022-06-06,BUSD,212059513276.0,0.001676926701151803,0.9983230732988482,1.0016769267011518,0.9984130263328552,1.002380013465881,0.9996209740638732,1
2022-06-07,BUSD,208443950046.0,0.001686566883443516,0.9983134331165565,1.0016865668834436,0.9986140131950378,1.002416968345642,1.00102698802948,1
2022-06-08,BUSD,205499501726.0,0.0016945838987742128,0.9983054161012258,1.0016945838987743,0.998503029346466,1.002367973327637,1.001330018043518,1
2022-06-09,BUSD,201370523517.0,0.0017060877589598162,0.9982939122410401,1.0017060877589599,0.9986069798469543,1.002771019935608,0.9991729855537416,1
2022-06-10,BUSD,190476681919.0,0.0017380118277110339,0.998261988172289,1.001738011827711,0.9985719919204712,1.001618027687073,1.000669956207275,0
2022-06-11,BUSD,175761412758.0,0.0017852216912782647,0.9982147783087217,1.0017852216912784,0.9987429976463318,1.00288999080658,1.000905990600586,1
2022-06-12,BUSD,171624478507.0,0.0017994519586991377,0.9982005480413009,1.0017994519586992,0.998537003993988,1.002737998962402,1.000712037086487,1
2022-06-13,BUSD,170559831012.0,0.001803188300803219,0.9981968116991968,1.0018031883008032,0.9987180233001708,1.00295102596283,1.001595020294189,1
2022-06-14,BUSD,170144896463.0,0.0018046529303502382,0.9981953470696497,1.0018046529303501,0.998548984527588,1.003085017204285,0.9998800158500672,1
2022-06-15,BUSD,169728393723.0,0.0018061278925581093,0.9981938721074419,1.001806127892558,0.99891197681427,1.00271201133728,0.9995970129966736,1
2022-06-16,BUSD,168949175230.0,0.0018089003439307472,0.9981910996560692,1.0018089003439308,0.99890398979187,1.002956986427307,1.000491976737976,1
2022-06-17,BUSD,168099669121.0,0.0018119423696847127,0.9981880576303153,1.0018119423696847,0.9985550045967102,1.003046989440918,1.00020694732666,1
2022-06-18,BUSD,167576622015.0,0.0018138255816246402,0.9981861744183753,1.0018138255816247,0.9991289973258972,1.002856969833374,0.999891996383667,1
2022-06-19,BUSD,166656704422.0,0.001817156799474817,0.9981828432005252,1.001817156799475,0.9987189769744872,1.003093004226685,0.9992669820785522,1
2022-06-20,BUSD,168157204781.0,0.00181173569166871,0.9981882643083313,1.0018117356916687,0.9983959794044496,1.002527952194214,0.9987069964408876,1
2022-06-21,BUSD,167262783148.0,0.00181495931321742,0.9981850406867826,1.0018149593132175,0.9985550045967102,1.00209105014801,1.000219941139221,1
2022-06-22,BUSD,164090878640.0,0.0018265792504049759,0.998173420749595,1.001826579250405,0.9986940026283264,1.002084016799927,0.9993039965629578,1
2022-06-23,BUSD,163417682607.0,0.0018290840002755722,0.9981709159997244,1.0018290840002755,0.998812973499298,1.002475023269653,1.001701951026917,1
2022-06-24,BUSD,162785968118.0,0.0018314469546304687,0.9981685530453696,1.0018314469546306,0.9988240003585817,1.002118945121765,1.000149965286255,1
2022-06-25,BUSD,159347884845.0,0.0018445250839478568,0.9981554749160522,1.0018445250839478,0.9981080293655396,1.002511978149414,1.000705003738403,1
2022-06-26,BUSD,156556528953.0,0.0018554230121389376,0.9981445769878611,1.001855423012139,0.9983699917793274,1.00189197063446,0.9993969798088074,1
2022-06-27,BUSD,158196320370.0,0.0018489899082221328,0.9981510100917779,1.0018489899082221,0.9987769722938538,1.003026008605957,0.9998070001602172,1
2022-06-28,BUSD,159920675906.0,0.0018423202587847468,0.9981576797412153,1.0018423202587847,0.998860001564026,1.002611994743347,1.000421047210693,1
2022-06-29,BUSD,159668234494.0,0.0018432906731404635,0.9981567093268595,1.0018432906731405,0.9986310005187988,1.002776980400085,1.001413941383362,1
2022-06-30,BUSD,159341086133.0,0.0018445513174338848,0.9981554486825661,1.0018445513174339,0.9986510276794434,1.00239098072052,1.001780986785889,1
2022-07-01,BUSD,157160646263.0,0.0018530425764109186,0.998146957423589,1.001853042576411,0.9987959861755372,1.00272798538208,1.000318050384521,1
2022-07-02,BUSD,156374623419.0,0.001856142184510188,0.9981438578154899,1.0018561421845102,0.998665988445282,1.002807021141052,0.9992870092391968,1
2022-07-03,BUSD,156139558682.0,0.0018570731781407238,0.9981429268218592,1.0018570731781407,0.998661994934082,1.002411961555481,1.000192046165466,1
2022-07-04,BUSD,158174143575.0,0.0018490763166852395,0.9981509236833147,1.0018490763166852,0.9989169836044312,1.002486944198608,1.000336050987244,1
2022-07-05,BUSD,160580382848.0,0.0018397938819933756,0.9981602061180066,1.0018397938819934,0.9987720251083374,1.002756953239441,1.000704050064087,1
2022-07-06,BUSD,160704232263.0,0.001839321137847369,0.9981606788621527,1.0018393211378473,0.9985569715499878,1.002444982528687,1.000794053077698,1
2022-07-07,BUSD,159065702234.0,0.001845615168977825,0.9981543848310221,1.0018456151689779,0.9985799789428712,1.002500057220459,0.9997479915618896,1
2022-07-08,BUSD,160321414191.0,0.0018407839610910172,0.998159216038909,1.001840783961091,0.9986709952354432,1.001567959785461,0.99890798330307,0
2022-07-09,BUSD,160181490358.0,0.0018413198003336426,0.9981586801996664,1.0018413198003338,0.998528003692627,1.002460956573486,1.001678943634033,1
2022-07-10,BUSD,159970190091.0,0.0018421301600350921,0.9981578698399649,1.001842130160035,0.998661994934082,1.002307057380676,1.001346945762634,1
2022-07-11,BUSD,159848601136.0,0.0018425971142085305,0.9981574028857915,1.0018425971142084,0.9986630082130432,1.002748966217041,1.000082969665527,1
2022-07-12,BUSD,158888752069.0,0.0018463000522566237,0.9981536999477434,1.0018463000522566,0.9985250234603882,1.002665042877197,1.00032901763916,1
2022-07-13,BUSD,153234646640.0,0.0018687348132108489,0.9981312651867892,1.001868734813211,0.9986029863357544,1.002606987953186,1.000193953514099,1
2022-07-14,BUSD,151383040674.0,0.0018763229556726282,0.9981236770443274,1.0018763229556726,0.998533010482788,1.002290010452271,0.999226987361908,1
2022-07-15,BUSD,148577171043.0,0.001888060783393969,0.998111939216606,1.001888060783394,0.9981330037117004,1.001983046531677,1.000928997993469,1
2022-07-16,BUSD,148084935165.0,0.0018901504476964066,0.9981098495523036,1.0018901504476965,0.9980130195617676,1.00214695930481,1.000386953353882,1
2022-07-17,BUSD,147792238940.0,0.0018913974123167439,0.9981086025876833,1.0018913974123167,0.9982590079307556,1.002328991889954,0.9999930262565612,1
2022-07-18,BUSD,149010748846.0,0.0018862277690606488,0.9981137722309393,1.0018862277690606,0.998278021812439,1.001947999000549,1.001252055168152,1
2022-07-19,BUSD,152514389101.0,0.0018716719285892976,0.9981283280714107,1.0018716719285894,0.9982470273971558,1.001399040222168,1.000516057014465,0
2022-07-20,BUSD,155916743506.0,0.001857957383231938,0.9981420426167681,1.001857957383232,0.998170018196106,1.001296997070312,1.000043988227844,0
2022-07-21,BUSD,157269403992.0,0.0018526153282814595,0.9981473846717186,1.0018526153282814,0.995809018611908,1.002025961875916,0.9992570281028748,1
2022-07-22,BUSD,159209760769.0,0.00184505834204305,0.9981549416579569,1.001845058342043,0.9978060126304626,1.0015549659729,0.9991350173950196,1
2022-07-23,BUSD,159437403639.0,0.0018441798061774892,0.9981558201938225,1.0018441798061775,0.998278021812439,1.002223014831543,1.001183032989502,1
2022-07-24,BUSD,159473974224.0,0.0018440388262450443,0.9981559611737549,1.001844038826245,0.9981719851493835,1.001693964004517,1.001206994056702,0
2022-07-25,BUSD,161823348553.0,0.0018350712820967242,0.9981649287179033,1.0018350712820967,0.9981080293655396,1.001520037651062,1.001513004302979,1
2022-07-26,BUSD,163635783422.0,0.001828271011680116,0.9981717289883199,1.0018282710116801,0.9979950189590454,1.002462983131409,0.9980130195617676,1
2022-07-27,BUSD,166636971137.0,0.0018172285263699133,0.9981827714736301,1.00181722852637,0.9979950189590454,1.001978039741516,0.9989100098609924,1
2022-07-28,BUSD,170380121440.0,0.0018038220530085397,0.9981961779469914,1.0018038220530086,0.9981989860534668,1.001567006111145,0.999210000038147,0
2022-07-29,BUSD,173105117707.0,0.0017943067770813785,0.9982056932229186,1.0017943067770814,0.998005986213684,1.001481056213379,0.9998739957809448,1
2022-07-30,BUSD,173405808149.0,0.0017932690512631082,0.9982067309487369,1.0017932690512632,0.997992992401123,1.001760959625244,0.9993209838867188,1
2022-07-31,BUSD,174344474220.0,0.0017900449536755053,0.9982099550463245,1.0017900449536754,0.998117983341217,1.001708984375,1.001188039779663,1
2022-08-01,BUSD,177195571892.0,0.0017803923181647565,0.9982196076818353,1.0017803923181647,0.9981729984283448,1.001320004463196,0.9999200105667114,1
2022-08-02,BUSD,180109327163.0,0.0017707391880612093,0.9982292608119387,1.0017707391880613,0.9995750188827516,1.000385046005249,0.9999489784240724,0
2022-08-03,BUSD,181061890638.0,0.0017676284504071279,0.9982323715495929,1.0017676284504071,0.9995309710502625,1.000782012939453,1.000102996826172,0
2022-08-04,BUSD,181779777951.0,0.0017652984659425977,0.9982347015340574,1.0017652984659426,0.999347984790802,1.000604033470154,0.9999759793281556,0
2022-08-05,BUSD,182479438308.0,0.001763039414577061,0.998236960585423,1.0017630394145771,0.9992200136184692,1.000605940818787,0.9999790191650392,0
2022-08-06,BUSD,180968490742.0,0.001767932495820787,0.9982320675041793,1.0017679324958209,0.999455988407135,1.000856995582581,0.9998570084571838,0
2022-08-07,BUSD,177732348069.0,0.0017785981673958903,0.9982214018326041,1.001778598167396,0.9992979764938354,1.00076699256897,1.000259041786194,0
2022-08-08,BUSD,178797171323.0,0.0017750603320487285,0.9982249396679512,1.0017750603320488,0.9994980096817015,1.001122951507568,1.000028967857361,0
2022-08-09,BUSD,179788616255.0,0.0017717914571909717,0.998228208542809,1.0017717914571909,0.999417006969452,1.000576972961426,1.000012040138245,0
2022-08-10,BUSD,183110749045.0,0.0017610109385509112,0.998238989061449,1.0017610109385509,0.999351978302002,1.000478029251099,0.9998480081558228,0
2022-08-11,BUSD,185540006284.0,0.0017532915686381267,0.9982467084313619,1.001753291568638,0.999339997768402,1.000383973121643,0.9998390078544616,0
2022-08-12,BUSD,184868301064.0,0.0017554124868061128,0.9982445875131939,1.0017554124868062,0.9994869828224182,1.000265002250671,1.000262975692749,0
2022-08-13,BUSD,184512029129.0,0.0017565415949537774,0.9982434584050462,1.0017565415949539,0.9994570016860962,1.00036096572876,0.999858021736145,0
2022-08-14,BUSD,183877885354.0,0.001758558552844217,0.9982414414471558,1.0017585585528441,0.9995650053024292,1.00046694278717,0.9998559951782228,0
2022-08-15,BUSD,185172930357.0,0.0017544493446369428,0.998245550655363,1.0017544493446369,0.999460995197296,1.000486969947815,0.9999930262565612,0
2022-08-16,BUSD,186057723992.0,0.0017516638420423702,0.9982483361579576,1.0017516638420423,0.9994840025901794,1.000622034072876,1.000079035758972,0
2022-08-17,BUSD,184038274668.0,0.0017580475432425677,0.9982419524567574,1.0017580475432426,0.9995700120925904,1.000916004180908,1.000257968902588,0
2022-08-18,BUSD,179879335755.0,0.0017714935481072354,0.9982285064518928,1.0017714935481072,0.99863201379776,1.001314043998718,1.000174999237061,0
2022-08-19,BUSD,178885057973.0,0.00177476958732272,0.9982252304126773,1.0017747695873227,0.9998599886894226,1.000823020935059,1.000105023384094,0
2022-08-20,BUSD,176963202227.0,0.0017811712526426104,0.9982188287473573,1.0017811712526425,0.9996989965438844,1.000561952590942,1.000074982643127,0
2022-08-21,BUSD,174817844721.0,0.0017884278028813434,0.9982115721971186,1.0017884278028812,0.9994869828224182,1.000754952430725,1.000265955924988,0
2022-08-22,BUSD,175103413535.0,0.0017874550499141213,0.9982125449500859,1.0017874550499142,0.999464988708496,1.00081205368042,0.9998469948768616,0
2022-08-23,BUSD,175158991348.0,0.001787265977211784,0.9982127340227882,1.0017872659772118,0.9994540214538574,1.000977039337158,1.0001380443573,0
2022-08-24,BUSD,174358623523.0,0.001789996531305036,0.9982100034686949,1.001789996531305,0.9994760155677797,1.00066602230072,1.000151038169861,0
2022-08-25,BUSD,173384011005.0,0.0017933441956504662,0.9982066558043495,1.0017933441956504,0.9996979832649232,1.000892996788025,1.000071048736572,0
2022-08-26,BUSD,175909720202.0,0.0017847198503218122,0.9982152801496782,1.0017847198503218,0.9995399713516236,1.000720977783203,1.000244975090027,0
2022-08-27,BUSD,172738205249.0,0.001795576305002862,0.9982044236949972,1.0017955763050028,0.9997230172157288,1.000877022743225,1.000509023666382,0
2022-08-28,BUSD,167725880184.0,0.001813287384754299,0.9981867126152457,1.0018132873847543,0.9994149804115297,1.000885009765625,1.000105977058411,0
2022-08-29,BUSD,166903344637.0,0.0018162612614156042,0.9981837387385843,1.0018162612614157,0.99964702129364,1.000918030738831,0.9999529719352722,0
2022-08-30,BUSD,167897685297.0,0.0018126686778621043,0.9981873313221379,1.0018126686778621,0.9996349811553956,1.000831961631775,1.000280976295471,0
2022-08-31,BUSD,168672095616.0,0.001809890302603547,0.9981901096973964,1.0018098903026036,0.999296009540558,1.000918984413147,1.000440001487732,0
2022-09-01,BUSD,169739837432.0,0.0018060873024667475,0.9981939126975332,1.0018060873024668,0.9997130036354064,1.000648975372314,1.000231027603149,0
2022-09-02,BUSD,171224662848.0,0.0018008514646744107,0.9981991485353255,1.0018008514646743,0.999642014503479,1.000548005104065,1.000038981437683,0
2022-09-03,BUSD,169559518171.0,0.0018067273077250331,0.998193272692275,1.0018067273077251,0.9998279809951782,1.000728011131287,1.000247955322266,0
2022-09-04,BUSD,168448669510.0,0.0018106901468337025,0.9981893098531663,1.0018106901468338,0.9996830224990844,1.00082004070282,1.000054001808167,0
2022-09-05,BUSD,171722353994.0,0.001799110019702108,0.9982008899802979,1.0017991100197021,0.9996539950370787,1.000790953636169,0.9999750256538392,0
2022-09-06,BUSD,178610768177.0,0.0017756776180728284,0.9982243223819272,1.0017756776180728,0.9995930194854736,1.000913977622986,1.000205039978027,0
2022-09-07,BUSD,182524321515.0,0.0017628948907324488,0.9982371051092676,1.0017628948907324,0.9996200203895568,1.001474022865295,0.999888002872467,0
2022-09-08,BUSD,186925523410.0,0.001748948943869411,0.9982510510561305,1.0017489489438693,0.9993379712104796,1.00108802318573,0.9999570250511168,0
2022-09-09,BUSD,193898037261.0,0.001727728626278489,0.9982722713737215,1.0017277286262785,0.9996749758720398,1.000488042831421,0.999978005886078,0
2022-09-10,BUSD,196331244095.0,0.0017205614725965888,0.9982794385274034,1.0017205614725966,0.9994109869003296,1.00041401386261,0.9998599886894226,0
2022-09-11,BUSD,199402895643.0,0.0017116810650631173,0.9982883189349369,1.001711681065063,0.9994270205497742,1.000481009483337,1.00024402141571,0
2022-09-12,BUSD,205981780979.0,0.0016932603167861843,0.9983067396832138,1.0016932603167863,0.9994329810142516,1.000476956367493,1.00024402141571,0
2022-09-13,BUSD,214073276603.0,0.001671651906082621,0.9983283480939174,1.0016716519060826,0.9988399744033812,1.001168012619019,0.9998959898948668,0
2022-09-14,BUSD,217791151975.0,0.0016620850990990454,0.998337914900901,1.0016620850990992,0.9989780187606812,1.001366972923279,1.000128030776978,0
2022-09-15,BUSD,222397089496.0,0.0016505308022246256,0.9983494691977753,1.0016505308022245,0.998764991760254,1.001387000083923,1.000381946563721,0
2022-09-16,BUSD,225561540744.0,0.001642775872929691,0.9983572241270703,1.0016427758729296,0.9990429878234864,1.001255989074707,0.9998800158500672,0
2022-09-17,BUSD,226998805268.0,0.0016393013990340403,0.998360698600966,1.0016393013990341,0.9993000030517578,1.001111030578613,1.000522971153259,0
2022-09-18,BUSD,227426805563.0,0.0016382724055893205,0.9983617275944107,1.0016382724055892,0.9991120100021362,1.001065015792847,0.99965900182724,0
2022-09-19,BUSD,232733348630.0,0.0016257251608712956,0.9983742748391287,1.0016257251608713,0.9989420175552368,1.001042008399963,0.9990260004997252,0
2022-09-20,BUSD,236727258367.0,0.0016165305276556467,0.9983834694723444,1.0016165305276556,0.9989799857139589,1.001387000083923,1.000296950340271,0
2022-09-21,BUSD,241450890365.0,0.0016059193447014051,0.9983940806552986,1.0016059193447013,0.9992889761924744,1.001294016838074,0.9997209906578064,0
2022-09-22,BUSD,245735969715.0,0.00159653002180778,0.9984034699781922,1.0015965300218077,0.9990040063858032,1.001495003700256,1.00018298625946,0
2022-09-23,BUSD,250210400977.0,0.0015869559806843802,0.9984130440193156,1.0015869559806845,0.9988589882850648,1.001317977905273,1.000007033348083,0
2022-09-24,BUSD,253449559402.0,0.0015801663887385722,0.9984198336112614,1.0015801663887385,0.999081015586853,1.001029014587402,1.000645995140076,0
2022-09-25,BUSD,249883820313.0,0.0015876470265212752,0.9984123529734787,1.0015876470265213,0.9991400241851808,1.002787947654724,0.9997749924659728,1
2022-09-26,BUSD,252803804226.0,0.0015815106894840436,0.9984184893105159,1.001581510689484,0.999176025390625,1.003644943237305,1.001188039779663,1
2022-09-27,BUSD,259114636648.0,0.0015685655943268003,0.9984314344056732,1.0015685655943267,0.9990450143814088,1.001374959945679,0.999779999256134,0
2022-09-28,BUSD,262471313646.0,0.0015618502270104513,0.9984381497729895,1.0015618502270105,0.9989169836044312,1.001325011253357,1.000105023384094,0
2022-09-29,BUSD,262183935748.0,0.0015624206628550464,0.9984375793371449,1.001562420662855,0.9990209937095642,1.001253962516785,1.000002980232239,0
2022-09-30,BUSD,261905534032.0,0.0015629740768435812,0.9984370259231564,1.0015629740768435,0.999010980129242,1.001574993133545,1.000321984291077,1
2022-10-01,BUSD,258593918758.0,0.0015696177362929805,0.9984303822637071,1.001569617736293,0.9986550211906432,1.001515984535217,0.9995250105857848,0
2022-10-02,BUSD,256499955619.0,0.0015738774098025092,0.9984261225901975,1.0015738774098024,0.9988759756088256,1.001122951507568,1.000025033950806,0
2022-10-03,BUSD,258849892094.0,0.0015691001740406954,0.9984308998259593,1.0015691001740408,0.999239981174469,1.001124978065491,1.0001460313797,0
2022-10-04,BUSD,261264432331.0,0.0015642514631833034,0.9984357485368167,1.0015642514631833,0.9991660118103028,1.002202033996582,0.9999359846115112,1
2022-10-05,BUSD,260925223790.0,0.0015649290234449578,0.998435070976555,1.001564929023445,0.996383011341095,1.00271201133728,1.000030994415283,1
2022-10-06,BUSD,257285835236.0,0.0015722733058630481,0.9984277266941369,1.001572273305863,0.998889982700348,1.001247048377991,1.000170946121216,0
2022-10-07,BUSD,253358937530.0,0.0015803547651818185,0.9984196452348182,1.0015803547651818,0.9988120198249816,1.001001000404358,0.9998199939727784,0
2022-10-08,BUSD,247162442737.0,0.0015934526902137175,0.9984065473097863,1.0015934526902137,0.999153971672058,1.001245021820068,1.000118970870972,0
2022-10-09,BUSD,236019811389.0,0.0016181440488658631,0.9983818559511342,1.0016181440488658,0.9991819858551024,1.001021027565002,1.000367999076843,0
2022-10-10,BUSD,232551915397.0,0.0016261478391032583,0.9983738521608967,1.0016261478391033,0.999284029006958,1.001113057136536,0.9999039769172668,0
2022-10-11,BUSD,230649806758.0,0.0016306057457300747,0.99836939425427,1.00163060574573,0.9993510246276855,1.001067996025085,1.000357031822205,0
2022-10-12,BUSD,223874993536.0,0.0016468908041645098,0.9983531091958355,1.0016468908041645,0.9990379810333252,1.000942945480347,0.999809980392456,0
2022-10-13,BUSD,219155677661.0,0.001658628376511573,0.9983413716234885,1.0016586283765117,0.9992330074310304,1.001314997673035,1.000442028045654,0
2022-10-14,BUSD,217313812542.0,0.0016633011570509764,0.9983366988429491,1.001663301157051,0.9993900060653688,1.001304984092712,1.000319004058838,0
2022-10-15,BUSD,211658976257.0,0.0016779838229982874,0.9983220161770017,1.0016779838229983,0.9993669986724854,1.001207947731018,1.000527024269104,0
2022-10-16,BUSD,207418184589.0,0.001689342560964345,0.9983106574390357,1.0016893425609643,0.9990379810333252,1.001283049583435,0.9997609853744508,0
2022-10-17,BUSD,207949756094.0,0.0016879018721986867,0.9983120981278013,1.0016879018721987,0.99904602766037,1.001153945922852,1.000601053237915,0
2022-10-18,BUSD,207116730375.0,0.001690161764963123,0.9983098382350368,1.0016901617649632,0.9990969896316528,1.001039028167725,0.9998559951782228,0
2022-10-19,BUSD,203242801387.0,0.0017008327480258348,0.9982991672519742,1.001700832748026,0.999373972415924,1.001060962677002,0.9997789859771729,0
2022-10-20,BUSD,200667464725.0,0.0017080779202905921,0.9982919220797094,1.0017080779202905,0.999422013759613,1.004098057746887,1.000216960906982,1
2022-10-21,BUSD,196956975699.0,0.0017187374670725871,0.9982812625329274,1.0017187374670726,0.999439001083374,1.001250028610229,1.000054001808167,0
2022-10-22,BUSD,191310102472.0,0.0017354843374114612,0.9982645156625886,1.0017354843374116,0.9991229772567748,1.000972032546997,1.000571966171265,0
2022-10-23,BUSD,186437340118.0,0.0017504741453253769,0.9982495258546746,1.0017504741453254,0.9991629719734192,1.000933051109314,1.000193953514099,0
2022-10-24,BUSD,184585948365.0,0.001756307088932959,0.9982436929110671,1.001756307088933,0.999180018901825,1.001142978668213,0.999948024749756,0
2022-10-25,BUSD,185904226869.0,0.0017521458131395957,0.9982478541868604,1.0017521458131395,0.9990699887275696,1.00146496295929,1.00035297870636,0
2022-10-26,BUSD,186525152395.0,0.0017501994062414056,0.9982498005937586,1.0017501994062414,0.999127984046936,1.001212954521179,0.9999549984931946,0
2022-10-27,BUSD,184366463016.0,0.001757003764453407,0.9982429962355466,1.0017570037644534,0.999305009841919,1.002650022506714,0.9998270273208618,1
2022-10-28,BUSD,182014502150.0,0.001764539302050429,0.9982354606979496,1.0017645393020504,0.9991120100021362,1.000995993614197,1.000108957290649,0
2022-10-29,BUSD,183280226541.0,0.0017604679744260725,0.9982395320255739,1.001760467974426,0.9991840124130248,1.001026034355164,1.000095963478088,0
2022-10-30,BUSD,182007725037.0,0.0017645612028311382,0.9982354387971689,1.0017645612028312,0.9990590214729308,1.00107204914093,1.000571012496948,0
2022-10-31,BUSD,185490039928.0,0.0017534489854023065,0.9982465510145977,1.0017534489854023,0.9994450211524964,1.001047015190125,1.000005960464478,0
2022-11-01,BUSD,187856767197.0,0.0017460541913772803,0.9982539458086227,1.0017460541913772,0.9993780255317688,1.000996947288513,1.000344038009644,0
2022-11-02,BUSD,189711986220.0,0.0017403439039307778,0.9982596560960693,1.0017403439039307,0.9994149804115297,1.003087997436523,1.000599980354309,1
2022-11-03,BUSD,190488814835.0,0.001737974926858085,0.9982620250731419,1.001737974926858,0.9985730051994324,1.002066969871521,1.000144004821777,1
2022-11-04,BUSD,194094106819.0,0.0017271466592363143,0.9982728533407637,1.0017271466592363,0.9991559982299804,1.001286029815674,0.9997860193252563,0
2022-11-05,BUSD,194575323791.0,0.0017257216439976325,0.9982742783560024,1.0017257216439976,0.9993619918823242,1.001155972480774,0.9999639987945556,0
2022-11-06,BUSD,195242552601.0,0.0017237535529410148,0.998276246447059,1.001723753552941,0.9993090033531188,1.001134991645813,0.9998180270195008,0
2022-11-07,BUSD,200714459791.0,0.0017079446007141664,0.9982920553992858,1.0017079446007142,0.9989410042762756,1.001122951507568,1.000175952911377,0
2022-11-08,BUSD,218359165937.0,0.0016606426631376806,0.9983393573368623,1.0016606426631376,0.9993849992752076,1.001667022705078,1.00080394744873,1
2022-11-09,BUSD,232339338000.0,0.0016266436324612352,0.9983733563675388,1.0016266436324612,1.000200986862183,1.012637972831726,1.001443028450012,1
2022-11-10,BUSD,247189586036.0,0.0015933943636653651,0.9984066056363347,1.0015933943636655,1.000082969665527,1.002661943435669,1.000903010368347,1
2022-11-11,BUSD,256084039627.0,0.0015747290139830124,0.998425270986017,1.001574729013983,0.9962769746780396,1.019845962524414,1.00075101852417,1
2022-11-12,BUSD,258597374168.0,0.0015696107451199299,0.99843038925488,1.00156961074512,0.9996309876441956,1.00213098526001,1.001095056533813,1
2022-11-13,BUSD,257765280978.0,0.0015712978866846044,0.9984287021133154,1.0015712978866846,0.9998180270195008,1.001806974411011,1.000936031341553,1
2022-11-14,BUSD,263463413229.0,0.0015598873232324153,0.9984401126767676,1.0015598873232323,0.9995790123939514,1.001698017120361,1.000260949134827,1
2022-11-15,BUSD,266768081975.0,0.0015534193523075173,0.9984465806476924,1.0015534193523075,0.999530017375946,1.002020955085754,1.000385999679565,1
2022-11-16,BUSD,267643898760.0,0.0015517230717118965,0.9984482769282881,1.001551723071712,0.999230980873108,1.001590013504028,1.000242948532104,1
2022-11-17,BUSD,266263878332.0,0.0015543992647083958,0.9984456007352916,1.0015543992647085,0.9995620250701904,1.001659035682678,1.001127004623413,1
2022-11-18,BUSD,266177144233.0,0.0015545680805785773,0.9984454319194215,1.0015545680805786,0.99964702129364,1.00143301486969,1.000589966773987,0
2022-11-19,BUSD,263937336382.0,0.00155895312467878,0.9984410468753212,1.0015589531246787,0.9997910261154176,1.00163996219635,1.001229047775269,1
2022-11-20,BUSD,265574813020.0,0.0015557424613578139,0.9984442575386422,1.001555742461358,0.9997410178184508,1.001628041267395,1.000710010528564,1
2022-11-21,BUSD,271279714314.0,0.0015447595668683547,0.9984552404331316,1.0015447595668683,0.9997559785842896,1.0017329454422,1.000658988952637,1
2022-11-22,BUSD,275255722845.0,0.0015372855593593596,0.9984627144406406,1.0015372855593594,0.9995200037956238,1.001600027084351,1.000802993774414,1
2022-11-23,BUSD,277656928191.0,0.001532841188900687,0.9984671588110993,1.0015328411889006,0.9994739890098572,1.001458048820496,1.001031994819641,0
2022-11-24,BUSD,276334479260.0,0.001535282528679944,0.99846471747132,1.0015352825286798,0.9987009763717652,1.001386046409607,1.000254034996033,0
2022-11-25,BUSD,273188795871.0,0.0015411528202429207,0.9984588471797571,1.001541152820243,0.9995139837265016,1.001289963722229,1.000118970870972,0
2022-11-26,BUSD,270012411973.0,0.0015471725702537506,0.9984528274297463,1.0015471725702538,0.9995309710502625,1.001214027404785,1.00031304359436,0
2022-11-27,BUSD,267941825999.0,0.0015511477328670879,0.9984488522671329,1.0015511477328671,0.9993630051612854,1.001083016395569,1.000754952430725,0
2022-11-28,BUSD,266676226872.0,0.001553597687307673,0.9984464023126923,1.0015535976873076,0.9994410276412964,1.001191973686218,1.000090003013611,0
2022-11-29,BUSD,267279196670.0,0.001552428525599136,0.9984475714744009,1.0015524285255992,0.9992870092391968,1.001075983047485,1.0,0
2022-11-30,BUSD,268258545839.0,0.001550537037526715,0.9984494629624733,1.0015505370375266,0.9991899728775024,1.001142024993896,1.000005960464478,0
2022-12-01,BUSD,268645222208.0,0.0015497927548933257,0.9984502072451067,1.0015497927548933,0.9995219707489014,1.002820014953613,1.000517964363098,1
2022-12-02,BUSD,266849283656.0,0.0015532617688982858,0.9984467382311017,1.0015532617688983,0.9993579983711244,1.000691056251526,1.000236034393311,0
2022-12-03,BUSD,263634718966.0,0.0015595493865253303,0.9984404506134746,1.0015595493865252,0.9995459914207458,1.000725984573364,0.9998840093612672,0
2022-12-04,BUSD,257737087800.0,0.0015713551779682716,0.9984286448220318,1.0015713551779684,0.9992139935493468,1.000998020172119,1.00006103515625,0
2022-12-05,BUSD,256710128497.0,0.0015734477726065327,0.9984265522273935,1.0015734477726066,0.9993910193443298,1.001003980636597,1.000046968460083,0
2022-12-06,BUSD,256111896797.0,0.0015746719177359247,0.998425328082264,1.0015746719177359,0.9991949796676636,1.000867962837219,1.000066041946411,0
2022-12-07,BUSD,252784005185.0,0.0015815519784591803,0.9984184480215408,1.0015815519784592,0.9992520213127136,1.000954031944275,1.000087022781372,0
2022-12-08,BUSD,237392374913.0,0.0016150194051231708,0.9983849805948768,1.0016150194051232,0.9991809725761414,1.000792026519775,0.999845027923584,0
2022-12-09,BUSD,223016386695.0,0.0016490015921389355,0.998350998407861,1.0016490015921389,0.9994630217552184,1.001023054122925,1.000090956687927,0
2022-12-10,BUSD,205699074079.0,0.0016940356844639486,0.9983059643155361,1.001694035684464,0.99938702583313,1.000782012939453,0.9999570250511168,0
2022-12-11,BUSD,195301818701.0,0.0017235791724416888,0.9982764208275583,1.0017235791724417,0.9990969896316528,1.000887989997864,0.9999499917030334,0
2022-12-12,BUSD,190818152018.0,0.0017369744815461498,0.9982630255184538,1.001736974481546,0.9987229704856871,1.000923991203308,1.000064015388489,0
2022-12-13,BUSD,194492897411.0,0.0017259653973687142,0.9982740346026313,1.0017259653973687,0.9988570213317872,1.000931978225708,1.00025200843811,0
2022-12-14,BUSD,191536534659.0,0.001734800178170651,0.9982651998218294,1.0017348001781707,0.9990140199661256,1.000851035118103,0.9998250007629396,0
2022-12-15,BUSD,188943688641.0,0.0017426996212309184,0.998257300378769,1.0017426996212309,0.9988729953765868,1.00122594833374,1.000257968902588,0
2022-12-16,BUSD,188106765057.0,0.0017452803341638369,0.9982547196658361,1.0017452803341638,0.9991980195045472,1.001700043678284,0.9995800256729126,0
2022-12-17,BUSD,186669797223.0,0.0017497472304171969,0.9982502527695828,1.001749747230417,0.999185025691986,1.001358985900879,1.000097036361694,0
2022-12-18,BUSD,183624175477.0,0.0017593681019234767,0.9982406318980765,1.0017593681019235,0.9991869926452636,1.001289963722229,0.99993497133255,0
2022-12-19,BUSD,184880098786.0,0.001755375146733304,0.9982446248532667,1.0017553751467334,0.9991869926452636,1.000964999198914,1.000062942504883,0
2022-12-20,BUSD,182878820806.0,0.0017617550663261625,0.9982382449336739,1.0017617550663263,0.9993119835853576,1.000710010528564,0.9996129870414734,0
2022-12-21,BUSD,177498175941.0,0.0017793799878072813,0.9982206200121927,1.0017793799878072,0.9992240071296692,1.000861048698425,1.000607013702393,0
2022-12-22,BUSD,173156064750.0,0.0017941307824920474,0.998205869217508,1.001794130782492,0.9994879961013794,1.000998973846436,1.000169038772583,0
2022-12-23,BUSD,168936394204.0,0.0018089459607429528,0.998191054039257,1.0018089459607429,0.999422013759613,1.000748991966248,1.000264048576355,0
2022-12-24,BUSD,164208403236.0,0.0018261433831015714,0.9981738566168984,1.0018261433831015,0.999369978904724,1.001001954078674,1.00025999546051,0
2022-12-25,BUSD,161137079330.0,0.0018376727303797856,0.9981623272696202,1.0018376727303797,0.9993069767951964,1.000707983970642,1.000247001647949,0
2022-12-26,BUSD,159151639849.0,0.001845282914945284,0.9981547170850548,1.0018452829149453,0.9992709755897522,1.001180052757263,1.000128030776978,0
2022-12-27,BUSD,159048146973.0,0.001845683070982355,0.9981543169290177,1.0018456830709823,0.9992719888687134,1.000851988792419,1.000193953514099,0
2022-12-28,BUSD,157278446147.0,0.0018525798244634448,0.9981474201755366,1.0018525798244635,0.9993240237236024,1.001060009002686,1.000707030296326,0
2022-12-29,BUSD,155248362503.0,0.00186061988164174,0.9981393801183582,1.0018606198816418,0.9993079900741576,1.000998020172119,1.000102043151855,0
2022-12-30,BUSD,150667873262.0,0.0018792870192390833,0.9981207129807609,1.001879287019239,0.9997519850730896,1.001224994659424,1.000224947929382,0
2022-12-31,BUSD,145728359622.0,0.001900284566742349,0.9980997154332577,1.0019002845667424,0.9997990131378174,1.001018047332764,1.000339984893799,0
2023-01-01,BUSD,141474736672.0,0.0019191416697639874,0.998080858330236,1.001919141669764,0.9995589852333068,1.001245975494385,1.000103950500488,0
2023-01-02,BUSD,140625352970.0,0.001922997818164019,0.9980770021818359,1.001922997818164,0.9995160102844238,1.000877022743225,1.000282049179077,0
2023-01-03,BUSD,140296843772.0,0.0019244975669082639,0.9980755024330917,1.0019244975669082,0.9994990229606628,1.001420021057129,1.000349044799805,0
2023-01-04,BUSD,140266775136.0,0.0019246350736516888,0.9980753649263483,1.0019246350736517,0.9995139837265016,1.002400040626526,1.000030994415283,1
2023-01-05,BUSD,139075554651.0,0.0019301144692081631,0.9980698855307918,1.001930114469208,0.9994019865989684,1.001106023788452,1.000287055969238,0
2023-01-06,BUSD,138470423612.0,0.001932921987890504,0.9980670780121095,1.0019329219878905,0.9995610117912292,1.000982046127319,1.000277042388916,0
2023-01-07,BUSD,135082937537.0,0.00194894612744711,0.9980510538725529,1.0019489461274471,0.999567985534668,1.001389980316162,1.000977993011475,0
2023-01-08,BUSD,132382393191.0,0.0019621095760729837,0.998037890423927,1.001962109576073,0.9993389844894408,1.001337051391602,0.9997860193252563,0
2023-01-09,BUSD,135935889967.0,0.001944861242476956,0.998055138757523,1.001944861242477,0.9993119835853576,1.001170992851257,1.000234961509705,0
2023-01-10,BUSD,137943931638.0,0.001935378000090177,0.9980646219999099,1.0019353780000901,0.9991940259933472,1.00099503993988,1.000028967857361,0
2023-01-11,BUSD,137914290582.0,0.0019355166430548572,0.9980644833569452,1.0019355166430548,0.9993379712104796,1.001198053359985,1.000319004058838,0
2023-01-12,BUSD,138076136637.0,0.0019347601082550891,0.9980652398917449,1.001934760108255,0.9993529915809632,1.001106977462769,1.00031304359436,0
2023-01-13,BUSD,140084415745.0,0.0019254698633755054,0.9980745301366245,1.0019254698633755,0.9992939829826356,1.001121044158936,1.000465989112854,0
2023-01-14,BUSD,148245168795.0,0.0018894692004200184,0.99811053079958,1.00188946920042,0.9992870092391968,1.000869035720825,1.0000239610672,0
2023-01-15,BUSD,149102111604.0,0.0018858424264698106,0.9981141575735302,1.0018858424264698,0.9992740154266356,1.001117944717407,1.000154972076416,0
2023-01-16,BUSD,153778245136.0,0.0018665302517608322,0.9981334697482391,1.0018665302517609,0.99938702583313,1.001263976097107,1.000537991523743,0
2023-01-17,BUSD,159603073401.0,0.0018435414922302966,0.9981564585077697,1.0018435414922302,0.9994570016860962,1.001319050788879,0.999987006187439,0
2023-01-18,BUSD,165465080610.0,0.0018215085533717216,0.9981784914466283,1.0018215085533717,0.9995920062065125,1.000944018363953,1.000118970870972,0
2023-01-19,BUSD,167271856076.0,0.0018149264977889042,0.9981850735022111,1.001814926497789,0.9990950226783752,1.001217007637024,0.999550998210907,0
2023-01-20,BUSD,173888882659.0,0.001791606905507329,0.9982083930944927,1.0017916069055073,0.9990699887275696,1.001127004623413,0.9996259808540344,0
2023-01-21,BUSD,181364013359.0,0.0017666463784524313,0.9982333536215475,1.0017666463784525,0.9991880059242249,1.000946044921875,1.000561952590942,0
2023-01-22,BUSD,186688125327.0,0.0017496899680735786,0.9982503100319264,1.0017496899680736,0.9994329810142516,1.001041054725647,0.9999099969863892,0
2023-01-23,BUSD,194912564464.0,0.001724725779509221,0.9982752742204908,1.0017247257795092,0.9991919994354248,1.001361966133118,0.9997299909591676,0
2023-01-24,BUSD,201821972232.0,0.0017048147126886581,0.9982951852873113,1.0017048147126886,0.9993489980697632,1.001070022583008,1.000208973884583,0
2023-01-25,BUSD,210166398909.0,0.0016819467384177928,0.9983180532615822,1.0016819467384177,0.999559998512268,1.000939011573792,1.000161051750183,0
2023-01-26,BUSD,215413758135.0,0.00166817722440463,0.9983318227755954,1.0016681772244047,0.9994339942932128,1.000921010971069,1.000126004219055,0
2023-01-27,BUSD,220114015890.0,0.0016562177479227998,0.9983437822520772,1.001656217747923,0.9993209838867188,1.000766038894653,1.000074982643127,0
2023-01-28,BUSD,221499812297.0,0.001652756520232958,0.998347243479767,1.001652756520233,0.9994289875030518,1.001073956489563,1.000133991241455,0
2023-01-29,BUSD,226963660241.0,0.0016393860092286763,0.9983606139907714,1.0016393860092287,0.9992539882659912,1.001060009002686,1.000378966331482,0
2023-01-30,BUSD,234702154552.0,0.0016211665759699528,0.99837883342403,1.00162116657597,0.9995740056037904,1.001212954521179,1.000447034835815,0
2023-01-31,BUSD,240528938791.0,0.0016079685675474509,0.9983920314324526,1.0016079685675474,0.9992830157279968,1.001209020614624,1.000205993652344,0
2023-02-01,BUSD,246599163467.0,0.0015946650170294051,0.9984053349829706,1.0015946650170293,0.9992930293083192,1.001199007034302,1.000625967979431,0
2023-02-02,BUSD,254323797918.0,0.0015783537018365607,0.9984216462981634,1.0015783537018366,0.99930602312088,1.001135945320129,1.000506043434143,0
2023-02-03,BUSD,258872146430.0,0.001569055209394827,0.9984309447906051,1.0015690552093948,0.9995149970054626,1.001001000404358,0.9998149871826172,0
2023-02-04,BUSD,260908984435.0,0.0015649614905915354,0.9984350385094085,1.0015649614905915,0.9991729855537416,1.001307964324951,0.999908983707428,0
2023-02-05,BUSD,264200660851.0,0.0015584350248362498,0.9984415649751638,1.0015584350248363,0.999541997909546,1.000782012939453,1.0001380443573,0
2023-02-06,BUSD,270809227895.0,0.0015456536377198113,0.9984543463622801,1.0015456536377199,0.99964702129364,1.000915050506592,1.000040054321289,0
2023-02-07,BUSD,278074513373.0,0.001532073514035675,0.9984679264859643,1.0015320735140356,0.9995779991149902,1.000710010528564,1.000251054763794,0
2023-02-08,BUSD,280445843614.0,0.0015277430992585341,0.9984722569007415,1.0015277430992586,0.999576985836029,1.000591039657593,0.999948024749756,0
2023-02-09,BUSD,287791557882.0,0.001514632657726323,0.9984853673422737,1.0015146326577262,0.999547004699707,1.000583052635193,1.000144004821777,0
2023-02-10,BUSD,291997149048.0,0.0015073257890146077,0.9984926742109854,1.0015073257890146,0.9997249841690063,1.000499963760376,1.000131011009216,0
2023-02-11,BUSD,287442971745.0,0.0015152446825023843,0.9984847553174976,1.0015152446825024,0.999455988407135,1.000641942024231,1.000149965286255,0
2023-02-12,BUSD,284606197232.0,0.0015202623816119182,0.998479737618388,1.001520262381612,0.9987890124320984,1.000571966171265,0.9993839859962464,0
2023-02-13,BUSD,284154476659.0,0.0015210675425028617,0.9984789324574972,1.0015210675425028,0.9991490244865416,1.000481009483337,0.9999110102653505,0
2023-02-14,BUSD,286763746075.0,0.0015164400702127726,0.9984835599297872,1.0015164400702128,0.9994320273399352,1.000956058502197,1.000082969665527,0
2023-02-15,BUSD,287602582785.0,0.0015149643251067238,0.9984850356748933,1.0015149643251067,0.9993900060653688,1.000584959983826,0.9998390078544616,0
2023-02-16,BUSD,291955207033.0,0.0015073979659013155,0.9984926020340987,1.0015073979659013,0.9996070265769958,1.000970005989075,1.000367045402527,0
2023-02-17,BUSD,292442993581.0,0.0015065594005979756,0.998493440599402,1.001506559400598,0.9995399713516236,1.000733971595764,1.000107049942017,0
2023-02-18,BUSD,290797125548.0,0.0015093963550052696,0.9984906036449948,1.0015093963550052,0.9995070099830629,1.000851035118103,1.000175952911377,0
2023-02-19,BUSD,287656608933.0,0.0015148694749637609,0.9984851305250363,1.0015148694749638,0.999637007713318,1.001044988632202,1.000265955924988,0
2023-02-20,BUSD,284944487278.0,0.0015196605178428354,0.9984803394821572,1.001519660517843,0.9998319745063782,1.000558972358704,1.000264048576355,0
2023-02-21,BUSD,284919422810.0,0.0015197050782372373,0.9984802949217627,1.0015197050782372,0.9996730089187622,1.000910043716431,1.000246047973633,0
2023-02-22,BUSD,283461154398.0,0.001522306667423332,0.9984776933325766,1.0015223066674233,0.9996399879455566,1.000916004180908,1.000295996665955,0
2023-02-23,BUSD,282184940949.0,0.001524598151329662,0.9984754018486703,1.0015245981513297,0.9997130036354064,1.000635981559753,1.000300049781799,0
2023-02-24,BUSD,278785373961.0,0.0015307702203354366,0.9984692297796646,1.0015307702203355,0.999763011932373,1.000668048858643,1.000028967857361,0
2023-02-25,BUSD,273657720028.0,0.0015402720399704931,0.9984597279600295,1.0015402720399704,0.9995329976081848,1.001098036766052,1.000367045402527,0
2023-02-26,BUSD,268172658545.0,0.0015507025493239448,0.998449297450676,1.001550702549324,0.999459981918335,1.001021981239319,1.000455975532532,0
2023-02-27,BUSD,267958173716.0,0.0015511161878445862,0.9984488838121555,1.0015511161878445,0.9997249841690063,1.001049041748047,1.000193953514099,0
2023-02-28,BUSD,263457486036.0,0.0015598990211145882,0.9984401009788854,1.0015598990211145,0.9997389912605286,1.000821948051453,1.000308036804199,0
2023-03-01,BUSD,259232679230.0,0.001568327474086053,0.9984316725259139,1.001568327474086,0.999671995639801,1.000856041908264,1.000141024589539,0
2023-03-02,BUSD,256822837119.0,0.0015732175658213813,0.9984267824341786,1.0015732175658214,0.9990910291671752,1.000630021095276,1.00049901008606,0
2023-03-03,BUSD,255085484506.0,0.0015767811447782159,0.9984232188552218,1.0015767811447782,0.9995909929275512,1.00078296661377,1.000198006629944,0
2023-03-04,BUSD,246477782178.0,0.0015949267454606951,0.9984050732545393,1.0015949267454607,0.999796986579895,1.00103497505188,1.000182032585144,0
2023-03-05,BUSD,239566435444.0,0.0016101191290357562,0.9983898808709643,1.0016101191290359,0.9997730255126952,1.000798940658569,1.000290036201477,0
2023-03-06,BUSD,237544195511.0,0.0016146752649989547,0.9983853247350011,1.001614675264999,0.999576985836029,1.001178979873657,1.00053596496582,0
2023-03-07,BUSD,234407922213.0,0.0016218445965605574,0.9983781554034394,1.0016218445965606,0.999556005001068,1.001405954360962,1.000375986099243,0
2023-03-08,BUSD,230531957972.0,0.0016308835556173016,0.9983691164443828,1.0016308835556174,0.9995830059051514,1.001134991645813,1.000231981277466,0
2023-03-09,BUSD,226854698725.0,0.00163964844063522,0.9983603515593648,1.0016396484406351,0.9982759952545166,1.001320958137512,0.9989280104637146,1
2023-03-10,BUSD,226769161748.0,0.0016398545723382972,0.9983601454276617,1.0016398545723384,0.9947649836540222,1.004132986068726,1.000571012496948,1
2023-03-11,BUSD,221970697069.0,0.001651586983195622,0.9983484130168043,1.0016515869831957,1.000077962875366,1.010745048522949,1.00346302986145,1
2023-03-12,BUSD,217279619355.0,0.001663388403436596,0.9983366115965634,1.0016633884034365,0.9983140230178832,1.00599205493927,1.000898003578186,1
2023-03-13,BUSD,220977938066.0,0.001654056579014152,0.9983459434209858,1.0016540565790142,0.9982280135154724,1.004577040672302,0.9998220205307008,1
2023-03-14,BUSD,224853948658.0,0.0016444972836610256,0.998355502716339,1.0016444972836611,0.9982399940490724,1.001422047615051,1.00040602684021,1
2023-03-15,BUSD,220332827520.0,0.0016556693053064511,0.9983443306946935,1.0016556693053065,0.9990659952163696,1.001204967498779,1.000200986862183,0
2023-03-16,BUSD,216574062267.0,0.0016651927797248676,0.9983348072202751,1.0016651927797249,0.9991490244865416,1.002403974533081,1.00101101398468,1
2023-03-17,BUSD,215947664230.0,0.0016668012968760258,0.998333198703124,1.0016668012968761,0.9987670183181764,1.002627015113831,0.999504029750824,1
2023-03-18,BUSD,210913214192.0,0.0016799592084250177,0.998320040791575,1.0016799592084251,0.999185025691986,1.001342058181763,0.9999960064888,0
2023-03-19,BUSD,206621910092.0,0.0016915098949766845,0.9983084901050233,1.0016915098949768,0.9985309839248656,1.001703977584839,0.9989789724349976,1
2023-03-20,BUSD,208805565793.0,0.0016855927051371532,0.9983144072948629,1.0016855927051371,0.998058021068573,1.00133204460144,0.9997119903564452,1
2023-03-21,BUSD,208114840753.0,0.0016874554513440286,0.9983125445486559,1.001687455451344,0.9975910186767578,1.001422047615051,0.9996820092201232,1
2023-03-22,BUSD,204877354501.0,0.0016962974691490228,0.998303702530851,1.001696297469149,0.998610019683838,1.001209020614624,0.9994570016860962,0
2023-03-23,BUSD,200416487843.0,0.0017087906182232826,0.9982912093817767,1.0017087906182234,0.9920589923858644,1.000329971313477,0.9999020099639891,1
2023-03-24,BUSD,195177368351.0,0.0017239454281178879,0.9982760545718821,1.001723945428118,0.9987040162086488,1.000583052635193,0.9995890259742736,0
2023-03-25,BUSD,189634710215.0,0.0017405802681147453,0.9982594197318853,1.0017405802681147,0.9990090131759644,1.000301003456116,0.9999290108680724,0
2023-03-26,BUSD,184422148263.0,0.0017568269074643176,0.9982431730925356,1.0017568269074644,0.9984970092773438,1.000342965126038,0.9997119903564452,0
2023-03-27,BUSD,183466763521.0,0.0017598711292865874,0.9982401288707135,1.0017598711292865,0.9985010027885436,1.000278949737549,0.9999719858169556,0
2023-03-28,BUSD,182511838609.0,0.0017629350809098712,0.9982370649190901,1.0017629350809099,0.9993829727172852,1.00082004070282,0.9998660087585448,0
2023-03-29,BUSD,180484104916.0,0.0017695126838709434,0.9982304873161291,1.001769512683871,0.9990580081939696,1.000733971595764,0.9997389912605286,0
2023-03-30,BUSD,178977323521.0,0.0017744645612781797,0.9982255354387218,1.0017744645612783,0.998544991016388,1.000758051872253,0.9999750256538392,0
2023-03-31,BUSD,175840362431.0,0.0017849544720691581,0.9982150455279308,1.0017849544720692,0.9991790056228638,1.000239968299866,0.9994789958000184,0
2023-04-01,BUSD,172477211752.0,0.0017964815406433397,0.9982035184593566,1.0017964815406433,0.998773992061615,1.000012040138245,0.9997180104255676,0
2023-04-02,BUSD,167096901032.0,0.0018155597028068065,0.9981844402971932,1.001815559702807,0.9990440011024476,1.000195980072021,0.9996169805526732,0
2023-04-03,BUSD,167720045822.0,0.0018133084103713042,0.9981866915896287,1.0018133084103713,0.9992499947547911,1.000288009643555,0.999737024307251,0
2023-04-04,BUSD,167188768955.0,0.0018152271002058378,0.9981847728997941,1.0018152271002059,0.9990540146827698,1.00048303604126,0.9996169805526732,0
2023-04-05,BUSD,165965516203.0,0.0018196759127364895,0.9981803240872635,1.0018196759127365,0.9991509914398192,1.000378012657166,1.000200986862183,0
2023-04-06,BUSD,163141992777.0,0.001830113729182771,0.9981698862708173,1.0018301137291827,0.9992089867591858,1.000453948974609,1.000058054924011,0
2023-04-07,BUSD,160213348674.0,0.0018411977438441186,0.9981588022561558,1.0018411977438442,0.9993900060653688,1.000342965126038,0.9997779726982116,0
2023-04-08,BUSD,156103971784.0,0.0018572142859158397,0.9981427857140842,1.001857214285916,0.9993429780006408,1.000313997268677,0.999891996383667,0
2023-04-09,BUSD,148692197807.0,0.0018875737962901014,0.9981124262037099,1.00188757379629,0.9992420077323914,1.002182006835938,1.000015020370483,1
2023-04-10,BUSD,143489067200.0,0.0019101188739935294,0.9980898811260065,1.0019101188739936,0.9995409846305848,1.000568032264709,1.00029194355011,0
2023-04-11,BUSD,141198563287.0,0.0019203920853898934,0.9980796079146101,1.0019203920853899,0.9987810254096984,1.000838041305542,1.00031304359436,0
2023-04-12,BUSD,134858084319.0,0.0019500287061680044,0.998049971293832,1.001950028706168,0.9997529983520508,1.00096595287323,1.000561952590942,0
2023-04-13,BUSD,127988106074.0,0.001984312778502975,0.998015687221497,1.001984312778503,0.9998630285263062,1.001077055931091,1.000553011894226,0
2023-04-14,BUSD,123657265343.0,0.0020072129673618126,0.9979927870326382,1.0020072129673618,0.9999510049819946,1.000974059104919,1.000493049621582,0
2023-04-15,BUSD,120141472606.0,0.002026604563991198,0.9979733954360088,1.0020266045639912,0.9995539784431458,1.000885009765625,1.000233054161072,0
2023-04-16,BUSD,113548390259.0,0.0020650932766333252,0.9979349067233667,1.0020650932766333,0.9993090033531188,1.000849008560181,0.9999979734420776,0
2023-04-17,BUSD,109051167305.0,0.0020930995954654514,0.9979069004045346,1.0020930995954656,0.9993829727172852,1.000648975372314,1.00025999546051,0
2023-04-18,BUSD,105760480755.0,0.0021145868537302093,0.9978854131462698,1.0021145868537302,0.999081015586853,1.000722050666809,0.9997680187225342,0
2023-04-19,BUSD,102091123588.0,0.0021396233994920087,0.997860376600508,1.002139623399492,0.9989839792251588,1.001026034355164,0.9997770190238952,0
2023-04-20,BUSD,99106442913.0,0.002160890218893646,0.9978391097811063,1.0021608902188937,0.9981330037117004,1.000939011573792,1.000200033187866,0
2023-04-21,BUSD,96884651448.0,0.0021772836247279316,0.9978227163752721,1.002177283624728,0.9994819760322572,1.001726031303406,0.9999399781227112,0
2023-04-22,BUSD,94457969932.0,0.002195771433989779,0.9978042285660103,1.0021957714339897,0.9995049834251404,1.001083970069885,0.9997410178184508,0
2023-04-23,BUSD,92978118358.0,0.002207359562948173,0.9977926404370518,1.0022073595629482,0.9991419911384584,1.000509023666382,1.0,0
2023-04-24,BUSD,92592414261.0,0.0022104203182611365,0.9977895796817389,1.0022104203182611,0.999530017375946,1.000676989555359,0.99993497133255,0
2023-04-25,BUSD,92474644312.0,0.0022113582714288448,0.9977886417285712,1.002211358271429,0.99864399433136,1.00069797039032,1.000216007232666,0
2023-04-26,BUSD,92946157595.0,0.0022076125438596573,0.9977923874561403,1.0022076125438597,0.9993510246276855,1.001206994056702,0.9998229742050172,0
2023-04-27,BUSD,93129363908.0,0.0022061639708154243,0.9977938360291846,1.0022061639708155,0.999422013759613,1.000785946846008,1.000421047210693,0
2023-04-28,BUSD,92204854544.0,0.0022135129696092136,0.9977864870303907,1.0022135129696093,0.9999719858169556,1.000748991966248,1.000236034393311,0
2023-04-29,BUSD,90177935981.0,0.002229974531764373,0.9977700254682357,1.0022299745317644,0.999680995941162,1.001158952713013,1.000177979469299,0
2023-04-30,BUSD,89425111659.0,0.0022362147254340646,0.9977637852745659,1.002236214725434,0.9988420009613036,1.001309037208557,0.999701976776123,0
2023-05-01,BUSD,90045463537.0,0.0022310675552826733,0.9977689324447173,1.0022310675552826,0.9992420077323914,1.000910997390747,0.9999570250511168,0
2023-05-02,BUSD,90131993132.0,0.0022303533612901627,0.9977696466387098,1.0022303533612902,0.9997190237045288,1.001108050346375,1.000437021255493,0
2023-05-03,BUSD,89142853916.0,0.0022385724537843195,0.9977614275462157,1.0022385724537843,0.99993097782135,1.000771045684814,1.000416994094849,0
2023-05-04,BUSD,88166964496.0,0.002246801492851341,0.9977531985071486,1.0022468014928514,1.0001620054245,1.001587986946106,1.000920057296753,0
2023-05-05,BUSD,87537107991.0,0.002252177429579537,0.9977478225704205,1.0022521774295796,1.000334024429321,1.002025008201599,1.00117301940918,0
2023-05-06,BUSD,87340818185.0,0.0022538633488561888,0.9977461366511438,1.0022538633488562,0.9999949932098388,1.001644968986511,1.001147031784058,0
2023-05-07,BUSD,87001298942.0,0.00225679141511471,0.9977432085848853,1.0022567914151148,0.9997929930686952,1.001536011695862,1.000648021697998,0
2023-05-08,BUSD,87611315057.0,0.0022515413827892124,0.9977484586172108,1.0022515413827893,0.9999210238456726,1.001036047935486,1.000375032424927,0
2023-05-09,BUSD,87381075441.0,0.002253517170575286,0.9977464828294247,1.0022535171705753,0.9991030097007751,1.001976013183594,1.000412940979004,0
2023-05-10,BUSD,87084935568.0,0.002256068707350311,0.9977439312926497,1.0022560687073503,0.9993249773979188,1.001024961471558,1.000257015228271,0
2023-05-11,BUSD,85552009967.0,0.0022694638059473442,0.9977305361940526,1.0022694638059473,0.9996039867401124,1.001029014587402,1.00036096572876,0
2023-05-12,BUSD,84253995497.0,0.002281058893648884,0.9977189411063511,1.0022810588936488,1.000092029571533,1.000924944877625,1.000502943992615,0
2023-05-13,BUSD,82177503523.0,0.002300112185497104,0.9976998878145029,1.002300112185497,0.9998520016670228,1.000723004341125,1.000308990478516,0
2023-05-14,BUSD,79290074988.0,0.0023277002709421045,0.9976722997290579,1.002327700270942,0.999504029750824,1.001062035560608,0.9998310208320618,0
2023-05-15,BUSD,78532206988.0,0.0023351640666551057,0.9976648359333449,1.0023351640666551,0.9994300007820128,1.000643968582153,1.0000079870224,0
2023-05-16,BUSD,77672117831.0,0.0023437517950573505,0.9976562482049427,1.0023437517950573,0.9994800090789796,1.00061297416687,1.000195980072021,0
2023-05-17,BUSD,76454294625.0,0.0023561306636228833,0.9976438693363772,1.0023561306636228,0.9994969964027404,1.000661015510559,0.9997599720954896,0
2023-05-18,BUSD,75143772725.0,0.002369748923950246,0.9976302510760497,1.0023697489239503,0.9994249939918518,1.000416040420532,1.000002026557922,0
2023-05-19,BUSD,72800025404.0,0.0023949116119485435,0.9976050883880515,1.0023949116119486,0.9997360110282898,1.000416994094849,1.000216960906982,0
2023-05-20,BUSD,70507109280.0,0.0024205962911836056,0.9975794037088164,1.0024205962911836,0.999809980392456,1.000440955162048,0.9999849796295166,0
2023-05-21,BUSD,68491483955.0,0.002444112214224472,0.9975558877857755,1.0024441122142245,0.9995179772377014,1.000396013259888,0.9999859929084778,0
2023-05-22,BUSD,68070280694.0,0.0024491430535435836,0.9975508569464564,1.0024491430535436,0.9994480013847352,1.00061297416687,0.9998959898948668,0
2023-05-23,BUSD,68383583687.0,0.00244539703418115,0.9975546029658189,1.0024453970341811,0.99925297498703,1.000161051750183,0.9997159838676452,0
2023-05-24,BUSD,68559744615.0,0.002443300794860352,0.9975566992051397,1.0024433007948603,0.9991580247879028,1.000051021575928,0.999891996383667,0
2023-05-25,BUSD,67996343860.0,0.002450030436005207,0.9975499695639948,1.0024500304360051,0.9995520114898682,1.000556945800781,1.000211954116821,0
2023-05-26,BUSD,65645382985.0,0.0024789357528127035,0.9975210642471873,1.0024789357528128,0.999970018863678,1.000542044639587,1.000355958938599,0
2023-05-27,BUSD,63300222176.0,0.002509178678771982,0.997490821321228,1.0025091786787719,0.9996880292892456,1.000874996185303,1.000148057937622,0
2023-05-28,BUSD,62400192092.0,0.0025211848638057614,0.9974788151361942,1.0025211848638058,0.9994940161705016,1.00075101852417,0.999974012374878,0
2023-05-29,BUSD,62441144433.0,0.002520633565974645,0.9974793664340253,1.0025206335659747,0.99965500831604,1.00075101852417,1.000161051750183,0
2023-05-30,BUSD,61851844359.0,0.0025286134783425885,0.9974713865216575,1.0025286134783427,0.999226987361908,1.000478029251099,1.000167012214661,0
2023-05-31,BUSD,60853319781.0,0.0025423689437909834,0.997457631056209,1.002542368943791,0.9996280074119568,1.000501036643982,1.000066995620728,0
2023-06-01,BUSD,59964506334.0,0.002554868660989914,0.9974451313390101,1.00255486866099,0.9997900128364564,1.000504970550537,1.000296950340271,0
2023-06-02,BUSD,58871734149.0,0.0025705796023976716,0.9974294203976023,1.0025705796023976,0.9992460012435912,1.000555038452148,1.000180959701538,0
2023-06-03,BUSD,58042615964.0,0.0025827617188207866,0.9974172382811792,1.0025827617188208,0.9998700022697448,1.000434041023254,1.000156998634338,0
2023-06-04,BUSD,56909480586.0,0.0025997911402179286,0.9974002088597821,1.002599791140218,0.9988510012626648,1.000332951545715,0.999783992767334,0
2023-06-05,BUSD,57466766134.0,0.0025913599786534735,0.9974086400213465,1.0025913599786536,0.9992899894714355,1.000574946403503,0.9997910261154176,0
2023-06-06,BUSD,58280602652.0,0.002579241385389988,0.99742075861461,1.00257924138539,0.9991310238838196,1.000321984291077,0.9998430013656616,0
2023-06-07,BUSD,57682093643.0,0.0025881314385345572,0.9974118685614655,1.0025881314385345,0.9993759989738464,1.00029194355011,0.9998850226402284,0
2023-06-08,BUSD,57473548812.0,0.002591258035805304,0.9974087419641947,1.0025912580358054,0.9992660284042358,1.000409007072449,0.9999679923057556,0
2023-06-09,BUSD,56551899842.0,0.0026052591718177015,0.9973947408281822,1.0026052591718178,0.9972730278968812,1.000550985336304,0.9996150135993958,1
2023-06-10,BUSD,57545571835.0,0.002590176526858685,0.9974098234731413,1.0025901765268588,0.9993919730186462,1.00019896030426,0.9997640252113342,0
2023-06-11,BUSD,56485077529.0,0.0026062861146656847,0.9973937138853343,1.0026062861146656,0.9988330006599426,1.000277042388916,0.999758005142212,0
2023-06-12,BUSD,57324807157.0,0.002593497293982873,0.9974065027060172,1.002593497293983,0.9989449977874756,1.000695943832397,0.999813973903656,0
2023-06-13,BUSD,58572223003.0,0.0025749537384961245,0.9974250462615039,1.002574953738496,0.9983590245246888,1.000133037567139,0.9996579885482788,0
2023-06-14,BUSD,59044263304.0,0.002568073388822109,0.9974319266111779,1.002568073388822,0.9970329999923706,1.000450015068054,0.9997069835662842,1
2023-06-15,BUSD,60756045165.0,0.0025437250562768115,0.9974562749437232,1.0025437250562768,0.9993339776992798,1.001358985900879,1.000079035758972,0
2023-06-16,BUSD,60843100176.0,0.002542511280126727,0.9974574887198733,1.0025425112801267,0.9997130036354064,1.000730037689209,1.000082969665527,0
2023-06-17,BUSD,60626725770.0,0.0025455323965637125,0.9974544676034363,1.0025455323965637,0.9985129833221436,1.000563025474548,0.9999960064888,0
2023-06-18,BUSD,60409312052.0,0.002548582539168231,0.9974514174608318,1.0025485825391682,0.999468982219696,1.000430941581726,1.000200033187866,0
2023-06-19,BUSD,61002232596.0,0.0025402985288852267,0.9974597014711147,1.0025402985288852,0.9996950030326844,1.001667022705078,1.000728011131287,0
2023-06-20,BUSD,62049333909.0,0.002525927951382583,0.9974740720486174,1.0025259279513825,0.9993939995765686,1.001402020454407,1.000098943710327,0
2023-06-21,BUSD,64026567387.0,0.0024996541661846585,0.9975003458338153,1.0024996541661846,0.9992669820785522,1.000774025917053,0.9998469948768616,0
2023-06-22,BUSD,64516342021.0,0.0024933127323767093,0.9975066872676233,1.0024933127323767,0.9993659853935242,1.001065015792847,1.00049102306366,0
2023-06-23,BUSD,64950938602.0,0.002487739238251876,0.9975122607617481,1.0024877392382519,0.9998549818992616,1.000784993171692,1.000216960906982,0
2023-06-24,BUSD,65099676014.0,0.0024858431609353355,0.9975141568390646,1.0024858431609354,0.999737024307251,1.000623941421509,1.00029194355011,0
2023-06-25,BUSD,65425546154.0,0.0024817091452301893,0.9975182908547698,1.0024817091452303,0.9988920092582704,1.000570058822632,1.000008940696716,0
2023-06-26,BUSD,67016803339.0,0.0024619095737498354,0.9975380904262502,1.00246190957375,0.9994339942932128,1.000568032264709,0.9999030232429504,0
2023-06-27,BUSD,67560816788.0,0.0024552838255018014,0.9975447161744982,1.0024552838255019,0.9988009929656982,1.000270962715149,0.9996389746665956,0
2023-06-28,BUSD,68251862556.0,0.002446969169389042,0.997553030830611,1.0024469691693891,0.9994289875030518,1.00098705291748,0.999853014945984,0
2023-06-29,BUSD,68814740782.0,0.0024402791385656846,0.9975597208614343,1.0024402791385656,0.9972789883613586,1.001778960227966,1.000370025634766,1
2023-06-30,BUSD,70885566989.0,0.002416280751090266,0.9975837192489098,1.0024162807510903,0.9996560215950012,1.000604033470154,1.000169992446899,0
2023-07-01,BUSD,71180944207.0,0.002412933863792868,0.9975870661362072,1.0024129338637928,0.9984899759292604,1.000687956809998,1.000131964683533,0
2023-07-02,BUSD,71717444678.0,0.0024069019437203947,0.9975930980562796,1.0024069019437203,0.9996820092201232,1.00066602230072,1.000177979469299,0
2023-07-03,BUSD,73200351813.0,0.0023905377738525878,0.9976094622261474,1.0023905377738527,0.9995329976081848,1.000687956809998,1.000059962272644,0
2023-07-04,BUSD,73866591844.0,0.0023833289016136896,0.9976166710983864,1.0023833289016137,0.9995999932289124,1.000520944595337,1.000061988830566,0
2023-07-05,BUSD,73143918540.0,0.002391152412286818,0.9976088475877132,1.0023911524122868,0.999550998210907,1.000615954399109,0.999862015247345,0
2023-07-06,BUSD,73575985699.0,0.0023864626240121724,0.9976135373759878,1.0023864626240122,0.9995089769363404,1.000717043876648,1.000188946723938,0
2023-07-07,BUSD,73141925604.0,0.002391174129746416,0.9976088258702536,1.0023911741297464,0.9998250007629396,1.000645041465759,1.000144004821777,0
2023-07-08,BUSD,72746057932.0,0.0023955036961613575,0.9976044963038386,1.0023955036961614,0.9998250007629396,1.000676989555359,1.000038981437683,0
2023-07-09,BUSD,72220574193.0,0.0024012996321519154,0.997598700367848,1.0024012996321519,0.9995750188827516,1.000529050827026,1.000074028968811,0
2023-07-10,BUSD,71464454356.0,0.0024097388121402615,0.9975902611878598,1.0024097388121402,0.9997559785842896,1.000509977340698,1.000151991844177,0
2023-07-11,BUSD,71711257270.0,0.0024069711660276035,0.9975930288339724,1.0024069711660275,0.9995999932289124,1.000959992408752,0.9999489784240724,0
2023-07-12,BUSD,71451183497.0,0.0024098879924279713,0.9975901120075721,1.002409887992428,0.9997649788856506,1.001548051834106,1.000669956207275,0
2023-07-13,BUSD,72390658080.0,0.0023994175170147652,0.9976005824829852,1.0023994175170148,0.9997820258140564,1.000761985778809,1.000602006912231,0
2023-07-14,BUSD,73325329489.0,0.002389178835730475,0.9976108211642696,1.0023891788357304,0.9998030066490172,1.000779986381531,1.0001300573349,0
2023-07-15,BUSD,71736475813.0,0.0024066890807076936,0.9975933109192923,1.0024066890807077,0.999215006828308,1.000677943229675,1.00009298324585,0
2023-07-16,BUSD,71156740653.0,0.0024132074146147723,0.9975867925853852,1.0024132074146148,0.9996680021286012,1.000427007675171,0.9999809861183168,0
2023-07-17,BUSD,71483657175.0,0.0024095230149252618,0.9975904769850747,1.0024095230149253,0.999550998210907,1.000547051429749,1.000177979469299,0
2023-07-18,BUSD,71659988330.0,0.0024075450494710163,0.997592454950529,1.002407545049471,0.9995030164718628,1.000437021255493,1.000025987625122,0
2023-07-19,BUSD,71500255663.0,0.002409336546901593,0.9975906634530984,1.0024093365469016,0.9996479749679564,1.00046694278717,1.000108957290649,0
2023-07-20,BUSD,71078104267.0,0.00241409702740043,0.9975859029725995,1.0024140970274005,0.9997509717941284,1.00047504901886,1.000190019607544,0
2023-07-21,BUSD,68713228031.0,0.0024414802540186284,0.9975585197459814,1.0024414802540187,0.9998720288276672,1.000687003135681,1.000072002410889,0
2023-07-22,BUSD,67073961545.0,0.0024612100557744794,0.9975387899442255,1.0024612100557744,0.9996539950370787,1.000524997711182,0.9999409914016724,0
2023-07-23,BUSD,65260324779.0,0.0024838017175820197,0.997516198282418,1.0024838017175821,0.9993420243263244,1.000502943992615,1.000005006790161,0
2023-07-24,BUSD,64903030076.0,0.002488351200469136,0.9975116487995309,1.0024883512004692,0.9997940063476562,1.000493049621582,0.9999819993972778,0
2023-07-25,BUSD,64132642353.0,0.002498275268526702,0.9975017247314732,1.0024982752685268,0.9996190071105956,1.000566005706787,0.9999679923057556,0
2023-07-26,BUSD,62941851956.0,0.002513931815483086,0.9974860681845169,1.002513931815483,0.9996950030326844,1.000331044197083,0.9999610185623168,0
2023-07-27,BUSD,61984845954.0,0.002526803624934767,0.9974731963750653,1.0025268036249348,0.9994909763336182,1.000504016876221,1.000290989875793,0
2023-07-28,BUSD,60846857838.0,0.002542458940559062,0.997457541059441,1.0025424589405592,0.9998329877853394,1.000594973564148,1.000167012214661,0
2023-07-29,BUSD,59542087182.0,0.002560896236557692,0.9974391037634424,1.0025608962365578,0.9998509883880616,1.000655055046082,0.9999939799308776,0
2023-07-30,BUSD,56737726953.0,0.0026024118171987724,0.9973975881828012,1.0026024118171988,0.999439001083374,1.000442028045654,1.000026941299438,0
2023-07-31,BUSD,56107212195.0,0.0026121238821296125,0.9973878761178704,1.0026121238821295,0.999351978302002,1.001091003417969,1.000347018241882,0
2023-08-01,BUSD,55950145541.0,0.0026145659028069053,0.997385434097193,1.002614565902807,0.9996790289878844,1.000576019287109,0.9998769760131836,0
2023-08-02,BUSD,55149218660.0,0.002627162151163912,0.9973728378488361,1.002627162151164,0.9993460178375244,1.000408053398132,1.000201940536499,0
2023-08-03,BUSD,54447940772.0,0.002638393167031958,0.997361606832968,1.002638393167032,0.998203992843628,1.000491976737976,0.9999610185623168,0
2023-08-04,BUSD,53496869210.0,0.0026539366042183567,0.9973460633957817,1.0026539366042184,0.9997180104255676,1.000465989112854,1.000197052955627,0
2023-08-05,BUSD,51424796318.0,0.002689113543046078,0.9973108864569539,1.002689113543046,0.9995160102844238,1.000512003898621,0.9996219873428344,0
2023-08-06,BUSD,50255611073.0,0.0027098077507995977,0.9972901922492003,1.0027098077507997,0.9993159770965576,1.000354051589966,1.000164985656738,0
2023-08-07,BUSD,50200974840.0,0.0027107904674976285,0.9972892095325023,1.0027107904674977,0.999891996383667,1.001559972763062,1.000646948814392,0
2023-08-08,BUSD,50462946829.0,0.002706091418272033,0.997293908581728,1.002706091418272,1.000030994415283,1.001041054725647,1.000218987464905,0
2023-08-09,BUSD,49345879881.0,0.002726358951039654,0.9972736410489603,1.0027263589510396,0.999571979045868,1.000473976135254,1.000113964080811,0
2023-08-10,BUSD,48690136957.0,0.0027385436522480953,0.9972614563477519,1.002738543652248,0.9996989965438844,1.00055205821991,1.000087022781372,0
2023-08-11,BUSD,47718898771.0,0.0027569984953949743,0.997243001504605,1.002756998495395,0.9999949932098388,1.000568032264709,1.000174045562744,0
2023-08-12,BUSD,44951467250.0,0.0028124536636767437,0.9971875463363232,1.0028124536636767,0.9997310042381288,1.00042200088501,0.9998430013656616,0
2023-08-13,BUSD,42533900187.0,0.002864760132232389,0.9971352398677676,1.0028647601322325,0.9995549917221068,1.000542998313904,1.000357031822205,0
2023-08-14,BUSD,41897763846.0,0.0028791859773327068,0.9971208140226673,1.0028791859773327,0.9994320273399352,1.00035297870636,0.999746024608612,0
2023-08-15,BUSD,41598334175.0,0.002886077706915371,0.9971139222930846,1.0028860777069153,0.9993690252304076,1.000630974769592,0.9999319911003112,0
2023-08-16,BUSD,40869885829.0,0.0029031235928224436,0.9970968764071776,1.0029031235928225,0.9990059733390808,1.001474976539612,1.000960946083069,0
2023-08-17,BUSD,41670409681.0,0.0028844127720142063,0.9971155872279858,1.0028844127720142,0.9997379779815674,1.001458048820496,1.000538945198059,0
2023-08-18,BUSD,41925377895.0,0.0028785537155339622,0.9971214462844661,1.002878553715534,1.000026941299438,1.001067042350769,1.000339984893799,0
2023-08-19,BUSD,41072388209.0,0.0028983445649473495,0.9971016554350527,1.0028983445649473,0.9998769760131836,1.000694990158081,1.000213980674744,0
2023-08-20,BUSD,40621048855.0,0.002909039527253261,0.9970909604727467,1.0029090395272533,0.999714970588684,1.000974059104919,0.9999859929084778,0
2023-08-21,BUSD,40588741307.0,0.0029098111616681836,0.9970901888383318,1.002909811161668,0.999123990535736,1.000967025756836,1.000038981437683,0
2023-08-22,BUSD,40517911838.0,0.002911505724161255,0.9970884942758388,1.0029115057241613,0.99965900182724,1.000815033912659,1.000578045845032,0
2023-08-23,BUSD,39994879497.0,0.002924142519208715,0.9970758574807913,1.0029241425192088,0.999908983707428,1.001248002052307,1.000661015510559,0
2023-08-24,BUSD,39817384876.0,0.002928481078525697,0.9970715189214743,1.0029284810785257,0.999800980091095,1.000921964645386,1.000342965126038,0
2023-08-25,BUSD,39262047585.0,0.0029422236696126335,0.9970577763303874,1.0029422236696126,0.9998570084571838,1.000579953193665,1.000342011451721,0
2023-08-26,BUSD,38556777974.0,0.0029600548261099068,0.99703994517389,1.00296005482611,1.000090003013611,1.000764966011047,1.000450968742371,0
2023-08-27,BUSD,37933382829.0,0.0029761819286783374,0.9970238180713217,1.0029761819286784,0.9997270107269288,1.000679016113281,1.00018298625946,0
2023-08-28,BUSD,37840448601.0,0.0029786163875613154,0.9970213836124386,1.0029786163875614,0.9997950196266174,1.002195000648499,1.000452995300293,0
2023-08-29,BUSD,38039155096.0,0.002973420828637005,0.997026579171363,1.002973420828637,0.9996870160102844,1.000601053237915,1.000236988067627,0
2023-08-30,BUSD,37772027813.0,0.0029804138053939858,0.9970195861946061,1.002980413805394,0.9995920062065125,1.001355051994324,1.000005960464478,0
2023-08-31,BUSD,36912379064.0,0.0030033733373486067,0.9969966266626514,1.0030033733373487,0.9994699954986572,1.000691056251526,1.000288963317871,0
2023-09-01,BUSD,36177879798.0,0.0030235625871292892,0.9969764374128707,1.0030235625871293,1.000157952308655,1.001044988632202,1.000900030136108,0
2023-09-02,BUSD,35506657926.0,0.003042496364453655,0.9969575036355464,1.0030424963644538,0.9999579787254332,1.000929951667786,1.000272989273071,0
2023-09-03,BUSD,35024211359.0,0.0030564024911254573,0.9969435975088745,1.0030564024911255,0.9996790289878844,1.000520944595337,0.999987006187439,0
2023-09-04,BUSD,35042467047.0,0.0030558716454872196,0.9969441283545127,1.0030558716454872,0.999373972415924,1.000179052352905,0.9998030066490172,0
2023-09-05,BUSD,35163501531.0,0.0030523614620068455,0.9969476385379932,1.0030523614620068,0.9995070099830629,1.000694990158081,1.000123977661133,0
2023-09-06,BUSD,34669623105.0,0.0030667870910096786,0.9969332129089903,1.0030667870910097,0.9994950294494628,1.000974059104919,1.000753998756409,0
2023-09-07,BUSD,33940804284.0,0.0030885830959388686,0.9969114169040612,1.0030885830959388,0.9999570250511168,1.000977993011475,1.000236034393311,0
2023-09-08,BUSD,33366703020.0,0.0031061963236673003,0.9968938036763327,1.0031061963236674,0.9999369978904724,1.000669002532959,1.000161051750183,0
2023-09-09,BUSD,32802940112.0,0.003123890072660186,0.9968761099273398,1.0031238900726602,0.999737024307251,1.000517964363098,0.9998509883880616,0
2023-09-10,BUSD,32459988911.0,0.003134853218829591,0.9968651467811704,1.0031348532188296,0.9994419813156128,1.000594973564148,1.000100016593933,0
2023-09-11,BUSD,32359544471.0,0.003138093410104832,0.9968619065898952,1.0031380934101048,0.9996880292892456,1.001173973083496,1.000131011009216,0
2023-09-12,BUSD,32167145429.0,0.003144337528520488,0.9968556624714795,1.0031443375285205,0.999767005443573,1.000975012779236,1.000609993934631,0
2023-09-13,BUSD,31631036099.0,0.0031620023915210718,0.9968379976084789,1.003162002391521,0.9998000264167786,1.001587986946106,1.000133037567139,0
2023-09-14,BUSD,30937876213.0,0.003185442970062018,0.9968145570299379,1.003185442970062,0.9998090267181396,1.000800967216492,1.000524044036865,0
2023-09-15,BUSD,30162499594.0,0.003212508042854405,0.9967874919571456,1.0032125080428544,0.9999979734420776,1.000960946083069,1.000501036643982,0
2023-09-16,BUSD,28100470556.0,0.0032892392893709116,0.9967107607106291,1.0032892392893709,1.000120043754578,1.00076699256897,1.000520944595337,0
2023-09-17,BUSD,26686420576.0,0.0033463386634759017,0.9966536613365241,1.003346338663476,0.9998369812965392,1.00075101852417,1.0001540184021,0
2023-09-18,BUSD,26248107636.0,0.0033648625911351974,0.9966351374088648,1.003364862591135,0.9999300241470336,1.000733971595764,1.00029194355011,0
2023-09-19,BUSD,25996335655.0,0.0033756904991748054,0.9966243095008251,1.0033756904991749,0.9997159838676452,1.000622034072876,1.000272035598755,0
2023-09-20,BUSD,25606086380.0,0.0033927531672441045,0.9966072468327559,1.0033927531672442,0.9995229840278624,1.000509977340698,1.000213980674744,0
2023-09-21,BUSD,25234744254.0,0.003409314226953028,0.996590685773047,1.0034093142269531,0.999772012233734,1.000689029693604,1.000481009483337,0
2023-09-22,BUSD,24664095220.0,0.003435407587725671,0.9965645924122744,1.0034354075877256,1.000076055526733,1.000712037086487,1.000550031661987,0
2023-09-23,BUSD,23943346432.0,0.003469538546846963,0.996530461453153,1.003469538546847,0.999908983707428,1.001369953155518,1.000350952148438,0
2023-09-24,BUSD,23400206270.0,0.0034961772147738966,0.9965038227852261,1.003496177214774,0.999701976776123,1.00086498260498,1.000486016273499,0
2023-09-25,BUSD,23333952672.0,0.0034994830617903296,0.9965005169382096,1.0034994830617903,0.9999300241470336,1.000887989997864,1.000327944755554,0
2023-09-26,BUSD,23355121749.0,0.003498425431965767,0.9965015745680342,1.0034984254319657,0.9997569918632508,1.000715017318726,1.000395059585571,0
2023-09-27,BUSD,23270264158.0,0.003502672738424874,0.9964973272615751,1.0035026727384249,0.9999930262565612,1.001350045204163,1.000342965126038,0
2023-09-28,BUSD,22747352420.0,0.003529309252080225,0.9964706907479198,1.0035293092520803,0.999888002872467,1.001368045806885,1.000538945198059,0
2023-09-29,BUSD,22493270802.0,0.0035425484289302207,0.9964574515710698,1.0035425484289302,1.000167012214661,1.000787973403931,1.000447988510132,0
2023-09-30,BUSD,22083342872.0,0.0035643340123687876,0.9964356659876312,1.0035643340123688,0.9999250173568726,1.000849962234497,1.000334978103638,0
2023-10-01,BUSD,21759571743.0,0.003581925527651953,0.9964180744723481,1.003581925527652,0.9996939897537231,1.001109957695007,1.000264048576355,0
2023-10-02,BUSD,21870636898.0,0.0035758518980087434,0.9964241481019912,1.0035758518980087,0.999684989452362,1.000615000724792,0.9999560117721558,0
2023-10-03,BUSD,21718038468.0,0.003584207415189267,0.9964157925848107,1.0035842074151893,0.9997239708900452,1.000828981399536,1.000334978103638,0
2023-10-04,BUSD,21271360926.0,0.003609122096313366,0.9963908779036866,1.0036091220963133,0.999813973903656,1.000831007957458,0.9998980164527892,0
2023-10-05,BUSD,20802565886.0,0.0036360320103135425,0.9963639679896864,1.0036360320103135,0.9996110200881958,1.000823974609375,1.000506043434143,0
2023-10-06,BUSD,20413906413.0,0.003658962514166315,0.9963410374858337,1.0036589625141663,1.000180006027222,1.000939965248108,1.000534057617188,0
2023-10-07,BUSD,19976681592.0,0.003685464375024128,0.9963145356249758,1.0036854643750242,1.00012195110321,1.000843048095703,1.000373959541321,0
2023-10-08,BUSD,19702375831.0,0.0037024891991716538,0.9962975108008284,1.0037024891991717,0.9996650218963624,1.000710964202881,1.000072956085205,0
2023-10-09,BUSD,19687637958.0,0.0037034128448524026,0.9962965871551476,1.0037034128448523,0.999858021736145,1.001036047935486,1.000453948974609,0
2023-10-10,BUSD,19701013743.0,0.0037025745247282462,0.9962974254752718,1.0037025745247283,0.999767005443573,1.000975966453552,1.000265955924988,0
2023-10-11,BUSD,19419737104.0,0.0037203650103434906,0.9962796349896565,1.0037203650103435,0.9996359944343568,1.000722050666809,1.000264048576355,0
2023-10-12,BUSD,19133106324.0,0.003738851117242406,0.9962611488827576,1.0037388511172425,0.9997659921646118,1.001011967658997,1.000671029090881,0
2023-10-13,BUSD,18864199296.0,0.0037565329970859042,0.9962434670029141,1.003756532997086,1.00025200843811,1.000939011573792,1.000656008720398,0
2023-10-14,BUSD,18526728002.0,0.003779204776442365,0.9962207952235577,1.0037792047764424,0.9999390244483948,1.001095056533813,1.000548005104065,0
2023-10-15,BUSD,18557822178.0,0.003777092873625318,0.9962229071263747,1.0037770928736254,0.9997029900550842,1.002871036529541,1.000679969787598,0
2023-10-16,BUSD,18749503895.0,0.003764177314522461,0.9962358226854775,1.0037641773145225,0.9999250173568726,1.001027941703796,1.00053596496582,0
2023-10-17,BUSD,18817140798.0,0.0037596618755878497,0.9962403381244122,1.0037596618755877,1.000080943107605,1.001901984214783,1.000236988067627,0
2023-10-18,BUSD,18622740320.0,0.003772698831328638,0.9962273011686713,1.0037726988313287,0.9997940063476562,1.000800013542175,1.000777959823608,0
2023-10-19,BUSD,18406901326.0,0.0037873877655612426,0.9962126122344388,1.0037873877655612,0.9998570084571838,1.001281023025513,1.000396013259888,0
2023-10-20,BUSD,18230908672.0,0.0037995359805229533,0.996200464019477,1.003799535980523,1.000079035758972,1.001047015190125,1.000625967979431,0
2023-10-21,BUSD,17869479351.0,0.0038249817468455636,0.9961750182531545,1.0038249817468456,0.9998549818992616,1.000949025154114,1.000383973121643,0
2023-10-22,BUSD,17681468300.0,0.003838491274742444,0.9961615087252575,1.0038384912747425,0.9996740221977234,1.001299023628235,1.000717997550964,0
2023-10-23,BUSD,18105467091.0,0.0038082906710418954,0.9961917093289581,1.003808290671042,0.9993799924850464,1.00111997127533,1.000221967697144,0
2023-10-24,BUSD,18414159706.0,0.003786890070439199,0.9962131099295608,1.0037868900704392,0.9995520114898682,1.001029014587402,1.000236034393311,0
2023-10-25,BUSD,18346562154.0,0.0037915352776865005,0.9962084647223135,1.0037915352776865,0.9995099902153016,1.000828981399536,1.000254988670349,0
2023-10-26,BUSD,18190820875.0,0.003802324992949538,0.9961976750070505,1.0038023249929495,0.9996430277824402,1.001557946205139,1.000998020172119,0
2023-10-27,BUSD,17882754124.0,0.0038240350557253574,0.9961759649442746,1.0038240350557253,1.000795006752014,1.002622961997986,1.001811981201172,0
2023-10-28,BUSD,17336246844.0,0.0038638029757853925,0.9961361970242146,1.0038638029757854,1.001381039619446,1.002784967422485,1.00220799446106,0
2023-10-29,BUSD,16886395444.0,0.0038978131360479645,0.996102186863952,1.0038978131360479,1.000164985656738,1.002536058425903,1.000777959823608,0
2023-10-30,BUSD,16611937030.0,0.003919162231932507,0.9960808377680674,1.0039191622319326,0.99992698431015,1.001013994216919,1.000493049621582,0
2023-10-31,BUSD,16289510286.0,0.003944851481663648,0.9960551485183363,1.0039448514816636,0.9997069835662842,1.001584053039551,1.000975012779236,0
2023-11-01,BUSD,15974127247.0,0.003970644023999022,0.996029355976001,1.003970644023999,0.9997069835662842,1.001680016517639,1.000401973724365,0
2023-11-02,BUSD,15886531058.0,0.00397792851694465,0.9960220714830553,1.0039779285169446,0.999710977077484,1.001345992088318,1.000818014144897,0
2023-11-03,BUSD,15708542274.0,0.003992896364979396,0.9960071036350207,1.0039928963649793,1.000360012054443,1.001407027244568,1.000821948051453,0
2023-11-04,BUSD,15365355521.0,0.004022404997244599,0.9959775950027554,1.0040224049972446,0.9999210238456726,1.001595973968506,1.000537991523743,0
2023-11-05,BUSD,15199188745.0,0.004037010360275807,0.9959629896397242,1.0040370103602758,0.9999470114707948,1.00134801864624,1.000743985176086,0
2023-11-06,BUSD,15197892497.0,0.004037125130966065,0.9959628748690339,1.004037125130966,0.9997940063476562,1.001507997512817,1.000522017478943,0
2023-11-07,BUSD,15204066930.0,0.004036578559362934,0.9959634214406371,1.004036578559363,0.9997649788856506,1.001000046730042,1.000352025032043,0
2023-11-08,BUSD,15019882874.0,0.004053011331853531,0.9959469886681465,1.0040530113318535,0.9994440078735352,1.001198053359985,1.000323057174683,0
2023-11-09,BUSD,15131914255.0,0.004042984187480467,0.9959570158125195,1.0040429841874805,0.9992640018463136,1.000833034515381,0.9999619722366332,0
2023-11-10,BUSD,15395086096.0,0.004019814008635724,0.9959801859913643,1.0040198140086358,0.9991999864578248,1.000846028327942,0.9998250007629396,0
2023-11-11,BUSD,15518508358.0,0.004009128796296674,0.9959908712037033,1.0040091287962967,0.9991679787635804,1.000414967536926,0.999983012676239,0
2023-11-12,BUSD,15614327623.0,0.004000911124420334,0.9959990888755796,1.0040009111244204,0.9996119737625122,1.000805974006653,1.00022304058075,0
2023-11-13,BUSD,15876597378.0,0.003978757981628175,0.9960212420183718,1.0039787579816282,0.9992380142211914,1.000849008560181,1.00036096572876,0
2023-11-14,BUSD,15782711573.0,0.003986631800369473,0.9960133681996305,1.0039866318003694,0.9997990131378174,1.001106977462769,1.00065803527832,0
2023-11-15,BUSD,15617212155.0,0.004000664783680815,0.9959993352163192,1.0040006647836808,0.9991210103034972,1.00092601776123,1.000066995620728,0
2023-11-16,BUSD,15626436612.0,0.003999877416623061,0.9960001225833769,1.003999877416623,0.9989050030708312,1.001906037330627,1.000331997871399,0
2023-11-17,BUSD,15608826373.0,0.00400138110267776,0.9959986188973222,1.0040013811026778,0.9994530081748962,1.001140952110291,1.00058901309967,0
2023-11-18,BUSD,15498375415.0,0.00401086404561105,0.995989135954389,1.0040108640456111,0.9998149871826172,1.000882029533386,1.000267028808594,0
2023-11-19,BUSD,15243373520.0,0.004033105996653604,0.9959668940033464,1.0040331059966536,0.9997190237045288,1.00193202495575,0.999912977218628,0
2023-11-20,BUSD,15249105745.0,0.004032600577541899,0.9959673994224582,1.004032600577542,0.9981420040130616,1.001278042793274,0.9990590214729308,0
2023-11-21,BUSD,15357031864.0,0.004023131593212736,0.9959768684067872,1.0040231315932127,0.9989259839057922,1.001191020011902,1.000025033950806,0
2023-11-22,BUSD,14897406793.0,0.004064088042213231,0.9959359119577867,1.0040640880422131,0.9994549751281738,1.00068998336792,1.000074028968811,0
2023-11-23,BUSD,14359783328.0,0.004114187095758664,0.9958858129042414,1.0041141870957586,0.9994549751281738,1.000903964042664,1.000264048576355,0
2023-11-24,BUSD,14134574200.0,0.004135922796046355,0.9958640772039536,1.0041359227960465,0.9998109936714172,1.000625014305115,1.00025999546051,0
2023-11-25,BUSD,13806809557.0,0.004168395213228492,0.9958316047867715,1.0041683952132285,0.9992930293083192,1.000476002693176,0.9996899962425232,0
2023-11-26,BUSD,13692231720.0,0.004179990100512587,0.9958200098994874,1.0041799901005126,0.9994000196456908,1.000915050506592,1.000247955322266,0
2023-11-27,BUSD,13827090089.0,0.004166356253557277,0.9958336437464427,1.0041663562535572,0.9998639822006226,1.001000046730042,1.00048303604126,0
2023-11-28,BUSD,13888613457.0,0.004160195146695377,0.9958398048533046,1.0041601951466954,0.999770998954773,1.000964999198914,1.00010097026825,0
2023-11-29,BUSD,13752182457.0,0.004173907223243555,0.9958260927767565,1.0041739072232436,0.9994549751281738,1.000455975532532,0.9999610185623168,0
2023-11-30,BUSD,13605288086.0,0.004188875178131611,0.9958111248218684,1.0041888751781316,0.999547004699707,1.000553965568542,0.9998520016670228,0
2023-12-01,BUSD,13453890445.0,0.004204529181392735,0.9957954708186073,1.0042045291813928,0.999460995197296,1.000427961349487,1.0001380443573,0
2023-12-02,BUSD,13303796047.0,0.004220282022551857,0.9957797179774481,1.0042202820225519,0.9993039965629578,1.000771999359131,0.9999470114707948,0
2023-12-03,BUSD,13332531151.0,0.004217247903249002,0.995782752096751,1.004217247903249,0.9989150166511536,1.000630021095276,1.000249981880188,0
2023-12-04,BUSD,13704191521.0,0.004178773771927333,0.9958212262280727,1.0041787737719274,0.9989309906959534,1.000501990318298,1.000136017799377,0
2023-12-05,BUSD,13729643262.0,0.004176189998643159,0.9958238100013569,1.0041761899986432,0.9986649751663208,1.000851988792419,0.999114990234375,0
2023-12-06,BUSD,13738903999.0,0.0041752514645344175,0.9958247485354655,1.0041752514645343,0.9985520243644714,1.000849962234497,1.000131011009216,0
2023-12-07,BUSD,13616484820.0,0.004187726702998461,0.9958122732970015,1.0041877267029984,0.9993770122528076,1.000766038894653,0.9998030066490172,0
2023-12-08,BUSD,13573369312.0,0.004192156090164215,0.9958078439098358,1.0041921560901643,0.9988660216331482,1.000583052635193,0.9996970295906068,0
2023-12-09,BUSD,13011464866.0,0.004251654207361343,0.9957483457926387,1.0042516542073614,0.9993919730186462,1.000447034835815,0.9997559785842896,0
2023-12-10,BUSD,12505134306.0,0.004308279593453163,0.9956917204065469,1.0043082795934533,0.9978830218315125,1.002022981643677,1.001222968101501,0
2023-12-11,BUSD,12602155899.0,0.004297194890825873,0.9957028051091741,1.004297194890826,0.9995440244674684,1.004695057868958,1.0035719871521,1
2023-12-12,BUSD,12420074010.0,0.004318092474241182,0.9956819075257588,1.0043180924742412,1.001975059509277,1.006906032562256,1.002653956413269,1
2023-12-13,BUSD,11986306751.0,0.0043695649990914765,0.9956304350009085,1.0043695649990916,0.9998499751091005,1.003535985946655,1.001299977302551,0
2023-12-14,BUSD,11493673336.0,0.0044311220949946285,0.9955688779050054,1.0044311220949946,0.9994239807128906,1.001687049865723,1.000607013702393,0
2023-12-15,BUSD,10966106548.0,0.0045010708206434736,0.9954989291793566,1.0045010708206434,0.999330997467041,1.001260042190552,1.000187993049622,0
2023-12-16,BUSD,10391074903.0,0.004582612916471437,0.9954173870835286,1.0045826129164714,0.9987009763717652,1.001075029373169,0.9998019933700562,0
2023-12-17,BUSD,9916316061.0,0.0046546090884126675,0.9953453909115874,1.0046546090884128,0.9983140230178832,1.0018390417099,1.001469016075134,0
2023-12-18,BUSD,9587765849.0,0.004707180590197366,0.9952928194098026,1.0047071805901973,0.9997209906578064,1.002243995666504,1.001297950744629,0
2023-12-19,BUSD,9302748554.0,0.004754770641852911,0.9952452293581471,1.004754770641853,1.000318050384521,1.003268003463745,1.002086997032166,0
2023-12-20,BUSD,8889761510.0,0.004827288963412288,0.9951727110365877,1.0048272889634122,1.000687956809998,1.003613948822021,1.001749038696289,0
2023-12-21,BUSD,8365509214.0,0.004926092236836989,0.995073907763163,1.004926092236837,1.000141024589539,1.003769040107727,1.001068949699402,0
2023-12-22,BUSD,7991031534.0,0.005001869828048276,0.9949981301719517,1.0050018698280483,0.9998649954795836,1.001644015312195,1.000403046607971,0
2023-12-23,BUSD,7713562168.0,0.005061139857966138,0.9949388601420338,1.005061139857966,0.9992650151252748,1.001706004142761,1.000581026077271,0
2023-12-24,BUSD,7380074149.0,0.0051362532007130715,0.9948637467992869,1.005136253200713,0.9989029765129088,1.001397013664246,1.000030994415283,0
2023-12-25,BUSD,7205043714.0,0.005177512149036434,0.9948224878509636,1.0051775121490365,0.9975690245628356,1.002159953117371,1.001605033874512,0
2023-12-26,BUSD,6886599986.0,0.005256117285503661,0.9947438827144963,1.0052561172855037,0.9976500272750854,1.003394961357117,1.002611041069031,0
2023-12-27,BUSD,6508839919.0,0.0053558960142707866,0.9946441039857292,1.0053558960142708,0.998885989189148,1.00348699092865,1.001093983650208,0
2023-12-28,BUSD,6220285031.0,0.005437466213504456,0.9945625337864955,1.0054374662135044,0.9989140033721924,1.002285003662109,1.001672029495239,0
2023-12-29,BUSD,5916835414.0,0.005528875837363771,0.9944711241626363,1.0055288758373637,0.999055027961731,1.001947045326233,1.000236034393311,0
2023-12-30,BUSD,5660612037.0,0.005611068059151335,0.9943889319408487,1.0056110680591512,0.9985600113868712,1.001191973686218,0.9998109936714172,0
2022-01-30,DAI,15311089497.0,0.004027151503682237,0.9959728484963177,1.0040271515036823,0.998993992805481,1.000887036323547,1.000169992446899,0
2022-01-31,DAI,15216453404.0,0.004035482978877748,0.9959645170211222,1.0040354829788778,0.9990490078926086,1.000774025917053,1.000216960906982,0
2022-02-01,DAI,15235252199.0,0.004033822500057093,0.9959661774999429,1.0040338225000571,0.9987549781799316,1.000789046287537,0.9998360276222228,0
2022-02-02,DAI,15069098593.0,0.00404859413730969,0.9959514058626903,1.0040485941373096,0.9988719820976256,1.000857949256897,1.000262022018433,0
2022-02-03,DAI,14862114243.0,0.00406730244906613,0.9959326975509338,1.004067302449066,0.9992849826812744,1.001340985298157,1.000370979309082,0
2022-02-04,DAI,14581433694.0,0.004093234169661557,0.9959067658303384,1.0040932341696616,0.9988679885864258,1.001041054725647,0.999459981918335,0
2022-02-05,DAI,14385716722.0,0.004111713368638217,0.9958882866313618,1.0041117133686381,0.9991580247879028,1.000970959663391,1.000620007514954,0
2022-02-06,DAI,13965204535.0,0.004152575778165993,0.995847424221834,1.004152575778166,0.9992030262947084,1.001014947891235,0.9999290108680724,0
2022-02-07,DAI,13838274869.0,0.004165233465759667,0.9958347665342403,1.0041652334657596,0.998438000679016,1.001466989517212,0.9996259808540344,0
2022-02-08,DAI,13947541279.0,0.0041543279882636135,0.9958456720117363,1.0041543279882637,0.9990860223770142,1.001049995422363,0.9998540282249452,0
2022-02-09,DAI,13575249262.0,0.0041919625662120066,0.995808037433788,1.004191962566212,0.9985740184783936,1.000771999359131,0.9990630149841307,0
2022-02-10,DAI,13569678035.0,0.004192536177945017,0.995807463822055,1.0041925361779451,0.9982680082321168,1.000388026237488,1.000139951705933,0
2022-02-11,DAI,13619674610.0,0.0041873997492321725,0.9958126002507678,1.004187399749232,0.9987459778785706,1.000671982765198,0.9999200105667114,0
2022-02-12,DAI,13434821680.0,0.004206517479125605,0.9957934825208744,1.0042065174791257,0.9988020062446594,1.000501990318298,0.9993730187416076,0
2022-02-13,DAI,13254399083.0,0.004225518288539428,0.9957744817114605,1.0042255182885393,0.998753011226654,1.000614047050476,0.9997339844703674,0
2022-02-14,DAI,13159627025.0,0.004235637713003579,0.9957643622869964,1.0042356377130035,0.9992120265960692,1.000944018363953,1.000105023384094,0
2022-02-15,DAI,13118749093.0,0.004240032557391005,0.995759967442609,1.004240032557391,0.9990010261535645,1.000725984573364,0.9991480112075806,0
2022-02-16,DAI,12775388280.0,0.004277683322270276,0.9957223166777297,1.0042776833222702,0.9982249736785888,1.000229954719543,0.9990689754486084,0
2022-02-17,DAI,12625480576.0,0.004294547005631151,0.9957054529943689,1.0042945470056313,0.9983710050582886,1.000218987464905,0.9994940161705016,0
2022-02-18,DAI,12497754710.0,0.004309127401931004,0.995690872598069,1.004309127401931,0.998727023601532,1.000496029853821,0.9997490048408508,0
2022-02-19,DAI,12262513589.0,0.004336508141770232,0.9956634918582298,1.0043365081417703,0.9976080060005188,1.000627040863037,0.9993659853935242,0
2022-02-20,DAI,11609653798.0,0.004416317044979507,0.9955836829550205,1.0044163170449796,0.9984570145606996,1.001052975654602,0.9992510080337524,0
2022-02-21,DAI,11039849081.0,0.004491026536063718,0.9955089734639363,1.0044910265360638,0.9983189702033995,1.001019954681396,1.0001300573349,0
2022-02-22,DAI,10993716825.0,0.0044972995757455525,0.9955027004242545,1.0044972995757455,0.9985399842262268,1.00073504447937,0.9994630217552184,0
2022-02-23,DAI,10642221425.0,0.00454627710233492,0.9954537228976651,1.004546277102335,0.9979940056800842,1.001049041748047,1.000246047973633,0
2022-02-24,DAI,10842362720.0,0.0045181296526233,0.9954818703473767,1.0045181296526233,0.998993992805481,1.001333951950073,0.9996529817581176,0
2022-02-25,DAI,10533159517.0,0.004561914200471135,0.9954380857995289,1.0045619142004711,0.9990360140800476,1.001430034637451,1.000192046165466,0
2022-02-26,DAI,10067987888.0,0.004631117200103991,0.995368882799896,1.004631117200104,0.9986889958381652,1.000818967819214,0.9994890093803406,0
2022-02-27,DAI,9850371282.0,0.00466497298662839,0.9953350270133716,1.0046649729866284,0.9982789754867554,1.001888036727905,1.000300049781799,0
2022-02-28,DAI,9799450312.0,0.004673039244542363,0.9953269607554577,1.0046730392445424,0.9990919828414916,1.001358032226562,1.000061988830566,0
2022-03-01,DAI,9863015667.0,0.004662978635847731,0.9953370213641523,1.0046629786358476,0.998757004737854,1.000561952590942,0.9996359944343568,0
2022-03-02,DAI,9948148384.0,0.004649639140509529,0.9953503608594905,1.0046496391405095,0.998606026172638,1.000363945960999,0.9998279809951782,0
2022-03-03,DAI,9883889569.0,0.004659693722569917,0.9953403062774301,1.00465969372257,0.998769998550415,1.000496983528137,0.9997190237045288,0
2022-03-04,DAI,10120966900.0,0.004623022408028529,0.9953769775919715,1.0046230224080286,0.999176025390625,1.001188993453979,1.000046014785767,0
2022-03-05,DAI,10094197807.0,0.00462710544280206,0.9953728945571979,1.004627105442802,0.999171018600464,1.000687003135681,0.999439001083374,0
2022-03-06,DAI,9994728617.0,0.004642404706763919,0.9953575952932361,1.004642404706764,0.9987279772758484,1.000928997993469,0.9998250007629396,0
2022-03-07,DAI,9957091080.0,0.004648246740416432,0.9953517532595836,1.0046482467404165,0.9992200136184692,1.000848054885864,1.000306963920593,0
2022-03-08,DAI,10142452907.0,0.004619755594218167,0.9953802444057819,1.0046197555942182,0.999081015586853,1.000736951828003,1.000205039978027,0
2022-03-09,DAI,10097436159.0,0.004626610736420607,0.9953733892635794,1.0046266107364206,0.9990090131759644,1.00062894821167,1.000141024589539,0
2022-03-10,DAI,9967772205.0,0.004646585846089851,0.9953534141539101,1.0046465858460898,0.9989240169525146,1.000563979148865,0.9994639754295348,0
2022-03-11,DAI,9922553740.0,0.004653633531642867,0.9953463664683572,1.004653633531643,0.999409019947052,1.000764012336731,0.999805986881256,0
2022-03-12,DAI,9622858146.0,0.004701451627538016,0.995298548372462,1.004701451627538,0.9994180202484132,1.000843048095703,0.9994969964027404,0
2022-03-13,DAI,9375747666.0,0.004742398338938144,0.9952576016610618,1.004742398338938,0.9991509914398192,1.000946044921875,1.00067400932312,0
2022-03-14,DAI,9345456681.0,0.004747516583259919,0.9952524834167401,1.00474751658326,0.9991070032119752,1.000694990158081,0.999576985836029,0
2022-03-15,DAI,9419068603.0,0.004735116624145731,0.9952648833758543,1.0047351166241458,0.9991580247879028,1.000532984733582,0.9997959733009338,0
2022-03-16,DAI,9538989852.0,0.004715190075550097,0.9952848099244499,1.00471519007555,0.9990879893302916,1.00070595741272,0.9995999932289124,0
2022-03-17,DAI,9428414564.0,0.004733551537903575,0.9952664484620964,1.0047335515379037,0.9990000128746032,1.000720024108887,0.9998379945755004,0
2022-03-18,DAI,9440581371.0,0.00473151716577371,0.9952684828342263,1.0047315171657738,0.9991400241851808,1.000615000724792,0.9996179938316344,0
2022-03-19,DAI,9280254461.0,0.0047586091844050785,0.9952413908155949,1.0047586091844052,0.9986270070075988,1.000012040138245,0.9992600083351136,0
2022-03-20,DAI,9129793155.0,0.004784607909955241,0.9952153920900447,1.0047846079099552,0.998951017856598,1.000367045402527,0.9990010261535645,0
2022-03-21,DAI,9145158353.0,0.0047819267951218014,0.9952180732048782,1.004781926795122,0.9986389875411988,1.000154972076416,0.9990350008010864,0
2022-03-22,DAI,9193994367.0,0.004773444991955081,0.9952265550080449,1.004773444991955,0.998878002166748,1.000157952308655,0.9998340010643004,0
2022-03-23,DAI,9050965504.0,0.004798457988051692,0.9952015420119483,1.0047984579880518,0.9989680051803588,1.0001300573349,0.999556005001068,0
2022-03-24,DAI,9065913102.0,0.004795819354159386,0.9952041806458406,1.0047958193541593,0.9986270070075988,1.000272989273071,0.9992420077323914,0
2022-03-25,DAI,9112505991.0,0.004787631595308364,0.9952123684046916,1.0047876315953084,0.9989799857139589,1.000381946563721,0.9999330043792723,0
2022-03-26,DAI,8629940623.0,0.004875255685606168,0.9951247443143938,1.0048752556856062,0.999110996723175,1.000429034233093,0.999970018863678,0
2022-03-27,DAI,8516236825.0,0.004896857017456487,0.9951031429825435,1.0048968570174566,0.9986379742622375,1.000476002693176,0.9992129802703856,0
2022-03-28,DAI,8714266558.0,0.004859479114310235,0.9951405208856897,1.0048594791143102,0.9985399842262268,1.000311017036438,0.999763011932373,0
2022-03-29,DAI,8751724012.0,0.004852536329015383,0.9951474636709846,1.0048525363290153,0.9989050030708312,1.000555038452148,0.9996359944343568,0
2022-03-30,DAI,8704443744.0,0.0048613063731431936,0.9951386936268568,1.0048613063731433,0.9988219738006592,1.000507950782776,0.9998329877853394,0
2022-03-31,DAI,8741813057.0,0.00485436947679258,0.9951456305232074,1.0048543694767926,0.9988870024681092,1.000432014465332,1.000303030014038,0
2022-04-01,DAI,8734075754.0,0.004855802509241157,0.9951441974907589,1.0048558025092411,0.9989150166511536,1.000969052314758,0.9989929795265198,0
2022-04-02,DAI,8792642390.0,0.004844997195125569,0.9951550028048745,1.0048449971951257,0.9988909959793092,1.000506997108459,0.9994789958000184,0
2022-04-03,DAI,8564090532.0,0.004887719227453051,0.995112280772547,1.004887719227453,0.9986680150032043,1.000566005706787,0.9999409914016724,0
2022-04-04,DAI,8651428233.0,0.004871216104359644,0.9951287838956404,1.0048712161043596,0.9987519979476928,1.000558972358704,0.9991070032119752,0
2022-04-05,DAI,8677949820.0,0.004866248563213074,0.995133751436787,1.0048662485632132,0.9981529712677002,1.000437021255493,0.9994930028915404,0
2022-04-06,DAI,8833977574.0,0.004837428614094218,0.9951625713859058,1.0048374286140942,0.9988420009613036,1.000736951828003,0.9996899962425232,0
2022-04-07,DAI,8767319029.0,0.004849657444363902,0.9951503425556361,1.004849657444364,0.9987279772758484,1.000488042831421,0.9993879795074464,0
2022-04-08,DAI,8770597590.0,0.004849053081160463,0.9951509469188395,1.0048490530811605,0.9990910291671752,1.000563979148865,1.000359058380127,0
2022-04-09,DAI,8685084883.0,0.004864915607423519,0.9951350843925765,1.0048649156074234,0.999068021774292,1.000583052635193,0.9994400143623352,0
2022-04-10,DAI,8613308417.0,0.004878391690055356,0.9951216083099447,1.0048783916900554,0.998445987701416,1.000327944755554,0.998874008655548,0
2022-04-11,DAI,9012791235.0,0.004805223173508996,0.995194776826491,1.004805223173509,0.9984760284423828,1.00068998336792,1.000234961509705,0
2022-04-12,DAI,9227688104.0,0.004767628029177164,0.9952323719708228,1.004767628029177,0.9989820122718812,1.000887036323547,1.000169992446899,0
2022-04-13,DAI,9336250618.0,0.004749076509220039,0.9952509234907799,1.00474907650922,0.9991120100021362,1.000545024871826,1.00009298324585,0
2022-04-14,DAI,9413262375.0,0.004736089985446986,0.995263910014553,1.004736089985447,0.9989929795265198,1.000234961509705,1.000002026557922,0
2022-04-15,DAI,9263343004.0,0.00476150324729306,0.9952384967527069,1.004761503247293,0.999119997024536,1.000298976898193,0.9997000098228456,0
2022-04-16,DAI,9177169907.0,0.00477636025549753,0.9952236397445025,1.0047763602554975,0.9990919828414916,1.000175952911377,0.9997400045394896,0
2022-04-17,DAI,9115180827.0,0.004787163241747434,0.9952128367582526,1.0047871632417473,0.9990040063858032,1.000623941421509,0.9998810291290284,0
2022-04-18,DAI,9246500314.0,0.004764392552306418,0.9952356074476936,1.0047643925523064,0.999110996723175,1.000602960586548,0.9999120235443116,0
2022-04-19,DAI,9310123711.0,0.0047535147887329985,0.995246485211267,1.004753514788733,0.9989280104637146,1.00034499168396,0.999646008014679,0
2022-04-20,DAI,9424214291.0,0.0047342546648017425,0.9952657453351983,1.0047342546648017,0.9988549947738647,1.000496983528137,0.9996110200881958,0
2022-04-21,DAI,9486177686.0,0.004723924141519848,0.9952760758584801,1.0047239241415198,0.998540997505188,1.000380992889404,0.9997689723968506,0
2022-04-22,DAI,9555339054.0,0.004712499307480385,0.9952875006925196,1.0047124993074803,0.9988309741020204,1.000174045562744,0.9989029765129088,0
2022-04-23,DAI,9407826463.0,0.004737001992470523,0.9952629980075295,1.0047370019924706,0.9984930157661438,1.000026941299438,0.99938702583313,0
2022-04-24,DAI,9255401191.0,0.004762864764269526,0.9952371352357304,1.0047628647642695,0.9983440041542052,1.000720977783203,0.999882996082306,0
2022-04-25,DAI,9438027172.0,0.004731943955050532,0.9952680560449495,1.0047319439550506,0.9982810020446776,1.000599980354309,0.9999709725379944,0
2022-04-26,DAI,9529624201.0,0.004716734255559055,0.9952832657444409,1.004716734255559,0.99891197681427,1.000496029853821,0.9997910261154176,0
2022-04-27,DAI,9388612479.0,0.004740231247131823,0.9952597687528681,1.0047402312471319,0.998619019985199,1.000578999519348,0.9996690154075624,0
2022-04-28,DAI,9290729565.0,0.004756820100950559,0.9952431798990494,1.0047568201009505,0.9982929825782776,1.000280022621155,0.9998289942741394,0
2022-04-29,DAI,9290075279.0,0.004756931770219129,0.9952430682297809,1.0047569317702192,0.9984620213508606,1.001206994056702,0.9996160268783568,0
2022-04-30,DAI,9252876775.0,0.004763297867726324,0.9952367021322737,1.0047632978677263,0.9989789724349976,1.001250028610229,1.000404953956604,0
2022-05-01,DAI,9126047665.0,0.0047852623827580945,0.9952147376172419,1.004785262382758,0.998889982700348,1.000720977783203,0.9992709755897522,0
2022-05-02,DAI,9112802510.0,0.004787579666931435,0.9952124203330686,1.0047875796669314,0.9986749887466432,1.000537991523743,0.9999629855155944,0
2022-05-03,DAI,9101647410.0,0.004789534775497411,0.9952104652245026,1.0047895347754974,0.9989920258522034,1.001240015029907,1.00020694732666,0
2022-05-04,DAI,9101359506.0,0.004789585277537955,0.9952104147224621,1.004789585277538,0.99856299161911,1.000648975372314,0.9997519850730896,0
2022-05-05,DAI,9201847274.0,0.0047720867107696316,0.9952279132892303,1.0047720867107697,0.998583972454071,1.000450968742371,1.000061988830566,0
2022-05-06,DAI,9093400507.0,0.004790982231596768,0.9952090177684032,1.0047909822315968,0.99897301197052,1.00049901008606,0.9995309710502625,0
2022-05-07,DAI,9037169920.0,0.004800898422945137,0.9951991015770548,1.004800898422945,0.9986720085144044,1.000602006912231,0.9995650053024292,0
2022-05-08,DAI,9107204887.0,0.0047885603402079095,0.9952114396597921,1.0047885603402078,0.996537983417511,1.00074303150177,0.9983389973640442,0
2022-05-09,DAI,9696334385.0,0.00468954605494193,0.995310453945058,1.0046895460549419,0.9981300234794616,1.001389980316162,0.9999200105667114,0
2022-05-10,DAI,10103847283.0,0.004625631965654522,0.9953743680343454,1.0046256319656546,0.9941930174827576,1.001654028892517,1.001273989677429,1
2022-05-11,DAI,11103094459.0,0.004482483041142181,0.9955175169588578,1.004482483041142,0.9956820011138916,1.013774037361145,1.001055002212524,1
2022-05-12,DAI,13027705685.0,0.004249886716303893,0.9957501132836961,1.0042498867163039,0.998753011226654,1.002959966659546,0.999710977077484,0
2022-05-13,DAI,13413774013.0,0.004208716490160052,0.9957912835098399,1.00420871649016,0.9980700016021729,1.001937985420227,1.001531958580017,0
2022-05-14,DAI,13700844947.0,0.0041791139805601955,0.9958208860194399,1.0041791139805603,0.999343991279602,1.002287030220032,1.000813007354736,0
2022-05-15,DAI,14063068742.0,0.004142920823433346,0.9958570791765666,1.0041429208234334,0.9985340237617492,1.001291036605835,0.9997069835662842,0
2022-05-16,DAI,14292325256.0,0.004120649762993873,0.9958793502370061,1.004120649762994,0.9988399744033812,1.001796007156372,1.000615000724792,0
2022-05-17,DAI,14408894010.0,0.004109507566498394,0.9958904924335016,1.0041095075664983,0.9988449811935424,1.001461982727051,0.9990410208702089,0
2022-05-18,DAI,14432372555.0,0.0041072779116962995,0.9958927220883037,1.0041072779116964,0.9989299774169922,1.001878023147583,1.001178026199341,0
2022-05-19,DAI,14566706335.0,0.00409461316418315,0.9959053868358169,1.0040946131641832,0.999435007572174,1.001849055290222,0.9999589920043944,0
2022-05-20,DAI,14909651834.0,0.004062975148919435,0.9959370248510806,1.0040629751489194,0.9995160102844238,1.001453995704651,1.000745058059692,0
2022-05-21,DAI,14878867905.0,0.004065775276365902,0.9959342247236341,1.004065775276366,0.9996230006217957,1.001875042915344,1.001013040542603,0
2022-05-22,DAI,14773208035.0,0.00407544524055802,0.995924554759442,1.004075445240558,0.9990990161895752,1.002171039581299,0.999796986579895,0
2022-05-23,DAI,14866490418.0,0.004066903319355165,0.9959330966806448,1.0040669033193552,0.9980980157852172,1.001649022102356,1.000771045684814,0
2022-05-24,DAI,14975403861.0,0.0040570200330507,0.9959429799669492,1.0040570200330508,0.9991130232810974,1.001374006271362,0.9996169805526732,0
2022-05-25,DAI,14925385247.0,0.004061547001731176,0.9959384529982688,1.0040615470017311,0.9989699721336364,1.002035975456238,0.9996870160102844,0
2022-05-26,DAI,15164585860.0,0.004040078607354952,0.995959921392645,1.004040078607355,0.998960018157959,1.001945972442627,0.9994909763336182,0
2022-05-27,DAI,15390427828.0,0.004020219530870441,0.9959797804691296,1.0040202195308705,0.9992120265960692,1.001575946807861,1.000566005706787,0
2022-05-28,DAI,15319794073.0,0.004026388628160827,0.9959736113718392,1.0040263886281608,0.9993079900741576,1.001588940620422,1.000715970993042,0
2022-05-29,DAI,15157640582.0,0.004040695571988805,0.9959593044280112,1.0040406955719887,0.9995329976081848,1.0016770362854,1.000298976898193,0
2022-05-30,DAI,15148884731.0,0.004041473911227314,0.9959585260887727,1.0040414739112273,0.9990739822387696,1.000983953475952,1.000303030014038,0
2022-05-31,DAI,15142589816.0,0.004042033859702718,0.9959579661402973,1.0040420338597027,0.998121976852417,1.001358032226562,1.000380992889404,0
2022-06-01,DAI,15080053702.0,0.004047613514483614,0.9959523864855164,1.0040476135144836,0.9993339776992798,1.000875949859619,1.000056028366089,0
2022-06-02,DAI,15055951181.0,0.004049772255036683,0.9959502277449633,1.0040497722550368,0.9990569949150084,1.00100302696228,0.9998660087585448,0
2022-06-03,DAI,14977390512.0,0.004056840646232311,0.9959431593537676,1.0040568406462322,0.999171018600464,1.001068949699402,1.000344038009644,0
2022-06-04,DAI,14820841932.0,0.004071074420784366,0.9959289255792156,1.0040710744207844,0.999530017375946,1.001181960105896,1.000062942504883,0
2022-06-05,DAI,14660273919.0,0.004085883426344173,0.9959141165736558,1.0040858834263442,0.9994040131568908,1.001250982284546,0.9998729825019836,0
2022-06-06,DAI,14582612601.0,0.004093123863125255,0.9959068761368748,1.0040931238631252,0.9985910058021544,1.001009941101074,0.9999359846115112,0
2022-06-07,DAI,14565596006.0,0.004094717205061863,0.9959052827949382,1.0040947172050618,0.999064028263092,1.000841975212097,1.000040054321289,0
2022-06-08,DAI,13989159062.0,0.004150204184081189,0.9958497958159188,1.0041502041840813,0.9992219805717468,1.000944018363953,1.000200033187866,0
2022-06-09,DAI,13531772143.0,0.00419644731042847,0.9958035526895715,1.0041964473104286,0.9989920258522034,1.000887036323547,0.9993789792060852,0
2022-06-10,DAI,12253180321.0,0.004337608904174742,0.9956623910958252,1.0043376089041747,0.9984859824180604,1.000988006591797,0.9997640252113342,0
2022-06-11,DAI,10258246748.0,0.004602307364441681,0.9953976926355583,1.0046023073644417,0.9986649751663208,1.001649022102356,0.999897003173828,0
2022-06-12,DAI,9833821160.0,0.004667588538246198,0.9953324114617538,1.0046675885382461,0.9986379742622375,1.001577019691467,1.000766038894653,0
2022-06-13,DAI,10355868856.0,0.004587800094410854,0.9954121999055892,1.0045878000944108,0.9989479780197144,1.001940965652466,1.000401973724365,0
2022-06-14,DAI,10574044026.0,0.004556027063956409,0.9954439729360436,1.0045560270639564,0.9987519979476928,1.002766013145447,1.000977993011475,0
2022-06-15,DAI,11000391991.0,0.004496389720427096,0.9955036102795729,1.004496389720427,0.9987549781799316,1.001896023750305,1.000120043754578,0
2022-06-16,DAI,11068938957.0,0.004487088850035634,0.9955129111499643,1.0044870888500357,0.9994400143623352,1.001649975776672,1.000393986701965,0
2022-06-17,DAI,11107696647.0,0.0044818638884940335,0.995518136111506,1.004481863888494,0.9984470009803772,1.001911044120789,1.001194000244141,0
2022-06-18,DAI,11443701276.0,0.004437562632561228,0.9955624373674388,1.0044375626325612,0.9990670084953308,1.001693964004517,1.000064969062805,0
2022-06-19,DAI,11273739355.0,0.0044597516007025785,0.9955402483992974,1.0044597516007026,0.9987069964408876,1.001736998558044,1.000699043273926,0
2022-06-20,DAI,11304868362.0,0.004455654390704858,0.9955443456092952,1.0044556543907048,0.9990450143814088,1.001636028289795,0.9998419880867004,0
2022-06-21,DAI,11418362177.0,0.004440842751688724,0.9955591572483112,1.0044408427516887,0.9982939958572388,1.001621007919312,0.999110996723175,0
2022-06-22,DAI,11401937921.0,0.00444297404273305,0.9955570259572669,1.004442974042733,0.9990699887275696,1.001428961753845,1.000558018684387,0
2022-06-23,DAI,11418372462.0,0.004440841418338121,0.9955591585816619,1.0044408414183381,0.9990370273590088,1.001260042190552,1.000386953353882,0
2022-06-24,DAI,11498128837.0,0.004430549670853237,0.9955694503291468,1.0044305496708532,0.9992499947547911,1.001343011856079,1.00089704990387,0
2022-06-25,DAI,11194860016.0,0.004470201612403911,0.9955297983875961,1.0044702016124039,0.9991509914398192,1.001474976539612,0.9996039867401124,0
2022-06-26,DAI,10919461085.0,0.004507470900857387,0.9954925290991427,1.0045074709008575,0.998986005783081,1.001147985458374,0.999234974384308,0
2022-06-27,DAI,11010287836.0,0.004495042225742763,0.9955049577742572,1.0044950422257428,0.9988960027694702,1.001284003257751,0.9998909831047058,0
2022-06-28,DAI,11250084306.0,0.004462875185845115,0.9955371248141549,1.004462875185845,0.9994630217552184,1.001121044158936,1.000347971916199,0
2022-06-29,DAI,11243070102.0,0.004463803076216274,0.9955361969237837,1.0044638030762163,0.9989709854125975,1.00120997428894,1.000162959098816,0
2022-06-30,DAI,11337957391.0,0.004451315662843098,0.9955486843371569,1.0044513156628432,0.9990370273590088,1.001682996749878,0.999970018863678,0
2022-07-01,DAI,11438878384.0,0.004438186204134859,0.9955618137958652,1.004438186204135,0.9991369843482972,1.001309990882874,1.000123977661133,0
2022-07-02,DAI,11402564128.0,0.004442892708033588,0.9955571072919664,1.0044428927080336,0.999351978302002,1.001271963119507,1.000218033790588,0
2022-07-03,DAI,11333217841.0,0.004451936089544371,0.9955480639104556,1.0044519360895443,0.9993420243263244,1.001608967781067,1.000787973403931,0
2022-07-04,DAI,11328182821.0,0.004452595573576844,0.9955474044264232,1.0044525955735768,0.9990559816360474,1.00120997428894,0.9998769760131836,0
2022-07-05,DAI,11383063430.0,0.0044454283488570626,0.9955545716511429,1.004445428348857,0.9993540048599244,1.00116503238678,1.00069797039032,0
2022-07-06,DAI,11382500937.0,0.004445501574742817,0.9955544984252572,1.0044455015747429,0.999688982963562,1.001324057579041,1.00042998790741,0
2022-07-07,DAI,11191254486.0,0.004470681621607408,0.9955293183783926,1.0044706816216074,0.9990419745445251,1.001145958900452,0.9995909929275512,0
2022-07-08,DAI,11190632321.0,0.00447076447215613,0.9955292355278439,1.0044707644721562,0.9991819858551024,1.001091003417969,0.9997360110282898,0
2022-07-09,DAI,11138408160.0,0.004477740871965241,0.9955222591280347,1.0044777408719652,0.9987930059432985,1.000964045524597,0.9995089769363404,0
2022-07-10,DAI,11046399548.0,0.0044901386407850165,0.9955098613592149,1.004490138640785,0.9987720251083374,1.000643014907837,0.9994800090789796,0
2022-07-11,DAI,10862231817.0,0.004515373130460709,0.9954846268695393,1.0045153731304608,0.9990079998970032,1.000686049461365,0.999197006225586,0
2022-07-12,DAI,10789245080.0,0.004525532073971424,0.9954744679260286,1.0045255320739714,0.999123990535736,1.001052021980286,1.000993967056274,0
2022-07-13,DAI,9880073021.0,0.004660293639031607,0.9953397063609684,1.0046602936390316,0.999176025390625,1.001327991485596,0.9997900128364564,0
2022-07-14,DAI,9312483621.0,0.004753113219711537,0.9952468867802885,1.0047531132197116,0.9991210103034972,1.000797033309937,0.999974012374878,0
2022-07-15,DAI,8776177466.0,0.0048480251905506115,0.9951519748094494,1.0048480251905507,0.9988980293273926,1.001116991043091,0.9999600052833556,0
2022-07-16,DAI,8585500432.0,0.004883652965298306,0.9951163470347016,1.0048836529652982,0.9989789724349976,1.000820994377136,0.9993429780006408,0
2022-07-17,DAI,8368938835.0,0.0049254192348364345,0.9950745807651635,1.0049254192348365,0.9987260103225708,1.00111997127533,1.000576972961426,0
2022-07-18,DAI,8024186383.0,0.00499497130230943,0.9950050286976906,1.0049949713023094,0.9986780285835266,1.000646948814392,1.000123023986816,0
2022-07-19,DAI,7840688241.0,0.005033637518891983,0.994966362481108,1.005033637518892,0.998251974582672,1.000988960266113,0.9991480112075806,0
2022-07-20,DAI,7787795336.0,0.005045007583994425,0.9949549924160056,1.0050450075839945,0.9984099864959716,1.000982999801636,0.9999960064888,0
2022-07-21,DAI,7725845214.0,0.005058456259974477,0.9949415437400255,1.0050584562599745,0.9987850189208984,1.000681042671204,0.9999489784240724,0
2022-07-22,DAI,7785397086.0,0.0050455255600271465,0.9949544744399729,1.0050455255600272,0.9990059733390808,1.000555992126465,1.000154972076416,0
2022-07-23,DAI,7660820566.0,0.0050727279282954275,0.9949272720717046,1.0050727279282954,0.9992219805717468,1.001024961471558,0.9997869729995728,0
2022-07-24,DAI,7595129138.0,0.0050873108973146204,0.9949126891026854,1.0050873108973146,0.998898983001709,1.000488042831421,0.9993450045585632,0
2022-07-25,DAI,7992706910.0,0.0050015203178282,0.9949984796821718,1.0050015203178282,0.998673975467682,1.00061297416687,1.000570058822632,0
2022-07-26,DAI,8943864678.0,0.004817535535109768,0.9951824644648902,1.0048175355351097,0.9989830255508424,1.001618981361389,0.9999619722366332,0
2022-07-27,DAI,9983982915.0,0.0046440696405337205,0.9953559303594662,1.0046440696405337,0.9987850189208984,1.001013040542603,0.9990209937095642,0
2022-07-28,DAI,10471878566.0,0.0045707956023382425,0.9954292043976618,1.0045707956023382,0.9984099864959716,1.000800013542175,0.999119997024536,0
2022-07-29,DAI,10891264908.0,0.004511357315928857,0.9954886426840711,1.0045113573159288,0.9986039996147156,1.000617027282715,0.9993690252304076,0
2022-07-30,DAI,11009680287.0,0.004495124907773643,0.9955048750922264,1.0044951249077736,0.998769998550415,1.000450015068054,0.9991009831428528,0
2022-07-31,DAI,11858726115.0,0.004385178946601651,0.9956148210533984,1.0043851789466016,0.9988449811935424,1.00053596496582,1.000066995620728,0
2022-08-01,DAI,12578526962.0,0.004299883987719794,0.9957001160122803,1.0042998839877197,0.998317003250122,1.00094997882843,0.9996740221977234,0
2022-08-02,DAI,13283161374.0,0.004222466218578398,0.9957775337814216,1.0042224662185784,0.9988049864768982,1.000676035881042,0.9996640086174012,0
2022-08-03,DAI,13507452538.0,0.004198964309908129,0.9958010356900918,1.004198964309908,0.9985389709472656,1.00069797039032,1.000170946121216,0
2022-08-04,DAI,13909172842.0,0.004158144384201132,0.9958418556157989,1.0041581443842011,0.9990140199661256,1.000900030136108,1.000417947769165,0
2022-08-05,DAI,14311439809.0,0.004118814413752507,0.9958811855862475,1.0041188144137525,0.9990249872207642,1.00046694278717,0.999405026435852,0
2022-08-06,DAI,14657404938.0,0.004086149993703232,0.9959138500062967,1.0040861499937033,0.9988449811935424,1.000414967536926,0.999114990234375,0
2022-08-07,DAI,14789278958.0,0.004073968497276634,0.9959260315027234,1.0040739684972766,0.9989629983901978,1.000754952430725,0.9997259974479676,0
2022-08-08,DAI,17637893259.0,0.003841649718108065,0.9961583502818919,1.003841649718108,0.998511016368866,1.001055955886841,1.000370979309082,0
2022-08-09,DAI,18634696043.0,0.0037718918243023506,0.9962281081756976,1.0037718918243024,0.9988229870796204,1.001610040664673,1.000272035598755,0
2022-08-10,DAI,19153373115.0,0.003737531919558323,0.9962624680804417,1.0037375319195583,0.9984430074691772,1.000638961791992,0.9995539784431458,0
2022-08-11,DAI,19774660251.0,0.003697972323426528,0.9963020276765735,1.0036979723234265,0.9984390139579772,1.00042200088501,0.999746024608612,0
2022-08-12,DAI,20201005709.0,0.003671771694335306,0.9963282283056647,1.0036717716943353,0.9986330270767212,1.000326991081238,0.9996100068092346,0
2022-08-13,DAI,20364250071.0,0.003661934114141944,0.996338065885858,1.003661934114142,0.9980779886245728,1.000430941581726,0.999426007270813,0
2022-08-14,DAI,20455067871.0,0.003656506572388696,0.9963434934276113,1.0036565065723888,0.9979249835014344,1.001201987266541,0.999563992023468,0
2022-08-15,DAI,20850233138.0,0.0036332590293020597,0.996366740970698,1.003633259029302,0.9980859756469728,1.000347018241882,0.9998459815979004,0
2022-08-16,DAI,21194077104.0,0.003613503641208536,0.9963864963587915,1.0036135036412086,0.9969170093536376,1.000944018363953,0.999446988105774,0
2022-08-17,DAI,21407289406.0,0.003601467001364101,0.9963985329986359,1.0036014670013642,0.9984970092773438,1.000646948814392,0.9986600279808044,0
2022-08-18,DAI,21393880348.0,0.0036022192755851535,0.9963977807244149,1.0036022192755851,0.9976990222930908,1.000764012336731,0.9989290237426758,0
2022-08-19,DAI,21871862169.0,0.0035757851231815645,0.9964242148768184,1.0035757851231815,0.9969670176506042,1.001049041748047,1.000619053840637,0
2022-08-20,DAI,22089788993.0,0.0035639872705080975,0.9964360127294919,1.003563987270508,0.9986640214920044,1.001217007637024,0.9997310042381288,0
2022-08-21,DAI,22155268420.0,0.0035604727095063485,0.9964395272904937,1.0035604727095064,0.9976670145988464,1.001376986503601,1.000293970108032,0
2022-08-22,DAI,22416955135.0,0.0035465639271787665,0.9964534360728212,1.0035465639271788,0.9986379742622375,1.001247048377991,0.9998959898948668,0
2022-08-23,DAI,22582566762.0,0.003537872947243216,0.9964621270527568,1.0035378729472433,0.9986900091171264,1.000795006752014,0.9994980096817015,0
2022-08-24,DAI,22355819845.0,0.003549793852288786,0.9964502061477112,1.0035497938522888,0.999090015888214,1.001021981239319,1.000223994255066,0
2022-08-25,DAI,21490031100.0,0.003596838890385436,0.9964031611096146,1.0035968388903855,0.9980279803276062,1.001132965087891,0.9993500113487244,0
2022-08-26,DAI,20754925061.0,0.0036388119319290526,0.996361188068071,1.003638811931929,0.997376024723053,1.000797986984253,1.000156998634338,0
2022-08-27,DAI,20374606001.0,0.0036613135841835624,0.9963386864158165,1.0036613135841836,0.9976040124893188,1.000741004943848,0.9987019896507264,0
2022-08-28,DAI,19995127107.0,0.00368433074543665,0.9963156692545634,1.0036843307454366,0.9987559914588928,1.001083970069885,0.9999179840087892,0
2022-08-29,DAI,20190674632.0,0.003672397839635416,0.9963276021603645,1.0036723978396354,0.9974300265312196,1.000972032546997,0.9990910291671752,0
2022-08-30,DAI,19644692593.0,0.003706109564084561,0.9962938904359154,1.0037061095640845,0.9977740049362184,1.000818014144897,0.9996399879455566,0
2022-08-31,DAI,19326402993.0,0.0037263443861352795,0.9962736556138647,1.0037263443861353,0.9971129894256592,1.000990033149719,0.9998170137405396,0
2022-09-01,DAI,18838074649.0,0.0037582687152924207,0.9962417312847076,1.0037582687152924,0.9981240034103394,1.001086950302124,1.00019097328186,0
2022-09-02,DAI,18880841104.0,0.0037554289877032164,0.9962445710122968,1.0037554289877033,0.998332977294922,1.00047504901886,1.000229001045227,0
2022-09-03,DAI,18511550798.0,0.0037802373226287164,0.9962197626773713,1.0037802373226288,0.9991220235824584,1.000764966011047,1.000270009040833,0
2022-09-04,DAI,18435989736.0,0.0037853947963312987,0.9962146052036687,1.0037853947963313,0.99904602766037,1.001531004905701,1.000184059143066,0
2022-09-05,DAI,18389583315.0,0.0037885762906676693,0.9962114237093324,1.0037885762906678,0.9977489709854126,1.001044988632202,0.9985610246658324,0
2022-09-06,DAI,18596106571.0,0.0037744990859690727,0.996225500914031,1.0037744990859692,0.9985479712486268,1.000745058059692,1.00029194355011,0
2022-09-07,DAI,16151894681.0,0.0039560233104087225,0.9960439766895913,1.0039560233104088,0.998645007610321,1.000839948654175,1.000102996826172,0
2022-09-08,DAI,15353864437.0,0.004023408224969179,0.9959765917750308,1.0040234082249693,0.9990419745445251,1.00101900100708,0.999987006187439,0
2022-09-09,DAI,15128177614.0,0.00404331703076173,0.9959566829692382,1.0040433170307617,0.9990339875221252,1.000506043434143,0.9997159838676452,0
2022-09-10,DAI,14602255320.0,0.004091287704759202,0.9959087122952408,1.0040912877047592,0.9984480142593384,1.000540971755981,1.000197052955627,0
2022-09-11,DAI,14284226934.0,0.0041214283384212475,0.9958785716615788,1.0041214283384212,0.9973719716072084,1.000556945800781,0.9997590184211732,0
2022-09-12,DAI,14362559829.0,0.004113921967051727,0.9958860780329483,1.0041139219670516,0.9965929985046388,1.000296950340271,0.999750018119812,0
2022-09-13,DAI,14857047463.0,0.004067764761300942,0.995932235238699,1.004067764761301,0.9981719851493835,1.000537037849426,1.000116944313049,0
2022-09-14,DAI,14918393808.0,0.0040621813779634685,0.9959378186220366,1.0040621813779635,0.9982349872589112,1.000664949417114,0.9996939897537231,0
2022-09-15,DAI,15090119855.0,0.004046713301621659,0.9959532866983783,1.0040467133016218,0.9984660148620604,1.000648975372314,1.000118017196655,0
2022-09-16,DAI,14956930334.0,0.0040586896411043604,0.9959413103588957,1.0040586896411043,0.9989569783210754,1.000717043876648,1.000156998634338,0
2022-09-17,DAI,14814281989.0,0.00407167523908531,0.9959283247609146,1.0040716752390852,0.9986249804496764,1.000362038612366,0.9993659853935242,0
2022-09-18,DAI,14377042002.0,0.004112540168079899,0.9958874598319201,1.00411254016808,0.9980360269546508,1.000854969024658,0.9993469715118408,0
2022-09-19,DAI,14361805761.0,0.004113993966415171,0.9958860060335848,1.0041139939664152,0.9986289739608764,1.000898003578186,0.9994519948959352,0
2022-09-20,DAI,14284935002.0,0.004121360241045973,0.9958786397589541,1.004121360241046,0.997875988483429,1.001454949378967,1.000048995018005,0
2022-09-21,DAI,14281170380.0,0.004121722349563662,0.9958782776504363,1.0041217223495638,0.9986230134963988,1.001157999038696,0.9996860027313232,0
2022-09-22,DAI,14180761554.0,0.004131427619008535,0.9958685723809915,1.0041314276190085,0.9989539980888368,1.001917004585266,1.000125050544739,0
2022-09-23,DAI,14062184105.0,0.004143007697188055,0.995856992302812,1.004143007697188,0.9986249804496764,1.000820994377136,0.9995539784431458,0
2022-09-24,DAI,14009680052.0,0.004148176825969017,0.995851823174031,1.004148176825969,0.9984700083732604,1.000488042831421,0.9998270273208618,0
2022-09-25,DAI,13643313389.0,0.004184979949936191,0.9958150200500638,1.0041849799499363,0.9986550211906432,1.000702023506165,0.9998679757118224,0
2022-09-26,DAI,13509791902.0,0.004198721930823638,0.9958012780691764,1.0041987219308237,0.9974340200424194,1.001523017883301,0.9998130202293396,0
2022-09-27,DAI,13524433284.0,0.0041972062224801725,0.9958027937775198,1.0041972062224802,0.9981690049171448,1.000998973846436,0.9993879795074464,0
2022-09-28,DAI,13303587955.0,0.004220304026699678,0.9957796959733003,1.0042203040266997,0.9984229803085328,1.001078009605408,1.00008499622345,0
2022-09-29,DAI,13079157049.0,0.004244306595610633,0.9957556934043894,1.0042443065956106,0.998416006565094,1.00078296661377,0.9998180270195008,0
2022-09-30,DAI,12971958386.0,0.004255966012302236,0.9957440339876977,1.0042559660123023,0.9989519715309144,1.00019097328186,0.9994680285453796,0
2022-10-01,DAI,12960285578.0,0.004257243354704082,0.9957427566452959,1.0042572433547041,0.9986220002174376,1.00033700466156,0.9996489882469176,0
2022-10-02,DAI,12726874003.0,0.004283111876416326,0.9957168881235837,1.0042831118764164,0.9990209937095642,1.000980973243713,1.000059962272644,0
2022-10-03,DAI,12928947991.0,0.004260680192458662,0.9957393198075414,1.0042606801924587,0.999167025089264,1.001358985900879,0.9998850226402284,0
2022-10-04,DAI,12724763607.0,0.004283348647350772,0.9957166513526492,1.0042833486473508,0.9989500045776368,1.00062894821167,0.99966698884964,0
2022-10-05,DAI,12480936283.0,0.004311062091612945,0.9956889379083871,1.004311062091613,0.998870015144348,1.000771999359131,0.9995020031929016,0
2022-10-06,DAI,12297143545.0,0.004332433637966284,0.9956675663620337,1.0043324336379662,0.998394012451172,1.00019896030426,0.9996269941329956,0
2022-10-07,DAI,12121949837.0,0.004353205533096031,0.995646794466904,1.004353205533096,0.9988449811935424,1.000229001045227,0.999763011932373,0
2022-10-08,DAI,11895151495.0,0.00438069826578813,0.9956193017342119,1.0043806982657881,0.9990959763526917,1.000236034393311,0.9998859763145448,0
2022-10-09,DAI,11611596817.0,0.00441607069739156,0.9955839293026084,1.0044160706973915,0.99857097864151,1.000512957572937,0.9992560148239136,0
2022-10-10,DAI,11506465734.0,0.004429479375203957,0.995570520624796,1.004429479375204,0.9986519813537598,1.000324964523315,0.9996899962425232,0
2022-10-11,DAI,11523492543.0,0.004427296672472011,0.995572703327528,1.004427296672472,0.9992259740829468,1.000295996665955,0.9992989897727966,0
2022-10-12,DAI,11289051026.0,0.004457734391129058,0.9955422656088709,1.004457734391129,0.9983760118484496,1.001039028167725,0.9996430277824402,0
2022-10-13,DAI,11033189249.0,0.004491929975846255,0.9955080700241538,1.0044919299758464,0.9987220168113708,1.001533031463623,1.000115990638733,0
2022-10-14,DAI,10785519186.0,0.004526053134084363,0.9954739468659156,1.0045260531340843,0.9990829825401306,1.000496029853821,0.99966698884964,0
2022-10-15,DAI,10239265932.0,0.0046051494180141764,0.9953948505819858,1.0046051494180142,0.9992160201072692,1.000627994537354,0.999805986881256,0
2022-10-16,DAI,9973465061.0,0.00464570158709028,0.9953542984129097,1.0046457015870902,0.9990860223770142,1.000651955604553,0.9995589852333068,0
2022-10-17,DAI,10095151156.0,0.004626959782601878,0.9953730402173981,1.0046269597826019,0.9989370107650756,1.000645041465759,0.9996780157089232,0
2022-10-18,DAI,9962746883.0,0.004647366978219736,0.9953526330217802,1.0046473669782197,0.998782992362976,1.000491976737976,1.000107049942017,0
2022-10-19,DAI,9687102449.0,0.004691035314963464,0.9953089646850365,1.0046910353149634,0.9987890124320984,1.000578045845032,0.9997490048408508,0
2022-10-20,DAI,9534787057.0,0.004715882769443514,0.9952841172305564,1.0047158827694436,0.9987109899520874,1.001211047172546,0.9999160170555116,0
2022-10-21,DAI,9302082560.0,0.004754884113688495,0.9952451158863115,1.0047548841136884,0.9991390109062196,1.00060498714447,0.9999240040779114,0
2022-10-22,DAI,9129151984.0,0.0047847199203598185,0.9952152800796402,1.00478471992036,0.9989709854125975,1.001060009002686,1.000170946121216,0
2022-10-23,DAI,9002290206.0,0.004807090853075934,0.995192909146924,1.004807090853076,0.9985870122909546,1.000831007957458,0.9997429847717284,0
2022-10-24,DAI,9024896849.0,0.004803073704608379,0.9951969262953916,1.0048030737046083,0.9983739852905272,1.001919031143188,0.9999539852142334,0
2022-10-25,DAI,9175378059.0,0.004776671158381659,0.9952233288416183,1.0047766711583817,0.9989380240440368,1.001029014587402,0.9997749924659728,0
2022-10-26,DAI,9207690875.0,0.004771076972555731,0.9952289230274443,1.0047710769725557,0.998507022857666,1.000848054885864,0.9997199773788452,0
2022-10-27,DAI,9196516189.0,0.004773008635446827,0.9952269913645532,1.0047730086354467,0.9987360239028932,1.000944972038269,1.000306010246277,0
2022-10-28,DAI,9179784743.0,0.004775906701478592,0.9952240932985215,1.0047759067014785,0.999076008796692,1.000964999198914,1.000241994857788,0
2022-10-29,DAI,9046442590.0,0.004799257543482013,0.995200742456518,1.004799257543482,0.9988530278205872,1.000416040420532,1.000041007995605,0
2022-10-30,DAI,8786004854.0,0.00484621696637617,0.9951537830336238,1.004846216966376,0.9983299970626832,1.00060498714447,0.9998800158500672,0
2022-10-31,DAI,8759433714.0,0.004851112241884542,0.9951488877581155,1.0048511122418846,0.9989519715309144,1.000643014907837,0.9999970197677612,0
2022-11-01,DAI,8725545776.0,0.004857384316644634,0.9951426156833554,1.0048573843166446,0.9985799789428712,1.001327037811279,1.000010967254639,0
2022-11-02,DAI,8520206612.0,0.004896096374742978,0.995103903625257,1.004896096374743,0.998826026916504,1.000900983810425,1.000210046768188,0
2022-11-03,DAI,8437326876.0,0.004912075594394257,0.9950879244056058,1.0049120755943943,0.9985120296478271,1.001345992088318,0.9997699856758118,0
2022-11-04,DAI,8505130193.0,0.0048989876503930255,0.995101012349607,1.004898987650393,0.9989050030708312,1.000638961791992,1.00009298324585,0
2022-11-05,DAI,8320209852.0,0.004935016093414285,0.9950649839065857,1.0049350160934143,0.998727023601532,1.000669002532959,0.9992250204086304,0
2022-11-06,DAI,8237354192.0,0.004951507257069689,0.9950484927429303,1.0049515072570696,0.9989200234413148,1.000810027122498,1.00032103061676,0
2022-11-07,DAI,8381576701.0,0.0049229424494501356,0.9950770575505499,1.0049229424494501,0.9904500246047974,1.002660989761353,0.9996179938316344,1
2022-11-08,DAI,8848959094.0,0.004834697107473288,0.9951653028925267,1.0048346971074733,0.9941239953041076,1.002331972122192,1.000244975090027,1
2022-11-09,DAI,9552797215.0,0.0047129172427369855,0.995287082757263,1.004712917242737,0.9991430044174194,1.007892966270447,1.002257943153381,1
2022-11-10,DAI,10237997968.0,0.004605339524278234,0.9953946604757218,1.0046053395242782,0.9984869956970216,1.00313401222229,1.001553058624268,0
2022-11-11,DAI,10488017775.0,0.004568449849351052,0.995431550150649,1.004568449849351,0.999109983444214,1.002105951309204,1.000805020332336,0
2022-11-12,DAI,10181699248.0,0.004613812186798367,0.9953861878132017,1.0046138121867985,0.9988980293273926,1.001809000968933,1.001075029373169,0
2022-11-13,DAI,10024393080.0,0.004637820871176475,0.9953621791288235,1.0046378208711764,0.9983369708061218,1.003028988838196,1.000857949256897,0
2022-11-14,DAI,10306294190.0,0.0045951443106198924,0.9954048556893801,1.0045951443106198,0.998881995677948,1.002143979072571,1.001101016998291,0
2022-11-15,DAI,10466879162.0,0.004571523218666597,0.9954284767813334,1.0045715232186665,0.9987639784812928,1.00137197971344,1.000488996505737,0
2022-11-16,DAI,10561382206.0,0.004557847045322909,0.9954421529546771,1.004557847045323,0.9991260170936584,1.00102698802948,1.000254988670349,0
2022-11-17,DAI,10623980411.0,0.004548877549134264,0.9954511224508658,1.0045488775491342,0.999114990234375,1.001405000686646,1.000416994094849,0
2022-11-18,DAI,10615636112.0,0.004550069101326781,0.9954499308986732,1.0045500691013267,0.9996659755706788,1.001243948936462,1.000480055809021,0
2022-11-19,DAI,10623227946.0,0.0045489849487040015,0.995451015051296,1.004548984948704,0.9987900257110596,1.001081943511963,1.000296950340271,0
2022-11-20,DAI,10672656947.0,0.004541951404873785,0.9954580485951262,1.0045419514048737,0.9986209869384766,1.001170992851257,1.000218033790588,0
2022-11-21,DAI,10862185229.0,0.004515379585942064,0.9954846204140579,1.004515379585942,0.9989789724349976,1.001981019973755,1.000633955001831,0
2022-11-22,DAI,11040492671.0,0.004490939268341772,0.9955090607316582,1.0044909392683419,0.9993469715118408,1.001652956008911,1.000359058380127,0
2022-11-23,DAI,11101401165.0,0.004482710933569154,0.9955172890664309,1.0044827109335692,0.9989879727363586,1.001710057258606,1.00033700466156,0
2022-11-24,DAI,11127097018.0,0.004479257626077973,0.9955207423739221,1.004479257626078,0.9990910291671752,1.001008033752441,1.000112056732178,0
2022-11-25,DAI,11005309013.0,0.0044957199788017545,0.9955042800211983,1.0044957199788018,0.999355971813202,1.001523017883301,0.9998940229415894,0
2022-11-26,DAI,10848893218.0,0.004517222907011561,0.9954827770929885,1.0045172229070116,0.9990569949150084,1.000709056854248,0.999455988407135,0
2022-11-27,DAI,10602999778.0,0.0045518759285914255,0.9954481240714086,1.0045518759285914,0.9980390071868896,1.001389980316162,0.9997900128364564,0
2022-11-28,DAI,10555703863.0,0.0045586641826661925,0.9954413358173338,1.0045586641826663,0.9992129802703856,1.001227021217346,0.9996780157089232,0
2022-11-29,DAI,10568536836.0,0.004556818297725895,0.9954431817022741,1.0045568182977258,0.9989830255508424,1.001958012580872,0.9994750022888184,0
2022-11-30,DAI,10568421632.0,0.004556834855284691,0.9954431651447153,1.0045568348552847,0.9991340041160583,1.000586986541748,0.9995409846305848,0
2022-12-01,DAI,10584558643.0,0.00455451792368355,0.9954454820763164,1.0045545179236834,0.9983739852905272,1.000612020492554,1.000066041946411,0
2022-12-02,DAI,10511187427.0,0.004565090658223153,0.9954349093417768,1.004565090658223,0.9988430142402648,1.00028395652771,0.999575972557068,0
2022-12-03,DAI,10406748780.0,0.004580311096013524,0.9954196889039865,1.0045803110960134,0.9992219805717468,1.000695943832397,1.000020027160645,0
2022-12-04,DAI,10234316078.0,0.004605891729246187,0.9953941082707538,1.0046058917292462,0.9984409809112548,1.001049995422363,0.9999039769172668,0
2022-12-05,DAI,10211777386.0,0.004609277835638558,0.9953907221643614,1.0046092778356386,0.9988409876823424,1.00046694278717,0.9999330043792723,0
2022-12-06,DAI,10140607939.0,0.004620035747848562,0.9953799642521515,1.0046200357478485,0.997635006904602,1.000203013420105,0.9996569752693176,0
2022-12-07,DAI,10054834466.0,0.0046331357480297345,0.9953668642519703,1.0046331357480298,0.9992070198059082,1.000771999359131,0.9999520182609558,0
2022-12-08,DAI,9561230347.0,0.004711531216650273,0.9952884687833498,1.0047115312166504,0.9990649819374084,1.000573039054871,0.9995819926261902,0
2022-12-09,DAI,8724614987.0,0.004857557047824367,0.9951424429521757,1.0048575570478244,0.999334990978241,1.000398993492126,1.000103950500488,0
2022-12-10,DAI,7790716410.0,0.005044376975206725,0.9949556230247932,1.0050443769752067,0.998995006084442,1.000298976898193,0.999714970588684,0
2022-12-11,DAI,7464515429.0,0.005116811992968682,0.9948831880070313,1.0051168119929688,0.9989659786224364,1.000381946563721,1.00026798248291,0
2022-12-12,DAI,7345196588.0,0.005144369942406392,0.9948556300575936,1.0051443699424063,0.9987229704856871,1.000975966453552,0.99993497133255,0
2022-12-13,DAI,7350521397.0,0.0051431274271656075,0.9948568725728344,1.0051431274271656,0.9978269934654236,1.000756978988647,0.9995740056037904,0
2022-12-14,DAI,7113703894.0,0.005199577694914448,0.9948004223050856,1.0051995776949145,0.9983140230178832,1.000496029853821,0.9996100068092346,0
2022-12-15,DAI,6934822806.0,0.005243905746104103,0.9947560942538959,1.005243905746104,0.9969329833984376,1.000599980354309,0.9993900060653688,0
2022-12-16,DAI,6775623521.0,0.00528465829327861,0.9947153417067214,1.0052846582932786,0.998544991016388,1.000625967979431,0.9999560117721558,0
2022-12-17,DAI,6596461591.0,0.005332075873728966,0.994667924126271,1.005332075873729,0.998933970928192,1.00076699256897,0.9989889860153198,0
2022-12-18,DAI,6486873072.0,0.005361934855704347,0.9946380651442956,1.0053619348557044,0.9977149963378906,1.000331044197083,0.9993659853935242,0
2022-12-19,DAI,6409790729.0,0.0053833429751839945,0.994616657024816,1.005383342975184,0.998860001564026,1.000866055488586,0.999705970287323,0
2022-12-20,DAI,6292930367.0,0.005416461883212288,0.9945835381167877,1.0054164618832122,0.998924970626831,1.000373005867004,0.9999470114707948,0
2022-12-21,DAI,6034596752.0,0.005492675156900889,0.9945073248430991,1.0054926751569009,0.9985880255699158,1.000975966453552,1.000113010406494,0
2022-12-22,DAI,5838651644.0,0.005553445044318988,0.994446554955681,1.005553445044319,0.9990599751472472,1.000771999359131,0.9996010065078736,0
2022-12-23,DAI,5649305967.0,0.005614808746057191,0.9943851912539428,1.0056148087460572,0.9991840124130248,1.000373959541321,0.9999579787254332,0
2022-12-24,DAI,5341371250.0,0.00572069874908395,0.994279301250916,1.0057206987490839,0.9989359974861144,1.000673055648804,1.000043034553528,0
2022-12-25,DAI,5205649830.0,0.005769989413763216,0.9942300105862368,1.0057699894137633,0.9991430044174194,1.000468015670776,0.9999319911003112,0
2022-12-26,DAI,5134095864.0,0.005796671314113298,0.9942033286858867,1.0057966713141133,0.9989460110664368,1.000532984733582,0.9997289776802064,0
2022-12-27,DAI,5164157328.0,0.005785401605206466,0.9942145983947935,1.0057854016052066,0.9986960291862488,1.000661969184875,1.0000319480896,0
2022-12-28,DAI,5213163863.0,0.005767215874881818,0.9942327841251182,1.0057672158748818,0.9985889792442322,1.000839948654175,1.000184059143066,0
2022-12-29,DAI,5131549306.0,0.005797630031625148,0.9942023699683749,1.0057976300316251,0.998786985874176,1.00039803981781,0.9999759793281556,0
2022-12-30,DAI,4924803603.0,0.0058776496399601825,0.9941223503600398,1.0058776496399602,0.9992560148239136,1.000324010848999,0.999767005443573,0
2022-12-31,DAI,4792211620.0,0.0059313652807251125,0.9940686347192749,1.0059313652807251,0.9991000294685364,1.000437021255493,0.9997900128364564,0
2023-01-01,DAI,4655521795.0,0.005988856108497835,0.9940111438915021,1.0059888561084978,0.9991719722747804,1.000782012939453,0.9995399713516236,0
2023-01-02,DAI,4604685414.0,0.006010814770770908,0.9939891852292291,1.006010814770771,0.9991940259933472,1.000439047813416,0.9998350143432616,0
2023-01-03,DAI,4530987116.0,0.006043229083766509,0.9939567709162335,1.0060432290837664,0.9990019798278807,1.001500010490417,1.000067949295044,0
2023-01-04,DAI,4498748792.0,0.00605763012854097,0.993942369871459,1.0060576301285409,0.999010980129242,1.00042998790741,0.9995219707489014,0
2023-01-05,DAI,4564076268.0,0.0060285893543180116,0.993971410645682,1.006028589354318,0.9990440011024476,1.000350952148438,0.9996790289878844,0
2023-01-06,DAI,4455407431.0,0.0060772092711985515,0.9939227907288014,1.0060772092711985,0.9992799758911132,1.000367999076843,0.9999909996986388,0
2023-01-07,DAI,4381726028.0,0.006111084096414861,0.9938889159035852,1.006111084096415,0.9990630149841307,1.000653028488159,1.000377058982849,0
2023-01-08,DAI,4409370942.0,0.0060982859979003615,0.9939017140020996,1.0060982859979004,0.998665988445282,1.001060009002686,0.9998999834060668,0
2023-01-09,DAI,4513781942.0,0.006050897670140822,0.9939491023298592,1.0060508976701408,0.998835027217865,1.000517964363098,0.9997220039367676,0
2023-01-10,DAI,4458069403.0,0.006075999436445052,0.9939240005635549,1.006075999436445,0.9988369941711426,1.001595020294189,1.000547051429749,0
2023-01-11,DAI,4433714838.0,0.006087104360288609,0.9939128956397114,1.0060871043602886,0.9983260035514832,1.001834988594055,1.000059962272644,0
2023-01-12,DAI,4361981559.0,0.006120290807454086,0.9938797091925459,1.006120290807454,0.9987419843673706,1.002246975898743,1.000745058059692,0
2023-01-13,DAI,4375795268.0,0.006113843748012782,0.9938861562519872,1.0061138437480128,0.9973869919776917,1.00273597240448,0.9999989867210388,0
2023-01-14,DAI,4459443802.0,0.006075375165349328,0.9939246248346507,1.0060753751653493,0.99870502948761,1.000970959663391,0.9996910095214844,0
2023-01-15,DAI,4375212084.0,0.006114115379602854,0.9938858846203972,1.006114115379603,0.9983199834823608,1.001137018203735,0.9993839859962464,0
2023-01-16,DAI,4437782205.0,0.006085244117635268,0.9939147558823648,1.0060852441176353,0.9988210201263428,1.000887989997864,0.9996359944343568,0
2023-01-17,DAI,4544252260.0,0.006037343081785925,0.9939626569182141,1.006037343081786,0.997422993183136,1.001634955406189,0.9994279742240906,0
2023-01-18,DAI,4681141136.0,0.005977910678808135,0.9940220893211918,1.005977910678808,0.9991070032119752,1.000702977180481,1.000203013420105,0
2023-01-19,DAI,4642969820.0,0.00599424808358651,0.9940057519164135,1.0059942480835866,0.9990320205688475,1.002697944641113,1.000151991844177,0
2023-01-20,DAI,4692297322.0,0.005973169319205792,0.9940268306807942,1.0059731693192058,0.9981060028076172,1.000758051872253,0.9991940259933472,0
2023-01-21,DAI,4746428647.0,0.0059503751570334626,0.9940496248429666,1.0059503751570336,0.9985600113868712,1.00090503692627,0.9997000098228456,0
2023-01-22,DAI,4762261166.0,0.005943773669493096,0.9940562263305069,1.0059437736694932,0.9972620010375975,1.000738024711609,0.9999390244483948,0
2023-01-23,DAI,4904666289.0,0.005885682701567423,0.9941143172984326,1.0058856827015674,0.9975929856300354,1.000779986381531,0.9994819760322572,0
2023-01-24,DAI,4977561531.0,0.005856809804727184,0.9941431901952729,1.0058568098047271,0.9978950023651124,1.001824975013733,0.9998779892921448,0
2023-01-25,DAI,5082300071.0,0.005816296874218225,0.9941837031257817,1.0058162968742181,0.9987620115280152,1.000975966453552,0.9998859763145448,0
2023-01-26,DAI,5104121717.0,0.0058079962311549825,0.994192003768845,1.005807996231155,0.998778998851776,1.000946044921875,0.999983012676239,0
2023-01-27,DAI,4980995812.0,0.005855463450446505,0.9941445365495535,1.0058554634504464,0.9984710216522216,1.000393986701965,0.9999420046806335,0
2023-01-28,DAI,4943897056.0,0.005870073335405103,0.9941299266645949,1.0058700733354051,0.9988430142402648,1.000709056854248,0.999916970729828,0
2023-01-29,DAI,4953739352.0,0.005866183122325557,0.9941338168776744,1.0058661831223255,0.9978460073471068,1.000617980957031,1.000306963920593,0
2023-01-30,DAI,5057774803.0,0.005825682839344026,0.994174317160656,1.005825682839344,0.998269021511078,1.000908017158508,0.9998019933700562,0
2023-01-31,DAI,5118740310.0,0.005802461947147221,0.9941975380528528,1.0058024619471473,0.9988369941711426,1.001958966255188,1.000161051750183,0
2023-02-01,DAI,5203439724.0,0.0057708062121285915,0.9942291937878714,1.0057708062121287,0.9983950257301332,1.002096056938171,0.9988750219345092,0
2023-02-02,DAI,5315134968.0,0.0057300960385453506,0.9942699039614546,1.0057300960385454,0.998870015144348,1.000792980194092,0.9998630285263062,0
2023-02-03,DAI,5337096012.0,0.00572222584803276,0.9942777741519673,1.0057222258480327,0.998955011367798,1.000962972640991,0.9996770024299622,0
2023-02-04,DAI,5224494248.0,0.005763043728068949,0.9942369562719311,1.005763043728069,0.99753600358963,1.000537991523743,0.9995970129966736,0
2023-02-05,DAI,5209770780.0,0.005768467650708677,0.9942315323492913,1.0057684676507086,0.99863600730896,1.001132965087891,0.9992510080337524,0
2023-02-06,DAI,5272395990.0,0.005745537448417819,0.9942544625515822,1.0057455374484179,0.9983969926834106,1.001533031463623,1.000018000602722,0
2023-02-07,DAI,5293160518.0,0.0057380145504765,0.9942619854495235,1.0057380145504764,0.9982290267944336,1.00137197971344,0.9995200037956238,0
2023-02-08,DAI,5261196639.0,0.005749611343361023,0.994250388656639,1.005749611343361,0.9973350167274476,1.000761985778809,0.999343991279602,0
2023-02-09,DAI,5387332498.0,0.005704383826627861,0.9942956161733721,1.005704383826628,0.9986209869384766,1.000641942024231,0.9992520213127136,0
2023-02-10,DAI,5420545510.0,0.005692709230025038,0.9943072907699749,1.005692709230025,0.998924970626831,1.000692009925842,0.999680995941162,0
2023-02-11,DAI,5289835316.0,0.005739216608120605,0.9942607833918794,1.0057392166081207,0.9987390041351318,1.000509977340698,0.9997329711914062,0
2023-02-12,DAI,5180447287.0,0.005779331156956014,0.9942206688430439,1.005779331156956,0.9974520206451416,1.00078296661377,0.9998949766159058,0
2023-02-13,DAI,5305756863.0,0.005733470097693617,0.9942665299023064,1.0057334700976936,0.9981139898300172,1.001134991645813,1.000211000442505,0
2023-02-14,DAI,5377242099.0,0.005707949690677358,0.9942920503093227,1.0057079496906773,0.9990770220756532,1.00226104259491,0.9999560117721558,0
2023-02-15,DAI,5411334793.0,0.005695937282144517,0.9943040627178554,1.0056959372821446,0.9973369836807252,1.001353025436401,0.9982420206069946,0
2023-02-16,DAI,5470160221.0,0.005675445849325699,0.9943245541506743,1.0056754458493258,0.997418999671936,1.001229047775269,0.9995949864387512,0
2023-02-17,DAI,5461273962.0,0.005678522430155966,0.994321477569844,1.0056785224301559,0.9991120100021362,1.000622987747192,0.9997640252113342,0
2023-02-18,DAI,5418809791.0,0.005693316982719833,0.9943066830172802,1.0056933169827198,0.9985979795455932,1.000746965408325,0.9992210268974304,0
2023-02-19,DAI,5371371876.0,0.0057100282868267896,0.9942899717131732,1.0057100282868268,0.9988549947738647,1.000962018966675,0.9999489784240724,0
2023-02-20,DAI,5354242282.0,0.0057161110861730525,0.9942838889138269,1.005716111086173,0.9980350136756896,1.000740051269531,1.000213980674744,0
2023-02-21,DAI,5391579449.0,0.005702885650776688,0.9942971143492233,1.0057028856507766,0.9978039860725404,1.000833034515381,1.000103950500488,0
2023-02-22,DAI,5384587842.0,0.005705352883271839,0.9942946471167282,1.0057053528832718,0.9983540177345276,1.000915050506592,0.9998319745063782,0
2023-02-23,DAI,5440517495.0,0.005685734764132451,0.9943142652358675,1.0056857347641324,0.9973859786987304,1.000728964805603,0.9997609853744508,0
2023-02-24,DAI,5409470527.0,0.005696591537340592,0.9943034084626594,1.0056965915373406,0.998678982257843,1.000674962997437,1.000674962997437,0
2023-02-25,DAI,5338801994.0,0.005721616282173236,0.9942783837178267,1.0057216162821732,0.9989830255508424,1.001129031181335,1.000406980514526,0
2023-02-26,DAI,5266301600.0,0.005747752921447557,0.9942522470785524,1.0057477529214476,0.998740017414093,1.000874996185303,0.999882996082306,0
2023-02-27,DAI,5312896328.0,0.005730900735904685,0.9942690992640953,1.0057309007359048,0.998332977294922,1.000728964805603,0.999090015888214,0
2023-02-28,DAI,5322385982.0,0.005727492701790778,0.9942725072982093,1.0057274927017907,0.998757004737854,1.001350998878479,1.000208973884583,0
2023-03-01,DAI,5312286029.0,0.005731120191272811,0.9942688798087271,1.0057311201912729,0.9988279938697816,1.001083970069885,0.9995629787445068,0
2023-03-02,DAI,5341751314.0,0.0057205630705340444,0.994279436929466,1.0057205630705341,0.9968140125274658,1.000326037406921,0.9998610019683838,0
2023-03-03,DAI,5350072110.0,0.005717595862154343,0.9942824041378456,1.0057175958621543,0.998852014541626,1.000592947006226,0.9999390244483948,0
2023-03-04,DAI,5215207757.0,0.005766462365868729,0.9942335376341312,1.0057664623658686,0.998645007610321,1.000795960426331,0.9998999834060668,0
2023-03-05,DAI,5139617720.0,0.005794594645132156,0.9942054053548679,1.005794594645132,0.998830020427704,1.000331997871399,0.9996219873428344,0
2023-03-06,DAI,5149731591.0,0.005790798706767553,0.9942092012932324,1.0057907987067676,0.998104989528656,1.000951051712036,1.000244975090027,0
2023-03-07,DAI,5210045985.0,0.005768366081605638,0.9942316339183943,1.0057683660816057,0.9985970258712769,1.000421047210693,0.9987710118293762,0
2023-03-08,DAI,5204937253.0,0.0057702527133914406,0.9942297472866085,1.0057702527133914,0.9963039755821228,1.000509023666382,0.9998599886894226,0
2023-03-09,DAI,5295978258.0,0.005736996727729331,0.9942630032722707,1.0057369967277294,0.9970269799232484,1.000839948654175,0.9989680051803588,0
2023-03-10,DAI,5806144528.0,0.005563789867705876,0.9944362101322941,1.005563789867706,0.8970029950141907,0.99959397315979,0.9738690257072448,1
2023-03-11,DAI,10219680697.0,0.004608089346098356,0.9953919106539016,1.0046080893460985,0.949783980846405,0.9942939877510072,0.9925850033760072,1
2023-03-12,DAI,11353817390.0,0.004449242035460648,0.9955507579645394,1.0044492420354607,0.9871730208396912,1.001144051551819,0.99891597032547,1
2023-03-13,DAI,12372031263.0,0.004323674556177406,0.9956763254438226,1.0043236745561774,0.9955450296401978,1.002575039863586,0.99897700548172,1
2023-03-14,DAI,12808485100.0,0.0042739956669473654,0.9957260043330526,1.0042739956669473,0.9950330257415771,1.00074303150177,0.9991649985313416,1
2023-03-15,DAI,12910356549.0,0.004262724396165368,0.9957372756038346,1.0042627243961653,0.9979609847068788,1.001052021980286,0.999396026134491,0
2023-03-16,DAI,13005985438.0,0.004252251198194502,0.9957477488018055,1.0042522511981946,0.9971879720687866,1.001852035522461,1.000473976135254,0
2023-03-17,DAI,13139169717.0,0.0042378348283366105,0.9957621651716634,1.0042378348283365,0.9954599738121032,1.001860976219177,0.9981600046157836,1
2023-03-18,DAI,13074446284.0,0.004244816280169189,0.9957551837198308,1.0042448162801692,0.9974899888038636,1.001374959945679,0.9983090162277222,0
2023-03-19,DAI,12994435671.0,0.004253510659505351,0.9957464893404947,1.0042535106595054,0.9958710074424744,1.001173973083496,0.9968069791793824,0
2023-03-20,DAI,13113095836.0,0.004240641784234383,0.9957593582157657,1.0042406417842344,0.9961280226707458,1.000097990036011,0.9990440011024476,0
2023-03-21,DAI,13181700738.0,0.004233272097962353,0.9957667279020377,1.0042332720979623,0.9955639839172364,1.000208973884583,0.9988669753074646,1
2023-03-22,DAI,13331817861.0,0.004217323113475199,0.9957826768865248,1.0042173231134752,0.99753600358963,1.001266002655029,0.9987890124320984,0
2023-03-23,DAI,13351815505.0,0.00421521656683551,0.9957847834331645,1.0042152165668354,0.9949300289154052,1.000627040863037,0.9995650053024292,1
2023-03-24,DAI,13343045659.0,0.0042161398618892065,0.9957838601381108,1.0042161398618892,0.9972689747810364,1.000511050224304,0.9994789958000184,0
2023-03-25,DAI,13204343886.0,0.00423085093890948,0.9957691490610905,1.0042308509389095,0.9980599880218506,1.000651001930237,0.9991549849510192,0
2023-03-26,DAI,13118405998.0,0.004240069521264218,0.9957599304787358,1.0042400695212643,0.9962260127067566,0.9998729825019836,0.9990630149841307,0
2023-03-27,DAI,13156569634.0,0.004235965787316352,0.9957640342126837,1.0042359657873163,0.9979400038719176,1.001474022865295,0.9998030066490172,0
2023-03-28,DAI,13222451419.0,0.004228918738679235,0.9957710812613207,1.0042289187386793,0.9981589913368224,1.001222968101501,0.999210000038147,0
2023-03-29,DAI,13192957866.0,0.004232067716887906,0.9957679322831121,1.0042320677168879,0.9974719882011414,1.000906944274902,0.9999819993972778,0
2023-03-30,DAI,13181874304.0,0.004233253518021624,0.9957667464819784,1.0042332535180216,0.998251974582672,1.001253962516785,0.9994149804115297,0
2023-03-31,DAI,13123945716.0,0.0042394728486967745,0.9957605271513033,1.0042394728486967,0.998274028301239,1.000288009643555,0.999235987663269,0
2023-04-01,DAI,13039227361.0,0.0042486345908048315,0.9957513654091952,1.0042486345908048,0.9973769783973694,1.000080943107605,0.9998440146446228,0
2023-04-02,DAI,12934755556.0,0.0042600424305963705,0.9957399575694036,1.0042600424305963,0.9973719716072084,1.000792980194092,0.9992830157279968,0
2023-04-03,DAI,13004807775.0,0.004252379549899436,0.9957476204501006,1.0042523795498994,0.9985349774360656,1.00061297416687,0.9993630051612854,0
2023-04-04,DAI,13050625633.0,0.004247397327053041,0.995752602672947,1.0042473973270531,0.9972220063209534,1.00110399723053,0.9992700219154358,0
2023-04-05,DAI,13040763689.0,0.004248467740846699,0.9957515322591532,1.0042484677408468,0.9978569746017456,1.000385999679565,0.999871015548706,0
2023-04-06,DAI,12992120731.0,0.004253763275107354,0.9957462367248926,1.0042537632751074,0.9980250000953674,1.000740051269531,0.9997959733009338,0
2023-04-07,DAI,12959489771.0,0.004257330494830133,0.9957426695051699,1.0042573304948301,0.9983180165290833,1.000458002090454,0.99932199716568,0
2023-04-08,DAI,12821510278.0,0.00427254788076467,0.9957274521192353,1.0042725478807646,0.998445987701416,1.000424027442932,0.999336004257202,0
2023-04-09,DAI,12203820428.0,0.004343449039858745,0.9956565509601413,1.0043434490398588,0.9982879757881165,1.001762986183167,1.000110030174255,0
2023-04-10,DAI,7690362016.0,0.005066224201857109,0.9949337757981429,1.005066224201857,0.9977610111236572,1.000838041305542,0.9996160268783568,0
2023-04-11,DAI,6554060207.0,0.005343549758014551,0.9946564502419855,1.0053435497580145,0.9971539974212646,1.001824975013733,1.000192046165466,0
2023-04-12,DAI,5583356249.0,0.005636829347652047,0.9943631706523479,1.005636829347652,0.9986960291862488,1.001811981201172,1.000054001808167,0
2023-04-13,DAI,5219010575.0,0.005765061453132165,0.9942349385468678,1.0057650614531322,0.9965999722480774,1.001845002174377,0.9997050166130066,0
2023-04-14,DAI,4884409060.0,0.005893808090900175,0.9941061919090999,1.0058938080909001,0.998449981212616,1.000655055046082,0.9995250105857848,0
2023-04-15,DAI,4624016668.0,0.00600242676115808,0.993997573238842,1.006002426761158,0.998005986213684,1.000730991363525,0.9994990229606628,0
2023-04-16,DAI,4349420858.0,0.006126176745011347,0.9938738232549886,1.0061261767450114,0.9972609877586364,1.000638008117676,0.9992830157279968,0
2023-04-17,DAI,4279861851.0,0.0061591873752297,0.9938408126247703,1.0061591873752298,0.9980469942092896,1.001023054122925,1.000280976295471,0
2023-04-18,DAI,4223423195.0,0.006186501649941602,0.9938134983500584,1.0061865016499416,0.9942100048065186,1.000864028930664,0.9999319911003112,0
2023-04-19,DAI,4176066282.0,0.006209798941184759,0.9937902010588152,1.0062097989411847,0.9969220161437988,1.001014947891235,0.998947024345398,0
2023-04-20,DAI,4100688756.0,0.0062476169937198366,0.9937523830062802,1.0062476169937198,0.9962350130081176,1.00116503238678,0.9996230006217957,0
2023-04-21,DAI,3963532301.0,0.006318866781573518,0.9936811332184264,1.0063188667815735,0.9990429878234864,1.000887036323547,0.999761998653412,0
2023-04-22,DAI,3844041786.0,0.006383673013602287,0.9936163269863977,1.0063836730136022,0.998404026031494,1.00077497959137,0.999978005886078,0
2023-04-23,DAI,3724371593.0,0.006451326146285105,0.9935486738537149,1.006451326146285,0.9973829984664916,1.001350998878479,0.999867022037506,0
2023-04-24,DAI,3780029691.0,0.006419505810661376,0.9935804941893386,1.0064195058106613,0.9984470009803772,1.0017329454422,0.9998049736022948,0
2023-04-25,DAI,3822535736.0,0.006395622405023967,0.993604377594976,1.006395622405024,0.9950780272483826,1.002730965614319,1.000090956687927,0
2023-04-26,DAI,3944291197.0,0.006329125051045653,0.9936708749489543,1.0063291250510455,0.998088002204895,1.002722024917603,0.9996709823608398,0
2023-04-27,DAI,3967240793.0,0.006316897253831406,0.9936831027461686,1.0063168972538314,0.9974719882011414,1.000902056694031,0.999761998653412,0
2023-04-28,DAI,3959756393.0,0.006320874639076589,0.9936791253609234,1.0063208746390766,0.9987819790840148,1.00072705745697,0.999912977218628,0
2023-04-29,DAI,3913190138.0,0.006345848260681604,0.9936541517393184,1.0063458482606815,0.9984869956970216,1.001530051231384,0.9991350173950196,0
2023-04-30,DAI,3861315933.0,0.006374139359118465,0.9936258606408815,1.0063741393591186,0.9975889921188354,1.000465989112854,0.9996910095214844,0
2023-05-01,DAI,3894964588.0,0.006355730819213006,0.993644269180787,1.006355730819213,0.9988200068473816,1.000926971435547,0.9996320009231568,0
2023-05-02,DAI,3929163758.0,0.006337237111618814,0.9936627628883812,1.0063372371116188,0.9986039996147156,1.001780986785889,0.9997959733009338,0
2023-05-03,DAI,3939244938.0,0.006331826480424405,0.9936681735195756,1.0063318264804244,0.998416006565094,1.00071394443512,0.9998499751091005,0
2023-05-04,DAI,3919875136.0,0.006342238781640324,0.9936577612183597,1.0063422387816403,0.9986069798469543,1.00220799446106,0.9999470114707948,0
2023-05-05,DAI,3913807815.0,0.006345514409274741,0.9936544855907252,1.0063455144092748,0.9971479773521424,1.001369953155518,1.000288963317871,0
2023-05-06,DAI,4015932286.0,0.006291263464265261,0.9937087365357348,1.0062912634642653,0.9982600212097168,1.001155018806458,0.9994180202484132,0
2023-05-07,DAI,3980991858.0,0.006309615628637522,0.9936903843713625,1.0063096156286375,0.9959669709205629,1.000735998153687,1.000241994857788,0
2023-05-08,DAI,4026250894.0,0.006285884380884109,0.9937141156191159,1.0062858843808842,0.9988719820976256,1.00108003616333,0.999845027923584,0
2023-05-09,DAI,4073825293.0,0.006261319517865357,0.9937386804821347,1.0062613195178653,0.99720299243927,1.001696944236755,0.9997509717941284,0
2023-05-10,DAI,4157359269.0,0.006219099154483828,0.9937809008455162,1.006219099154484,0.9981570243835448,1.000588059425354,1.000136971473694,0
2023-05-11,DAI,4150574929.0,0.006222485794977207,0.9937775142050228,1.0062224857949773,0.9974330067634584,1.00137197971344,1.000373005867004,0
2023-05-12,DAI,4175265118.0,0.006210196101527981,0.993789803898472,1.006210196101528,0.99891197681427,1.000959992408752,0.999625027179718,0
2023-05-13,DAI,4088658176.0,0.006253738713288835,0.9937462612867112,1.0062537387132888,0.9989889860153198,1.001176953315735,1.000010013580322,0
2023-05-14,DAI,4007186299.0,0.00629583719106462,0.9937041628089354,1.0062958371910646,0.9986839890480042,1.00141704082489,0.9990410208702089,0
2023-05-15,DAI,4035864366.0,0.006280889398183895,0.9937191106018161,1.0062808893981838,0.9977020025253296,1.000679969787598,0.9996489882469176,0
2023-05-16,DAI,4042607395.0,0.006277395301036842,0.9937226046989631,1.0062773953010369,0.9984260201454164,1.001075029373169,0.999882996082306,0
2023-05-17,DAI,4029789399.0,0.006284043991341207,0.9937159560086588,1.0062840439913412,0.997717022895813,1.000741004943848,0.9990509748458862,0
2023-05-18,DAI,4012402478.0,0.0062931077826763404,0.9937068922173237,1.0062931077826764,0.998808979988098,1.001016020774841,0.9997889995574952,0
2023-05-19,DAI,3902311661.0,0.006351739564910998,0.993648260435089,1.006351739564911,0.9993069767951964,1.000870943069458,1.000339031219482,0
2023-05-20,DAI,3840226877.0,0.006385786176241543,0.9936142138237585,1.0063857861762415,0.9989070296287536,1.000682950019836,0.999688982963562,0
2023-05-21,DAI,3707834972.0,0.006460902707708003,0.993539097292292,1.006460902707708,0.9988470077514648,1.000774025917053,0.9997749924659728,0
2023-05-22,DAI,3733411562.0,0.006446114923066719,0.9935538850769333,1.0064461149230668,0.998951017856598,1.001201033592224,0.9997100234031676,0
2023-05-23,DAI,3810839045.0,0.006402159129366207,0.9935978408706337,1.0064021591293661,0.9974570274353028,1.000498056411743,0.9996479749679564,0
2023-05-24,DAI,3828477040.0,0.006392312297660841,0.9936076877023392,1.0063923122976608,0.9979169964790344,1.000524044036865,0.9998090267181396,0
2023-05-25,DAI,3816651946.0,0.006398907236776894,0.9936010927632231,1.006398907236777,0.9991779923439026,1.000870943069458,0.9998090267181396,0
2023-05-26,DAI,3661007155.0,0.0064883331457750255,0.993511666854225,1.006488333145775,0.9992539882659912,1.00039803981781,1.000151038169861,0
2023-05-27,DAI,3564158010.0,0.006546578052819087,0.9934534219471809,1.006546578052819,0.9991499781608582,1.001585006713867,1.000293970108032,0
2023-05-28,DAI,3539909584.0,0.0065614920985217085,0.9934385079014783,1.0065614920985217,0.9984139800071716,1.001392006874084,0.99964702129364,0
2023-05-29,DAI,3551951737.0,0.006554068578511287,0.9934459314214887,1.0065540685785113,0.998735010623932,1.000373959541321,0.9993950128555298,0
2023-05-30,DAI,3583327774.0,0.006534883075281771,0.9934651169247183,1.0065348830752818,0.9974340200424194,1.000385999679565,0.9999459981918336,0
2023-05-31,DAI,3588957554.0,0.006531464328845378,0.9934685356711547,1.0065314643288454,0.9982619881629944,1.000342965126038,0.9997000098228456,0
2023-06-01,DAI,3589366248.0,0.006531216423280434,0.9934687835767195,1.0065312164232805,0.9985439777374268,1.000648975372314,0.9997659921646118,0
2023-06-02,DAI,3602833862.0,0.006523068232798197,0.9934769317672018,1.0065230682327981,0.9987819790840148,1.0000239610672,0.999754011631012,0
2023-06-03,DAI,3535390006.0,0.006564286938447377,0.9934357130615526,1.0065642869384475,0.9986960291862488,1.000385999679565,0.9992089867591858,0
2023-06-04,DAI,3466439799.0,0.006607524456058188,0.9933924755439418,1.0066075244560582,0.9949259757995604,1.000103950500488,0.9997199773788452,0
2023-06-05,DAI,3435877172.0,0.006627058281543605,0.9933729417184564,1.0066270582815435,0.9980930089950562,1.00160801410675,0.9999579787254332,0
2023-06-06,DAI,3513315910.0,0.006578006008899989,0.9934219939911,1.0065780060089,0.997564971446991,1.000753045082092,0.9996309876441956,0
2023-06-07,DAI,3515722067.0,0.006576505005966989,0.993423494994033,1.006576505005967,0.9985820055007936,1.001134991645813,0.9995399713516236,0
2023-06-08,DAI,3491515920.0,0.006591667987388305,0.9934083320126117,1.0065916679873883,0.99822598695755,1.000465035438538,0.99972802400589,0
2023-06-09,DAI,3413417700.0,0.006641561338467966,0.9933584386615321,1.006641561338468,0.9954590201377868,1.001530051231384,0.9999409914016724,0
2023-06-10,DAI,3478836934.0,0.006599666286759693,0.9934003337132403,1.0065996662867598,0.9981989860534668,1.000920057296753,0.9996359944343568,0
2023-06-11,DAI,3397777215.0,0.006651736447341431,0.9933482635526586,1.0066517364473415,0.9970189929008484,1.000967025756836,0.9997119903564452,0
2023-06-12,DAI,3443171748.0,0.006622375026075,0.993377624973925,1.006622375026075,0.9975460171699524,1.001041054725647,0.9999150037765504,0
2023-06-13,DAI,3534197931.0,0.0065650248939771744,0.9934349751060229,1.0065650248939773,0.995851993560791,1.000516057014465,0.9997850060462952,0
2023-06-14,DAI,3625774941.0,0.0065092814832873784,0.9934907185167127,1.0065092814832874,0.997868001461029,1.001469016075134,0.999758005142212,0
2023-06-15,DAI,4040705478.0,0.006278380047569631,0.9937216199524304,1.0062783800475696,0.9988759756088256,1.00180995464325,0.9999330043792723,0
2023-06-16,DAI,4175925234.0,0.006209868855420191,0.9937901311445798,1.0062098688554202,0.999234974384308,1.001152992248535,0.9997469782829284,0
2023-06-17,DAI,4166299211.0,0.006214647705879649,0.9937853522941203,1.0062146477058795,0.9982330203056335,1.000643014907837,0.9998319745063782,0
2023-06-18,DAI,4169911951.0,0.006212852432684325,0.9937871475673157,1.0062128524326843,0.9980769753456116,1.001113057136536,1.00046694278717,0
2023-06-19,DAI,4228835701.0,0.006183861145913287,0.9938161388540867,1.0061838611459133,0.9985809922218324,1.002033948898315,1.000733971595764,0
2023-06-20,DAI,4327946781.0,0.006136292165969608,0.9938637078340304,1.0061362921659696,0.9988510012626648,1.002853989601135,0.999705970287323,0
2023-06-21,DAI,4475555594.0,0.006068076043477853,0.9939319239565222,1.006068076043478,0.9983639717102052,1.001325011253357,0.99932599067688,0
2023-06-22,DAI,4469776160.0,0.006070690263919726,0.9939293097360803,1.0060706902639198,0.9987260103225708,1.001796960830688,1.000319957733154,0
2023-06-23,DAI,4478288493.0,0.006066841433909336,0.9939331585660907,1.0060668414339093,0.9984109997749328,1.000880002975464,1.000272989273071,0
2023-06-24,DAI,4432117760.0,0.006087835418856981,0.9939121645811431,1.006087835418857,0.998423993587494,1.001019954681396,0.9999729990959167,0
2023-06-25,DAI,4416044440.0,0.006095212552309725,0.9939047874476903,1.0060952125523097,0.9979339838027954,1.00121796131134,0.9998859763145448,0
2023-06-26,DAI,4468157930.0,0.006071423048178295,0.9939285769518217,1.0060714230481782,0.9988729953765868,1.001121044158936,0.9997450113296508,0
2023-06-27,DAI,4498955750.0,0.006057537240745825,0.9939424627592541,1.0060575372407459,0.996142029762268,1.001108050346375,0.9993460178375244,0
2023-06-28,DAI,4549108075.0,0.006035194187414899,0.9939648058125851,1.0060351941874148,0.9986249804496764,1.001222968101501,0.9996179938316344,0
2023-06-29,DAI,4552948822.0,0.0060334966666910385,0.9939665033333089,1.006033496666691,0.9960179924964904,1.00195300579071,1.000025033950806,0
2023-06-30,DAI,4604103116.0,0.006011068163435763,0.9939889318365642,1.0060110681634358,0.9987339973449708,1.000849008560181,0.9999690055847168,0
2023-07-01,DAI,4594910284.0,0.006015074185028266,0.9939849258149718,1.0060150741850282,0.9983829855918884,1.000931024551392,0.9998900294303894,0
2023-07-02,DAI,4513788512.0,0.0060508947343647455,0.9939491052656353,1.0060508947343647,0.999185025691986,1.000828981399536,1.000017046928406,0
2023-07-03,DAI,4633247778.0,0.005998437773774094,0.9940015622262259,1.005998437773774,0.9982879757881165,1.000195980072021,0.9994379878044128,0
2023-07-04,DAI,4698498206.0,0.005970540448267047,0.9940294595517329,1.005970540448267,0.9973989725112916,1.000323057174683,0.9998239874839784,0
2023-07-05,DAI,4616790422.0,0.006005556814559955,0.9939944431854401,1.00600555681456,0.9973160028457642,1.001162052154541,0.998337984085083,0
2023-07-06,DAI,4581341950.0,0.006021006515011448,0.9939789934849885,1.0060210065150115,0.997672975063324,1.000764966011047,0.9998509883880616,0
2023-07-07,DAI,4517330724.0,0.006049312741370791,0.9939506872586292,1.0060493127413708,0.9984019994735718,1.000316977500916,1.000066041946411,0
2023-07-08,DAI,4505253631.0,0.00605471331989938,0.9939452866801006,1.0060547133198994,0.9988909959793092,1.000848054885864,0.9994459748268129,0
2023-07-09,DAI,4438144143.0,0.0060850786925619954,0.993914921307438,1.006085078692562,0.9977989792823792,1.00084400177002,0.999772012233734,0
2023-07-10,DAI,4304122803.0,0.006147593112603917,0.9938524068873961,1.0061475931126038,0.9988049864768982,1.000537991523743,0.9997550249099731,0
2023-07-11,DAI,4302370715.0,0.006148427510120177,0.9938515724898799,1.0061484275101202,0.9974809885025024,1.000568985939026,0.9995669722557068,0
2023-07-12,DAI,4257508392.0,0.006169947885454286,0.9938300521145457,1.0061699478854542,0.9987559914588928,1.001654982566833,1.000789999961853,0
2023-07-13,DAI,4277010192.0,0.006160555932488344,0.9938394440675117,1.0061605559324884,0.9947410225868224,1.000903964042664,1.000511050224304,0
2023-07-14,DAI,4239461759.0,0.006178690281663277,0.9938213097183367,1.0061786902816632,0.999085009098053,1.000532031059265,0.9997180104255676,0
2023-07-15,DAI,3800505067.0,0.006407956595378015,0.993592043404622,1.006407956595378,0.9980250000953674,1.000682950019836,0.9992210268974304,0
2023-07-16,DAI,3605881533.0,0.006521229961148392,0.9934787700388517,1.0065212299611483,0.9971230030059814,1.000808954238892,1.000013947486877,0
2023-07-17,DAI,3650021562.0,0.006494836011201383,0.9935051639887986,1.0064948360112014,0.9976029992103576,1.000385999679565,0.9999300241470336,0
2023-07-18,DAI,3654441635.0,0.006492216438091969,0.993507783561908,1.006492216438092,0.9986780285835266,1.000648021697998,0.9998319745063782,0
2023-07-19,DAI,3607427190.0,0.006520298454737347,0.9934797015452627,1.0065202984547374,0.9987189769744872,1.000399947166443,0.999547004699707,0
2023-07-20,DAI,3586583598.0,0.006532905067528058,0.993467094932472,1.006532905067528,0.9988830089569092,1.00065004825592,0.9999079704284668,0
2023-07-21,DAI,3396877989.0,0.0066523233476906115,0.9933476766523094,1.0066523233476905,0.9976540207862854,1.000246047973633,0.9992420077323914,0
2023-07-22,DAI,3316101135.0,0.006705905220182147,0.9932940947798179,1.006705905220182,0.9983670115470886,1.001008987426758,0.9997569918632508,0
2023-07-23,DAI,3198824227.0,0.006786875375066412,0.9932131246249336,1.0067868753750664,0.9960349798202516,0.9999359846115112,0.999563992023468,0
2023-07-24,DAI,3196900591.0,0.006788236366202031,0.9932117636337979,1.006788236366202,0.9989129900932312,1.000516057014465,0.9995459914207458,0
2023-07-25,DAI,3157101176.0,0.00681664221830546,0.9931833577816945,1.0068166422183054,0.998898983001709,1.000972032546997,0.9994879961013794,0
2023-07-26,DAI,3132082158.0,0.0068347445098986765,0.9931652554901014,1.0068347445098986,0.998544991016388,1.00032103061676,0.9996209740638732,0
2023-07-27,DAI,3060855001.0,0.006887354139257688,0.9931126458607423,1.0068873541392578,0.9987239837646484,1.000694990158081,0.9999449849128724,0
2023-07-28,DAI,2984228778.0,0.006945805673048446,0.9930541943269515,1.0069458056730485,0.9993550181388856,1.00031304359436,0.9996650218963624,0
2023-07-29,DAI,2928331794.0,0.006989722043383614,0.9930102779566163,1.0069897220433837,0.9978740215301514,1.000300049781799,0.999882996082306,0
2023-07-30,DAI,2826795900.0,0.007072427688704166,0.9929275723112958,1.0070724276887042,0.9984009861946106,1.000337958335876,0.9997209906578064,0
2023-07-31,DAI,2911014589.0,0.007003554931608522,0.9929964450683915,1.0070035549316085,0.9978110194206238,1.001001954078674,1.00080394744873,0
2023-08-01,DAI,3054602390.0,0.006892050287442483,0.9931079497125576,1.0068920502874426,0.9976940155029296,1.001142978668213,0.9996500015258788,0
2023-08-02,DAI,3021576609.0,0.00691706935250354,0.9930829306474964,1.0069170693525036,0.9978479743003844,1.000442981719971,0.999426007270813,0
2023-08-03,DAI,3038525337.0,0.006904184354050396,0.9930958156459496,1.0069041843540505,0.9979779720306396,1.00084400177002,0.9995999932289124,0
2023-08-04,DAI,3136902093.0,0.006831242125450996,0.9931687578745491,1.006831242125451,0.9986429810523988,1.000224947929382,0.9996259808540344,0
2023-08-05,DAI,3142378294.0,0.006827271565207507,0.9931727284347925,1.0068272715652076,0.9988459944725036,1.000262022018433,0.9994440078735352,0
2023-08-06,DAI,3181174999.0,0.00679940347882611,0.9932005965211739,1.0067994034788261,0.9982069730758668,1.000681042671204,1.000102996826172,0
2023-08-07,DAI,3295825466.0,0.006719628524206875,0.9932803714757932,1.0067196285242068,0.9991660118103028,1.001219034194946,0.999787986278534,0
2023-08-08,DAI,3383116788.0,0.006661330832252331,0.9933386691677477,1.0066613308322523,0.9987030029296876,1.000682950019836,1.000095963478088,0
2023-08-09,DAI,3400497689.0,0.006649962128250254,0.9933500378717497,1.0066499621282503,0.9989960193634032,1.00068199634552,0.9999650120735168,0
2023-08-10,DAI,3393775614.0,0.006654349774747304,0.9933456502252527,1.0066543497747473,0.9989179968833924,1.000234007835388,0.9997119903564452,0
2023-08-11,DAI,3391727277.0,0.00665568907345605,0.993344310926544,1.0066556890734562,0.9991790056228638,1.000303983688354,0.9998859763145448,0
2023-08-12,DAI,3288501633.0,0.006724613261258138,0.9932753867387418,1.0067246132612582,0.9991689920425416,1.000408053398132,0.999508023262024,0
2023-08-13,DAI,3208481650.0,0.006780059108561095,0.993219940891439,1.0067800591085612,0.9988120198249816,1.000365018844604,1.000180959701538,0
2023-08-14,DAI,3226826291.0,0.006767186378116379,0.9932328136218836,1.0067671863781165,0.9977489709854126,1.000103950500488,0.99965500831604,0
2023-08-15,DAI,3264352704.0,0.006741154917331984,0.993258845082668,1.006741154917332,0.998515009880066,1.000648021697998,0.9995499849319458,0
2023-08-16,DAI,3208296440.0,0.00678018957349868,0.9932198104265013,1.0067801895734987,0.9913579821586608,1.001461029052734,0.9994029998779296,1
2023-08-17,DAI,3367784143.0,0.006671424631629879,0.9933285753683702,1.00667142463163,0.9972779750823976,1.000939965248108,0.9996839761734008,0
2023-08-18,DAI,3458525760.0,0.00661256054891712,0.9933874394510829,1.0066125605489171,0.9988009929656982,1.000887989997864,0.9998589754104614,0
2023-08-19,DAI,3373600073.0,0.006667588684276582,0.9933324113157234,1.0066675886842766,0.9992799758911132,1.00089704990387,0.9997940063476562,0
2023-08-20,DAI,3352463378.0,0.006681571997869754,0.9933184280021302,1.0066815719978697,0.9979029893875122,1.000848054885864,0.9992989897727966,0
2023-08-21,DAI,3395017555.0,0.006653538260264217,0.9933464617397357,1.0066535382602642,0.9974210262298584,1.00088095664978,0.9999579787254332,0
2023-08-22,DAI,3509096988.0,0.00658064115785166,0.9934193588421484,1.0065806411578517,0.9981899857521056,1.00136399269104,1.000033974647522,0
2023-08-23,DAI,3541296046.0,0.006560635684483029,0.9934393643155169,1.006560635684483,0.9972310066223145,1.000597953796387,1.000218987464905,0
2023-08-24,DAI,3558437508.0,0.00655008424177222,0.9934499157582278,1.0065500842417723,0.998458981513977,1.000561952590942,0.9999880194664,0
2023-08-25,DAI,3517330860.0,0.006575502176534838,0.9934244978234652,1.0065755021765348,0.9988570213317872,1.000226020812988,0.9996600151062012,0
2023-08-26,DAI,3503671208.0,0.0065840363295580065,0.993415963670442,1.006584036329558,0.9991769790649414,1.000349998474121,0.9999489784240724,0
2023-08-27,DAI,3479581462.0,0.006599195541748708,0.9934008044582513,1.0065991955417488,0.9985380172729492,1.000488042831421,1.000004053115845,0
2023-08-28,DAI,3494194175.0,0.006589983413936152,0.9934100165860639,1.0065899834139362,0.9984840154647828,1.002362966537476,1.000092029571533,0
2023-08-29,DAI,3562065865.0,0.006547859491779231,0.9934521405082207,1.0065478594917792,0.9986220002174376,1.000306010246277,1.000041961669922,0
2023-08-30,DAI,3471692785.0,0.0066041901792451094,0.9933958098207549,1.006604190179245,0.9966800212860109,1.00087296962738,0.9997180104255676,0
2023-08-31,DAI,3333013636.0,0.006694543530435771,0.9933054564695643,1.0066945435304357,0.9979230165481568,1.000571966171265,1.000025033950806,0
2023-09-01,DAI,3317688734.0,0.006704835400406912,0.9932951645995931,1.006704835400407,0.999336004257202,1.000699043273926,1.000236034393311,0
2023-09-02,DAI,3239647080.0,0.006758247609006652,0.9932417523909933,1.0067582476090067,0.9990689754486084,1.000972986221313,1.000044941902161,0
2023-09-03,DAI,3086313459.0,0.006868364303408112,0.9931316356965919,1.0068683643034082,0.9985349774360656,1.000669002532959,1.0000159740448,0
2023-09-04,DAI,3024505174.0,0.006914836080421776,0.9930851639195782,1.0069148360804219,0.9985499978065492,1.000797986984253,1.000007033348083,0
2023-09-05,DAI,2956469567.0,0.006967476763948496,0.9930325232360515,1.0069674767639485,0.9986199736595154,1.00077497959137,0.9999510049819946,0
2023-09-06,DAI,2847124705.0,0.007055554811689003,0.992944445188311,1.007055554811689,0.9988309741020204,1.001001954078674,0.999970018863678,0
2023-09-07,DAI,2760831414.0,0.007128312063908252,0.9928716879360917,1.0071283120639083,0.9979239702224731,1.001055955886841,1.0001300573349,0
2023-09-08,DAI,2702316218.0,0.007179396584706258,0.9928206034152938,1.0071793965847062,0.9993799924850464,1.000555038452148,1.000108957290649,0
2023-09-09,DAI,2673476260.0,0.0072051200723401735,0.9927948799276598,1.0072051200723402,0.9987750053405762,1.000849008560181,0.999360978603363,0
2023-09-10,DAI,2647866958.0,0.007228274106441512,0.9927717258935584,1.0072282741064416,0.997367024421692,1.000712990760803,1.000205993652344,0
2023-09-11,DAI,2698825382.0,0.007182490683634618,0.9928175093163654,1.0071824906836346,0.9984930157661438,1.001438975334167,0.9996399879455566,0
2023-09-12,DAI,2745477536.0,0.007141575553740304,0.9928584244462597,1.0071415755537403,0.9989680051803588,1.001165986061096,1.000170946121216,0
2023-09-13,DAI,2752081026.0,0.007135859020017498,0.9928641409799825,1.0071358590200175,0.9992949962615968,1.00134801864624,0.9996790289878844,0
2023-09-14,DAI,2769815324.0,0.007120596810998673,0.9928794031890014,1.0071205968109986,0.9987630248069764,1.000942945480347,1.000051975250244,0
2023-09-15,DAI,2782086467.0,0.00711011227641654,0.9928898877235834,1.0071101122764166,0.9989420175552368,1.000743985176086,1.000056028366089,0
2023-09-16,DAI,2597138447.0,0.007275032975689606,0.9927249670243103,1.0072750329756897,0.9990490078926086,1.000648021697998,1.000471949577332,0
2023-09-17,DAI,2479869197.0,0.007387946502036686,0.9926120534979633,1.0073879465020368,0.9980329871177672,1.001121997833252,0.999849021434784,0
2023-09-18,DAI,2511270434.0,0.007357023988847843,0.9926429760111521,1.0073570239888479,0.9987419843673706,1.00103497505188,1.000051975250244,0
2023-09-19,DAI,2561437258.0,0.007308676833940089,0.9926913231660599,1.00730867683394,0.9984859824180604,1.000718951225281,0.9996820092201232,0
2023-09-20,DAI,2540328330.0,0.0073288649025997216,0.9926711350974002,1.0073288649025998,0.9975950121879578,1.000184059143066,0.9993759989738464,0
2023-09-21,DAI,2457103798.0,0.007410693170199851,0.9925893068298002,1.0074106931701998,0.9986090064048768,1.000412940979004,0.999882996082306,0
2023-09-22,DAI,2415273703.0,0.00745323044044781,0.9925467695595522,1.0074532304404478,0.9994580149650574,1.000476956367493,1.000180959701538,0
2023-09-23,DAI,2431832245.0,0.0074362753499830495,0.992563724650017,1.007436275349983,0.9994620084762572,1.000627040863037,0.999912977218628,0
2023-09-24,DAI,2405622403.0,0.007463184534987265,0.9925368154650127,1.0074631845349873,0.9988459944725036,1.000800967216492,1.000038981437683,0
2023-09-25,DAI,2468882522.0,0.007398889220850279,0.9926011107791497,1.0073988892208503,0.999010980129242,1.000565052032471,1.000141978263855,0
2023-09-26,DAI,2483943903.0,0.007383904517861285,0.9926160954821387,1.0073839045178612,0.9982579946517944,1.000900030136108,0.9999549984931946,0
2023-09-27,DAI,2493301846.0,0.007374655098184282,0.9926253449018158,1.0073746550981844,0.9992719888687134,1.001430034637451,1.000288009643555,0
2023-09-28,DAI,2446259607.0,0.007421627484599131,0.9925783725154008,1.007421627484599,0.9988719820976256,1.001230955123901,1.000306963920593,0
2023-09-29,DAI,2430386862.0,0.0074377492080663354,0.9925622507919336,1.0074377492080664,0.9994660019874572,1.000887036323547,0.9996740221977234,0
2023-09-30,DAI,2402329652.0,0.007466592780705711,0.9925334072192943,1.0074665927807056,0.9988080263137816,1.001304030418396,1.000179052352905,0
2023-10-01,DAI,2369970388.0,0.007500421903869236,0.9924995780961308,1.0075004219038692,0.9966390132904052,1.000921010971069,0.9997010231018066,0
2023-10-02,DAI,2435696504.0,0.00743234069121012,0.9925676593087899,1.00743234069121,0.9982960224151612,1.00032901763916,0.999508023262024,0
2023-10-03,DAI,2476511556.0,0.007391283840238779,0.9926087161597612,1.0073912838402388,0.9978539943695068,1.000766038894653,1.000200033187866,0
2023-10-04,DAI,2522864376.0,0.007345736830907358,0.9926542631690927,1.0073457368309073,0.99890398979187,1.000841975212097,0.9993270039558412,0
2023-10-05,DAI,2538317794.0,0.0073307993935030225,0.992669200606497,1.007330799393503,0.9991430044174194,1.001260995864868,0.9998940229415894,0
2023-10-06,DAI,2509307835.0,0.007358941532935218,0.9926410584670647,1.0073589415329351,0.9992809891700744,1.000339984893799,0.9997889995574952,0
2023-10-07,DAI,2488380458.0,0.0073795136316075,0.9926204863683925,1.0073795136316075,0.999109983444214,1.000534057617188,0.9999759793281556,0
2023-10-08,DAI,2493910406.0,0.007374055198900242,0.9926259448010998,1.0073740551989003,0.998054027557373,1.000542044639587,0.9997079968452454,0
2023-10-09,DAI,2543390106.0,0.007325922851237315,0.9926740771487627,1.0073259228512372,0.9984880089759828,1.000578999519348,0.9997159838676452,0
2023-10-10,DAI,2583340060.0,0.007287962686858151,0.9927120373131418,1.007287962686858,0.9977669715881348,1.000664949417114,0.9997239708900452,0
2023-10-11,DAI,2600285977.0,0.007272096423054004,0.992727903576946,1.007272096423054,0.9984170198440552,1.000534057617188,0.9999979734420776,0
2023-10-12,DAI,2593007083.0,0.0072788946261638,0.9927211053738362,1.0072788946261637,0.9991419911384584,1.001559972763062,1.0,0
2023-10-13,DAI,2597609624.0,0.007274593079530457,0.9927254069204695,1.0072745930795304,0.9993529915809632,1.000661015510559,1.000082969665527,0
2023-10-14,DAI,2550166105.0,0.007319428571372101,0.9926805714286279,1.007319428571372,0.9992889761924744,1.000648975372314,1.000012993812561,0
2023-10-15,DAI,2505390079.0,0.007362775336819749,0.9926372246631803,1.0073627753368197,0.9988009929656982,1.001392006874084,1.000298976898193,0
2023-10-16,DAI,2652640556.0,0.007223935587555172,0.9927760644124448,1.0072239355875552,0.9985209703445436,1.00036096572876,1.000013947486877,0
2023-10-17,DAI,2683360143.0,0.0071962627471269065,0.9928037372528731,1.007196262747127,0.9991289973258972,1.000609993934631,0.9999560117721558,0
2023-10-18,DAI,2693467137.0,0.00718725035467281,0.9928127496453272,1.0071872503546728,0.9991649985313416,1.000677943229675,1.000051021575928,0
2023-10-19,DAI,2671197262.0,0.007207168565331372,0.9927928314346687,1.0072071685653314,0.9991959929466248,1.00141704082489,0.9999819993972778,0
2023-10-20,DAI,2693668786.0,0.0071870710034943625,0.9928129289965056,1.0071870710034945,0.9995880126953124,1.000828981399536,1.000054955482483,0
2023-10-21,DAI,2730200449.0,0.007154871232417066,0.9928451287675829,1.007154871232417,0.9992510080337524,1.000983953475952,1.000463008880615,0
2023-10-22,DAI,2815143833.0,0.007082172005980603,0.9929178279940194,1.0070821720059806,0.9990379810333252,1.001963973045349,1.000638961791992,0
2023-10-23,DAI,3028192257.0,0.006912028472550902,0.9930879715274491,1.0069120284725508,0.9974259734153748,1.001696944236755,0.999638020992279,0
2023-10-24,DAI,3266070688.0,0.006739972739663894,0.9932600272603361,1.006739972739664,0.9987000226974488,1.001243948936462,0.999970018863678,0
2023-10-25,DAI,3316031558.0,0.006705952120972658,0.9932940478790273,1.0067059521209727,0.9976969957351683,1.000846028327942,0.9999809861183168,0
2023-10-26,DAI,3441571595.0,0.006623401221140553,0.9933765987788594,1.0066234012211406,0.9983779788017272,1.000607013702393,1.000146985054016,0
2023-10-27,DAI,3515699739.0,0.006576518928268268,0.9934234810717317,1.0065765189282683,0.9990800023078918,1.000627040863037,0.99993497133255,0
2023-10-28,DAI,3502672929.0,0.006584661764382339,0.9934153382356177,1.0065846617643823,0.9992769956588744,1.000952959060669,0.9999250173568726,0
2023-10-29,DAI,3497483048.0,0.00658791712651358,0.9934120828734864,1.0065879171265135,0.9988629817962646,1.001278042793274,1.000221014022827,0
2023-10-30,DAI,3573886618.0,0.006540632427777954,0.9934593675722221,1.006540632427778,0.9989029765129088,1.000815987586975,1.000781059265137,0
2023-10-31,DAI,3626061863.0,0.006509109790562543,0.9934908902094375,1.0065091097905625,0.9984639883041382,1.001332998275757,1.000306010246277,0
2023-11-01,DAI,3676149047.0,0.006479412502841313,0.9935205874971587,1.0064794125028413,0.9975339770317078,1.001077055931091,1.000180959701538,0
2023-11-02,DAI,3773580056.0,0.006423161040160098,0.99357683895984,1.0064231610401602,0.998511016368866,1.000975012779236,1.000406980514526,0
2023-11-03,DAI,3831107255.0,0.006390849099714557,0.9936091509002855,1.0063908490997147,0.999521017074585,1.001109957695007,0.9997649788856506,0
2023-11-04,DAI,3841442706.0,0.006385112397848712,0.9936148876021513,1.0063851123978487,0.998893976211548,1.00148594379425,0.9997529983520508,0
2023-11-05,DAI,3927208213.0,0.0063382888083341965,0.9936617111916658,1.006338288808334,0.999081015586853,1.000851988792419,1.000200033187866,0
2023-11-06,DAI,4031262698.0,0.006283278358294351,0.9937167216417057,1.0062832783582945,0.99864399433136,1.001624941825867,1.000148057937622,0
2023-11-07,DAI,4099820161.0,0.00624805817288393,0.9937519418271161,1.0062480581728839,0.9990730285644532,1.000882029533386,0.9996579885482788,0
2023-11-08,DAI,4158565430.0,0.0062184978285118285,0.9937815021714882,1.0062184978285118,0.997717022895813,1.00137996673584,1.000409960746765,0
2023-11-09,DAI,4376084401.0,0.006113709095451613,0.9938862909045484,1.0061137090954515,0.9988470077514648,1.001070976257324,0.9996770024299622,0
2023-11-10,DAI,4459504535.0,0.006075347585496601,0.9939246524145035,1.0060753475854967,0.998097002506256,1.000802040100098,0.999805986881256,0
2023-11-11,DAI,4513827286.0,0.006050877408486626,0.9939491225915134,1.0060508774084866,0.998130977153778,1.000851988792419,0.9994710087776184,0
2023-11-12,DAI,4564381262.0,0.0060284550736469196,0.9939715449263531,1.006028455073647,0.998386025428772,1.001489996910095,0.9987229704856871,0
2023-11-13,DAI,4670287659.0,0.005982537868509125,0.9940174621314909,1.0059825378685092,0.9971920251846312,1.001274943351746,0.9995359778404236,0
2023-11-14,DAI,4803696582.0,0.005926634488819302,0.9940733655111808,1.0059266344888194,0.9989870190620422,1.002086043357849,1.000684976577759,0
2023-11-15,DAI,4784687539.0,0.0059344727424502875,0.9940655272575497,1.0059344727424502,0.9965749979019164,1.001361012458801,0.9998909831047058,0
2023-11-16,DAI,4942879782.0,0.005870476006428036,0.994129523993572,1.005870476006428,0.9976699948310852,1.00157904624939,1.000419974327087,0
2023-11-17,DAI,5042851104.0,0.0058314239774831305,0.9941685760225168,1.005831423977483,0.9985870122909546,1.00143301486969,1.000352025032043,0
2023-11-18,DAI,5238948562.0,0.005757738746888298,0.9942422612531117,1.0057577387468883,0.9990280270576476,1.001451015472412,1.000583052635193,0
2023-11-19,DAI,5370876294.0,0.005710203906846765,0.9942897960931533,1.0057102039068468,0.9986680150032043,1.001212000846863,0.9995710253715516,0
2023-11-20,DAI,5513436279.0,0.0056605575930365965,0.9943394424069634,1.0056605575930366,0.997327983379364,1.001237988471985,0.9979209899902344,0
2023-11-21,DAI,5657217185.0,0.005612190220804027,0.9943878097791959,1.005612190220804,0.997639000415802,1.00152599811554,0.9998940229415894,0
2023-11-22,DAI,5602003560.0,0.005630567983428272,0.9943694320165717,1.0056305679834283,0.9987589716911316,1.001127004623413,0.9996860027313232,0
2023-11-23,DAI,5554735002.0,0.0056464941820265355,0.9943535058179734,1.0056464941820265,0.9983829855918884,1.001500010490417,1.000028014183044,0
2023-11-24,DAI,5632292740.0,0.005620456534471792,0.9943795434655283,1.0056204565344717,0.9990190267562866,1.001186013221741,1.00010097026825,0
2023-11-25,DAI,5674397709.0,0.005606520435847876,0.9943934795641521,1.005606520435848,0.9978640079498292,1.001039981842041,0.9996740221977234,0
2023-11-26,DAI,5767052223.0,0.0055763330616890264,0.994423666938311,1.005576333061689,0.9983919858932496,1.000684022903442,1.000161051750183,0
2023-11-27,DAI,5991270477.0,0.0055058835851516065,0.9944941164148484,1.0055058835851516,0.998394012451172,1.001358985900879,0.9995530247688292,0
2023-11-28,DAI,6228037584.0,0.005435209122218996,0.994564790877781,1.005435209122219,0.9985640048980712,1.000818967819214,0.9997169971466064,0
2023-11-29,DAI,6403038502.0,0.005385234617928625,0.9946147653820714,1.0053852346179286,0.9988769888877868,1.000895023345947,1.000062942504883,0
2023-11-30,DAI,6760868948.0,0.005288499822353464,0.9947115001776465,1.0052884998223535,0.9987409710884094,1.000748991966248,0.9997529983520508,0
2023-12-01,DAI,6807633162.0,0.005276362417317084,0.9947236375826829,1.005276362417317,0.9988459944725036,1.001446962356567,1.000005006790161,0
2023-12-02,DAI,6933668020.0,0.005244196849974532,0.9947558031500254,1.0052441968499746,0.9987369775772096,1.000754952430725,0.9996500015258788,0
2023-12-03,DAI,7131537992.0,0.00519523981887585,0.9948047601811242,1.005195239818876,0.9987630248069764,1.000838041305542,1.00055205821991,0
2023-12-04,DAI,7490475129.0,0.005110894048352652,0.9948891059516474,1.0051108940483526,0.9972749948501588,1.001209020614624,1.000419020652771,0
2023-12-05,DAI,7946803386.0,0.005011132013283827,0.9949888679867162,1.0050111320132837,0.9983569979667664,1.001039028167725,0.9991880059242249,0
2023-12-06,DAI,8101549119.0,0.0049790212161453466,0.9950209787838546,1.0049790212161454,0.998192012310028,1.001145958900452,1.000061988830566,0
2023-12-07,DAI,8265547376.0,0.004945871099709092,0.9950541289002909,1.004945871099709,0.9990339875221252,1.001006007194519,0.9999229907989502,0
2023-12-08,DAI,8387807196.0,0.00492172322074302,0.995078276779257,1.004921723220743,0.9983630180358888,1.001606941223145,0.9996730089187622,0
2023-12-09,DAI,8351027424.0,0.004928938091702913,0.9950710619082971,1.0049289380917028,0.9983459711074828,1.000645041465759,0.9998949766159058,0
2023-12-10,DAI,8362392798.0,0.004926704097037855,0.9950732959029621,1.0049267040970378,0.9957759976387024,1.001034021377563,1.000195026397705,0
2023-12-11,DAI,8541502024.0,0.004892024055884865,0.9951079759441152,1.004892024055885,0.998063027858734,1.001289963722229,1.000367999076843,0
2023-12-12,DAI,8707184397.0,0.004860796275144907,0.9951392037248551,1.0048607962751448,0.998104989528656,1.002421021461487,1.000134944915771,0
2023-12-13,DAI,8836297422.0,0.004837005243657033,0.995162994756343,1.004837005243657,0.9984570145606996,1.001245021820068,1.000164985656738,0
2023-12-14,DAI,9002739644.0,0.004807010857973054,0.9951929891420269,1.004807010857973,0.9977869987487792,1.000532031059265,0.9982370138168336,0
2023-12-15,DAI,9067165082.0,0.00479559861091585,0.9952044013890842,1.0047955986109158,0.9977740049362184,1.000736951828003,0.999292016029358,0
2023-12-16,DAI,9197412795.0,0.0047728535321460205,0.9952271464678539,1.004772853532146,0.997668981552124,1.000602960586548,0.9991379976272584,0
2023-12-17,DAI,9198602429.0,0.004772647769235395,0.9952273522307646,1.0047726477692354,0.99685400724411,1.001306056976318,1.000203013420105,0
2023-12-18,DAI,9141323052.0,0.004782595464350761,0.9952174045356492,1.0047825954643508,0.9976230263710022,1.001145005226135,0.9997569918632508,0
2023-12-19,DAI,9196539202.0,0.004773004654190511,0.9952269953458095,1.0047730046541905,0.9979749917984008,1.001109957695007,1.000041961669922,0
2023-12-20,DAI,9184480833.0,0.0047750925777503,0.9952249074222497,1.0047750925777503,0.9982789754867554,1.000756978988647,1.000166058540344,0
2023-12-21,DAI,9098951770.0,0.004790007708610112,0.9952099922913898,1.00479000770861,0.9985600113868712,1.001114010810852,1.000326037406921,0
2023-12-22,DAI,9076963713.0,0.0047938723647977495,0.9952061276352022,1.0047938723647978,0.9983109831809998,1.00055205821991,0.9999750256538392,0
2023-12-23,DAI,9018011970.0,0.004804295709689766,0.9951957042903102,1.0048042957096899,0.9979519844055176,1.000862002372742,0.9995089769363404,0
2023-12-24,DAI,8933858643.0,0.004819333431023473,0.9951806665689765,1.0048193334310234,0.9983590245246888,1.000797033309937,0.9996160268783568,0
2023-12-25,DAI,8928516077.0,0.004820294489310369,0.9951797055106897,1.0048202944893103,0.996645987033844,1.000620007514954,1.000383973121643,0
2023-12-26,DAI,8912264222.0,0.004823222707304514,0.9951767772926955,1.0048232227073046,0.9989410042762756,1.001484990119934,1.00031304359436,0
2023-12-27,DAI,8864559653.0,0.00483185928023588,0.9951681407197641,1.0048318592802359,0.997704029083252,1.001127004623413,0.999737024307251,0
2023-12-28,DAI,8845542750.0,0.004835319449631715,0.9951646805503683,1.0048353194496318,0.9973980188369752,1.000833988189697,1.000419020652771,0
2023-12-29,DAI,8775279012.0,0.00484819063938226,0.9951518093606178,1.0048481906393822,0.9982550144195556,1.000798940658569,0.9994549751281738,0
2023-12-30,DAI,8485813654.0,0.0049027020760713785,0.9950972979239286,1.0049027020760715,0.9984440207481384,1.000584959983826,0.999413013458252,0
2022-01-30,USDC,161307105346544.0,0.00018370268360819538,0.9998162973163918,1.0001837026836082,0.9990839958190918,1.001075029373169,0.9995390176773072,1
2022-01-31,USDC,161307427429439.0,0.0001837025613415966,0.9998162974386584,1.0001837025613416,0.9990890026092528,1.00046694278717,0.9996830224990844,1
2022-02-01,USDC,161308029191349.0,0.0001837023329063017,0.9998162976670937,1.0001837023329063,0.9991750121116638,1.000725984573364,0.9999669790267944,1
2022-02-02,USDC,161307785165576.0,0.00018370242554097344,0.999816297574459,1.0001837024255409,0.9990599751472472,1.000627040863037,1.000231027603149,1
2022-02-03,USDC,161306973978455.0,0.00018370273347721912,0.9998162972665228,1.0001837027334772,0.9992319941520692,1.000676035881042,0.9995329976081848,1
2022-02-04,USDC,161307586368618.0,0.00018370250100646393,0.9998162974989936,1.0001837025010065,0.998865008354187,1.000478982925415,1.000116944313049,1
2022-02-05,USDC,161308784784710.0,0.00018370204607654213,0.9998162979539235,1.0001837020460767,0.9990410208702089,1.000494003295898,1.000357031822205,1
2022-02-06,USDC,161306259736134.0,0.00018370300461377904,0.9998162969953862,1.0001837030046137,0.9989979863166808,1.001152992248535,0.9990220069885254,1
2022-02-07,USDC,161305515336654.0,0.00018370328720012969,0.9998162967127999,1.0001837032872,0.9979910254478456,1.000568032264709,0.999171018600464,1
2022-02-08,USDC,161306330409954.0,0.0001837029777849188,0.9998162970222151,1.000183702977785,0.9990090131759644,1.000563979148865,0.9995869994163512,1
2022-02-09,USDC,161304572943270.0,0.00018370364495073397,0.9998162963550493,1.0001837036449508,0.9988830089569092,1.000820994377136,1.000102996826172,1
2022-02-10,USDC,161305122916708.0,0.00018370343616992942,0.9998162965638301,1.00018370343617,0.9986839890480042,1.000532031059265,0.9993680119514464,1
2022-02-11,USDC,161305650826351.0,0.00018370323576587106,0.9998162967642341,1.0001837032357659,0.998826026916504,1.000677943229675,1.000177025794983,1
2022-02-12,USDC,161304866415564.0,0.0001837035335427234,0.9998162964664573,1.0001837035335428,0.9987679719924928,1.000622034072876,0.999983012676239,1
2022-02-13,USDC,161302983870899.0,0.00018370424819939688,0.9998162957518006,1.0001837042481994,0.9989780187606812,1.000691056251526,0.999364972114563,1
2022-02-14,USDC,161303109558929.0,0.00018370420048502214,0.999816295799515,1.000183704200485,0.9988610148429872,1.000414967536926,0.9995710253715516,1
2022-02-15,USDC,161304116318132.0,0.000183703818295397,0.9998162961817046,1.0001837038182955,0.9989219903945924,1.00066602230072,0.999776005744934,1
2022-02-16,USDC,161304322390669.0,0.000183703740065776,0.9998162962599342,1.0001837037400658,0.9988840222358704,1.000455021858215,0.9994019865989684,1
2022-02-17,USDC,161305063252378.0,0.00018370345881964432,0.9998162965411803,1.0001837034588197,0.998898983001709,1.000573039054871,0.999770998954773,1
2022-02-18,USDC,161305329839827.0,0.0001837033576180629,0.9998162966423819,1.000183703357618,0.9990180134773254,1.000506997108459,0.9998700022697448,1
2022-02-19,USDC,161304299092234.0,0.00018370374891036245,0.9998162962510896,1.0001837037489103,0.998878002166748,1.000710964202881,1.000002980232239,1
2022-02-20,USDC,161299228191761.0,0.00018370567397364584,0.9998162943260264,1.0001837056739737,0.998835027217865,1.000856041908264,0.999334990978241,1
2022-02-21,USDC,161297318058845.0,0.00018370639913732452,0.9998162936008627,1.0001837063991372,0.9988240003585817,1.001062989234924,1.000044941902161,1
2022-02-22,USDC,161297056853174.0,0.0001837064983024473,0.9998162935016975,1.0001837064983023,0.9988809823989868,1.00069797039032,0.9995129704475404,1
2022-02-23,USDC,161293676619029.0,0.0001837077816068177,0.9998162922183932,1.000183707781607,0.9988399744033812,1.000717043876648,0.9999629855155944,1
2022-02-24,USDC,161298575251784.0,0.00018370592185477046,0.9998162940781452,1.0001837059218548,0.9992820024490356,1.000911951065063,0.9999430179595948,1
2022-02-25,USDC,78052068150149.0,0.0002339942550977696,0.9997660057449023,1.0002339942550977,0.9991350173950196,1.000396966934204,0.9999920129776,1
2022-02-26,USDC,78050306563069.0,0.0002339960154929713,0.999766003984507,1.000233996015493,0.998544991016388,1.000419974327087,0.9997220039367676,1
2022-02-27,USDC,78049849616069.0,0.0002339964721394571,0.9997660035278605,1.0002339964721394,0.9988750219345092,1.000571012496948,0.999853014945984,1
2022-02-28,USDC,113596521155.0,0.002064801575121417,0.9979351984248785,1.0020648015751215,0.9985049962997437,1.000522971153259,0.999813973903656,0
2022-03-01,USDC,116879875622.0,0.002045283052500051,0.9979547169474999,1.0020452830525,0.998769998550415,1.000584959983826,0.9995689988136292,0
2022-03-02,USDC,119254040618.0,0.0020316191556158498,0.9979683808443841,1.0020316191556158,0.9990410208702089,1.000502943992615,0.9999340176582336,0
2022-03-03,USDC,120084723840.0,0.0020269237530681954,0.9979730762469318,1.0020269237530681,0.999072015285492,1.000684976577759,0.9998409748077391,0
2022-03-04,USDC,122159119150.0,0.0020153850646855258,0.9979846149353144,1.0020153850646856,0.9977449774742126,1.000887989997864,0.9993709921836852,1
2022-03-05,USDC,122165360748.0,0.002015350741160025,0.99798464925884,1.00201535074116,0.9987679719924928,1.000412940979004,0.9998509883880616,0
2022-03-06,USDC,119881378751.0,0.0020280691413230877,0.9979719308586769,1.002028069141323,0.9986310005187988,1.000687003135681,0.9991340041160583,0
2022-03-07,USDC,118341213765.0,0.002036829424322311,0.9979631705756777,1.0020368294243223,0.9990689754486084,1.001224994659424,1.00025999546051,0
2022-03-08,USDC,120323148021.0,0.002025584062966902,0.9979744159370331,1.0020255840629668,0.9992210268974304,1.001520991325378,1.000450015068054,0
2022-03-09,USDC,120995351584.0,0.002021825973268404,0.9979781740267316,1.0020218259732685,0.998993992805481,1.000705003738403,0.999800980091095,0
2022-03-10,USDC,121191311633.0,0.002020735656240276,0.9979792643437597,1.0020207356562403,0.9991679787635804,1.000177025794983,0.9993410110473632,0
2022-03-11,USDC,122174770402.0,0.002015299000417449,0.9979847009995826,1.0020152990004174,0.9992430210113524,1.000237941741943,0.999538004398346,0
2022-03-12,USDC,120421583140.0,0.0020250319942654122,0.9979749680057346,1.0020250319942654,0.9990280270576476,1.000180959701538,0.9999650120735168,0
2022-03-13,USDC,119209765611.0,0.0020318706417762396,0.9979681293582238,1.0020318706417763,0.9983969926834106,1.000643014907837,1.000288009643555,0
2022-03-14,USDC,119971620348.0,0.0020275605151871224,0.9979724394848128,1.0020275605151872,0.9987019896507264,1.000797986984253,0.9993669986724854,0
2022-03-15,USDC,121288160680.0,0.002020197658040203,0.9979798023419598,1.0020201976580403,0.9991679787635804,1.000555038452148,0.9998959898948668,0
2022-03-16,USDC,123720722990.0,0.0020068697351959945,0.997993130264804,1.002006869735196,0.9994980096817015,1.000246047973633,0.999783992767334,0
2022-03-17,USDC,124159821560.0,0.002004501136167509,0.9979954988638325,1.0020045011361676,0.9993230104446412,1.000102996826172,0.9998480081558228,0
2022-03-18,USDC,125265314155.0,0.001998586990123748,0.9980014130098762,1.0019985869901238,0.9993370175361632,1.000169038772583,0.9997479915618896,0
2022-03-19,USDC,124259550986.0,0.00200396472870079,0.9979960352712992,1.0020039647287007,0.9991570115089417,1.000246047973633,0.9999319911003112,0
2022-03-20,USDC,123696703628.0,0.002006999624431845,0.9979930003755682,1.0020069996244318,0.9993990063667296,1.000377058982849,0.9998279809951782,0
2022-03-21,USDC,124973206583.0,0.0020001429186473083,0.9979998570813526,1.0020001429186474,0.9994770288467408,1.00026798248291,0.9999039769172668,0
2022-03-22,USDC,126130011304.0,0.001994009341009449,0.9980059906589905,1.0019940093410094,0.9991769790649414,1.000378966331482,0.9999529719352722,0
2022-03-23,USDC,124872514647.0,0.002000680384543457,0.9979993196154565,1.0020006803845434,0.9990730285644532,1.000378966331482,0.9997050166130066,0
2022-03-24,USDC,125355866947.0,0.0019981056372327956,0.9980018943627672,1.001998105637233,0.998782992362976,1.000249028205872,0.9991530179977416,0
2022-03-25,USDC,125263042246.0,0.001998599072911663,0.9980014009270883,1.0019985990729117,0.9990659952163696,1.000545024871826,0.999891996383667,0
2022-03-26,USDC,118569590153.0,0.0020355208743074826,0.9979644791256925,1.0020355208743075,0.9994950294494628,1.000434994697571,1.000038981437683,0
2022-03-27,USDC,116199375082.0,0.0020492678933624175,0.9979507321066375,1.0020492678933623,0.999230980873108,1.000511050224304,1.000126004219055,0
2022-03-28,USDC,117673437646.0,0.002040675042310063,0.9979593249576899,1.00204067504231,0.9993450045585632,1.000331997871399,0.9999960064888,0
2022-03-29,USDC,117926425142.0,0.0020392147111747386,0.9979607852888253,1.0020392147111747,0.9991649985313416,1.000478029251099,0.999431014060974,0
2022-03-30,USDC,116719155289.0,0.002046221395504616,0.9979537786044954,1.0020462213955046,0.9989410042762756,1.000293970108032,0.999446988105774,0
2022-03-31,USDC,116067453356.0,0.002050043995507695,0.9979499560044923,1.0020500439955078,0.999023973941803,1.000417947769165,0.9999939799308776,0
2022-04-01,USDC,115626439533.0,0.00205264706427893,0.9979473529357211,1.002052647064279,0.9990649819374084,1.000308990478516,0.999343991279602,0
2022-04-02,USDC,115877359712.0,0.0020511643967976137,0.9979488356032024,1.0020511643967975,0.9985049962997437,1.00043797492981,1.000094056129456,0
2022-04-03,USDC,114450243536.0,0.00205965474292866,0.9979403452570713,1.0020596547429286,0.9989100098609924,1.000316023826599,1.00012195110321,0
2022-04-04,USDC,116022754715.0,0.002050307226675139,0.9979496927733249,1.002050307226675,0.9990339875221252,1.000360012054443,0.9996960163116456,0
2022-04-05,USDC,116853268924.0,0.0020454382730865327,0.9979545617269134,1.0020454382730866,0.9986230134963988,1.000602006912231,0.999584972858429,0
2022-04-06,USDC,118475350507.0,0.002036060440628649,0.9979639395593713,1.0020360604406287,0.9990659952163696,1.001111030578613,1.000036954879761,0
2022-04-07,USDC,118117512457.0,0.0020381144555160534,0.997961885544484,1.0020381144555162,0.9973160028457642,1.001014947891235,0.9997410178184508,1
2022-04-08,USDC,117876688858.0,0.002039501476103155,0.9979604985238969,1.0020395014761032,0.9990670084953308,1.000532984733582,1.000084042549133,0
2022-04-09,USDC,116213095236.0,0.0020491872444545595,0.9979508127555454,1.0020491872444546,0.9991440176963806,1.000502943992615,0.9996259808540344,0
2022-04-10,USDC,114642873560.0,0.0020585005099229906,0.997941499490077,1.002058500509923,0.9990090131759644,1.000303983688354,0.9997320175170898,0
2022-04-11,USDC,117302950212.0,0.0020428211943420904,0.9979571788056579,1.0020428211943422,0.9992319941520692,1.000623941421509,0.9998649954795836,0
2022-04-12,USDC,119106055264.0,0.002032460214030239,0.9979675397859697,1.0020324602140303,0.9991530179977416,1.00039005279541,0.9997450113296508,0
2022-04-13,USDC,119252826376.0,0.0020316260509630688,0.9979683739490369,1.002031626050963,0.999081015586853,1.000332951545715,0.9998390078544616,0
2022-04-14,USDC,119770154022.0,0.002028696736883742,0.9979713032631162,1.0020286967368837,0.9993860125541688,1.000561952590942,0.9997529983520508,0
2022-04-15,USDC,117594704954.0,0.002041130368922156,0.9979588696310778,1.002041130368922,0.9992700219154358,1.000432014465332,1.000226020812988,0
2022-04-16,USDC,116004125379.0,0.0020504169751219764,0.997949583024878,1.0020504169751219,0.9989050030708312,1.00032103061676,0.9992589950561525,0
2022-04-17,USDC,114345981196.0,0.002060280560541869,0.9979397194394581,1.0020602805605419,0.9988290071487428,1.000550031661987,0.9998729825019836,0
2022-04-18,USDC,115400485442.0,0.002053985884819985,0.99794601411518,1.00205398588482,0.9993199706077576,1.00060498714447,0.999897003173828,0
2022-04-19,USDC,116086731318.0,0.002049930508928406,0.9979500694910716,1.0020499305089283,0.9993129968643188,1.000633001327515,0.9998469948768616,0
2022-04-20,USDC,116885487417.0,0.0020452503199137914,0.9979547496800862,1.0020452503199138,0.999439001083374,1.001759052276611,1.000282049179077,0
2022-04-21,USDC,117334191011.0,0.0020426398745560285,0.997957360125444,1.002042639874556,0.9994630217552184,1.000676989555359,1.00019896030426,0
2022-04-22,USDC,117439299952.0,0.002042030300649726,0.9979579696993502,1.0020420303006496,0.9994950294494628,1.000627994537354,1.000004053115845,0
2022-04-23,USDC,114968979440.0,0.0020565523762542393,0.9979434476237458,1.0020565523762541,0.9994779825210572,1.001844048500061,0.9999629855155944,0
2022-04-24,USDC,113622288220.0,0.0020646454792838656,0.9979353545207161,1.0020646454792839,0.9994000196456908,1.002027988433838,1.000218033790588,0
2022-04-25,USDC,115991142393.0,0.0020504934738993117,0.9979495065261007,1.0020504934738994,0.9993630051612854,1.001826047897339,1.000126957893372,0
2022-04-26,USDC,117019457306.0,0.002044469519310073,0.99795553048069,1.00204446951931,0.9995350241661072,1.000838994979858,1.00032103061676,0
2022-04-27,USDC,116132838362.0,0.00204965918530585,0.9979503408146941,1.0020496591853059,0.9995070099830629,1.000504970550537,1.000028967857361,0
2022-04-28,USDC,116139382513.0,0.002049620686934728,0.9979503793130653,1.0020496206869347,0.999541997909546,1.000416994094849,1.000023007392883,0
2022-04-29,USDC,115920877192.0,0.0020509076910172064,0.9979490923089828,1.0020509076910171,0.9992799758911132,1.000494956970215,1.000295042991638,0
2022-04-30,USDC,114780310827.0,0.0020576785696515745,0.9979423214303484,1.0020576785696516,0.9994869828224182,1.000849962234497,1.000380992889404,0
2022-05-01,USDC,113627125730.0,0.002064616179106261,0.9979353838208938,1.0020646161791062,0.9994999766349792,1.000563979148865,1.000059962272644,0
2022-05-02,USDC,113354968644.0,0.0020662671898938655,0.9979337328101061,1.0020662671898939,0.9994760155677797,1.000380992889404,1.000118970870972,0
2022-05-03,USDC,113663474472.0,0.0020643960726257514,0.9979356039273742,1.0020643960726257,0.9996190071105956,1.000648021697998,1.00007700920105,0
2022-05-04,USDC,113891725280.0,0.0020630160625056205,0.9979369839374944,1.0020630160625057,0.9993810057640076,1.00060498714447,0.9999579787254332,0
2022-05-05,USDC,115101042659.0,0.002055765534652813,0.9979442344653472,1.002055765534653,0.9995229840278624,1.000607967376709,1.000072002410889,0
2022-05-06,USDC,114627721493.0,0.0020585912068999328,0.9979414087931001,1.0020585912069,0.9996169805526732,1.000427007675171,0.9999060034751892,0
2022-05-07,USDC,114441617073.0,0.0020597064930101268,0.9979402935069899,1.0020597064930101,0.9995480179786682,1.000630974769592,1.000087022781372,0
2022-05-08,USDC,115907801455.0,0.0020509848101322226,0.9979490151898678,1.0020509848101322,0.9993759989738464,1.00068199634552,0.9995949864387512,0
2022-05-09,USDC,122132470540.0,0.0020155316358761413,0.9979844683641239,1.002015531635876,0.9992780089378356,1.000684976577759,0.9998279809951782,0
2022-05-10,USDC,128428746468.0,0.001982040778689511,0.9980179592213105,1.0019820407786895,0.99925297498703,1.001350045204163,1.000766038894653,0
2022-05-11,USDC,138469642422.0,0.00193292562280634,0.9980670743771937,1.0019329256228064,0.9995309710502625,1.011433959007263,1.000658988952637,1
2022-05-12,USDC,152476190049.0,0.0018718282155558562,0.9981281717844441,1.0018718282155559,0.999637007713318,1.001901030540466,1.000347018241882,1
2022-05-13,USDC,156776205264.0,0.0018545559949270354,0.998145444005073,1.001854555994927,0.9996950030326844,1.000977039337158,1.000380992889404,0
2022-05-14,USDC,158553100629.0,0.001847601985128479,0.9981523980148715,1.0018476019851286,0.9998630285263062,1.001026034355164,1.00018298625946,0
2022-05-15,USDC,159943143629.0,0.0018422339892128353,0.9981577660107872,1.0018422339892128,0.9997400045394896,1.000815987586975,1.000581026077271,0
2022-05-16,USDC,164441378022.0,0.001825280570172952,0.998174719429827,1.001825280570173,0.9999399781227112,1.001044988632202,1.000218987464905,0
2022-05-17,USDC,167034380087.0,0.001815786195797623,0.9981842138042024,1.0018157861957977,0.999770998954773,1.000798940658569,0.999770998954773,0
2022-05-18,USDC,168812816279.0,0.0018093872606930554,0.998190612739307,1.001809387260693,0.999809980392456,1.000821948051453,1.000269055366516,0
2022-05-19,USDC,171763230450.0,0.001798967290131962,0.998201032709868,1.001798967290132,0.9997869729995728,1.000887036323547,0.9999070167541504,0
2022-05-20,USDC,173112177403.0,0.001794282385512925,0.9982057176144871,1.0017942823855128,0.9998660087585448,1.000862002372742,1.000265955924988,0
2022-05-21,USDC,171723216997.0,0.0017991070058600807,0.9982008929941399,1.00179910700586,0.9999369978904724,1.000833988189697,1.000092029571533,0
2022-05-22,USDC,171334122422.0,0.0018004678819528498,0.9981995321180471,1.0018004678819528,0.99972802400589,1.000905990600586,1.000141024589539,0
2022-05-23,USDC,174604307592.0,0.001789156574823103,0.9982108434251769,1.0017891565748231,0.9997379779815674,1.000906944274902,1.000179052352905,0
2022-05-24,USDC,176572161607.0,0.0017824851569546766,0.9982175148430453,1.0017824851569548,0.9997779726982116,1.001006960868835,0.9998210072517396,0
2022-05-25,USDC,176431871873.0,0.001782957479246579,0.9982170425207534,1.0017829574792465,0.9997400045394896,1.001171946525574,0.9999300241470336,0
2022-05-26,USDC,179061228807.0,0.00177418735587955,0.9982258126441205,1.0017741873558796,0.9997050166130066,1.001227974891663,1.000403046607971,0
2022-05-27,USDC,182044441815.0,0.0017644425626471142,0.9982355574373529,1.001764442562647,0.9998379945755004,1.000846982002258,1.000149965286255,0
2022-05-28,USDC,181800730840.0,0.0017652306453060274,0.998234769354694,1.001765230645306,0.9998279809951782,1.000826001167297,1.000586032867432,0
2022-05-29,USDC,181696601910.0,0.0017655677942929897,0.998234432205707,1.001765567794293,0.9995819926261902,1.000870943069458,1.000098943710327,0
2022-05-30,USDC,184355748620.0,0.0017570378016696104,0.9982429621983304,1.0017570378016696,0.9997739791870116,1.000776052474976,1.000210046768188,0
2022-05-31,USDC,186494468944.0,0.0017502953862332626,0.9982497046137667,1.0017502953862332,0.9997119903564452,1.000717997550964,1.0001300573349,0
2022-06-01,USDC,188750384518.0,0.001743294332757386,0.9982567056672426,1.0017432943327573,0.9998239874839784,1.000808000564575,1.000223994255066,0
2022-06-02,USDC,190053581928.0,0.0017393006007170792,0.998260699399283,1.0017393006007171,0.9997649788856506,1.000761032104492,1.000143051147461,0
2022-06-03,USDC,189874037910.0,0.001739848652894154,0.9982601513471059,1.0017398486528941,0.9998279809951782,1.000725984573364,1.000242948532104,0
2022-06-04,USDC,187861788569.0,0.0017460386344336862,0.9982539613655663,1.0017460386344337,0.9998819828033448,1.000959992408752,1.000144004821777,0
2022-06-05,USDC,185713139950.0,0.0017527465557281307,0.9982472534442719,1.001752746555728,0.9996640086174012,1.000833988189697,1.000082015991211,0
2022-06-06,USDC,186713484554.0,0.0017496107508098743,0.9982503892491901,1.00174961075081,0.9997419714927672,1.000846982002258,1.000102996826172,0
2022-06-07,USDC,187207767385.0,0.001748069566923766,0.9982519304330763,1.0017480695669239,0.9997940063476562,1.000830054283142,1.000218033790588,0
2022-06-08,USDC,183179886943.0,0.0017607893568811937,0.9982392106431188,1.0017607893568812,0.9997469782829284,1.000632047653198,1.00024402141571,0
2022-06-09,USDC,177959556358.0,0.0017778409085387986,0.9982221590914612,1.0017778409085387,0.9996979832649232,1.000476956367493,1.000062942504883,0
2022-06-10,USDC,167299379655.0,0.0018148269636233047,0.9981851730363767,1.0018148269636233,0.9997379779815674,1.00108802318573,1.000090003013611,0
2022-06-11,USDC,153488989902.0,0.001867702029280761,0.9981322979707192,1.0018677020292808,0.9995269775390624,1.000915050506592,1.000048995018005,0
2022-06-12,USDC,151472190319.0,0.0018759547773020279,0.9981240452226979,1.001875954777302,0.9995009899139404,1.001116991043091,1.000434041023254,0
2022-06-13,USDC,159553616185.0,0.0018437319548740621,0.9981562680451259,1.001843731954874,0.9995920062065125,1.00122594833374,1.000728011131287,0
2022-06-14,USDC,164204621253.0,0.001826157402987563,0.9981738425970125,1.0018261574029876,0.9997770190238952,1.00134003162384,1.000704050064087,0
2022-06-15,USDC,168419198706.0,0.001810795755106774,0.9981892042448932,1.0018107957551068,0.9997889995574952,1.000908970832825,1.000367999076843,0
2022-06-16,USDC,169364338220.0,0.0018074210814262304,0.9981925789185737,1.0018074210814263,0.999921977519989,1.001063942909241,1.000208020210266,0
2022-06-17,USDC,168856249294.0,0.0018092321112027673,0.9981907678887972,1.0018092321112029,0.9995869994163512,1.001324057579041,1.000314950942993,0
2022-06-18,USDC,169444131339.0,0.0018071373253420542,0.9981928626746579,1.001807137325342,0.9998959898948668,1.00109601020813,1.000404000282288,0
2022-06-19,USDC,169998581904.0,0.0018051705254138377,0.9981948294745862,1.0018051705254138,0.9998440146446228,1.000982999801636,1.000151991844177,0
2022-06-20,USDC,172306946842.0,0.0017970730762290894,0.9982029269237709,1.0017970730762291,0.9998390078544616,1.001109004020691,0.9999430179595948,0
2022-06-21,USDC,173711903433.0,0.0017922151339931542,0.9982077848660068,1.001792215133993,0.9996280074119568,1.000790953636169,1.000108003616333,0
2022-06-22,USDC,172685434666.0,0.0017957591885185925,0.9982042408114814,1.0017957591885185,0.9998189806938172,1.000779032707214,1.000538945198059,0
2022-06-23,USDC,172667104936.0,0.0017958227300878071,0.9982041772699122,1.0017958227300878,0.9998070001602172,1.000620007514954,0.9998639822006226,0
2022-06-24,USDC,173119886548.0,0.0017942557515837187,0.9982057442484162,1.0017942557515838,0.9996619820594788,1.000659942626953,1.000103950500488,0
2022-06-25,USDC,169680471160.0,0.0018062979104156846,0.9981937020895844,1.0018062979104156,0.9998120069503784,1.000735998153687,0.9998130202293396,0
2022-06-26,USDC,166091040029.0,0.0018192173886082369,0.9981807826113918,1.0018192173886082,0.9997730255126952,1.000637054443359,1.000166058540344,0
2022-06-27,USDC,165700416577.0,0.001820645812481157,0.9981793541875188,1.0018206458124812,0.9998149871826172,1.000687003135681,1.000139951705933,0
2022-06-28,USDC,165966069314.0,0.0018196738912713269,0.9981803261087286,1.0018196738912712,0.9998369812965392,1.00068199634552,1.000365018844604,0
2022-06-29,USDC,164576542100.0,0.0018247807420821278,0.9981752192579179,1.0018247807420821,0.9997439980506896,1.000792980194092,0.9999139904975892,0
2022-06-30,USDC,163899827856.0,0.001827288695715561,0.9981727113042844,1.0018272886957156,0.9998120069503784,1.000658988952637,1.000177025794983,0
2022-07-01,USDC,163052272078.0,0.001830449345430036,0.9981695506545699,1.00183044934543,0.9996780157089232,1.000676989555359,0.9999709725379944,0
2022-07-02,USDC,162031150884.0,0.0018342864634130933,0.9981657135365869,1.001834286463413,0.9997730255126952,1.000655055046082,1.000372052192688,0
2022-07-03,USDC,161379007156.0,0.001836753968754579,0.9981632460312454,1.0018367539687545,0.9998120069503784,1.000730037689209,1.000306010246277,0
2022-07-04,USDC,163221022799.0,0.001829818307111266,0.9981701816928887,1.0018298183071113,0.9998090267181396,1.000581979751587,1.00005304813385,0
2022-07-05,USDC,166236875123.0,0.0018186852496381678,0.9981813147503619,1.0018186852496382,0.9997349977493286,1.000781059265137,0.999879002571106,0
2022-07-06,USDC,167019705758.0,0.0018158393724843555,0.9981841606275157,1.0018158393724843,0.9997590184211732,1.000619053840637,1.000092029571533,0
2022-07-07,USDC,166615161090.0,0.0018173078150934409,0.9981826921849065,1.0018173078150934,0.9996349811553956,1.000710964202881,0.9997779726982116,0
2022-07-08,USDC,168291329539.0,0.0018112542582808498,0.9981887457417191,1.0018112542582809,0.9998120069503784,1.000524997711182,1.000046014785767,0
2022-07-09,USDC,169804938836.0,0.001805856461421919,0.998194143538578,1.0018058564614218,0.999701976776123,1.000386953353882,1.000028967857361,0
2022-07-10,USDC,169761205998.0,0.0018060115193200227,0.99819398848068,1.00180601151932,0.9997259974479676,1.000651955604553,1.000169038772583,0
2022-07-11,USDC,169803055231.0,0.0018058631387805365,0.9981941368612195,1.0018058631387805,0.9996860027313232,1.000573992729187,0.999853014945984,0
2022-07-12,USDC,168574353764.0,0.0018102400352230771,0.9981897599647769,1.0018102400352231,0.9995350241661072,1.000787973403931,1.000046968460083,0
2022-07-13,USDC,160203829874.0,0.001841234209152088,0.998158765790848,1.001841234209152,0.9997079968452454,1.00047504901886,0.9999970197677612,0
2022-07-14,USDC,156287722198.0,0.0018564861465584879,0.9981435138534415,1.0018564861465584,0.9995999932289124,1.000465035438538,0.9999629855155944,0
2022-07-15,USDC,151068848651.0,0.001877622843074555,0.9981223771569254,1.0018776228430746,0.9995890259742736,1.00086498260498,1.000151038169861,0
2022-07-16,USDC,150235072981.0,0.001881089918605043,0.998118910081395,1.001881089918605,0.9994519948959352,1.000440001487732,1.000249028205872,0
2022-07-17,USDC,150492549057.0,0.0018800165274159117,0.9981199834725841,1.001880016527416,0.9995189905166626,1.000769972801208,1.000077962875366,0
2022-07-18,USDC,151781310711.0,0.0018746803779821424,0.9981253196220179,1.001874680377982,0.9993540048599244,1.000501036643982,0.9998930096626282,0
2022-07-19,USDC,155212720591.0,0.0018607622904476921,0.9981392377095523,1.0018607622904476,0.9994500279426576,1.000578999519348,0.999912977218628,0
2022-07-20,USDC,158625242110.0,0.001847321851161874,0.9981526781488381,1.0018473218511619,0.9994580149650574,1.000548958778381,1.000082015991211,0
2022-07-21,USDC,161099288833.0,0.0018378164122395495,0.9981621835877604,1.0018378164122395,0.999219000339508,1.000447034835815,1.000017046928406,0
2022-07-22,USDC,162817415509.0,0.0018313290353511524,0.9981686709646489,1.001831329035351,0.9994969964027404,1.000408053398132,1.000013947486877,0
2022-07-23,USDC,163505982089.0,0.0018287546825552668,0.9981712453174447,1.0018287546825553,0.9995980262756348,1.00047504901886,1.000084042549133,0
2022-07-24,USDC,163339311652.0,0.0018293764878144323,0.9981706235121856,1.0018293764878143,0.9993630051612854,1.000484943389893,0.9997419714927672,0
2022-07-25,USDC,166359325579.0,0.0018182389195839815,0.998181761080416,1.001818238919584,0.999584972858429,1.000669002532959,1.000141978263855,0
2022-07-26,USDC,169987942620.0,0.0018052081855774952,0.9981947918144225,1.0018052081855775,0.9996349811553956,1.000694990158081,1.000115036964417,0
2022-07-27,USDC,174273454192.0,0.0017902880807350136,0.998209711919265,1.001790288080735,0.9994189739227296,1.000491976737976,1.000022053718567,0
2022-07-28,USDC,179455040127.0,0.0017728885964429862,0.998227111403557,1.001772888596443,0.999210000038147,1.000506043434143,0.9996780157089232,0
2022-07-29,USDC,183133429045.0,0.0017609382385944277,0.9982390617614055,1.0017609382385944,0.9993759989738464,1.000419020652771,0.9998660087585448,0
2022-07-30,USDC,184256801662.0,0.0017573522585094894,0.9982426477414905,1.0017573522585095,0.9993159770965576,1.000301003456116,0.999796986579895,0
2022-07-31,USDC,186069709693.0,0.001751626230027836,0.9982483737699722,1.001751626230028,0.9995229840278624,1.000468969345093,0.9998369812965392,0
2022-08-01,USDC,190186583926.0,0.0017388950614195403,0.9982611049385804,1.0017388950614194,0.999347984790802,1.000583052635193,0.9999340176582336,0
2022-08-02,USDC,194906103327.0,0.0017247448375175356,0.9982752551624825,1.0017247448375175,0.9995650053024292,1.000512003898621,1.0000319480896,0
2022-08-03,USDC,196997473754.0,0.001718619681645454,0.9982813803183546,1.0017186196816454,0.9996119737625122,1.000686049461365,1.000036001205444,0
2022-08-04,USDC,197019691447.0,0.0017185550769358206,0.9982814449230641,1.0017185550769359,0.9994239807128906,1.000417947769165,1.000087976455688,0
2022-08-05,USDC,197647061819.0,0.0017167348064689317,0.998283265193531,1.0017167348064688,0.9995660185813904,1.000288009643555,0.999705970287323,0
2022-08-06,USDC,196138371408.0,0.0017211252592686998,0.9982788747407313,1.0017211252592686,0.9994909763336182,1.000354051589966,0.9999189972877502,0
2022-08-07,USDC,193501009657.0,0.0017289094768613688,0.9982710905231387,1.0017289094768613,0.9994419813156128,1.000453948974609,1.000066041946411,0
2022-08-08,USDC,195556417943.0,0.001722830858935956,0.998277169141064,1.0017228308589359,0.999144971370697,1.000298976898193,0.9997979998588562,0
2022-08-09,USDC,197853047562.0,0.0017161388326902077,0.9982838611673098,1.0017161388326903,0.9995319843292236,1.000326037406921,1.000134944915771,0
2022-08-10,USDC,200917543722.0,0.0017073689532320514,0.9982926310467679,1.001707368953232,0.999642014503479,1.000257968902588,0.9999139904975892,0
2022-08-11,USDC,204462053939.0,0.0016974451912552162,0.9983025548087447,1.0016974451912553,0.99965101480484,1.000278949737549,1.000066995620728,0
2022-08-12,USDC,205592315417.0,0.0016943288563944503,0.9983056711436056,1.0016943288563944,0.9996709823608398,1.000159978866577,0.9999520182609558,0
2022-08-13,USDC,205691885217.0,0.0016940554195592735,0.9983059445804408,1.0016940554195592,0.9995579719543456,1.000170946121216,0.9998480081558228,0
2022-08-14,USDC,204494558897.0,0.0016973552486692456,0.9983026447513308,1.0016973552486692,0.9994590282440186,1.000260949134827,0.9999489784240724,0
2022-08-15,USDC,206414524624.0,0.0016920761942004002,0.9983079238057996,1.0016920761942003,0.9996209740638732,1.000231981277466,1.00006103515625,0
2022-08-16,USDC,207036577225.0,0.0016903798493110563,0.9983096201506889,1.001690379849311,0.999421000480652,1.000260949134827,0.9999549984931946,0
2022-08-17,USDC,205009301320.0,0.001695933470883293,0.9983040665291167,1.0016959334708833,0.999625027179718,1.000192046165466,0.9999070167541504,0
2022-08-18,USDC,200763711906.0,0.001707804922809734,0.9982921950771902,1.0017078049228096,0.9994779825210572,1.000399947166443,1.000028014183044,0
2022-08-19,USDC,199061043366.0,0.0017126603416030047,0.998287339658397,1.0017126603416031,0.999737024307251,1.000460982322693,1.000211000442505,0
2022-08-20,USDC,198792540725.0,0.0017134310729759272,0.998286568927024,1.0017134310729758,0.9997590184211732,1.000396966934204,1.000141024589539,0
2022-08-21,USDC,197952954893.0,0.0017158500709772025,0.9982841499290228,1.0017158500709773,0.9997640252113342,1.000363945960999,1.0001380443573,0
2022-08-22,USDC,198112104889.0,0.0017153904815462512,0.9982846095184538,1.0017153904815463,0.9997050166130066,1.000395059585571,0.9999819993972778,0
2022-08-23,USDC,198692238319.0,0.0017137193451792698,0.9982862806548207,1.0017137193451793,0.99964702129364,1.000239014625549,0.9998610019683838,0
2022-08-24,USDC,199603185244.0,0.0017111083510031296,0.9982888916489969,1.001711108351003,0.9996709823608398,1.000195026397705,0.9999600052833556,0
2022-08-25,USDC,199978596083.0,0.001710036951334603,0.9982899630486654,1.0017100369513345,0.9995489716529846,1.000318050384521,0.999974012374878,0
2022-08-26,USDC,200739564825.0,0.0017078733976856513,0.9982921266023144,1.0017078733976856,0.9997010231018066,1.000349998474121,1.000008940696716,0
2022-08-27,USDC,203687998933.0,0.0016995926832997837,0.9983004073167002,1.0016995926832999,0.9997270107269288,1.000239968299866,1.000030994415283,0
2022-08-28,USDC,201394737494.0,0.0017060193810964986,0.9982939806189035,1.0017060193810965,0.999800980091095,1.000365972518921,0.9999669790267944,0
2022-08-29,USDC,203198092494.0,0.0017009574814357948,0.9982990425185642,1.0017009574814357,0.9996870160102844,1.000501990318298,1.000005960464478,0
2022-08-30,USDC,202638792670.0,0.001702520971629844,0.9982974790283702,1.00170252097163,0.9996820092201232,1.000391006469727,1.000028014183044,0
2022-08-31,USDC,200134940386.0,0.0017095915448776717,0.9982904084551223,1.0017095915448777,0.9996600151062012,1.000396966934204,0.9999759793281556,0
2022-09-01,USDC,196871732521.0,0.0017189854957446009,0.9982810145042554,1.0017189854957447,0.9997320175170898,1.000277996063232,1.00010097026825,0
2022-09-02,USDC,194548494693.0,0.0017258009685674769,0.9982741990314326,1.0017258009685674,0.9996399879455566,1.000293970108032,1.000126004219055,0
2022-09-03,USDC,193339955476.0,0.001729389410110172,0.9982706105898899,1.0017293894101102,0.9997959733009338,1.000254988670349,1.000107049942017,0
2022-09-04,USDC,193638574660.0,0.0017284999617262148,0.9982715000382738,1.0017284999617262,0.9995920062065125,1.000290036201477,0.9998819828033448,0
2022-09-05,USDC,195808093316.0,0.0017220924148246717,0.9982779075851753,1.0017220924148247,0.9994570016860962,1.000318050384521,0.9998779892921448,0
2022-09-06,USDC,199626533381.0,0.0017110416385122643,0.9982889583614878,1.0017110416385122,0.9997100234031676,1.000316023826599,0.9999930262565612,0
2022-09-07,USDC,198591652395.0,0.0017140086271427255,0.9982859913728572,1.0017140086271428,0.9997000098228456,1.000259041786194,0.9999139904975892,0
2022-09-08,USDC,197454698389.0,0.0017172921154209808,0.9982827078845791,1.001717292115421,0.999633014202118,1.000219941139221,0.9999449849128724,0
2022-09-09,USDC,197033446167.0,0.0017185150857660918,0.998281484914234,1.0017185150857661,0.9996860027313232,1.000223994255066,0.9998630285263062,0
2022-09-10,USDC,194743050657.0,0.0017252260627344117,0.9982747739372656,1.0017252260627345,0.9996299743652344,1.000252962112427,0.9999510049819946,0
2022-09-11,USDC,193453026181.0,0.0017290524094550532,0.9982709475905449,1.001729052409455,0.9995160102844238,1.000200033187866,1.000010967254639,0
2022-09-12,USDC,194611458321.0,0.0017256148294573393,0.9982743851705427,1.0017256148294573,0.9993640184402466,1.000224947929382,1.000113964080811,0
2022-09-13,USDC,197610340013.0,0.0017168411398013569,0.9982831588601987,1.0017168411398014,0.9997699856758118,1.00026798248291,1.000040054321289,0
2022-09-14,USDC,196093258610.0,0.0017212572352873238,0.9982787427647126,1.0017212572352874,0.9997439980506896,1.00042998790741,1.0001620054245,0
2022-09-15,USDC,197070971993.0,0.0017184060002064859,0.9982815939997935,1.0017184060002065,0.9997469782829284,1.000336050987244,1.000118017196655,0
2022-09-16,USDC,196406366430.0,0.0017203420820880043,0.998279657917912,1.001720342082088,0.9998559951782228,1.000283002853394,1.0000319480896,0
2022-09-17,USDC,194777853709.0,0.0017251233017209998,0.998274876698279,1.001725123301721,0.99965101480484,1.000239014625549,1.00007700920105,0
2022-09-18,USDC,191702309179.0,0.0017342999779653525,0.9982657000220346,1.0017342999779653,0.9996680021286012,1.000450015068054,0.9998729825019836,0
2022-09-19,USDC,190046444855.0,0.0017393223732193662,0.9982606776267806,1.0017393223732194,0.9995999932289124,1.000308036804199,0.999948024749756,0
2022-09-20,USDC,189522803440.0,0.0017409227852084551,0.9982590772147916,1.0017409227852085,0.9993489980697632,1.000692963600159,1.000113010406494,0
2022-09-21,USDC,190033241262.0,0.0017393626552470436,0.998260637344753,1.001739362655247,0.9996129870414734,1.000488042831421,0.9999200105667114,0
2022-09-22,USDC,189820481500.0,0.0017400122658774695,0.9982599877341225,1.0017400122658775,0.9997199773788452,1.000385999679565,0.9999930262565612,0
2022-09-23,USDC,187760924812.0,0.0017463512314073288,0.9982536487685927,1.0017463512314073,0.99964702129364,1.000242948532104,0.9999729990959167,0
2022-09-24,USDC,184388961336.0,0.0017569323009549059,0.9982430676990451,1.001756932300955,0.9998170137405396,1.000301003456116,0.9999679923057556,0
2022-09-25,USDC,179243541731.0,0.0017735856289240372,0.998226414371076,1.001773585628924,0.9997410178184508,1.000421047210693,1.000164985656738,0
2022-09-26,USDC,170875085752.0,0.0018020786917780215,0.9981979213082219,1.001802078691778,0.9997050166130066,1.000411987304688,1.000123023986816,0
2022-09-27,USDC,169191029310.0,0.0018080380079151391,0.9981919619920848,1.001808038007915,0.999767005443573,1.000344038009644,1.000010967254639,0
2022-09-28,USDC,165695446495.0,0.0018206640158953135,0.9981793359841047,1.0018206640158953,0.9996520280838012,1.000319004058838,1.000123977661133,0
2022-09-29,USDC,163232851676.0,0.0018297741060036195,0.9981702258939964,1.0018297741060036,0.999800980091095,1.000395059585571,1.000066041946411,0
2022-09-30,USDC,162516522069.0,0.0018324585516240706,0.9981675414483759,1.001832458551624,0.9997979998588562,1.000170946121216,0.9999840259552002,0
2022-10-01,USDC,160553897870.0,0.0018398950405908942,0.9981601049594091,1.001839895040591,0.9994419813156128,1.000311017036438,0.9999909996986388,0
2022-10-02,USDC,158686758671.0,0.001847083109177042,0.998152916890823,1.001847083109177,0.9998160004615784,1.00021505355835,0.99992698431015,0
2022-10-03,USDC,158079423274.0,0.0018494455616536293,0.9981505544383463,1.0018494455616536,0.999787986278534,1.000200033187866,0.9999319911003112,0
2022-10-04,USDC,155449912839.0,0.0018598153979634388,0.9981401846020366,1.0018598153979634,0.9997100234031676,1.000252962112427,0.9999380111694336,0
2022-10-05,USDC,152915717227.0,0.0018700330896753554,0.9981299669103246,1.0018700330896753,0.9997130036354064,1.000272035598755,0.9999690055847168,0
2022-10-06,USDC,149657288982.0,0.0018835075933813527,0.9981164924066186,1.0018835075933814,0.9997310042381288,1.000249981880188,1.000022053718567,0
2022-10-07,USDC,147394878484.0,0.001893095554014528,0.9981069044459855,1.0018930955540146,0.9997659921646118,1.000188946723938,1.000146985054016,0
2022-10-08,USDC,144531572561.0,0.0019055152288607387,0.9980944847711393,1.0019055152288607,0.9998540282249452,1.000216960906982,0.9999930262565612,0
2022-10-09,USDC,139305247416.0,0.0019290530657469968,0.998070946934253,1.001929053065747,0.9997379779815674,1.000242948532104,0.9999409914016724,0
2022-10-10,USDC,136505302431.0,0.0019421532362253588,0.9980578467637746,1.0019421532362254,0.9997100234031676,1.000272989273071,1.000025033950806,0
2022-10-11,USDC,134855884714.0,0.0019500393082750387,0.9980499606917249,1.001950039308275,0.9998599886894226,1.000254988670349,0.9999619722366332,0
2022-10-12,USDC,131172782462.0,0.0019681223339275433,0.9980318776660725,1.0019681223339276,0.9995459914207458,1.000350952148438,1.0000159740448,0
2022-10-13,USDC,128588486506.0,0.001981219703457634,0.9980187802965423,1.0019812197034577,0.9997010231018066,1.000324010848999,0.9999949932098388,0
2022-10-14,USDC,126861083802.0,0.0019901716139296096,0.9980098283860704,1.0019901716139297,0.9998379945755004,1.000234961509705,0.9999300241470336,0
2022-10-15,USDC,122272388098.0,0.0020147625445445854,0.9979852374554554,1.0020147625445446,0.9998319745063782,1.000285983085632,0.9999529719352722,0
2022-10-16,USDC,119019360070.0,0.00203295358409081,0.9979670464159092,1.0020329535840908,0.9998540282249452,1.000218033790588,0.9999849796295166,0
2022-10-17,USDC,118369499251.0,0.0020366671716582105,0.9979633328283418,1.0020366671716583,0.9998480081558228,1.000301957130432,0.9999979734420776,0
2022-10-18,USDC,117226527101.0,0.0020432650211818365,0.9979567349788182,1.002043265021182,0.9997609853744508,1.000403046607971,1.000054955482483,0
2022-10-19,USDC,114423882824.0,0.002059812896964684,0.9979401871030353,1.0020598128969647,0.9997509717941284,1.000401973724365,1.0,0
2022-10-20,USDC,112181035780.0,0.0020734497663629126,0.9979265502336371,1.0020734497663628,0.9998390078544616,1.000401973724365,1.000013947486877,0
2022-10-21,USDC,109474362911.0,0.0020903990106361054,0.9979096009893639,1.002090399010636,0.999809980392456,1.00019097328186,1.000028967857361,0
2022-10-22,USDC,106170455458.0,0.002111861533751571,0.9978881384662485,1.0021118615337516,0.9997820258140564,1.000316023826599,1.000030040740967,0
2022-10-23,USDC,103164497212.0,0.0021321769530210487,0.997867823046979,1.0021321769530211,0.999767005443573,1.00025999546051,0.9999799728393556,0
2022-10-24,USDC,102320406527.0,0.002138024024710328,0.9978619759752897,1.0021380240247104,0.999705970287323,1.000731945037842,0.999966025352478,0
2022-10-25,USDC,102965281715.0,0.0021335511671805945,0.9978664488328194,1.0021335511671805,0.9997119903564452,1.000424981117249,1.000026941299438,0
2022-10-26,USDC,103541437134.0,0.002129586428556878,0.9978704135714431,1.0021295864285569,0.9997310042381288,1.000260949134827,0.9999690055847168,0
2022-10-27,USDC,102980420123.0,0.002133446616073345,0.9978665533839266,1.0021334466160734,0.9996860027313232,1.000288009643555,0.9999229907989502,0
2022-10-28,USDC,102330230497.0,0.0021379556038863792,0.9978620443961136,1.0021379556038863,0.9996989965438844,1.000426054000854,1.000079035758972,0
2022-10-29,USDC,102822978061.0,0.0021345349685879585,0.997865465031412,1.002134534968588,0.999776005744934,1.000260949134827,1.000115036964417,0
2022-10-30,USDC,101625164480.0,0.0021428885262836685,0.9978571114737164,1.0021428885262837,0.9994519948959352,1.000378966331482,0.9999960064888,0
2022-10-31,USDC,103824473260.0,0.0021276495106540582,0.997872350489346,1.0021276495106541,0.9997289776802064,1.000254034996033,1.000043988227844,0
2022-11-01,USDC,104450303518.0,0.002123391614230737,0.9978766083857693,1.0021233916142307,0.999571979045868,1.000380992889404,1.000097036361694,0
2022-11-02,USDC,106343720701.0,0.002110713962129601,0.9978892860378704,1.0021107139621297,0.9997940063476562,1.000653982162476,1.000064969062805,0
2022-11-03,USDC,106121166098.0,0.002112188443690826,0.9978878115563091,1.0021121884436908,0.9996690154075624,1.000496029853821,1.000036001205444,0
2022-11-04,USDC,106662588806.0,0.0021086085342586877,0.9978913914657414,1.0021086085342588,0.999761998653412,1.000314950942993,0.9999039769172668,0
2022-11-05,USDC,105418293888.0,0.0021168723594585243,0.9978831276405414,1.0021168723594585,0.99959397315979,1.000311017036438,0.9998689889907836,0
2022-11-06,USDC,104169610570.0,0.002125297117212175,0.9978747028827878,1.002125297117212,0.9996579885482788,1.000388026237488,1.000323057174683,0
2022-11-07,USDC,104912033956.0,0.002120271932700448,0.9978797280672995,1.0021202719327005,0.9987099766731262,1.001322984695435,0.9999819993972778,0
2022-11-08,USDC,112132875707.0,0.0020737465666216003,0.9979262534333784,1.0020737465666216,0.9991559982299804,1.001206994056702,1.000342011451721,0
2022-11-09,USDC,119632370071.0,0.0020294752736883005,0.9979705247263116,1.0020294752736882,0.9998570084571838,1.007329940795898,1.000692009925842,1
2022-11-10,USDC,125389279287.0,0.001997928143813612,0.9980020718561864,1.0019979281438136,0.999646008014679,1.001327991485596,1.000733971595764,0
2022-11-11,USDC,127060498948.0,0.0019891299102523796,0.9980108700897476,1.0019891299102524,0.9999989867210388,1.000934958457947,1.000223994255066,0
2022-11-12,USDC,124653453616.0,0.002001851670782697,0.9979981483292173,1.0020018516707827,0.999948024749756,1.000620007514954,1.000136017799377,0
2022-11-13,USDC,122969815597.0,0.0020109463894686175,0.9979890536105314,1.0020109463894686,0.9997789859771729,1.00098705291748,1.000586032867432,0
2022-11-14,USDC,124435532109.0,0.0020030195904533546,0.9979969804095467,1.0020030195904535,0.9998819828033448,1.000805020332336,1.00034499168396,0
2022-11-15,USDC,125056280447.0,0.0019996999276819184,0.9980003000723181,1.001999699927682,0.9997889995574952,1.000512957572937,1.000185966491699,0
2022-11-16,USDC,126064304095.0,0.00199435571987407,0.998005644280126,1.001994355719874,0.9997689723968506,1.000525951385498,1.0001620054245,0
2022-11-17,USDC,126061709032.0,0.001994369404820551,0.9980056305951794,1.0019943694048206,1.000038981437683,1.000488042831421,1.000247955322266,0
2022-11-18,USDC,126055057445.0,0.001994404483376831,0.9980055955166232,1.0019944044833768,0.9999970197677612,1.000460028648376,1.000156044960022,0
2022-11-19,USDC,125517773626.0,0.001997246141835912,0.9980027538581641,1.0019972461418358,0.9998319745063782,1.00049901008606,1.000213980674744,0
2022-11-20,USDC,124899582482.0,0.002000535847099951,0.9979994641529001,1.0020005358471,0.9998080134391784,1.000779032707214,1.000329971313477,0
2022-11-21,USDC,129570735780.0,0.001976200591800881,0.9980237994081991,1.001976200591801,0.9999690055847168,1.000722050666809,1.000419020652771,0
2022-11-22,USDC,131352463889.0,0.00196722450429832,0.9980327754957017,1.0019672245042983,1.000013947486877,1.000787019729614,1.000326991081238,0
2022-11-23,USDC,132364973568.0,0.0019621956454434685,0.9980378043545566,1.0019621956454434,0.9999650120735168,1.000635027885437,1.00021505355835,0
2022-11-24,USDC,131297511711.0,0.001967498914660133,0.9980325010853399,1.00196749891466,0.9998930096626282,1.000316023826599,1.000056982040405,0
2022-11-25,USDC,129269747813.0,0.001977733179165963,0.9980222668208341,1.001977733179166,0.9998689889907836,1.000638961791992,1.000151038169861,0
2022-11-26,USDC,127471564806.0,0.0019869894488440407,0.998013010551156,1.001986989448844,0.9998379945755004,1.000354051589966,1.000141024589539,0
2022-11-27,USDC,125760685451.0,0.001995959392577588,0.9980040406074224,1.0019959593925776,0.9996780157089232,1.000622987747192,1.000200986862183,0
2022-11-28,USDC,124114848596.0,0.0020047432169828156,0.9979952567830171,1.0020047432169827,0.9999430179595948,1.000444054603577,1.000076055526733,0
2022-11-29,USDC,123351764029.0,0.002008868667662645,0.9979911313323373,1.0020088686676627,0.999646008014679,1.000607967376709,1.0000079870224,0
2022-11-30,USDC,121434018952.0,0.0020193884927090415,0.997980611507291,1.002019388492709,0.9995610117912292,1.000260949134827,1.000002980232239,0
2022-12-01,USDC,120378744908.0,0.002025272176484391,0.9979747278235156,1.0020252721764844,0.9996950030326844,1.000295042991638,1.000051021575928,0
2022-12-02,USDC,116526094516.0,0.0020473508338390432,0.997952649166161,1.002047350833839,0.9997419714927672,1.000244975090027,0.9999619722366332,0
2022-12-03,USDC,114841106525.0,0.00205731540095011,0.9979426845990499,1.00205731540095,0.999809980392456,1.000252962112427,1.0000159740448,0
2022-12-04,USDC,112354069792.0,0.0020723847947903416,0.9979276152052097,1.0020723847947903,0.9996790289878844,1.000396966934204,1.000020980834961,0
2022-12-05,USDC,111817282272.0,0.0020756957168639894,0.997924304283136,1.002075695716864,0.9996700286865234,1.000254988670349,1.000090003013611,0
2022-12-06,USDC,111628586964.0,0.0020768646335574156,0.9979231353664426,1.0020768646335574,0.9994980096817015,1.00019896030426,1.000026941299438,0
2022-12-07,USDC,110425231406.0,0.0020843815835379425,0.997915618416462,1.0020843815835379,0.999805986881256,1.000442028045654,1.000028967857361,0
2022-12-08,USDC,103114230488.0,0.002132523365405255,0.9978674766345947,1.0021325233654053,0.9997609853744508,1.000306963920593,1.000043034553528,0
2022-12-09,USDC,94500495619.0,0.0021954420152628454,0.9978045579847371,1.0021954420152628,0.999912977218628,1.000219941139221,1.000072002410889,0
2022-12-10,USDC,86388338629.0,0.002262116457371328,0.9977378835426287,1.0022621164573713,0.9997400045394896,1.000339984893799,0.9999960064888,0
2022-12-11,USDC,83127602074.0,0.0022913156199222593,0.9977086843800778,1.0022913156199222,0.9997259974479676,1.000288009643555,1.000095963478088,0
2022-12-12,USDC,83081359946.0,0.0022917406477042427,0.9977082593522958,1.0022917406477043,0.9996340274810792,1.000517010688782,1.000133991241455,0
2022-12-13,USDC,84591570096.0,0.0022780205525998677,0.9977219794474002,1.0022780205525998,0.9996179938316344,1.000280976295471,0.9999799728393556,0
2022-12-14,USDC,83725703611.0,0.0022858465081669137,0.9977141534918331,1.002285846508167,0.9995700120925904,1.000249028205872,1.000015020370483,0
2022-12-15,USDC,83053757299.0,0.002291994503775254,0.9977080054962247,1.0022919945037752,0.9993429780006408,1.000246047973633,0.999900996685028,0
2022-12-16,USDC,82219200683.0,0.002299723288650862,0.9977002767113491,1.0022997232886508,0.9994029998779296,1.000409960746765,1.000020027160645,0
2022-12-17,USDC,81496865571.0,0.0023064977293896552,0.9976935022706104,1.0023064977293896,0.999633014202118,1.000265955924988,0.9997609853744508,0
2022-12-18,USDC,79926905092.0,0.0023215016737174006,0.9976784983262826,1.0023215016737175,0.9993460178375244,1.000249981880188,1.00019097328186,0
2022-12-19,USDC,80150912051.0,0.00231933693333195,0.997680663066668,1.0023193369333319,0.999763011932373,1.000442981719971,0.9999909996986388,0
2022-12-20,USDC,80081540491.0,0.002320006457516278,0.9976799935424837,1.0023200064575162,0.9997360110282898,1.000270009040833,1.000095963478088,0
2022-12-21,USDC,75431303179.0,0.0023667340722348645,0.9976332659277651,1.0023667340722349,0.9995059967041016,1.000342965126038,1.000110030174255,0
2022-12-22,USDC,73223621353.0,0.0023902845194753285,0.9976097154805247,1.0023902845194754,0.9997860193252563,1.000270962715149,1.000033974647522,0
2022-12-23,USDC,71065213178.0,0.002414242989382438,0.9975857570106176,1.0024142429893825,0.9999179840087892,1.000234007835388,1.000046014785767,0
2022-12-24,USDC,68524782425.0,0.002443716258287012,0.997556283741713,1.002443716258287,0.9997550249099731,1.00021505355835,1.000082015991211,0
2022-12-25,USDC,67357055289.0,0.00245775715552618,0.9975422428444738,1.0024577571555262,0.9998540282249452,1.000195980072021,1.000102996826172,0
2022-12-26,USDC,66363290254.0,0.002469964416681069,0.997530035583319,1.002469964416681,0.9996979832649232,1.000272035598755,1.000169038772583,0
2022-12-27,USDC,65769841854.0,0.0024773711027747452,0.9975226288972252,1.0024773711027748,0.999770998954773,1.00024402141571,1.000185012817383,0
2022-12-28,USDC,65030918298.0,0.0024867189530417572,0.9975132810469582,1.0024867189530418,0.9997829794883728,1.000331044197083,1.0001380443573,0
2022-12-29,USDC,64094210014.0,0.002498774509553153,0.9975012254904468,1.002498774509553,0.9998520016670228,1.000295996665955,1.000120997428894,0
2022-12-30,USDC,62584179134.0,0.0025187118178594684,0.9974812881821405,1.0025187118178596,0.9998769760131836,1.000341057777405,1.000028967857361,0
2022-12-31,USDC,61409776927.0,0.0025346665106092243,0.9974653334893908,1.0025346665106092,0.9998540282249452,1.000362038612366,0.9999930262565612,0
2023-01-01,USDC,60117106731.0,0.002552705082031816,0.9974472949179681,1.0025527050820318,0.9998480081558228,1.000216960906982,0.9999889731407166,0
2023-01-02,USDC,59884413294.0,0.002556007165582337,0.9974439928344176,1.0025560071655824,0.9997090101242064,1.000251054763794,1.000097990036011,0
2023-01-03,USDC,60187844170.0,0.002551704644100496,0.9974482953558995,1.0025517046441006,0.9997379779815674,1.000301957130432,1.000004053115845,0
2023-01-04,USDC,60306541021.0,0.002550029434800752,0.9974499705651992,1.0025500294348006,0.999805986881256,1.000216960906982,1.000020980834961,0
2023-01-05,USDC,60160661235.0,0.002552088906151114,0.9974479110938489,1.0025520889061512,0.9997959733009338,1.000342965126038,1.000012993812561,0
2023-01-06,USDC,60247660774.0,0.0025508598818517894,0.9974491401181482,1.0025508598818518,0.9998779892921448,1.000326991081238,0.9999819993972778,0
2023-01-07,USDC,59648121773.0,0.002559377861567335,0.9974406221384327,1.0025593778615673,0.9998329877853394,1.000363945960999,1.000195980072021,0
2023-01-08,USDC,59316395316.0,0.0025641400949242576,0.9974358599050758,1.0025641400949243,0.9995880126953124,1.000357985496521,1.000046014785767,0
2023-01-09,USDC,61681846254.0,0.002530934340556277,0.9974690656594437,1.0025309343405562,0.999705970287323,1.000234961509705,0.999987006187439,0
2023-01-10,USDC,62981475766.0,0.0025134045045958433,0.9974865954954042,1.0025134045045958,0.999701976776123,1.000383973121643,1.000131964683533,0
2023-01-11,USDC,63372592685.0,0.0025082231673599557,0.99749177683264,1.0025082231673599,0.9992769956588744,1.000447034835815,1.000072002410889,0
2023-01-12,USDC,64058966042.0,0.002499232684254613,0.9975007673157454,1.0024992326842546,0.9996060132980348,1.000537991523743,1.000247001647949,0
2023-01-13,USDC,64416825631.0,0.0024945960296857174,0.9975054039703143,1.0024945960296858,0.9993900060653688,1.000784993171692,1.000084042549133,0
2023-01-14,USDC,66253446823.0,0.0024713286705667966,0.9975286713294332,1.0024713286705669,0.9995449781417848,1.00031304359436,0.999925971031189,0
2023-01-15,USDC,65735008953.0,0.0024778086108132435,0.9975221913891867,1.0024778086108133,0.9996269941329956,1.000494956970215,0.9999619722366332,0
2023-01-16,USDC,66474097852.0,0.002468591235003889,0.9975314087649961,1.002468591235004,0.9996179938316344,1.000357985496521,0.999809980392456,0
2023-01-17,USDC,68370265951.0,0.002445555802213443,0.9975544441977866,1.0024455558022134,0.9993919730186462,1.000684022903442,0.999845027923584,0
2023-01-18,USDC,70213189523.0,0.0024239692121912496,0.9975760307878088,1.0024239692121912,0.9997429847717284,1.000308036804199,1.0000239610672,0
2023-01-19,USDC,70749589964.0,0.002417827748992066,0.997582172251008,1.0024178277489921,0.99966698884964,1.000681042671204,1.000265002250671,0
2023-01-20,USDC,72243399137.0,0.002401046712606943,0.997598953287393,1.002401046712607,0.9991430044174194,1.000504970550537,0.9998400211334229,0
2023-01-21,USDC,74135348626.0,0.0023804453855948322,0.9976195546144052,1.002380445385595,0.999431014060974,1.000385999679565,0.9999759793281556,0
2023-01-22,USDC,75477950382.0,0.0023662464054148465,0.9976337535945852,1.0023662464054148,0.9994230270385742,1.000426054000854,0.999858021736145,0
2023-01-23,USDC,77982393572.0,0.002340639229512072,0.9976593607704879,1.002340639229512,0.9990890026092528,1.00032103061676,0.9999579787254332,0
2023-01-24,USDC,80178306155.0,0.002319072757989074,0.997680927242011,1.0023190727579891,0.9994999766349792,1.000506043434143,1.000061988830566,0
2023-01-25,USDC,82890457190.0,0.002293498647298327,0.9977065013527017,1.0022934986472982,0.9996280074119568,1.000339031219482,0.9999600052833556,0
2023-01-26,USDC,84453246155.0,0.0022792635792331065,0.9977207364207669,1.002279263579233,0.9995800256729126,1.000388026237488,1.000026941299438,0
2023-01-27,USDC,85858813363.0,0.0022667573852742794,0.9977332426147257,1.0022667573852744,0.9996349811553956,1.000265002250671,1.0001300573349,0
2023-01-28,USDC,86440765497.0,0.0022616590355956437,0.9977383409644044,1.0022616590355957,0.99965500831604,1.000393033027649,1.000000953674316,0
2023-01-29,USDC,87524356683.0,0.0022522867965208745,0.9977477132034791,1.002252286796521,0.9995030164718628,1.000332951545715,1.00010097026825,0
2023-01-30,USDC,89757773518.0,0.002233448672467023,0.997766551327533,1.002233448672467,0.9996500015258788,1.000430941581726,1.000058054924011,0
2023-01-31,USDC,91520455655.0,0.0022190168946159823,0.997780983105384,1.002219016894616,0.9995250105857848,1.000771045684814,1.000149965286255,0
2023-02-01,USDC,93412698978.0,0.0022039311670366863,0.9977960688329633,1.0022039311670368,0.999369978904724,1.000455021858215,0.9997749924659728,0
2023-02-02,USDC,95639713548.0,0.0021866901287342045,0.9978133098712658,1.0021866901287342,0.9996650218963624,1.000493049621582,1.000035047531128,0
2023-02-03,USDC,96669578344.0,0.002178897121986631,0.9978211028780134,1.0021788971219867,0.9996690154075624,1.00029194355011,0.9999210238456726,0
2023-02-04,USDC,97065667915.0,0.002175929320125006,0.997824070679875,1.0021759293201251,0.999176025390625,1.000306963920593,0.9999539852142334,0
2023-02-05,USDC,97633410635.0,0.0021717034089250905,0.9978282965910749,1.002171703408925,0.9995009899139404,1.000458955764771,0.9999279975891112,0
2023-02-06,USDC,99160916886.0,0.0021604944519565397,0.9978395055480435,1.0021604944519564,0.9994770288467408,1.000319957733154,0.9999930262565612,0
2023-02-07,USDC,101066446324.0,0.0021468300626339707,0.9978531699373661,1.002146830062634,0.9995309710502625,1.000277042388916,1.000012040138245,0
2023-02-08,USDC,101023244111.0,0.002147136046972896,0.9978528639530271,1.002147136046973,0.9994620084762572,1.000501990318298,1.00012195110321,0
2023-02-09,USDC,102869404071.0,0.0021342138078100405,0.9978657861921899,1.00213421380781,0.9995009899139404,1.000383973121643,1.000030994415283,0
2023-02-10,USDC,103740984835.0,0.002128220119194765,0.9978717798808052,1.0021282201191948,0.9995840191841124,1.000295996665955,0.9999769926071168,0
2023-02-11,USDC,101589681859.0,0.0021431379822302705,0.9978568620177697,1.0021431379822303,0.9995880126953124,1.000457048416138,1.000066041946411,0
2023-02-12,USDC,100603377211.0,0.002150118916044181,0.9978498810839558,1.0021501189160442,0.9994300007820128,1.000388026237488,1.000095009803772,0
2023-02-13,USDC,101235487000.0,0.0021456344878685537,0.9978543655121315,1.0021456344878685,0.9995620250701904,1.000534057617188,1.000056982040405,0
2023-02-14,USDC,102818775983.0,0.002134564046805622,0.9978654359531943,1.0021345640468056,0.9996439814567566,1.000502943992615,1.000071048736572,0
2023-02-15,USDC,104184688849.0,0.0021251945833711374,0.9978748054166289,1.0021251945833711,0.9994789958000184,1.000435948371887,0.999858021736145,0
2023-02-16,USDC,106840341535.0,0.0021074385050081335,0.9978925614949918,1.0021074385050082,0.9995660185813904,1.00049102306366,0.99993497133255,0
2023-02-17,USDC,107327844673.0,0.0021042428684785396,0.9978957571315215,1.0021042428684785,0.9997239708900452,1.000306010246277,0.999886989593506,0
2023-02-18,USDC,106953679689.0,0.0021066938287126152,0.9978933061712874,1.0021066938287126,0.9994670152664183,1.000288963317871,0.999897003173828,0
2023-02-19,USDC,106726664844.0,0.002108186464388457,0.9978918135356115,1.0021081864643884,0.9994739890098572,1.00032103061676,1.000143051147461,0
2023-02-20,USDC,106439962566.0,0.0021100776087041584,0.9978899223912958,1.0021100776087042,0.9995129704475404,1.000210046768188,1.000064015388489,0
2023-02-21,USDC,107357690558.0,0.0021040478543127533,0.9978959521456873,1.0021040478543128,0.99958997964859,1.000388026237488,1.000144958496094,0
2023-02-22,USDC,108326656839.0,0.0020977555877799235,0.9979022444122201,1.00209775558778,0.999517023563385,1.000435948371887,1.000082969665527,0
2023-02-23,USDC,108806830775.0,0.002094665178404299,0.9979053348215957,1.0020946651784044,0.999431014060974,1.000334024429321,1.000044941902161,0
2023-02-24,USDC,108913229834.0,0.0020939828523028523,0.9979060171476971,1.0020939828523028,0.9996659755706788,1.000287055969238,1.000287055969238,0
2023-02-25,USDC,108341116855.0,0.0020976622562425854,0.9979023377437574,1.0020976622562425,0.9996790289878844,1.000308036804199,1.000136017799377,0
2023-02-26,USDC,107232970770.0,0.0021048632587841107,0.9978951367412159,1.0021048632587841,0.9996309876441956,1.000465989112854,1.000074982643127,0
2023-02-27,USDC,107945170510.0,0.0021002238908664566,0.9978997761091335,1.0021002238908665,0.9995790123939514,1.000254988670349,0.9998760223388672,0
2023-02-28,USDC,108091679992.0,0.002099274567597113,0.9979007254324029,1.0020992745675972,0.9997010231018066,1.00032901763916,1.0001460313797,0
2023-03-01,USDC,108205254694.0,0.0020985398283235165,0.9979014601716765,1.0020985398283235,0.9993919730186462,1.000609993934631,1.000295042991638,0
2023-03-02,USDC,108814455667.0,0.0020946162511769548,0.9979053837488231,1.002094616251177,0.999369978904724,1.000489950180054,1.0,0
2023-03-03,USDC,109470871151.0,0.002090421236012797,0.9979095787639872,1.0020904212360129,0.9996579885482788,1.000282049179077,1.000048041343689,0
2023-03-04,USDC,107453060490.0,0.0021034251877106594,0.9978965748122893,1.0021034251877106,0.9996079802513124,1.000360012054443,1.000010013580322,0
2023-03-05,USDC,106417489287.0,0.002110226133868079,0.9978897738661319,1.0021102261338681,0.9996610283851624,1.000239014625549,0.9999529719352722,0
2023-03-06,USDC,106895347665.0,0.0021070769615974217,0.9978929230384026,1.0021070769615974,0.9996680021286012,1.00040602684021,1.000080943107605,0
2023-03-07,USDC,107532928481.0,0.0021029042993480243,0.997897095700652,1.0021029042993481,0.999638020992279,1.00032901763916,0.9998689889907836,0
2023-03-08,USDC,107694241878.0,0.0021018538063187994,0.9978981461936812,1.0021018538063189,0.9993749856948853,1.000257968902588,1.0000079870224,0
2023-03-09,USDC,107763039516.0,0.002101406425469548,0.9978985935745305,1.0021014064254696,0.9992179870605468,1.000915050506592,0.9994789958000184,0
2023-03-10,USDC,111770810139.0,0.002075983354997115,0.9979240166450029,1.002075983354997,0.8773999810218811,1.000066995620728,0.9714999794960022,1
2023-03-11,USDC,133976285476.0,0.0019542975568600926,0.99804570244314,1.00195429755686,0.947013020515442,0.99542498588562,0.9920690059661864,1
2023-03-12,USDC,140259266889.0,0.0019246694157145287,0.9980753305842854,1.0019246694157145,0.9880359768867492,1.000277996063232,0.998947024345398,1
2023-03-13,USDC,147023518578.0,0.0018946881080825061,0.9981053118919175,1.0018946881080826,0.9975619912147522,1.000087022781372,0.9991790056228638,1
2023-03-14,USDC,152314640796.0,0.0018724897531962994,0.9981275102468037,1.0018724897531963,0.9978529810905457,1.000779986381531,1.000184059143066,1
2023-03-15,USDC,154682619944.0,0.0018628854909299977,0.9981371145090701,1.00186288549093,0.9990609884262084,1.000643968582153,0.9999610185623168,0
2023-03-16,USDC,156276530753.0,0.0018565304617361184,0.9981434695382638,1.0018565304617362,0.9988660216331482,1.000877022743225,1.000044941902161,0
2023-03-17,USDC,158815438075.0,0.0018465841111391407,0.9981534158888609,1.0018465841111392,0.9984049797058104,1.00059700012207,0.9995020031929016,0
2023-03-18,USDC,158057100466.0,0.0018495326248618477,0.9981504673751381,1.0018495326248618,0.9984229803085328,1.000480055809021,0.999845027923584,0
2023-03-19,USDC,157390938710.0,0.0018521383523673958,0.9981478616476326,1.0018521383523673,0.9973899722099304,1.000401973724365,0.997979998588562,1
2023-03-20,USDC,161478271725.0,0.0018363775260260915,0.9981636224739739,1.0018363775260262,0.9964489936828612,1.000074982643127,0.9985259771347046,1
2023-03-21,USDC,163322136759.0,0.0018294406110757244,0.9981705593889243,1.0018294406110757,0.9969660043716432,0.9998589754104614,0.999123990535736,1
2023-03-22,USDC,166073299936.0,0.0018192821630915435,0.9981807178369084,1.0018192821630916,0.9975429773330688,1.000041007995605,0.9990370273590088,1
2023-03-23,USDC,168066788402.0,0.0018120605252576587,0.9981879394747424,1.0018120605252576,0.9983180165290833,1.000169038772583,0.999862015247345,0
2023-03-24,USDC,169214748935.0,0.0018079535235783176,0.9981920464764217,1.0018079535235782,0.9990990161895752,1.000195980072021,0.9997360110282898,0
2023-03-25,USDC,168789376613.0,0.0018094710129426385,0.9981905289870574,1.0018094710129426,0.9993289709091188,1.000192999839783,0.9998850226402284,0
2023-03-26,USDC,167830629096.0,0.0018129100610769545,0.998187089938923,1.0018129100610769,0.9989420175552368,1.000187993049622,0.9996839761734008,0
2023-03-27,USDC,169654216867.0,0.001806391081552056,0.998193608918448,1.001806391081552,0.999185025691986,1.000352025032043,0.9998840093612672,0
2023-03-28,USDC,171314073924.0,0.0018005381141057819,0.9981994618858943,1.0018005381141057,0.9989280104637146,1.000319004058838,0.9998109936714172,0
2023-03-29,USDC,172266242777.0,0.0017972146060254283,0.9982027853939746,1.0017972146060254,0.999153971672058,1.000334024429321,1.000008940696716,0
2023-03-30,USDC,174050304268.0,0.0017910528635338761,0.9982089471364661,1.0017910528635339,0.9994770288467408,1.000285983085632,0.999783992767334,0
2023-03-31,USDC,174477325632.0,0.0017895905099390692,0.9982104094900609,1.001789590509939,0.999450981616974,1.000280976295471,0.9997860193252563,0
2023-04-01,USDC,173500579590.0,0.0017929424785872677,0.9982070575214127,1.0017929424785872,0.9991919994354248,1.000056982040405,0.9997419714927672,0
2023-04-02,USDC,172319461576.0,0.0017970295709167504,0.9982029704290832,1.0017970295709167,0.9992740154266356,1.000489950180054,0.9998559951782228,0
2023-04-03,USDC,174570137253.0,0.0017892733036427397,0.9982107266963572,1.0017892733036426,0.999032974243164,1.000195026397705,0.9998170137405396,0
2023-04-04,USDC,176205221522.0,0.0017837216162616483,0.9982162783837384,1.0017837216162617,0.9992600083351136,1.000229954719543,0.9997659921646118,0
2023-04-05,USDC,177420891619.0,0.0017796383155459733,0.998220361684454,1.001779638315546,0.9992809891700744,1.000205039978027,0.9999960064888,0
2023-04-06,USDC,177668375453.0,0.0017788116136055697,0.9982211883863944,1.0017788116136055,0.99891197681427,1.000293016433716,1.000054955482483,0
2023-04-07,USDC,177312073797.0,0.0017800023004656187,0.9982199976995344,1.0017800023004657,0.9994369745254515,1.000329971313477,0.9998189806938172,0
2023-04-08,USDC,175832087720.0,0.0017849824717949356,0.9982150175282051,1.001784982471795,0.9993680119514464,1.000404953956604,0.9997450113296508,0
2023-04-09,USDC,170794116040.0,0.0018023634220016797,0.9981976365779983,1.0018023634220017,0.9993150234222412,1.000309944152832,0.9997169971466064,0
2023-04-10,USDC,147893915283.0,0.0018909638707940261,0.998109036129206,1.001890963870794,0.999032974243164,1.000324964523315,1.000012040138245,0
2023-04-11,USDC,142164637341.0,0.0019160322123478585,0.9980839677876522,1.001916032212348,0.9992319941520692,1.000342965126038,0.999853014945984,0
2023-04-12,USDC,137435431621.0,0.0019377619765198798,0.9980622380234802,1.00193776197652,0.999243974685669,1.000298976898193,0.9998990297317504,0
2023-04-13,USDC,134118902461.0,0.001953604602397851,0.9980463953976022,1.0019536046023978,0.9990360140800476,1.000432968139648,0.9999610185623168,0
2023-04-14,USDC,133305206126.0,0.001957571482812439,0.9980424285171876,1.0019575714828124,0.9993690252304076,1.000321984291077,0.999875009059906,0
2023-04-15,USDC,131062975288.0,0.0019686718245428185,0.9980313281754571,1.0019686718245429,0.998947024345398,1.000218033790588,0.9997050166130066,0
2023-04-16,USDC,128204370687.0,0.001983196388687231,0.9980168036113127,1.0019831963886872,0.9991779923439026,1.000120997428894,0.9998649954795836,0
2023-04-17,USDC,127730486521.0,0.0019856459357659073,0.9980143540642341,1.001985645935766,0.9996359944343568,1.000375032424927,1.000030994415283,0
2023-04-18,USDC,128116387955.0,0.0019836502653326226,0.9980163497346674,1.0019836502653325,0.9990400075912476,1.000308990478516,1.000051021575928,0
2023-04-19,USDC,127258551490.0,0.0019880974798794355,0.9980119025201206,1.0019880974798794,0.9994590282440186,1.000450968742371,1.000164031982422,0
2023-04-20,USDC,127567504419.0,0.001986491205949431,0.9980135087940506,1.0019864912059495,0.999746024608612,1.000808000564575,1.00033700466156,0
2023-04-21,USDC,126845096861.0,0.001990255220944192,0.9980097447790558,1.001990255220944,0.999800980091095,1.000759959220886,1.000107049942017,0
2023-04-22,USDC,124077687141.0,0.00200494333821401,0.997995056661786,1.002004943338214,0.999541997909546,1.000493049621582,0.9998940229415894,0
2023-04-23,USDC,122016509548.0,0.002016169934869748,0.9979838300651303,1.0020161699348697,0.999547004699707,1.000442981719971,1.000041961669922,0
2023-04-24,USDC,122778671525.0,0.002011989407713968,0.997988010592286,1.002011989407714,0.9996129870414734,1.000377058982849,1.0,0
2023-04-25,USDC,124325994954.0,0.002003607669836894,0.9979963923301631,1.0020036076698369,0.9995740056037904,1.000651001930237,0.9998840093612672,0
2023-04-26,USDC,126284849689.0,0.0019931940532979865,0.998006805946702,1.001993194053298,0.9993339776992798,1.000524997711182,0.9996820092201232,0
2023-04-27,USDC,127709965892.0,0.0019857522822598803,0.9980142477177402,1.00198575228226,0.9994829893112184,1.000321984291077,0.9998949766159058,0
2023-04-28,USDC,127594268219.0,0.001986352302711243,0.9980136476972887,1.0019863523027113,0.999692976474762,1.000221014022827,0.999983012676239,0
2023-04-29,USDC,125245216618.0,0.0019986938858301668,0.9980013061141698,1.00199869388583,0.999646008014679,1.000365018844604,0.9999960064888,0
2023-04-30,USDC,124470260481.0,0.0020028332860310715,0.9979971667139689,1.0020028332860311,0.9995790123939514,1.00054395198822,1.000100016593933,0
2023-05-01,USDC,125516563573.0,0.001997252560021822,0.9980027474399782,1.0019972525600218,0.9994459748268129,1.000514984130859,0.9999330043792723,0
2023-05-02,USDC,125489237852.0,0.0019973975190802954,0.9980026024809197,1.0019973975190803,0.9996209740638732,1.000473976135254,1.000020980834961,0
2023-05-03,USDC,124659218314.0,0.0020018208126604004,0.9979981791873396,1.0020018208126604,0.9997010231018066,1.000447988510132,1.000061988830566,0
2023-05-04,USDC,123644068634.0,0.002007284375728832,0.9979927156242712,1.0020072843757288,0.9996820092201232,1.000411987304688,1.000013947486877,0
2023-05-05,USDC,123588839175.0,0.002007583336705829,0.9979924166632942,1.002007583336706,0.9995629787445068,1.000426054000854,1.000051975250244,0
2023-05-06,USDC,123511975681.0,0.0020079997008414434,0.9979920002991586,1.0020079997008415,0.9996539950370787,1.000440001487732,1.000144958496094,0
2023-05-07,USDC,123118253474.0,0.002010137896691655,0.9979898621033083,1.0020101378966917,0.999629020690918,1.000411987304688,1.000048995018005,0
2023-05-08,USDC,125323544144.0,0.001998277402838104,0.9980017225971619,1.0019982774028382,0.9996129870414734,1.000324964523315,1.00022304058075,0
2023-05-09,USDC,125710082803.0,0.0019962271708369923,0.998003772829163,1.001996227170837,0.9992300271987916,1.000725030899048,1.000030994415283,0
2023-05-10,USDC,126271931481.0,0.001993262021998681,0.9980067379780013,1.0019932620219987,0.999580979347229,1.000645041465759,1.000174045562744,0
2023-05-11,USDC,125954423975.0,0.001994935496657107,0.9980050645033429,1.001994935496657,0.999468982219696,1.000496983528137,1.000059008598328,0
2023-05-12,USDC,125685027210.0,0.0019963598128160784,0.9980036401871839,1.001996359812816,0.9996709823608398,1.000517010688782,1.000028014183044,0
2023-05-13,USDC,123161073421.0,0.0020099049118884327,0.9979900950881115,1.0020099049118885,0.9996489882469176,1.000332951545715,1.000097036361694,0
2023-05-14,USDC,118725038374.0,0.0020346321084095255,0.9979653678915905,1.0020346321084095,0.9996110200881958,1.000401973724365,1.000020980834961,0
2023-05-15,USDC,118302849559.0,0.002037049573706329,0.9979629504262937,1.0020370495737063,0.9995830059051514,1.000272989273071,0.999948024749756,0
2023-05-16,USDC,117079299185.0,0.0020441211350702695,0.9979558788649298,1.0020441211350704,0.9995200037956238,1.000355005264282,1.000002980232239,0
2023-05-17,USDC,115822679148.0,0.0020514871349154766,0.9979485128650846,1.0020514871349155,0.9996150135993958,1.000625014305115,0.9999880194664,0
2023-05-18,USDC,114374689243.0,0.0020601081693107657,0.9979398918306892,1.0020601081693108,0.9994720220565796,1.000501990318298,0.9999650120735168,0
2023-05-19,USDC,110859596702.0,0.0020816557089218452,0.9979183442910782,1.0020816557089218,0.9997699856758118,1.00031304359436,1.000076055526733,0
2023-05-20,USDC,106925381093.0,0.002106879663040579,0.9978931203369594,1.0021068796630406,0.9997490048408508,1.000403046607971,0.9998890161514282,0
2023-05-21,USDC,103218147034.0,0.0021318074742615813,0.9978681925257384,1.0021318074742616,0.99966299533844,1.000395059585571,0.9999549984931946,0
2023-05-22,USDC,102436241535.0,0.002137217827490687,0.9978627821725093,1.0021372178274908,0.9995579719543456,1.00036895275116,0.9999619722366332,0
2023-05-23,USDC,101884784665.0,0.0021410668269477226,0.9978589331730523,1.0021410668269477,0.999538004398346,1.000354051589966,1.000136017799377,0
2023-05-24,USDC,100782912324.0,0.0021488414134692778,0.9978511585865307,1.0021488414134694,0.9996100068092346,1.000329971313477,0.9999979734420776,0
2023-05-25,USDC,98703261630.0,0.002163828476789319,0.9978361715232107,1.0021638284767893,0.9996569752693176,1.000622034072876,0.9999340176582336,0
2023-05-26,USDC,94719069268.0,0.0021937519812048963,0.9978062480187951,1.002193751981205,0.9997349977493286,1.000596046447754,1.000033974647522,0
2023-05-27,USDC,90576915031.0,0.002226695467109944,0.99777330453289,1.00222669546711,0.999642014503479,1.000440001487732,0.9999979734420776,0
2023-05-28,USDC,89088000167.0,0.002239031808195699,0.9977609681918043,1.0022390318081957,0.9994959831237792,1.00042200088501,0.999862015247345,0
2023-05-29,USDC,89262856703.0,0.0022375688433415703,0.9977624311566584,1.0022375688433416,0.999580979347229,1.00039803981781,0.9998440146446228,0
2023-05-30,USDC,88735601040.0,0.0022419918777286134,0.9977580081222713,1.0022419918777286,0.9994320273399352,1.000591039657593,1.000179052352905,0
2023-05-31,USDC,87849933788.0,0.002249500982391239,0.9977504990176088,1.0022495009823913,0.9995200037956238,1.000470995903015,1.000054955482483,0
2023-06-01,USDC,87957609044.0,0.0022485826820799826,0.99775141731792,1.00224858268208,0.9995539784431458,1.000357985496521,1.000061988830566,0
2023-06-02,USDC,87284725409.0,0.002254346054083092,0.9977456539459169,1.0022543460540831,0.9996500015258788,1.000208973884583,0.9999030232429504,0
2023-06-03,USDC,86029556855.0,0.002265256775413663,0.9977347432245863,1.0022652567754136,0.999576985836029,1.000331044197083,0.9997959733009338,0
2023-06-04,USDC,83827145530.0,0.002284924077239941,0.9977150759227601,1.00228492407724,0.999472975730896,1.000455021858215,0.999912977218628,0
2023-06-05,USDC,84703063884.0,0.0022770206019100785,0.99772297939809,1.00227702060191,0.999571979045868,1.000579953193665,0.9998509883880616,0
2023-06-06,USDC,86623971940.0,0.002260063468943105,0.9977399365310569,1.0022600634689431,0.9996340274810792,1.000354051589966,0.9999020099639891,0
2023-06-07,USDC,86415406157.0,0.0022618802483537013,0.9977381197516463,1.0022618802483536,0.999638020992279,1.000447034835815,1.000097036361694,0
2023-06-08,USDC,86178883523.0,0.002263947642609974,0.99773605235739,1.00226394764261,0.9996989965438844,1.000558972358704,0.9999489784240724,0
2023-06-09,USDC,84500810621.0,0.002278835842497653,0.9977211641575023,1.0022788358424977,0.9996870160102844,1.000648021697998,0.9998840093612672,0
2023-06-10,USDC,86154503192.0,0.0022641611759915215,0.9977358388240085,1.0022641611759915,0.9996029734611512,1.000506043434143,0.9999340176582336,0
2023-06-11,USDC,84364706078.0,0.0022800606566893795,0.9977199393433106,1.0022800606566893,0.9994909763336182,1.001013994216919,1.000216007232666,0
2023-06-12,USDC,85873157507.0,0.0022666311661472785,0.9977333688338528,1.0022666311661472,0.9996389746665956,1.000566005706787,0.9999809861183168,0
2023-06-13,USDC,87281373511.0,0.002254374911867972,0.997745625088132,1.002254374911868,0.999296009540558,1.000594973564148,1.000051975250244,0
2023-06-14,USDC,87500828191.0,0.0022524886542778975,0.9977475113457221,1.0022524886542779,0.999512016773224,1.002259016036987,1.00008499622345,1
2023-06-15,USDC,90818651617.0,0.0022247180757494554,0.9977752819242506,1.0022247180757495,0.9996200203895568,1.000576972961426,1.000120043754578,0
2023-06-16,USDC,91414411232.0,0.002219874612891255,0.9977801253871087,1.0022198746128912,0.9997119903564452,1.000496029853821,1.00006902217865,0
2023-06-17,USDC,90798927173.0,0.002224879157498519,0.9977751208425015,1.0022248791574986,0.9997249841690063,1.000648021697998,1.000018000602722,0
2023-06-18,USDC,90287316381.0,0.0022290736519169504,0.9977709263480831,1.002229073651917,0.9996899962425232,1.000704050064087,1.000169992446899,0
2023-06-19,USDC,91903357750.0,0.00221593086678028,0.9977840691332197,1.0022159308667802,0.9997040033340454,1.000879049301147,1.000301957130432,0
2023-06-20,USDC,94830817017.0,0.0021928899435625458,0.9978071100564374,1.0021928899435626,0.9992939829826356,1.000494003295898,1.000077962875366,0
2023-06-21,USDC,98734984569.0,0.002163596710403401,0.9978364032895966,1.0021635967104034,0.9990310072898864,1.000530958175659,0.9999679923057556,0
2023-06-22,USDC,100698446817.0,0.002149442059128999,0.997850557940871,1.002149442059129,0.9994739890098572,1.000733971595764,0.9999909996986388,0
2023-06-23,USDC,102494651948.0,0.0021368117591569562,0.9978631882408431,1.002136811759157,0.9995970129966736,1.000437021255493,0.9999319911003112,0
2023-06-24,USDC,102107232754.0,0.002139510872819919,0.9978604891271801,1.00213951087282,0.999550998210907,1.000561952590942,1.000136971473694,0
2023-06-25,USDC,102469660805.0,0.0021369854594408075,0.9978630145405591,1.0021369854594409,0.9995279908180236,1.000538945198059,1.000025033950806,0
2023-06-26,USDC,104875381059.0,0.002120518908543903,0.9978794810914561,1.0021205189085438,0.9995520114898682,1.000373005867004,1.0,0
2023-06-27,USDC,106085082491.0,0.002112427895321841,0.9978875721046782,1.0021124278953217,0.9995059967041016,1.000486969947815,1.000048041343689,0
2023-06-28,USDC,106847600636.0,0.002107390778291681,0.9978926092217083,1.0021073907782916,0.9997239708900452,1.000524044036865,0.9999619722366332,0
2023-06-29,USDC,107211706814.0,0.0021050024064025695,0.9978949975935975,1.0021050024064027,0.9994800090789796,1.000938057899475,1.000252962112427,0
2023-06-30,USDC,110831902090.0,0.0020818290821259266,0.997918170917874,1.0020818290821258,0.9997929930686952,1.000738024711609,1.000133991241455,0
2023-07-01,USDC,110452557302.0,0.0020842096777788713,0.9979157903222211,1.002084209677779,0.9997100234031676,1.00080394744873,1.000134944915771,0
2023-07-02,USDC,110043157785.0,0.0020867911451267836,0.9979132088548732,1.0020867911451268,0.9996410012245178,1.000826954841614,0.9999799728393556,0
2023-07-03,USDC,111872924696.0,0.0020753515290424097,0.9979246484709576,1.0020753515290424,0.9995409846305848,1.000615000724792,1.000164985656738,0
2023-07-04,USDC,112911221856.0,0.002068970496307734,0.9979310295036923,1.0020689704963077,0.9994400143623352,1.000519990921021,1.00010097026825,0
2023-07-05,USDC,111397013283.0,0.0020783027759627517,0.9979216972240372,1.0020783027759628,0.9994969964027404,1.000501990318298,1.000069975852966,0
2023-07-06,USDC,111229748520.0,0.00207934402233259,0.9979206559776674,1.0020793440223326,0.999625027179718,1.000651001930237,0.9999409914016724,0
2023-07-07,USDC,110099388027.0,0.002086435827520694,0.9979135641724793,1.0020864358275208,0.9997479915618896,1.000684022903442,1.000028967857361,0
2023-07-08,USDC,109247582615.0,0.002091844454242202,0.9979081555457578,1.0020918444542422,0.9997400045394896,1.00065803527832,1.000112056732178,0
2023-07-09,USDC,108349387493.0,0.0020976088812396684,0.9979023911187603,1.0020976088812397,0.9995539784431458,1.00066602230072,0.9999669790267944,0
2023-07-10,USDC,106145625117.0,0.0021120261948122357,0.9978879738051878,1.0021120261948122,0.9996749758720398,1.000694036483765,0.9999709725379944,0
2023-07-11,USDC,106496722272.0,0.002109702671754664,0.9978902973282453,1.0021097026717547,0.9995620250701904,1.000928997993469,0.9999719858169556,0
2023-07-12,USDC,106113826797.0,0.0021122371386625162,0.9978877628613375,1.0021122371386626,0.9995179772377014,1.000784039497375,0.9999060034751892,0
2023-07-13,USDC,108186340444.0,0.002098662117310803,0.9979013378826892,1.002098662117311,0.9994239807128906,1.000805020332336,1.000195980072021,0
2023-07-14,USDC,109671001857.0,0.0020891489087618517,0.9979108510912381,1.0020891489087618,0.9996839761734008,1.000599980354309,1.000056982040405,0
2023-07-15,USDC,105771168244.0,0.0021145156295792476,0.9978854843704208,1.0021145156295792,0.9996740221977234,1.000745058059692,1.000169038772583,0
2023-07-16,USDC,104123978599.0,0.002125607539889398,0.9978743924601106,1.0021256075398894,0.9996640086174012,1.000548005104065,0.99993497133255,0
2023-07-17,USDC,104978750692.0,0.0021198226747979206,0.9978801773252021,1.0021198226747978,0.999526023864746,1.000530958175659,0.9999719858169556,0
2023-07-18,USDC,106025436781.0,0.0021128239438105304,0.9978871760561895,1.0021128239438106,0.9993919730186462,1.000406980514526,1.000041007995605,0
2023-07-19,USDC,105752838672.0,0.0021146377884039545,0.9978853622115961,1.002114637788404,0.9995729923248292,1.000540018081665,0.9999939799308776,0
2023-07-20,USDC,104248437402.0,0.0021247613052408085,0.9978752386947591,1.0021247613052409,0.9996280074119568,1.000566959381104,1.000139951705933,0
2023-07-21,USDC,103806667507.0,0.002127771154207709,0.9978722288457923,1.0021277711542078,0.9996449947357178,1.000911951065063,0.9998080134391784,0
2023-07-22,USDC,100978300668.0,0.002147454548976927,0.9978525454510231,1.002147454548977,0.9996119737625122,1.000798940658569,0.9998769760131836,0
2023-07-23,USDC,97814094176.0,0.002170365384572043,0.997829634615428,1.002170365384572,0.9993600249290466,1.000542044639587,1.000036001205444,0
2023-07-24,USDC,98403854585.0,0.002166020835101833,0.9978339791648981,1.0021660208351018,0.999761998653412,1.000772953033447,0.999970018863678,0
2023-07-25,USDC,97799328720.0,0.002170474604210479,0.9978295253957895,1.0021704746042104,0.9995660185813904,1.000975966453552,1.000134944915771,0
2023-07-26,USDC,96902936290.0,0.0021771466705313492,0.9978228533294686,1.0021771466705314,0.9996449947357178,1.000517964363098,0.999805986881256,0
2023-07-27,USDC,95525712667.0,0.0021875596520420913,0.9978124403479579,1.002187559652042,0.9993979930877686,1.000679969787598,1.000166058540344,0
2023-07-28,USDC,94620467107.0,0.002194513738849554,0.9978054862611504,1.0021945137388495,0.9997730255126952,1.000627994537354,1.000058054924011,0
2023-07-29,USDC,93007851990.0,0.0022071243146660306,0.9977928756853339,1.002207124314666,0.9996860027313232,1.000573992729187,1.000022053718567,0
2023-07-30,USDC,88698918712.0,0.002242300901213029,0.997757699098787,1.0022423009012131,0.9996190071105956,1.000617027282715,1.000010013580322,0
2023-07-31,USDC,88865567041.0,0.0022408983725122427,0.9977591016274877,1.0022408983725122,0.9995430111885072,1.000607967376709,1.000072002410889,0
2023-08-01,USDC,90419032754.0,0.002227990737655133,0.9977720092623449,1.0022279907376552,0.9996500015258788,1.000645041465759,0.9998909831047058,0
2023-08-02,USDC,90727649030.0,0.002225461647125101,0.9977745383528749,1.0022254616471251,0.9996340274810792,1.00052797794342,1.000242948532104,0
2023-08-03,USDC,90769999977.0,0.002225115478896375,0.9977748845211036,1.0022251154788964,0.9992550015449524,1.000481963157654,0.9999889731407166,0
2023-08-04,USDC,90773474636.0,0.0022250870872830473,0.9977749129127169,1.002225087087283,0.9997169971466064,1.000293016433716,0.9998769760131836,0
2023-08-05,USDC,88200609269.0,0.002246515770183743,0.9977534842298162,1.0022465157701836,0.9995930194854736,1.000318050384521,0.9998170137405396,0
2023-08-06,USDC,87013614892.0,0.002256684934300502,0.9977433150656995,1.0022566849343004,0.9996520280838012,1.000514984130859,0.999974012374878,0
2023-08-07,USDC,88063484578.0,0.0022476811909011084,0.9977523188090989,1.0022476811909011,0.9998130202293396,1.000798940658569,1.000079989433289,0
2023-08-08,USDC,89688726226.0,0.002234021669141334,0.9977659783308587,1.0022340216691414,0.9995980262756348,1.000671982765198,1.000188946723938,0
2023-08-09,USDC,89453338641.0,0.0022359794883288456,0.9977640205116711,1.0022359794883289,0.9997699856758118,1.000535011291504,1.000169992446899,0
2023-08-10,USDC,89510975867.0,0.0022354994603200093,0.99776450053968,1.00223549946032,0.9998360276222228,1.000828981399536,1.000082015991211,0
2023-08-11,USDC,88854227664.0,0.002240993694596778,0.9977590063054033,1.0022409936945968,0.9999279975891112,1.000437021255493,1.000033974647522,0
2023-08-12,USDC,84967265704.0,0.0022746580543903665,0.9977253419456096,1.0022746580543904,0.9998649954795836,1.000406980514526,1.000028014183044,0
2023-08-13,USDC,81876273779.0,0.0023029295024306474,0.9976970704975694,1.0023029295024306,0.9998250007629396,1.000568985939026,1.000120997428894,0
2023-08-14,USDC,82657267634.0,0.0022956533994671633,0.9977043466005329,1.0022956533994671,0.9998689889907836,1.000555038452148,1.00006902217865,0
2023-08-15,USDC,83351451064.0,0.0022892625921562193,0.9977107374078438,1.0022892625921562,0.9998170137405396,1.000851988792419,1.000036954879761,0
2023-08-16,USDC,83432646804.0,0.002288519722675126,0.9977114802773249,1.0022885197226752,0.9992259740829468,1.001155018806458,1.000437021255493,0
2023-08-17,USDC,86977994006.0,0.002256992959131312,0.9977430070408687,1.0022569929591314,0.9995729923248292,1.000767946243286,1.000128030776978,0
2023-08-18,USDC,89165055167.0,0.0022383866439425813,0.9977616133560574,1.0022383866439426,0.999758005142212,1.000560998916626,1.000188946723938,0
2023-08-19,USDC,88453323766.0,0.0022443742692161493,0.9977556257307838,1.0022443742692162,0.9998440146446228,1.000548005104065,1.000102043151855,0
2023-08-20,USDC,84507418705.0,0.0022787764428558828,0.9977212235571441,1.0022787764428558,0.9997569918632508,1.000635027885437,1.000002026557922,0
2023-08-21,USDC,85508812186.0,0.0022698459080717124,0.9977301540919283,1.0022698459080717,0.9997779726982116,1.000787973403931,0.9999909996986388,0
2023-08-22,USDC,87233543946.0,0.0022547868561185844,0.9977452131438814,1.0022547868561187,0.999772012233734,1.000957012176514,1.000169992446899,0
2023-08-23,USDC,87991962674.0,0.002248290015075015,0.997751709984925,1.002248290015075,0.9998250007629396,1.000566959381104,0.9999150037765504,0
2023-08-24,USDC,88656699549.0,0.0022426567797287776,0.9977573432202712,1.0022426567797287,0.999761998653412,1.000532031059265,1.000090003013611,0
2023-08-25,USDC,88567164226.0,0.0022434122492261846,0.9977565877507738,1.002243412249226,0.9998549818992616,1.000576972961426,1.000010013580322,0
2023-08-26,USDC,87611982766.0,0.002251535662954182,0.9977484643370458,1.0022515356629542,0.9997699856758118,1.000558972358704,1.000005960464478,0
2023-08-27,USDC,86586345511.0,0.0022603907946210765,0.997739609205379,1.002260390794621,0.9997820258140564,1.000602006912231,0.9999229907989502,0
2023-08-28,USDC,87781205131.0,0.0022500879145982825,0.9977499120854018,1.0022500879145984,0.9998610019683838,1.001518964767456,1.000056028366089,0
2023-08-29,USDC,90004600664.0,0.0022314051455687104,0.9977685948544313,1.0022314051455687,0.9997180104255676,1.000735998153687,1.000154972076416,0
2023-08-30,USDC,90842148480.0,0.0022245262470137602,0.9977754737529863,1.0022245262470137,0.9997659921646118,1.000877022743225,1.000108003616333,0
2023-08-31,USDC,90963577680.0,0.0022235359505454726,0.9977764640494545,1.0022235359505454,0.9997739791870116,1.000609993934631,1.000195980072021,0
2023-09-01,USDC,90415791133.0,0.0022280173635913104,0.9977719826364086,1.0022280173635914,0.999916970729828,1.000527024269104,1.000169992446899,0
2023-09-02,USDC,89187354563.0,0.0022382000747776668,0.9977617999252223,1.0022382000747776,0.9998639822006226,1.000838994979858,1.0001300573349,0
2023-09-03,USDC,87962622962.0,0.0022485399577840508,0.9977514600422159,1.002248539957784,0.9997900128364564,1.000427961349487,1.000100016593933,0
2023-09-04,USDC,88548087227.0,0.002243573346250692,0.9977564266537493,1.0022435733462507,0.9998419880867004,1.000409007072449,1.000030040740967,0
2023-09-05,USDC,89115735843.0,0.0022387994979161637,0.9977612005020838,1.002238799497916,0.999776005744934,1.001181960105896,1.000139951705933,0
2023-09-06,USDC,89050475656.0,0.0022393462619721585,0.9977606537380278,1.002239346261972,0.999800980091095,1.000687956809998,1.000427007675171,0
2023-09-07,USDC,88086175368.0,0.0022474881752108642,0.9977525118247892,1.0022474881752108,0.9998949766159058,1.000839948654175,1.000097036361694,0
2023-09-08,USDC,87615359153.0,0.002251506740500896,0.9977484932594991,1.002251506740501,0.9999340176582336,1.000671982765198,1.0001300573349,0
2023-09-09,USDC,86099407129.0,0.0022646440278155573,0.9977353559721844,1.0022646440278156,0.9998400211334229,1.000625014305115,0.9999470114707948,0
2023-09-10,USDC,85690736133.0,0.002268238453489801,0.9977317615465102,1.0022682384534898,0.9998070001602172,1.001031994819641,1.000046968460083,0
2023-09-11,USDC,87876373944.0,0.0022492753505542738,0.9977507246494457,1.0022492753505543,0.9998430013656616,1.00074303150177,1.000205993652344,0
2023-09-12,USDC,90634870436.0,0.002226220754477964,0.997773779245522,1.0022262207544779,0.9998840093612672,1.000841021537781,1.000164985656738,0
2023-09-13,USDC,90905606352.0,0.0022240085064426226,0.9977759914935573,1.0022240085064427,0.9999110102653505,1.000843048095703,1.000162959098816,0
2023-09-14,USDC,91292984543.0,0.002220858378166361,0.9977791416218337,1.0022208583781664,0.9998990297317504,1.000702023506165,1.000342011451721,0
2023-09-15,USDC,90664448124.0,0.00222597863963959,0.9977740213603604,1.0022259786396397,0.9999790191650392,1.00082004070282,1.000167965888977,0
2023-09-16,USDC,85852871193.0,0.00226680968073744,0.9977331903192626,1.0022668096807374,0.9999499917030334,1.000834941864014,1.000082969665527,0
2023-09-17,USDC,82471460359.0,0.0022973761334659504,0.9977026238665341,1.002297376133466,0.9998660087585448,1.000766038894653,1.000115990638733,0
2023-09-18,USDC,83417756008.0,0.0022886558881408943,0.9977113441118591,1.002288655888141,0.9998220205307008,1.000663042068481,1.000110030174255,0
2023-09-19,USDC,84365348958.0,0.002280054865176093,0.9977199451348239,1.002280054865176,0.9998480081558228,1.00055205821991,1.000185012817383,0
2023-09-20,USDC,84407963146.0,0.0022796710978994087,0.9977203289021006,1.0022796710978994,0.9997519850730896,1.000607013702393,1.000004053115845,0
2023-09-21,USDC,83735775660.0,0.0022857548544660488,0.997714245145534,1.0022857548544661,0.9997469782829284,1.000442981719971,1.000089049339294,0
2023-09-22,USDC,82576157771.0,0.0022964047834275257,0.9977035952165725,1.0022964047834275,0.9999290108680724,1.000473976135254,0.9999790191650392,0
2023-09-23,USDC,81439378187.0,0.002307040314302587,0.9976929596856974,1.0023070403143026,0.9999099969863892,1.000736951828003,1.000087022781372,0
2023-09-24,USDC,80355131316.0,0.0023173704332867104,0.9976826295667133,1.0023173704332866,0.9997990131378174,1.000632047653198,1.00005304813385,0
2023-09-25,USDC,81819422318.0,0.002303462768619377,0.9976965372313806,1.0023034627686194,0.9998840093612672,1.000710010528564,1.000079035758972,0
2023-09-26,USDC,82966305447.0,0.002292799524476047,0.997707200475524,1.0022927995244761,0.9998890161514282,1.00075900554657,1.000156044960022,0
2023-09-27,USDC,82691779357.0,0.0022953339885201205,0.9977046660114799,1.00229533398852,0.999871015548706,1.001157999038696,1.000064015388489,0
2023-09-28,USDC,81515326494.0,0.0023063235973435174,0.9976936764026565,1.0023063235973435,0.999805986881256,1.000679016113281,1.000095009803772,0
2023-09-29,USDC,80314381050.0,0.0023177622995730353,0.997682237700427,1.0023177622995731,0.9998279809951782,1.000576019287109,1.000105977058411,0
2023-09-30,USDC,77457835695.0,0.002345911084788928,0.9976540889152111,1.002345911084789,0.9998649954795836,1.000419974327087,1.000090003013611,0
2023-10-01,USDC,76167328481.0,0.0023590859218873394,0.9976409140781126,1.0023590859218874,0.9997869729995728,1.000656962394714,1.000030040740967,0
2023-10-02,USDC,78600749854.0,0.0023344850850661987,0.9976655149149338,1.0023344850850662,0.999737024307251,1.000581026077271,1.000095009803772,0
2023-10-03,USDC,79243452607.0,0.0023281566773258287,0.9976718433226742,1.0023281566773259,0.999813973903656,1.000488996505737,1.000393033027649,0
2023-10-04,USDC,79528584707.0,0.0023253709823877447,0.9976746290176123,1.0023253709823878,0.9998300075531006,1.000432968139648,0.9999489784240724,0
2023-10-05,USDC,79670041367.0,0.0023239939106567352,0.9976760060893433,1.0023239939106567,0.9997730255126952,1.000363945960999,0.9999909996986388,0
2023-10-06,USDC,79405289842.0,0.0023265739166735038,0.9976734260833265,1.0023265739166736,0.999750018119812,1.000185012817383,0.9999600052833556,0
2023-10-07,USDC,78156332800.0,0.002338901552534612,0.9976610984474654,1.0023389015525346,0.9997079968452454,1.000131964683533,0.9999690055847168,0
2023-10-08,USDC,77125403591.0,0.002349276765142565,0.9976507232348575,1.0023492767651425,0.999684989452362,1.000664949417114,0.9999020099639891,0
2023-10-09,USDC,78634254414.0,0.0023341534780687845,0.9976658465219312,1.0023341534780688,0.9997289776802064,1.000532984733582,0.9999759793281556,0
2023-10-10,USDC,79002621996.0,0.002330519985483527,0.9976694800145165,1.0023305199854835,0.9998189806938172,1.000524044036865,0.999970018863678,0
2023-10-11,USDC,78127666844.0,0.002339187574346862,0.9976608124256532,1.0023391875743468,0.9998430013656616,1.000797986984253,1.000108003616333,0
2023-10-12,USDC,75961434694.0,0.0023612154364504034,0.9976387845635496,1.0023612154364505,0.9998810291290284,1.000738024711609,1.000239014625549,0
2023-10-13,USDC,75025582980.0,0.0023709926467181276,0.9976290073532819,1.0023709926467181,0.9999539852142334,1.000530958175659,1.000113010406494,0
2023-10-14,USDC,72900346963.0,0.0023938125245299073,0.9976061874754701,1.00239381252453,0.9999039769172668,1.000673055648804,1.000313997268677,0
2023-10-15,USDC,71606587789.0,0.0024081433755303453,0.9975918566244697,1.0024081433755303,0.9998180270195008,1.000821948051453,1.00020694732666,0
2023-10-16,USDC,74602175008.0,0.002375469745555206,0.9976245302544448,1.0023754697455551,0.999813973903656,1.000327944755554,1.0000239610672,0
2023-10-17,USDC,75857671513.0,0.0023622915552407543,0.9976377084447593,1.0023622915552408,0.999886989593506,1.000470042228699,1.000038981437683,0
2023-10-18,USDC,75070442461.0,0.0023705202784148347,0.9976294797215851,1.0023705202784148,0.999858021736145,1.000548005104065,0.9999880194664,0
2023-10-19,USDC,74669008575.0,0.002374760801241572,0.9976252391987585,1.0023747608012417,0.9996430277824402,1.00054395198822,1.000064015388489,0
2023-10-20,USDC,75030230342.0,0.0023709436927227914,0.9976290563072772,1.0023709436927228,0.9998130202293396,1.000211954116821,0.9999489784240724,0
2023-10-21,USDC,74084213279.0,0.0023809929467192414,0.9976190070532808,1.0023809929467193,0.9997220039367676,1.000509023666382,0.9999179840087892,0
2023-10-22,USDC,73652847696.0,0.002385632187115136,0.9976143678128848,1.0023856321871152,0.99932599067688,1.000586986541748,1.000089049339294,0
2023-10-23,USDC,78856630183.0,0.0023319573073935247,0.9976680426926064,1.0023319573073934,0.9995179772377014,1.000481963157654,0.9999939799308776,0
2023-10-24,USDC,85145388567.0,0.002273070763615646,0.9977269292363844,1.0022730707636156,0.9998130202293396,1.000784993171692,1.000195980072021,0
2023-10-25,USDC,87493260907.0,0.002252553591583877,0.9977474464084162,1.0022525535915838,0.9998160004615784,1.000522017478943,1.000018954277039,0
2023-10-26,USDC,89757783058.0,0.0022334485933388757,0.9977665514066612,1.0022334485933388,0.9998149871826172,1.000789999961853,1.0,0
2023-10-27,USDC,91366992765.0,0.002220258576665685,0.9977797414233344,1.0022202585766657,0.9995869994163512,1.000599980354309,1.000056028366089,0
2023-10-28,USDC,90723104051.0,0.0022254988096820053,0.997774501190318,1.002225498809682,0.9998419880867004,1.000476002693176,1.000022053718567,0
2023-10-29,USDC,90831868341.0,0.002224610166078615,0.9977753898339213,1.0022246101660786,0.9997079968452454,1.000468015670776,1.000167965888977,0
2023-10-30,USDC,93383306998.0,0.0022041623686217377,0.9977958376313782,1.0022041623686218,0.999763011932373,1.000452041625977,0.9999399781227112,0
2023-10-31,USDC,94836143167.0,0.00219284889072116,0.9978071511092789,1.0021928488907212,0.9996439814567566,1.000447988510132,1.000233054161072,0
2023-11-01,USDC,95418429958.0,0.002188379198204877,0.9978116208017951,1.002188379198205,0.9997680187225342,1.000633955001831,1.000120043754578,0
2023-11-02,USDC,97624923466.0,0.0021717663405314,0.9978282336594686,1.0021717663405314,0.999787986278534,1.000645995140076,1.000249028205872,0
2023-11-03,USDC,98981375085.0,0.0021617999661324855,0.9978382000338675,1.0021617999661325,0.9999449849128724,1.000691056251526,1.000174999237061,0
2023-11-04,USDC,98546309188.0,0.002164976627423544,0.9978350233725765,1.0021649766274237,0.99965900182724,1.00075900554657,0.9999970197677612,0
2023-11-05,USDC,99276263920.0,0.0021596573831026956,0.9978403426168974,1.0021596573831026,0.999805986881256,1.000442981719971,0.9999840259552002,0
2023-11-06,USDC,101801229950.0,0.0021416524364637505,0.9978583475635362,1.0021416524364637,0.999796986579895,1.000808000564575,1.000028014183044,0
2023-11-07,USDC,104510617137.0,0.002122983062191622,0.9978770169378084,1.0021229830621916,0.9998520016670228,1.000412940979004,1.000033974647522,0
2023-11-08,USDC,105196629802.0,0.0021183581655527172,0.9978816418344473,1.0021183581655526,0.9992380142211914,1.000362992286682,0.9999560117721558,0
2023-11-09,USDC,110591026500.0,0.0020833394463038385,0.9979166605536962,1.0020833394463038,0.9995319843292236,1.00039005279541,0.999541997909546,0
2023-11-10,USDC,113439422817.0,0.0020657542929195926,0.9979342457070804,1.0020657542929197,0.9994630217552184,1.000134944915771,0.9997100234031676,0
2023-11-11,USDC,115139945194.0,0.002055533980204701,0.9979444660197953,1.0020555339802046,0.9992030262947084,1.000326991081238,0.9996010065078736,0
2023-11-12,USDC,116247497459.0,0.002048985079380102,0.9979510149206199,1.0020489850793801,0.999339997768402,1.000810980796814,0.9999629855155944,0
2023-11-13,USDC,121094901344.0,0.002021271786793225,0.9979787282132068,1.0020212717867931,0.9996079802513124,1.000507950782776,1.000025033950806,0
2023-11-14,USDC,125625060070.0,0.001996677416497367,0.9980033225835027,1.0019966774164974,0.9998030066490172,1.000427961349487,1.000030040740967,0
2023-11-15,USDC,127380898492.0,0.001987460765673102,0.9980125392343269,1.0019874607656731,0.9996479749679564,1.000372052192688,0.9999520182609558,0
2023-11-16,USDC,131127644695.0,0.00196834813542589,0.9980316518645741,1.0019683481354258,0.9997119903564452,1.000452995300293,1.00019097328186,0
2023-11-17,USDC,134135876600.0,0.0019535221930385756,0.9980464778069614,1.0019535221930387,0.999800980091095,1.000290036201477,1.000072956085205,0
2023-11-18,USDC,135010461639.0,0.0019492948074707217,0.9980507051925293,1.0019492948074706,0.9997950196266174,1.000264048576355,0.9999759793281556,0
2023-11-19,USDC,134923596726.0,0.0019497130416992936,0.9980502869583007,1.0019497130416992,0.9995489716529846,1.000247001647949,0.9999690055847168,0
2023-11-20,USDC,138609447599.0,0.0019322755374545698,0.9980677244625454,1.0019322755374547,0.9995650053024292,1.00032901763916,1.000046014785767,0
2023-11-21,USDC,143215795303.0,0.001911333009530557,0.9980886669904695,1.0019113330095306,0.9995689988136292,1.000574946403503,0.9999819993972778,0
2023-11-22,USDC,142084935248.0,0.0019163904094403532,0.9980836095905596,1.0019163904094404,0.9997550249099731,1.000203013420105,0.9999560117721558,0
2023-11-23,USDC,137917174043.0,0.001935503154220735,0.9980644968457792,1.0019355031542208,0.9994329810142516,1.000450968742371,0.9996320009231568,0
2023-11-24,USDC,137685084349.0,0.001936590074585234,0.9980634099254148,1.0019365900745851,0.9993969798088074,1.000149965286255,0.999886989593506,0
2023-11-25,USDC,134942982706.0,0.0019496196716269803,0.998050380328373,1.0019496196716269,0.9992259740829468,1.000002980232239,0.9998679757118224,0
2023-11-26,USDC,133842439748.0,0.001954948788349215,0.9980450512116508,1.0019549487883492,0.9994670152664183,1.000512003898621,0.9999989867210388,0
2023-11-27,USDC,136232025568.0,0.0019434510002195686,0.9980565489997805,1.0019434510002196,0.9994289875030518,1.000532984733582,0.9999139904975892,0
2023-11-28,USDC,138634991973.0,0.0019321568521689318,0.998067843147831,1.0019321568521689,0.9993230104446412,1.000228047370911,1.000040054321289,0
2023-11-29,USDC,139517849114.0,0.001928072716985508,0.9980719272830145,1.0019280727169855,0.9997910261154176,1.000288009643555,1.000005960464478,0
2023-11-30,USDC,139958592573.0,0.0019260466915108734,0.9980739533084891,1.001926046691511,0.9994959831237792,1.00020694732666,0.999796986579895,0
2023-12-01,USDC,140224116614.0,0.0019248302225923298,0.9980751697774076,1.0019248302225923,0.9993199706077576,1.000115036964417,0.9999529719352722,0
2023-12-02,USDC,139124091467.0,0.001929889987341309,0.9980701100126587,1.0019298899873412,0.998894989490509,1.000169038772583,0.9998959898948668,0
2023-12-03,USDC,138639217236.0,0.001932137223394434,0.9980678627766055,1.0019321372233945,0.99904602766037,1.000473976135254,0.9999210238456726,0
2023-12-04,USDC,143763675664.0,0.0019089019019027042,0.9980910980980973,1.0019089019019027,0.9993579983711244,1.000444054603577,1.00028395652771,0
2023-12-05,USDC,147299626876.0,0.001893503524139126,0.9981064964758609,1.0018935035241392,0.9997779726982116,1.000619053840637,1.000030994415283,0
2023-12-06,USDC,149722060387.0,0.0018832359455258946,0.9981167640544741,1.0018832359455259,0.9997649788856506,1.000607013702393,0.9999970197677612,0
2023-12-07,USDC,151879525663.0,0.0018742761950284695,0.9981257238049716,1.0018742761950286,0.9998070001602172,1.000556945800781,0.9999250173568726,0
2023-12-08,USDC,154678226397.0,0.0018629031288304278,0.9981370968711696,1.0018629031288304,0.9998419880867004,1.000656008720398,1.000195026397705,0
2023-12-09,USDC,151625248787.0,0.0018753233357804429,0.9981246766642196,1.0018753233357804,0.9998310208320618,1.000586032867432,1.000028014183044,0
2023-12-10,USDC,149365159513.0,0.0018847347196866671,0.9981152652803134,1.0018847347196866,0.999692976474762,1.002967000007629,1.000079989433289,1
2023-12-11,USDC,154291154913.0,0.0018644596547110126,0.998135540345289,1.001864459654711,0.999783992767334,1.00099503993988,1.00030505657196,0
2023-12-12,USDC,157254852181.0,0.0018526724713546743,0.9981473275286453,1.0018526724713546,0.9998090267181396,1.001093029975891,1.000002980232239,0
2023-12-13,USDC,158003551170.0,0.0018497415441817346,0.9981502584558183,1.0018497415441818,0.9998480081558228,1.000993013381958,0.9999769926071168,0
2023-12-14,USDC,158459092588.0,0.0018479672846804835,0.9981520327153195,1.0018479672846805,0.9998459815979004,1.000846028327942,1.000169992446899,0
2023-12-15,USDC,157588912361.0,0.0018513624343147023,0.9981486375656853,1.0018513624343146,0.9998419880867004,1.00081205368042,0.9999729990959167,0
2023-12-16,USDC,154972721799.0,0.0018617223526706556,0.9981382776473293,1.0018617223526707,0.9997739791870116,1.001065969467163,1.000545978546143,0
2023-12-17,USDC,153520186258.0,0.0018675755107515628,0.9981324244892484,1.0018675755107516,0.9998369812965392,1.000947952270508,1.000030994415283,0
2023-12-18,USDC,155762025009.0,0.0018585723496593396,0.9981414276503406,1.0018585723496594,0.9996960163116456,1.000936985015869,1.000257015228271,0
2023-12-19,USDC,157689057018.0,0.0018509704322275348,0.9981490295677725,1.0018509704322276,0.9997220039367676,1.001237034797668,1.000026941299438,0
2023-12-20,USDC,157599901709.0,0.0018513194018450322,0.998148680598155,1.001851319401845,0.9997040033340454,1.000676989555359,0.9999819993972778,0
2023-12-21,USDC,156605584536.0,0.001855229259229539,0.9981447707407705,1.0018552292592295,0.9998430013656616,1.001039028167725,1.000205039978027,0
2023-12-22,USDC,156977350576.0,0.0018537635351914316,0.9981462364648086,1.0018537635351914,0.9998739957809448,1.000658988952637,1.000247955322266,0
2023-12-23,USDC,156658038137.0,0.0018550221748062164,0.9981449778251937,1.0018550221748062,0.9997199773788452,1.000691056251526,1.000308990478516,0
2023-12-24,USDC,156035734589.0,0.001857484977379106,0.9981425150226209,1.0018574849773791,0.9997959733009338,1.000605940818787,1.000396966934204,0
2023-12-25,USDC,158330938903.0,0.0018484657342197235,0.9981515342657803,1.0018484657342197,0.9997090101242064,1.000651955604553,1.000357031822205,0
2023-12-26,USDC,161246268847.0,0.001837257837251676,0.9981627421627484,1.0018372578372516,0.9998850226402284,1.000849962234497,0.9999610185623168,0
2023-12-27,USDC,162804348670.0,0.0018313780288038834,0.9981686219711962,1.001831378028804,0.999684989452362,1.000982046127319,1.00075101852417,0
2023-12-28,USDC,164820773820.0,0.0018238789753902763,0.9981761210246097,1.0018238789753904,0.9999210238456726,1.001173973083496,1.000342965126038,0
2023-12-29,USDC,166747081606.0,0.0018168284395166003,0.9981831715604834,1.0018168284395166,0.9998559951782228,1.00115704536438,1.000329971313477,0
2023-12-30,USDC,166383607493.0,0.0018181504644176893,0.9981818495355823,1.0018181504644177,0.9998340010643004,1.001227021217346,1.000069975852966,0
2022-01-30,USDT,1765738635604.0,0.000827353661821447,0.9991726463381786,1.0008273536618215,1.000265002250671,1.000676989555359,1.000484943389893,0
2022-01-31,USDT,1767485119972.0,0.0008270810642546506,0.9991729189357453,1.0008270810642546,1.000354051589966,1.000741004943848,1.000426054000854,0
2022-02-01,USDT,1767476061415.0,0.0008270824772201645,0.9991729175227798,1.00082708247722,1.000308036804199,1.000663995742798,1.000380039215088,0
2022-02-02,USDT,1757548452928.0,0.0008286368277963254,0.9991713631722037,1.0008286368277963,1.000288009643555,1.000761985778809,1.000385999679565,0
2022-02-03,USDT,1738761965437.0,0.0008316104846381093,0.9991683895153619,1.0008316104846382,1.000277996063232,1.000993967056274,1.000563025474548,1
2022-02-04,USDT,1720690852381.0,0.000834511610506379,0.9991654883894936,1.0008345116105064,1.000378012657166,1.000807046890259,1.000594973564148,0
2022-02-05,USDT,1699625940484.0,0.0008379450691290892,0.999162054930871,1.0008379450691292,1.000362992286682,1.000828981399536,1.000679016113281,0
2022-02-06,USDT,1657853862573.0,0.0008449245287690043,0.999155075471231,1.000844924528769,1.000396966934204,1.000852942466736,1.000555038452148,1
2022-02-07,USDT,1660094682770.0,0.0008445441937421547,0.9991554558062579,1.0008445441937421,1.000491976737976,1.000990986824036,1.000619053840637,1
2022-02-08,USDT,1683216030265.0,0.0008406593490247764,0.9991593406509752,1.0008406593490249,1.000545024871826,1.000998973846436,1.000743985176086,1
2022-02-09,USDT,1668147045829.0,0.0008431830930432906,0.9991568169069567,1.0008431830930433,1.000506997108459,1.001054048538208,1.000725984573364,1
2022-02-10,USDT,1686420436646.0,0.0008401265593518696,0.9991598734406482,1.0008401265593518,1.000504016876221,1.002683043479919,1.000722050666809,1
2022-02-11,USDT,1690872735460.0,0.0008393885218690167,0.999160611478131,1.000839388521869,1.000471949577332,1.001073002815247,1.000601053237915,1
2022-02-12,USDT,1676779685837.0,0.000841733603596752,0.9991582663964033,1.0008417336035969,1.000416994094849,1.000864028930664,1.000455975532532,1
2022-02-13,USDT,1657553452015.0,0.0008449755696401646,0.9991550244303599,1.0008449755696402,1.000326037406921,1.00086498260498,1.000512957572937,1
2022-02-14,USDT,1663948791527.0,0.0008438916332939117,0.9991561083667061,1.000843891633294,1.000363945960999,1.000740051269531,1.000584959983826,0
2022-02-15,USDT,1675939739609.0,0.000841874199917812,0.9991581258000822,1.0008418741999179,1.000339984893799,1.000699043273926,1.000396966934204,0
2022-02-16,USDT,1673238344279.0,0.0008423270169040459,0.999157672983096,1.000842327016904,1.000324964523315,1.000601053237915,1.000514984130859,0
2022-02-17,USDT,1679865098916.0,0.0008412179495864287,0.9991587820504135,1.0008412179495865,1.000401973724365,1.000707030296326,1.000558972358704,0
2022-02-18,USDT,1682416928457.0,0.0008407924246543667,0.9991592075753456,1.0008407924246543,1.000406980514526,1.000769972801208,1.000576019287109,0
2022-02-19,USDT,1681103819726.0,0.000841011281758354,0.9991589887182416,1.0008410112817583,1.000318050384521,1.000789999961853,1.000408053398132,0
2022-02-20,USDT,1640144805086.0,0.0008479546037749321,0.999152045396225,1.000847954603775,1.000319004058838,1.000874042510986,1.000501990318298,1
2022-02-21,USDT,1621746723828.0,0.0008511491247917947,0.9991488508752082,1.0008511491247918,1.000347018241882,1.00084400177002,1.000704050064087,0
2022-02-22,USDT,1624989320014.0,0.0008505826039978176,0.9991494173960022,1.0008505826039977,1.000452995300293,1.000960946083069,1.000498056411743,1
2022-02-23,USDT,1590989546130.0,0.0008565989899826997,0.9991434010100173,1.0008565989899827,1.000298976898193,1.001024961471558,1.000635981559753,1
2022-02-24,USDT,1640381269164.0,0.0008479138570609864,0.999152086142939,1.000847913857061,1.000339984893799,1.001106977462769,1.000473976135254,1
2022-02-25,USDT,1635655634076.0,0.0008487296520065456,0.9991512703479934,1.0008487296520066,1.000290989875793,1.000722050666809,1.000396966934204,0
2022-02-26,USDT,1628413397062.0,0.0008499860101771541,0.9991500139898228,1.0008499860101772,1.000265955924988,1.000789999961853,1.00049102306366,0
2022-02-27,USDT,1634982738438.0,0.0008488460707993799,0.9991511539292006,1.0008488460707994,1.00022304058075,1.001013994216919,1.000350952148438,1
2022-02-28,USDT,1667956335226.0,0.0008432152277429918,0.999156784772257,1.0008432152277429,1.000180006027222,1.000605940818787,1.000452041625977,0
2022-03-01,USDT,1708301316256.0,0.0008365241978381414,0.9991634758021618,1.000836524197838,1.000242948532104,1.000666975975037,1.00046694278717,0
2022-03-02,USDT,1731295007647.0,0.0008328043298027815,0.9991671956701972,1.0008328043298027,0.9999579787254332,1.000565052032471,1.000017046928406,0
2022-03-03,USDT,1745134423087.0,0.0008305970257322931,0.9991694029742677,1.0008305970257323,1.0,1.000725984573364,1.000197052955627,0
2022-03-04,USDT,1762836750621.0,0.0008278073943196982,0.9991721926056804,1.0008278073943198,1.000087022781372,1.000380992889404,1.000275015830994,0
2022-03-05,USDT,1760163361355.0,0.0008282262819409395,0.9991717737180591,1.000828226281941,1.000056982040405,1.000545024871826,1.00024402141571,0
2022-03-06,USDT,1744923308150.0,0.0008306305218304893,0.9991693694781695,1.0008306305218304,1.000059962272644,1.000570058822632,1.000123023986816,0
2022-03-07,USDT,1755570810068.0,0.0008289478629563361,0.9991710521370437,1.0008289478629564,1.000046968460083,1.000591039657593,1.000282049179077,0
2022-03-08,USDT,1770666434338.0,0.0008265854350002122,0.9991734145649998,1.0008265854350002,1.000105023384094,1.000496983528137,1.000293970108032,0
2022-03-09,USDT,1773048596910.0,0.0008262150854253374,0.9991737849145746,1.0008262150854252,1.000187993049622,1.00066602230072,1.000565052032471,0
2022-03-10,USDT,1766603027427.0,0.000827218699523391,0.9991727813004766,1.0008272186995233,1.000067949295044,1.000637054443359,1.000200033187866,0
2022-03-11,USDT,1771267655032.0,0.0008264919018921109,0.9991735080981079,1.000826491901892,1.000017046928406,1.000372052192688,1.000080943107605,0
2022-03-12,USDT,1732033988273.0,0.0008326858729644148,0.9991673141270356,1.0008326858729644,1.000061988830566,1.000367045402527,1.00019896030426,0
2022-03-13,USDT,1707549696584.0,0.0008366469186807769,0.9991633530813192,1.0008366469186807,1.000112056732178,1.000380992889404,1.000218987464905,0
2022-03-14,USDT,1711024187374.0,0.0008360802226429137,0.9991639197773571,1.0008360802226428,1.000103950500488,1.000502943992615,1.000334024429321,0
2022-03-15,USDT,1722708493066.0,0.000834185689174238,0.9991658143108257,1.0008341856891743,1.000174045562744,1.000501036643982,1.000434994697571,0
2022-03-16,USDT,1749063450616.0,0.000829974619256653,0.9991700253807434,1.0008299746192566,1.000242948532104,1.000617980957031,1.000499963760376,0
2022-03-17,USDT,1748434336869.0,0.0008300741532260723,0.9991699258467739,1.0008300741532261,1.00032901763916,1.00089704990387,1.00048303604126,1
2022-03-18,USDT,1764674074338.0,0.0008275199987902771,0.9991724800012097,1.0008275199987904,1.000383019447327,1.000769019126892,1.000509977340698,0
2022-03-19,USDT,1764129444991.0,0.0008276051484951362,0.9991723948515049,1.0008276051484952,1.000375032424927,1.000738024711609,1.000427007675171,0
2022-03-20,USDT,1769287509413.0,0.000826800117138945,0.999173199882861,1.000826800117139,1.000296950340271,1.000540971755981,1.000347018241882,0
2022-03-21,USDT,1796837053456.0,0.0008225527684464419,0.9991774472315536,1.0008225527684464,1.000303983688354,1.000707030296326,1.00033700466156,0
2022-03-22,USDT,1822681701147.0,0.0008186464612327705,0.9991813535387672,1.0008186464612328,1.000260949134827,1.000700950622559,1.000409007072449,0
2022-03-23,USDT,1818819536143.0,0.0008192255020801083,0.9991807744979199,1.00081922550208,1.000282049179077,1.000666975975037,1.000599980354309,0
2022-03-24,USDT,1836123177647.0,0.0008166439125174403,0.9991833560874825,1.0008166439125175,1.000350952148438,1.000630021095276,1.00040602684021,0
2022-03-25,USDT,1845598246060.0,0.0008152439985312536,0.9991847560014687,1.0008152439985312,1.000329971313477,1.000540018081665,1.00036096572876,0
2022-03-26,USDT,1777518168152.0,0.0008255219979530135,0.999174478002047,1.000825521997953,1.00026798248291,1.000605940818787,1.000375986099243,0
2022-03-27,USDT,1770596503141.0,0.0008265963170857691,0.9991734036829142,1.0008265963170857,1.000226020812988,1.000651001930237,1.000411987304688,0
2022-03-28,USDT,1810105684198.0,0.000820537982568898,0.9991794620174311,1.000820537982569,1.000280022621155,1.000661969184875,1.000450015068054,0
2022-03-29,USDT,1833295490393.0,0.000817063562516043,0.9991829364374839,1.000817063562516,1.000218987464905,1.000573992729187,1.000277996063232,0
2022-03-30,USDT,1840678041880.0,0.0008159697452641189,0.9991840302547359,1.000815969745264,1.000200033187866,1.000733971595764,1.000303983688354,0
2022-03-31,USDT,1855779195637.0,0.0008137504331753256,0.9991862495668247,1.0008137504331753,1.000228047370911,1.000638961791992,1.000357985496521,0
2022-04-01,USDT,1879953318212.0,0.0008102473977745351,0.9991897526022254,1.0008102473977745,1.00027596950531,1.000522971153259,1.000344038009644,0
2022-04-02,USDT,1902836645262.0,0.0008069863048277818,0.9991930136951722,1.0008069863048277,1.000195026397705,1.000681042671204,1.000272989273071,0
2022-04-03,USDT,1908119089404.0,0.0008062409285850501,0.9991937590714149,1.000806240928585,1.000151991844177,1.000450968742371,1.000228047370911,0
2022-04-04,USDT,1948633940266.0,0.0008006141210122997,0.9991993858789877,1.0008006141210124,1.00012195110321,1.000437021255493,1.000193953514099,0
2022-04-05,USDT,1976314553819.0,0.0007968586849732175,0.9992031413150267,1.0007968586849731,1.000085949897766,1.000465035438538,1.000154972076416,0
2022-04-06,USDT,2007079237360.0,0.0007927662640033137,0.9992072337359967,1.0007927662640033,1.00009298324585,1.000491976737976,1.000262022018433,0
2022-04-07,USDT,2013317571969.0,0.0007919466122207932,0.9992080533877792,1.0007919466122208,1.000172972679138,1.000547051429749,1.000288009643555,0
2022-04-08,USDT,2010597182021.0,0.0007923036259972019,0.9992076963740028,1.0007923036259971,1.000151991844177,1.000581026077271,1.000372052192688,0
2022-04-09,USDT,1984882030382.0,0.0007957105202741063,0.999204289479726,1.000795710520274,1.000239968299866,1.000568032264709,1.00029194355011,0
2022-04-10,USDT,1970172308006.0,0.0007976859263767836,0.9992023140736233,1.0007976859263767,1.000193953514099,1.000607013702393,1.000347971916199,0
2022-04-11,USDT,2005985757576.0,0.0007929102857000629,0.9992070897143,1.0007929102857,1.000177979469299,1.00055205821991,1.000434994697571,0
2022-04-12,USDT,2032206270773.0,0.0007894853417758542,0.9992105146582242,1.0007894853417758,1.000128030776978,1.000442028045654,1.000275015830994,0
2022-04-13,USDT,2037487582610.0,0.0007888026176085796,0.9992111973823914,1.0007888026176086,1.000054001808167,1.000416040420532,1.000126957893372,0
2022-04-14,USDT,2037435124167.0,0.000788809387395019,0.999211190612605,1.0007888093873951,1.000069975852966,1.000440001487732,1.000239014625549,0
2022-04-15,USDT,2005750808472.0,0.0007929412443959058,0.9992070587556041,1.0007929412443959,1.0001300573349,1.000391960144043,1.000295996665955,0
2022-04-16,USDT,1988153031121.0,0.0007952739008985734,0.9992047260991014,1.0007952739008985,1.000144004821777,1.000435948371887,1.000313997268677,0
2022-04-17,USDT,1964148287716.0,0.0007985005919518921,0.9992014994080481,1.000798500591952,1.000152945518494,1.000504016876221,1.000218033790588,0
2022-04-18,USDT,1973957643923.0,0.0007971757091887968,0.9992028242908112,1.0007971757091887,1.000154972076416,1.000419020652771,1.000342965126038,0
2022-04-19,USDT,1974096058230.0,0.0007971570773527491,0.9992028429226473,1.0007971570773528,1.000152945518494,1.000596046447754,1.000201940536499,0
2022-04-20,USDT,1975289392226.0,0.0007969965158550219,0.9992030034841449,1.000796996515855,1.000118970870972,1.000489950180054,1.000156998634338,0
2022-04-21,USDT,1980847981599.0,0.0007962503157739508,0.9992037496842261,1.000796250315774,1.000077962875366,1.000365972518921,1.000234007835388,0
2022-04-22,USDT,1973394883827.0,0.000797251479805266,0.9992027485201948,1.0007972514798054,1.000103950500488,1.000381946563721,1.000228047370911,0
2022-04-23,USDT,1933909576634.0,0.0008026408860456339,0.9991973591139544,1.0008026408860455,1.000164985656738,1.000445961952209,1.000344038009644,0
2022-04-24,USDT,1909108284109.0,0.0008061016546547285,0.9991938983453452,1.0008061016546548,1.000102996826172,1.000393033027649,1.000144958496094,0
2022-04-25,USDT,1942492999572.0,0.0008014569128837614,0.9991985430871162,1.0008014569128838,1.000040054321289,1.000265002250671,1.000072956085205,0
2022-04-26,USDT,1952457616700.0,0.0008000911408292449,0.9991999088591708,1.0008000911408292,1.000012993812561,1.00028395652771,1.000152945518494,0
2022-04-27,USDT,1927283072422.0,0.0008035597303342141,0.9991964402696658,1.0008035597303342,1.000028014183044,1.00029194355011,1.00019097328186,0
2022-04-28,USDT,1915227753887.0,0.0008052421958817464,0.9991947578041183,1.0008052421958817,0.9999859929084778,1.000237941741943,1.000020027160645,0
2022-04-29,USDT,1903414087245.0,0.0008069046909695255,0.9991930953090304,1.0008069046909696,0.999970018863678,1.000251054763794,1.000154972076416,0
2022-04-30,USDT,1870190579052.0,0.0008116548317859535,0.9991883451682141,1.000811654831786,1.000098943710327,1.000373959541321,1.000113010406494,0
2022-05-01,USDT,1839360434036.0,0.0008161645360729024,0.9991838354639271,1.000816164536073,0.999925971031189,1.000280976295471,0.9999549984931946,0
2022-05-02,USDT,1823195393953.0,0.0008185695683407659,0.9991814304316592,1.0008185695683407,0.9999020099639891,1.000233054161072,1.000044941902161,0
2022-05-03,USDT,1808936332570.0,0.0008207147514124128,0.9991792852485876,1.0008207147514123,0.9999399781227112,1.000141978263855,1.000038027763367,0
2022-05-04,USDT,1801337944114.0,0.000821867109975596,0.9991781328900244,1.0008218671099756,0.9999200105667114,1.000197052955627,0.9999880194664,0
2022-05-05,USDT,1815422599988.0,0.0008197361495387087,0.9991802638504613,1.0008197361495388,0.9999160170555116,1.00021505355835,0.9999819993972778,0
2022-05-06,USDT,1804651969291.0,0.0008213637151778853,0.9991786362848221,1.000821363715178,0.9997739791870116,1.000048995018005,0.9999210238456726,0
2022-05-07,USDT,1799948312502.0,0.0008220785602565758,0.9991779214397434,1.0008220785602566,0.9997400045394896,1.000062942504883,0.9998540282249452,0
2022-05-08,USDT,1813550989093.0,0.0008200180457814176,0.9991799819542185,1.0008200180457814,0.9997699856758118,1.000133991241455,0.999908983707428,0
2022-05-09,USDT,1894191434800.0,0.0008082121540769822,0.999191787845923,1.000808212154077,0.9997090101242064,1.000133991241455,0.9997910261154176,0
2022-05-10,USDT,1979541907205.0,0.0007964253955926892,0.9992035746044073,1.0007964253955928,0.9934589862823486,0.9999960064888,0.9958720207214355,1
2022-05-11,USDT,2065327737073.0,0.000785242277738532,0.9992147577222614,1.0007852422777386,0.9484859704971312,0.9977359771728516,0.99760901927948,1
2022-05-12,USDT,2137891264712.0,0.000776255688460356,0.9992237443115396,1.0007762556884603,0.996945023536682,0.999193012714386,0.9982389807701112,1
2022-05-13,USDT,2167006492994.0,0.00077276349105889,0.9992272365089411,1.0007727634910588,0.9977909922599792,0.9989709854125975,0.9987800121307372,1
2022-05-14,USDT,2174879432235.0,0.0007718299104245773,0.9992281700895754,1.0007718299104247,0.9984920024871826,0.9990770220756532,0.9990689754486084,1
2022-05-15,USDT,2185870377518.0,0.0007705341034242453,0.9992294658965758,1.0007705341034243,0.9986590147018432,0.9991530179977416,0.998778998851776,1
2022-05-16,USDT,2213059428848.0,0.0007673655671180857,0.9992326344328819,1.000767365567118,0.9986500144004822,0.9991070032119752,0.9989089965820312,1
2022-05-17,USDT,2227840831336.0,0.0007656646798981792,0.9992343353201019,1.0007656646798981,0.9985420107841492,0.9991499781608582,0.9988020062446594,1
2022-05-18,USDT,2215216877325.0,0.0007671163681282216,0.9992328836318718,1.0007671163681282,0.9985499978065492,0.9991220235824584,0.9989709854125975,1
2022-05-19,USDT,2216893174450.0,0.0007669229684601544,0.9992330770315399,1.0007669229684601,0.9987000226974488,0.999369978904724,0.9988179802894592,1
2022-05-20,USDT,2205832652829.0,0.0007682026711031821,0.9992317973288968,1.0007682026711031,0.9985989928245544,0.9990379810333252,0.9987930059432985,1
2022-05-21,USDT,2163742564897.0,0.0007731518578536905,0.9992268481421464,1.0007731518578538,0.9985899925231934,0.9991210103034972,0.9990659952163696,1
2022-05-22,USDT,2143979945424.0,0.0007755201631962685,0.9992244798368037,1.0007755201631963,0.9988290071487428,0.9992939829826356,0.9990879893302916,1
2022-05-23,USDT,2164207961022.0,0.000773096433778533,0.9992269035662215,1.0007730964337784,0.9988470077514648,0.9992039799690248,0.9991070032119752,1
2022-05-24,USDT,2175741995266.0,0.0007717279007889533,0.9992282720992111,1.000771727900789,0.9988170266151428,0.999185025691986,0.9989759922027588,1
2022-05-25,USDT,2152797191588.0,0.0007744599442792534,0.9992255400557207,1.0007744599442792,0.998782992362976,0.9992120265960692,0.9989070296287536,1
2022-05-26,USDT,2151500179376.0,0.0007746155383827906,0.9992253844616172,1.0007746155383828,0.998786985874176,0.9991840124130248,0.9988629817962646,1
2022-05-27,USDT,2158418722893.0,0.0007737870078218544,0.9992262129921782,1.000773787007822,0.998778998851776,0.999189019203186,0.9990019798278807,1
2022-05-28,USDT,2127186479359.0,0.0007775556450573578,0.9992224443549427,1.0007775556450573,0.9989089965820312,0.9992460012435912,0.9991779923439026,1
2022-05-29,USDT,2093858866067.0,0.0007816593579446504,0.9992183406420554,1.0007816593579446,0.9989579916000366,0.9994969964027404,0.9993759989738464,1
2022-05-30,USDT,2101747992452.0,0.0007806801188725527,0.9992193198811274,1.0007806801188726,0.9992849826812744,0.9994930028915404,0.9993879795074464,0
2022-05-31,USDT,2103169423882.0,0.0007805042044751423,0.9992194957955248,1.000780504204475,0.998869001865387,0.9995020031929016,0.9992600083351136,1
2022-06-01,USDT,2108284592820.0,0.0007798724674914201,0.9992201275325086,1.0007798724674914,0.9991040229797364,0.9994909763336182,0.9993169903755188,1
2022-06-02,USDT,2105881403311.0,0.0007801690129750855,0.9992198309870249,1.0007801690129752,0.9990220069885254,0.9994909763336182,0.9991700053215028,1
2022-06-03,USDT,2077448031843.0,0.0007837122054628885,0.9992162877945371,1.0007837122054628,0.9990320205688475,0.9993569850921632,0.9993129968643188,1
2022-06-04,USDT,2022602576226.0,0.0007907329105441818,0.9992092670894558,1.000790732910544,0.9991940259933472,0.9993579983711244,0.999296009540558,1
2022-06-05,USDT,1972146881758.0,0.0007974196149649716,0.9992025803850351,1.000797419614965,0.9992210268974304,0.9995369911193848,0.9993109703063964,0
2022-06-06,USDT,1966484529995.0,0.0007981842524714375,0.9992018157475285,1.0007981842524714,0.9991469979286194,0.9995710253715516,0.9994140267372132,1
2022-06-07,USDT,1955593268168.0,0.0007996632827646658,0.9992003367172353,1.0007996632827647,0.9991989731788636,0.999563992023468,0.9992619752883912,1
2022-06-08,USDT,1887059595086.0,0.0008092290435875481,0.9991907709564124,1.0008092290435875,0.9991589784622192,0.9994990229606628,0.99931401014328,1
2022-06-09,USDT,1800726578871.0,0.0008219601102379086,0.9991780398897621,1.000821960110238,0.9991090297698976,0.9994450211524964,0.999180018901825,1
2022-06-10,USDT,1690711464356.0,0.0008394152098073113,0.9991605847901927,1.0008394152098072,0.9990090131759644,0.9993079900741576,0.9990249872207642,1
2022-06-11,USDT,1598395529440.0,0.0008552739568464567,0.9991447260431535,1.0008552739568464,0.9988420009613036,0.9991490244865416,0.9990800023078918,1
2022-06-12,USDT,1570436919227.0,0.0008603196342542417,0.9991396803657457,1.0008603196342543,0.9975469708442688,0.9991260170936584,0.9985939860343932,1
2022-06-13,USDT,1617065611721.0,0.0008519696410781313,0.9991480303589219,1.000851969641078,0.9985550045967102,0.9991080164909364,0.9989539980888368,1
2022-06-14,USDT,1644110122296.0,0.0008472723470018482,0.9991527276529981,1.0008472723470019,0.998183012008667,0.9990230202674866,0.9989420175552368,1
2022-06-15,USDT,1670622638278.0,0.0008427664001783941,0.9991572335998216,1.0008427664001784,0.9986420273780824,0.9991340041160583,0.9989299774169922,1
2022-06-16,USDT,1667277552181.0,0.000843329642315315,0.9991566703576847,1.0008433296423154,0.9986810088157654,0.9990739822387696,0.9990360140800476,1
2022-06-17,USDT,1655046520775.0,0.0008454019880688651,0.9991545980119312,1.0008454019880688,0.998453974723816,0.9990450143814088,0.9986670017242432,1
2022-06-18,USDT,1657367812146.0,0.0008450071167106978,0.9991549928832894,1.0008450071167108,0.9984700083732604,0.9990119934082032,0.99896901845932,1
2022-06-19,USDT,1658010327621.0,0.0008448979496591848,0.9991551020503409,1.0008448979496591,0.9986289739608764,0.999110996723175,0.9989569783210754,1
2022-06-20,USDT,1675244075175.0,0.0008419907164498472,0.9991580092835501,1.0008419907164499,0.9988980293273926,0.999206006526947,0.999094009399414,1
2022-06-21,USDT,1684444070701.0,0.0008404550057097744,0.9991595449942903,1.0008404550057097,0.9988719820976256,0.9991260170936584,0.9990950226783752,1
2022-06-22,USDT,1671988483612.0,0.0008425368527164171,0.9991574631472836,1.0008425368527165,0.9988980293273926,0.9993280172348022,0.9992799758911132,1
2022-06-23,USDT,1664133604405.0,0.0008438603922495336,0.9991561396077505,1.0008438603922496,0.9991369843482972,0.999504029750824,0.9993249773979188,1
2022-06-24,USDT,1660741027910.0,0.0008444346165801614,0.9991555653834199,1.0008444346165801,0.9992730021476746,0.9996110200881958,0.9995480179786682,0
2022-06-25,USDT,1629359984191.0,0.0008498213766840561,0.9991501786233159,1.000849821376684,0.999373972415924,0.9995949864387512,0.9993979930877686,0
2022-06-26,USDT,1598626796631.0,0.0008552327117927046,0.9991447672882073,1.0008552327117928,0.9989839792251588,0.9995989799499512,0.9990919828414916,1
2022-06-27,USDT,1600763907426.0,0.0008548519475361083,0.9991451480524639,1.0008548519475362,0.9987819790840148,0.9991340041160583,0.9988319873809814,1
2022-06-28,USDT,1606965776515.0,0.0008537508008943498,0.9991462491991057,1.0008537508008943,0.998519003391266,0.9990580081939696,0.9988840222358704,1
2022-06-29,USDT,1586190946657.0,0.0008574619246275751,0.9991425380753725,1.0008574619246275,0.9987620115280152,0.9990929961204528,0.9988189935684204,1
2022-06-30,USDT,1568927670712.0,0.0008605954107242384,0.9991394045892757,1.0008605954107241,0.99870502948761,0.9991369843482972,0.9988669753074646,1
2022-07-01,USDT,1549744350342.0,0.000864131784008594,0.9991358682159914,1.0008641317840086,0.9988269805908204,0.999118983745575,0.998960018157959,1
2022-07-02,USDT,1530890217374.0,0.0008676648099620216,0.999132335190038,1.000867664809962,0.9988909959793092,0.999127984046936,0.9990779757499696,1
2022-07-03,USDT,1514991842098.0,0.000870689355830023,0.99912931064417,1.0008706893558301,0.9989910125732422,0.999222993850708,0.9991090297698976,1
2022-07-04,USDT,1521973816144.0,0.000869355900970271,0.9991306440990297,1.0008693559009703,0.9989359974861144,0.9992480278015136,0.9990919828414916,1
2022-07-05,USDT,1537896504439.0,0.0008663451798034285,0.9991336548201966,1.0008663451798034,0.998960018157959,0.9992210268974304,0.999098002910614,1
2022-07-06,USDT,1528289155623.0,0.0008681567697911416,0.9991318432302089,1.0008681567697912,0.9990190267562866,0.9995059967041016,0.9994459748268129,1
2022-07-07,USDT,1502675796065.0,0.0008730616320387728,0.9991269383679612,1.0008730616320387,0.9992849826812744,0.999575972557068,0.9994180202484132,0
2022-07-08,USDT,1515219851710.0,0.0008706456799896675,0.9991293543200104,1.0008706456799896,0.9993330240249634,0.999571979045868,0.999538004398346,0
2022-07-09,USDT,1511817785438.0,0.0008712982664098023,0.9991287017335903,1.0008712982664099,0.999396026134491,0.999629020690918,0.999464988708496,0
2022-07-10,USDT,1502303205634.0,0.0008731338028939111,0.9991268661971061,1.000873133802894,0.999127984046936,0.999575972557068,0.9992250204086304,0
2022-07-11,USDT,1492293258009.0,0.00087508171183449,0.9991249182881655,1.0008750817118346,0.9991179704666138,0.9993799924850464,0.9993429780006408,1
2022-07-12,USDT,1473610774532.0,0.0008787642971949218,0.9991212357028051,1.000878764297195,0.9991570115089417,0.9994289875030518,0.9993839859962464,0
2022-07-13,USDT,1417958066219.0,0.0008901138067039851,0.999109886193296,1.000890113806704,0.9993020296096802,0.9995399713516236,0.9994069933891296,0
2022-07-14,USDT,1386156300947.0,0.000896869521439924,0.99910313047856,1.00089686952144,0.9993469715118408,0.9997439980506896,0.999705970287323,0
2022-07-15,USDT,1343121782131.0,0.0009063477672443891,0.9990936522327556,1.0009063477672444,0.9996830224990844,0.9998800158500672,0.9997739791870116,0
2022-07-16,USDT,1334847638961.0,0.0009082165971236516,0.9990917834028763,1.0009082165971237,0.9996770024299622,0.9998630285263062,0.9997339844703674,0
2022-07-17,USDT,1333200668299.0,0.0009085904319607883,0.9990914095680392,1.0009085904319608,0.999692976474762,0.999970018863678,0.9997770190238952,0
2022-07-18,USDT,1341618147069.0,0.0009066862409673079,0.9990933137590327,1.0009066862409672,0.9997640252113342,1.000123977661133,1.000092029571533,0
2022-07-19,USDT,1363175219126.0,0.00090188141833423,0.9990981185816658,1.0009018814183341,1.000002026557922,1.000249028205872,1.000067949295044,0
2022-07-20,USDT,1379324104140.0,0.0008983479024245102,0.9991016520975755,1.0008983479024245,0.9999489784240724,1.0001380443573,1.000079989433289,0
2022-07-21,USDT,1384450433820.0,0.0008972377330778483,0.9991027622669222,1.0008972377330778,1.000026941299438,1.000177025794983,1.000051975250244,0
2022-07-22,USDT,1389965479263.0,0.0008960494863265232,0.9991039505136735,1.0008960494863266,0.9999840259552002,1.0001460313797,1.000036001205444,0
2022-07-23,USDT,1389781858364.0,0.0008960889472355867,0.9991039110527644,1.0008960889472356,0.9999300241470336,1.000118017196655,1.000035047531128,0
2022-07-24,USDT,1384817865872.0,0.0008971583717237557,0.9991028416282762,1.0008971583717237,1.000005960464478,1.00012195110321,1.000061988830566,0
2022-07-25,USDT,1404735137141.0,0.0008928980025410848,0.9991071019974589,1.000892898002541,0.9999960064888,1.000128030776978,1.000046968460083,0
2022-07-26,USDT,1415773177501.0,0.0008905714600592669,0.9991094285399408,1.0008905714600593,0.9999799728393556,1.000327944755554,1.000273942947388,0
2022-07-27,USDT,1436580814986.0,0.0008862508115973261,0.9991137491884027,1.0008862508115974,1.000123023986816,1.000360012054443,1.000200033187866,0
2022-07-28,USDT,1471561475864.0,0.0008791720307993772,0.9991208279692007,1.0008791720307995,1.000169038772583,1.000345945358276,1.000311017036438,0
2022-07-29,USDT,1499193948473.0,0.0008737369987877775,0.9991262630012122,1.0008737369987877,1.000216960906982,1.000352025032043,1.000288963317871,0
2022-07-30,USDT,1511105257077.0,0.0008714351920518376,0.9991285648079482,1.0008714351920518,1.000200033187866,1.000337958335876,1.000327944755554,0
2022-07-31,USDT,1513689189877.0,0.000870939050467394,0.9991290609495326,1.0008709390504673,1.000125050544739,1.000367999076843,1.000203967094421,0
2022-08-01,USDT,1532905234258.0,0.0008672844590135424,0.9991327155409865,1.0008672844590136,1.000133037567139,1.000319004058838,1.000159025192261,0
2022-08-02,USDT,1559807779078.0,0.0008622693969244994,0.9991377306030755,1.0008622693969245,1.000116944313049,1.000272035598755,1.000203967094421,0
2022-08-03,USDT,1569709061435.0,0.0008604525874669786,0.999139547412533,1.000860452587467,1.00005304813385,1.000285029411316,1.000133037567139,0
2022-08-04,USDT,1567440368337.0,0.0008608675233556909,0.9991391324766443,1.0008608675233557,1.0000319480896,1.000159025192261,1.000041961669922,0
2022-08-05,USDT,1575230947444.0,0.0008594459871794919,0.9991405540128205,1.0008594459871796,1.000038027763367,1.000164985656738,1.000125050544739,0
2022-08-06,USDT,1566797322829.0,0.0008609852797644677,0.9991390147202356,1.0008609852797645,1.000067949295044,1.000180959701538,1.000144004821777,0
2022-08-07,USDT,1531978174877.0,0.0008674593662194324,0.9991325406337805,1.0008674593662195,1.000097036361694,1.000226974487305,1.000177025794983,0
2022-08-08,USDT,1543264320946.0,0.0008653395659186079,0.9991346604340814,1.0008653395659186,1.000118017196655,1.00024402141571,1.000208973884583,0
2022-08-09,USDT,1549164295440.0,0.0008642396230827287,0.9991357603769173,1.0008642396230827,1.000151038169861,1.000561952590942,1.000252962112427,0
2022-08-10,USDT,1570522600013.0,0.0008603039888881712,0.9991396960111119,1.0008603039888881,1.000242948532104,1.000504016876221,1.00040602684021,0
2022-08-11,USDT,1594599199882.0,0.0008559521478566133,0.9991440478521434,1.0008559521478566,1.000244975090027,1.000473022460938,1.000336050987244,0
2022-08-12,USDT,1589624709988.0,0.0008568440756760646,0.9991431559243239,1.000856844075676,1.000249981880188,1.000573992729187,1.000375986099243,0
2022-08-13,USDT,1581995932816.0,0.0008582191726438154,0.9991417808273562,1.0008582191726438,1.000226020812988,1.000401020050049,1.000270962715149,0
2022-08-14,USDT,1579880284188.0,0.0008586020878052298,0.9991413979121948,1.0008586020878052,1.000125050544739,1.000354051589966,1.000174045562744,0
2022-08-15,USDT,1593456923258.0,0.0008561566300273126,0.9991438433699726,1.0008561566300274,1.000044941902161,1.000324964523315,1.000115036964417,0
2022-08-16,USDT,1598212896792.0,0.000855306533857597,0.9991446934661424,1.0008553065338577,0.9999970197677612,1.000131964683533,1.000072956085205,0
2022-08-17,USDT,1581177457438.0,0.0008583672289950893,0.9991416327710049,1.000858367228995,0.99993497133255,1.000118970870972,0.9999989867210388,0
2022-08-18,USDT,1547166588140.0,0.0008646114329151845,0.9991353885670848,1.0008646114329152,0.9999459981918336,1.000174999237061,1.000059962272644,0
2022-08-19,USDT,1543161842820.0,0.0008653587206202729,0.9991346412793797,1.0008653587206202,0.9999729990959167,1.000133037567139,0.999974012374878,0
2022-08-20,USDT,1552171780896.0,0.0008636810790981361,0.9991363189209018,1.000863681079098,0.9999420046806335,1.000161051750183,0.9999939799308776,0
2022-08-21,USDT,1546225773779.0,0.0008647867574464879,0.9991352132425535,1.0008647867574465,0.9998909831047058,1.000113964080811,0.9999840259552002,0
2022-08-22,USDT,1554920920925.0,0.0008631717754002981,0.9991368282245997,1.0008631717754004,0.9998859763145448,1.000049948692322,0.9999920129776,0
2022-08-23,USDT,1565943712699.0,0.0008611416949768383,0.9991388583050231,1.0008611416949769,0.9999549984931946,1.000105023384094,1.000038981437683,0
2022-08-24,USDT,1558344735708.0,0.0008625391581451424,0.9991374608418548,1.0008625391581452,0.9999589920043944,1.0001300573349,1.000079989433289,0
2022-08-25,USDT,1555932105268.0,0.0008629847460455413,0.9991370152539545,1.0008629847460455,0.9999729990959167,1.000138998031616,1.000043034553528,0
2022-08-26,USDT,1558233707129.0,0.0008625596437805058,0.9991374403562195,1.0008625596437806,0.9999709725379944,1.000139951705933,1.000018954277039,0
2022-08-27,USDT,1525795497526.0,0.0008686294648213571,0.9991313705351786,1.0008686294648212,0.9999650120735168,1.000087022781372,1.000028014183044,0
2022-08-28,USDT,1488120315627.0,0.0008758989077594966,0.9991241010922405,1.0008758989077595,0.9999679923057556,1.000090956687927,1.0000319480896,0
2022-08-29,USDT,1476467549248.0,0.0008781971659836207,0.9991218028340164,1.0008781971659837,0.9999769926071168,1.000234007835388,1.000080943107605,0
2022-08-30,USDT,1474370285435.0,0.0008786133749759746,0.999121386625024,1.000878613374976,0.999974012374878,1.000162959098816,1.0000159740448,0
2022-08-31,USDT,1471893463188.0,0.000879105926396202,0.9991208940736038,1.0008791059263962,0.9999679923057556,1.000116944313049,1.000010013580322,0
2022-09-01,USDT,1461802503781.0,0.0008811241396684406,0.9991188758603315,1.0008811241396685,0.999948024749756,1.000120043754578,1.000089049339294,0
2022-09-02,USDT,1458553299493.0,0.0008817779448322731,0.9991182220551678,1.0008817779448322,1.000033974647522,1.000120043754578,1.000074028968811,0
2022-09-03,USDT,1444900765175.0,0.0008845464821562849,0.9991154535178437,1.0008845464821563,0.9999750256538392,1.00010097026825,1.00006103515625,0
2022-09-04,USDT,1426672869184.0,0.0008882976895774683,0.9991117023104226,1.0008882976895774,0.999966025352478,1.000092029571533,1.000038027763367,0
2022-09-05,USDT,1433308997519.0,0.0008869246479991801,0.9991130753520008,1.0008869246479992,0.9999669790267944,1.00009298324585,1.000048995018005,0
2022-09-06,USDT,1467422812456.0,0.0008799977827485026,0.9991200022172515,1.0008799977827485,0.999987006187439,1.000177979469299,1.000108957290649,0
2022-09-07,USDT,1469935022470.0,0.0008794961733041899,0.9991205038266958,1.0008794961733043,1.000013947486877,1.000172972679138,1.000102043151855,0
2022-09-08,USDT,1473505314310.0,0.0008787852613692881,0.9991212147386307,1.0008787852613692,1.000054955482483,1.000303030014038,1.000234961509705,0
2022-09-09,USDT,1484103658617.0,0.0008766883890728939,0.9991233116109272,1.000876688389073,1.000167012214661,1.000419974327087,1.000280976295471,0
2022-09-10,USDT,1473182710318.0,0.0008788494034339402,0.999121150596566,1.000878849403434,1.000221967697144,1.000342965126038,1.00027596950531,0
2022-09-11,USDT,1473559401667.0,0.0008787745092286631,0.9991212254907713,1.0008787745092287,1.000097990036011,1.000323057174683,1.000203967094421,0
2022-09-12,USDT,1498800157720.0,0.0008738135131960965,0.999126186486804,1.000873813513196,0.9999920129776,1.000339984893799,1.000025033950806,0
2022-09-13,USDT,1526347244853.0,0.0008685247875169738,0.999131475212483,1.0008685247875169,0.999974012374878,1.000213027000427,1.000141978263855,0
2022-09-14,USDT,1523814469603.0,0.0008690057210520119,0.999130994278948,1.000869005721052,0.9999390244483948,1.000275015830994,1.000002980232239,0
2022-09-15,USDT,1537475869751.0,0.0008664241797655246,0.9991335758202344,1.0008664241797656,0.9998909831047058,1.000095009803772,0.9999809861183168,0
2022-09-16,USDT,1530411553341.0,0.0008677552598466129,0.9991322447401534,1.0008677552598466,0.9999449849128724,1.000136971473694,1.000097990036011,0
2022-09-17,USDT,1522166696587.0,0.0008693191794480833,0.9991306808205519,1.000869319179448,0.9999489784240724,1.000144958496094,1.000023007392883,0
2022-09-18,USDT,1503920996643.0,0.0008728206093990541,0.9991271793906009,1.000872820609399,0.9999449849128724,1.000174999237061,1.000105977058411,0
2022-09-19,USDT,1496388067092.0,0.0008742827733519863,0.999125717226648,1.0008742827733519,1.000036954879761,1.000193953514099,1.000059962272644,0
2022-09-20,USDT,1501204397731.0,0.0008733467812953747,0.9991266532187046,1.0008733467812954,1.000033020973206,1.000193953514099,1.000085949897766,0
2022-09-21,USDT,1513054940452.0,0.0008710607282312209,0.9991289392717688,1.0008710607282312,0.9999709725379944,1.000172019004822,0.9999840259552002,0
2022-09-22,USDT,1514407003691.0,0.0008708014232462699,0.9991291985767538,1.0008708014232464,0.9999459981918336,1.000048041343689,0.9999809861183168,0
2022-09-23,USDT,1523964199080.0,0.0008689772601835904,0.9991310227398164,1.0008689772601835,0.9999549984931946,1.000102043151855,1.000049948692322,0
2022-09-24,USDT,1517125271829.0,0.000870281034031997,0.999129718965968,1.000870281034032,1.0000239610672,1.000136971473694,1.000054955482483,0
2022-09-25,USDT,1489760388471.0,0.0008755773648888797,0.9991244226351111,1.000875577364889,0.9999499917030334,1.000156998634338,0.9999899864196776,0
2022-09-26,USDT,1504254078849.0,0.0008727561826778507,0.9991272438173221,1.0008727561826778,0.9999510049819946,1.000095963478088,0.9999799728393556,0
2022-09-27,USDT,1541597755644.0,0.0008656512826679233,0.9991343487173321,1.000865651282668,0.9999110102653505,1.000051975250244,0.9999759793281556,0
2022-09-28,USDT,1561498988755.0,0.0008619579856572191,0.9991380420143428,1.0008619579856572,0.9999279975891112,1.000097036361694,1.000079035758972,0
2022-09-29,USDT,1563977909014.0,0.0008615023408969546,0.999138497659103,1.0008615023408969,1.000008940696716,1.000164985656738,1.000048995018005,0
2022-09-30,USDT,1570795629881.0,0.0008602541410508646,0.9991397458589492,1.000860254141051,0.9999560117721558,1.000107049942017,1.000043034553528,0
2022-10-01,USDT,1553406194852.0,0.0008634522438009051,0.9991365477561991,1.000863452243801,0.999948024749756,1.000105977058411,1.000059962272644,0
2022-10-02,USDT,1539047377065.0,0.0008661291800457218,0.9991338708199543,1.0008661291800458,0.9999840259552002,1.000157952308655,1.000089049339294,0
2022-10-03,USDT,1548365236424.0,0.0008643882658116042,0.9991356117341884,1.0008643882658117,1.000064969062805,1.000255942344666,1.000251054763794,0
2022-10-04,USDT,1561375302700.0,0.0008619807453716042,0.9991380192546284,1.0008619807453716,1.000051975250244,1.00030505657196,1.000108957290649,0
2022-10-05,USDT,1563660727336.0,0.0008615605876080971,0.9991384394123919,1.0008615605876081,1.000087976455688,1.000223994255066,1.000143051147461,0
2022-10-06,USDT,1543604226795.0,0.0008652760445472047,0.9991347239554528,1.0008652760445471,1.000058054924011,1.000211954116821,1.00012195110321,0
2022-10-07,USDT,1528868321108.0,0.0008680471309744093,0.9991319528690256,1.0008680471309743,1.000043988227844,1.000190019607544,1.000082969665527,0
2022-10-08,USDT,1502669227902.0,0.0008730629040869048,0.999126937095913,1.000873062904087,1.000064015388489,1.000182032585144,1.000157952308655,0
2022-10-09,USDT,1454963470668.0,0.0008825025522777833,0.9991174974477223,1.0008825025522778,0.9999399781227112,1.000188946723938,1.000018000602722,0
2022-10-10,USDT,1439282314608.0,0.0008856959735532158,0.9991143040264467,1.0008856959735533,0.9998890161514282,1.000064969062805,0.999900996685028,0
2022-10-11,USDT,1430590471896.0,0.0008874860948899941,0.99911251390511,1.00088748609489,0.999862015247345,1.000043988227844,0.9999920129776,0
2022-10-12,USDT,1396804449244.0,0.0008945846942823324,0.9991054153057176,1.0008945846942823,0.9999319911003112,1.000136017799377,1.000079035758972,0
2022-10-13,USDT,1385841383467.0,0.0008969374509307123,0.9991030625490693,1.0008969374509307,1.0000159740448,1.000152945518494,1.000074028968811,0
2022-10-14,USDT,1379597157525.0,0.0008982886307452447,0.9991017113692547,1.0008982886307451,1.000017046928406,1.000159025192261,1.000087022781372,0
2022-10-15,USDT,1344517967310.0,0.00090603393293787,0.9990939660670621,1.0009060339329379,1.000028967857361,1.000149011611938,1.000056982040405,0
2022-10-16,USDT,1325655938068.0,0.0009103108647598228,0.9990896891352402,1.00091031086476,1.000012040138245,1.000148057937622,1.00006902217865,0
2022-10-17,USDT,1327457686952.0,0.0009098988254618923,0.9990901011745381,1.0009098988254619,1.000036954879761,1.000198006629944,1.000105977058411,0
2022-10-18,USDT,1320413616656.0,0.0009115139828584722,0.9990884860171415,1.0009115139828584,1.000036001205444,1.000210046768188,1.000059962272644,0
2022-10-19,USDT,1296411448902.0,0.0009171049709100266,0.99908289502909,1.00091710497091,0.9999639987945556,1.000159025192261,0.9999939799308776,0
2022-10-20,USDT,1278877908719.0,0.0009212771609341436,0.9990787228390658,1.0009212771609342,0.9999279975891112,1.000141024589539,1.000123023986816,0
2022-10-21,USDT,1256748300727.0,0.000926653202737679,0.9990733467972623,1.0009266532027377,1.000017046928406,1.000195980072021,1.00008499622345,0
2022-10-22,USDT,1226551213492.0,0.0009341962174614537,0.9990658037825385,1.0009341962174614,1.0000239610672,1.000203013420105,1.00007700920105,0
2022-10-23,USDT,1199915001544.0,0.0009410582484329124,0.9990589417515671,1.0009410582484328,1.000041007995605,1.000174999237061,1.000056982040405,0
2022-10-24,USDT,1201393940668.0,0.0009406719362491979,0.9990593280637508,1.0009406719362492,1.000015020370483,1.000254988670349,1.000208020210266,0
2022-10-25,USDT,1231093619467.0,0.0009330458234101223,0.9990669541765899,1.00093304582341,1.000118970870972,1.000277042388916,1.00019896030426,0
2022-10-26,USDT,1251577923615.0,0.0009279274779206498,0.9990720725220793,1.0009279274779206,1.000056028366089,1.000262975692749,1.000092029571533,0
2022-10-27,USDT,1248344247806.0,0.0009287280128321163,0.9990712719871678,1.000928728012832,1.00005304813385,1.000224947929382,1.0001460313797,0
2022-10-28,USDT,1244324249578.0,0.0009297270749383035,0.9990702729250617,1.0009297270749382,1.00012195110321,1.000345945358276,1.000226020812988,0
2022-10-29,USDT,1259278337463.0,0.0009260322019544954,0.9990739677980455,1.0009260322019544,1.000169992446899,1.000345945358276,1.000179052352905,0
2022-10-30,USDT,1256928206416.0,0.0009266089896217943,0.9990733910103782,1.0009266089896218,0.9999189972877502,1.00025200843811,0.9999470114707948,0
2022-10-31,USDT,1296783708911.0,0.0009170172065497289,0.9990829827934503,1.0009170172065498,0.9997739791870116,0.9999849796295166,0.9999240040779114,0
2022-11-01,USDT,1323469740734.0,0.000910811826820434,0.9990891881731796,1.0009108118268204,0.9998649954795836,1.000079035758972,0.9999960064888,0
2022-11-02,USDT,1359677267968.0,0.0009026541594737271,0.9990973458405262,1.0009026541594737,0.9999439716339112,1.000048041343689,1.000007033348083,0
2022-11-03,USDT,1376762174219.0,0.0008989047834683019,0.9991010952165317,1.0008989047834682,0.9999589920043944,1.000118970870972,1.000076055526733,0
2022-11-04,USDT,1422957537930.0,0.0008890701305135902,0.9991109298694865,1.0008890701305135,1.000040054321289,1.000180006027222,1.000118970870972,0
2022-11-05,USDT,1436119832220.0,0.0008863456278830284,0.999113654372117,1.000886345627883,0.9999939799308776,1.000164031982422,1.000090003013611,0
2022-11-06,USDT,1449196258216.0,0.0008836716700054553,0.9991163283299945,1.0008836716700054,1.000038981437683,1.000164985656738,1.000094056129456,0
2022-11-07,USDT,1498352983075.0,0.0008739004327195874,0.9991260995672804,1.0008739004327196,1.000013947486877,1.000514984130859,1.0000319480896,0
2022-11-08,USDT,1638110088512.0,0.0008483055434406315,0.9991516944565594,1.0008483055434407,0.9985259771347046,1.000043034553528,0.9986000061035156,1
2022-11-09,USDT,1744241937503.0,0.0008307386669150709,0.9991692613330849,1.000830738666915,0.9815250039100648,0.9989749789237976,0.9978349804878236,1
2022-11-10,USDT,1820580837020.0,0.0008189612332777362,0.9991810387667223,1.0008189612332776,0.9968850016593932,0.9985690116882324,0.99821799993515,1
2022-11-11,USDT,1862465759394.0,0.0008127754320253309,0.9991872245679747,1.0008127754320253,0.9977729916572572,0.9988229870796204,0.9986159801483154,1
2022-11-12,USDT,1842313037548.0,0.0008157282912104828,0.9991842717087895,1.0008157282912105,0.998462975025177,0.9990659952163696,0.9987549781799316,1
2022-11-13,USDT,1833576539613.0,0.0008170218140887232,0.9991829781859113,1.0008170218140888,0.9985759854316713,0.9991340041160583,0.9990130066871644,1
2022-11-14,USDT,1873683719949.0,0.0008111501239736476,0.9991888498760263,1.0008111501239736,0.9987559914588928,0.9992430210113524,0.9991300106048584,1
2022-11-15,USDT,1894114197119.0,0.0008082231396138525,0.9991917768603862,1.0008082231396138,0.9989879727363586,0.9994059801101683,0.9992290139198304,1
2022-11-16,USDT,1903068802842.0,0.0008069534884268676,0.9991930465115731,1.000806953488427,0.9992030262947084,0.9996449947357178,0.9994019865989684,0
2022-11-17,USDT,1901800887950.0,0.0008071327783236082,0.9991928672216764,1.0008071327783237,0.9990800023078918,0.9994680285453796,0.9991629719734192,1
2022-11-18,USDT,1903912956794.0,0.0008068342088708465,0.9991931657911292,1.000806834208871,0.99904602766037,0.999292016029358,0.999101996421814,1
2022-11-19,USDT,1894219541473.0,0.0008082081566052728,0.9991917918433947,1.0008082081566052,0.998769998550415,0.9992070198059082,0.9989820122718812,1
2022-11-20,USDT,1886623431821.0,0.0008092913999256289,0.9991907086000744,1.0008092913999256,0.9986460208892822,0.9991689920425416,0.9990890026092528,1
2022-11-21,USDT,1917048682665.0,0.0008049871592025869,0.9991950128407974,1.0008049871592026,0.998874008655548,0.9993090033531188,0.9991570115089417,1
2022-11-22,USDT,1929475367789.0,0.0008032552766081814,0.9991967447233918,1.0008032552766082,0.9989539980888368,0.999234974384308,0.9991940259933472,1
2022-11-23,USDT,1934701721377.0,0.0008025313265984402,0.9991974686734015,1.0008025313265985,0.9991229772567748,0.9995070099830629,0.999421000480652,1
2022-11-24,USDT,1906802428497.0,0.0008064264576248477,0.9991935735423751,1.0008064264576249,0.9994040131568908,0.99958997964859,0.9995779991149902,0
2022-11-25,USDT,1854236666104.0,0.0008139760221710955,0.9991860239778289,1.000813976022171,0.9995070099830629,0.9996259808540344,0.9995740056037904,0
2022-11-26,USDT,1810979600424.0,0.0008204059735659561,0.9991795940264341,1.000820405973566,0.9995030164718628,0.9996539950370787,0.9996039867401124,0
2022-11-27,USDT,1776849899940.0,0.0008256254771426894,0.9991743745228573,1.0008256254771426,0.9995930194854736,0.9997730255126952,0.9996619820594788,0
2022-11-28,USDT,1746515159888.0,0.0008303780872319488,0.999169621912768,1.0008303780872319,0.9996060132980348,0.9997789859771729,0.9997439980506896,0
2022-11-29,USDT,1725092550413.0,0.0008338012337883654,0.9991661987662116,1.0008338012337883,0.99965101480484,1.00005304813385,1.000015020370483,0
2022-11-30,USDT,1695329351241.0,0.0008386523591397885,0.9991613476408602,1.0008386523591397,0.9999560117721558,1.000094056129456,1.000043988227844,0
2022-12-01,USDT,1668447443591.0,0.0008431324860118002,0.9991568675139882,1.0008431324860119,1.000017046928406,1.000139951705933,1.000064969062805,0
2022-12-02,USDT,1618429188113.0,0.0008517303036362413,0.9991482696963637,1.0008517303036362,1.000028014183044,1.000105023384094,1.00006103515625,0
2022-12-03,USDT,1577447900213.0,0.0008590431752588521,0.9991409568247411,1.0008590431752589,1.000020027160645,1.000169038772583,1.000120043754578,0
2022-12-04,USDT,1511018821021.0,0.0008714518082103737,0.9991285481917896,1.0008714518082105,1.000040054321289,1.000205039978027,1.000054001808167,0
2022-12-05,USDT,1482641271282.0,0.0008769765317584842,0.9991230234682416,1.0008769765317584,1.000036001205444,1.000151038169861,1.00007700920105,0
2022-12-06,USDT,1457109390169.0,0.0008820691119604772,0.9991179308880396,1.0008820691119604,0.9999809861183168,1.00012195110321,1.000002026557922,0
2022-12-07,USDT,1410340667902.0,0.0008917134629511719,0.9991082865370489,1.0008917134629511,0.9999819993972778,1.000133991241455,1.000126957893372,0
2022-12-08,USDT,1273474565708.0,0.0009225783130958895,0.9990774216869042,1.000922578313096,1.000038027763367,1.000156998634338,1.000056982040405,0
2022-12-09,USDT,1154500316645.0,0.0009532393924998015,0.9990467606075002,1.0009532393924998,1.000025033950806,1.000087976455688,1.000046014785767,0
2022-12-10,USDT,1055949612452.0,0.0009820168392245415,0.9990179831607755,1.0009820168392245,1.000033020973206,1.000102996826172,1.000077962875366,0
2022-12-11,USDT,998052684010.0,0.0010006499492838327,0.9989993500507162,1.0010006499492838,1.0000239610672,1.000211954116821,1.000107049942017,0
2022-12-12,USDT,983627232876.0,0.00100551792869066,0.9989944820713094,1.0010055179286907,0.9999719858169556,1.000573039054871,1.000017046928406,0
2022-12-13,USDT,980889673830.0,0.0010064524911053401,0.9989935475088947,1.0010064524911053,0.9999639987945556,1.000131964683533,1.000105023384094,0
2022-12-14,USDT,946682801795.0,0.0010184315327685773,0.9989815684672314,1.0010184315327686,1.000038981437683,1.000185966491699,1.000077962875366,0
2022-12-15,USDT,923803248793.0,0.0010267707893849198,0.998973229210615,1.001026770789385,1.000023007392883,1.000180006027222,1.000156998634338,0
2022-12-16,USDT,910040062124.0,0.0010319211083184366,0.9989680788916816,1.0010319211083185,1.000072956085205,1.000295996665955,1.000161051750183,0
2022-12-17,USDT,893602324026.0,0.00103821006963793,0.9989617899303621,1.001038210069638,1.000074982643127,1.000219941139221,1.000154972076416,0
2022-12-18,USDT,873145641403.0,0.0010462555381478902,0.9989537444618521,1.0010462555381479,1.000048041343689,1.00020694732666,1.000079989433289,0
2022-12-19,USDT,871677610820.0,0.0010468425570446067,0.9989531574429554,1.0010468425570447,1.000051975250244,1.00019896030426,1.000110983848572,0
2022-12-20,USDT,864067009764.0,0.0010499070661909534,0.9989500929338091,1.001049907066191,1.000036954879761,1.00019097328186,1.00007700920105,0
2022-12-21,USDT,827978199244.0,0.0010649446416293585,0.9989350553583707,1.0010649446416293,0.9999719858169556,1.00012195110321,1.000010967254639,0
2022-12-22,USDT,803989286364.0,0.0010754327210230927,0.9989245672789769,1.0010754327210232,0.9999359846115112,1.00006902217865,0.9999809861183168,0
2022-12-23,USDT,776639752272.0,0.0010879112337436054,0.9989120887662564,1.0010879112337436,0.9999549984931946,1.00006103515625,0.9999920129776,0
2022-12-24,USDT,751445476198.0,0.0010999362334932492,0.9989000637665068,1.0010999362334934,0.9998930096626282,1.00005304813385,0.9999430179595948,0
2022-12-25,USDT,740572966765.0,0.0011052929036162288,0.9988947070963837,1.0011052929036162,0.9998940229415894,1.000020027160645,0.9999949932098388,0
2022-12-26,USDT,730368664663.0,0.0011104166264849088,0.9988895833735151,1.0011104166264848,0.9998279809951782,1.000018954277039,0.9998499751091005,0
2022-12-27,USDT,721334504894.0,0.0011150331118249136,0.9988849668881751,1.0011150331118248,0.9996520280838012,0.9999210238456726,0.9996860027313232,0
2022-12-28,USDT,705227911107.0,0.0011234579864983997,0.9988765420135016,1.0011234579864985,0.9995989799499512,0.9998379945755004,0.9997349977493286,0
2022-12-29,USDT,692344210636.0,0.0011303839392610875,0.9988696160607389,1.0011303839392611,0.9996299743652344,0.9997749924659728,0.99965900182724,0
2022-12-30,USDT,674101945694.0,0.0011404899775360451,0.998859510022464,1.001140489977536,0.9996529817581176,0.9997789859771729,0.9996740221977234,0
2022-12-31,USDT,657654946678.0,0.0011499191406777551,0.9988500808593223,1.0011499191406779,0.9995669722557068,0.9997609853744508,0.9996920228004456,0
2023-01-01,USDT,642619153406.0,0.0011588185664021028,0.9988411814335979,1.0011588185664022,0.9996209740638732,0.9998440146446228,0.999770998954773,0
2023-01-02,USDT,638358672343.0,0.0011613908828055357,0.9988386091171945,1.0011613908828056,0.9997220039367676,0.9998959898948668,0.9997590184211732,0
2023-01-03,USDT,634942631224.0,0.001163469950060498,0.9988365300499396,1.0011634699500604,0.9997209906578064,0.9998689889907836,0.999763011932373,0
2023-01-04,USDT,630915019025.0,0.0011659404727070509,0.998834059527293,1.0011659404727071,0.9996939897537231,0.999904990196228,0.9996970295906068,0
2023-01-05,USDT,624685315045.0,0.0011698034586708908,0.9988301965413291,1.001169803458671,0.9996259808540344,0.9998459815979004,0.9997379779815674,0
2023-01-06,USDT,619206265945.0,0.0011732436684797685,0.9988267563315202,1.0011732436684797,0.9996970295906068,0.9999070167541504,0.9998959898948668,0
2023-01-07,USDT,604964380106.0,0.0011823790657566665,0.9988176209342433,1.0011823790657566,0.9998440146446228,1.000018954277039,0.9999570250511168,0
2023-01-08,USDT,594817240677.0,0.0011890646936723146,0.9988109353063277,1.0011890646936723,0.9998999834060668,1.00006902217865,0.9999989867210388,0
2023-01-09,USDT,609892188876.0,0.0011791859871087193,0.9988208140128912,1.0011791859871086,0.9999210238456726,1.000139951705933,1.000100016593933,0
2023-01-10,USDT,616699528240.0,0.0011748311721388638,0.9988251688278611,1.001174831172139,0.9999669790267944,1.000161051750183,1.000018954277039,0
2023-01-11,USDT,616403201571.0,0.001175019402848443,0.9988249805971515,1.0011750194028484,0.9999650120735168,1.000149965286255,1.000092029571533,0
2023-01-12,USDT,620507356619.0,0.0011724230687174357,0.9988275769312825,1.0011724230687173,1.000043034553528,1.000218987464905,1.000213980674744,0
2023-01-13,USDT,624783991803.0,0.0011697418701902436,0.9988302581298097,1.0011697418701901,1.000118970870972,1.000403046607971,1.000156998634338,0
2023-01-14,USDT,653512512315.0,0.0011523436977228414,0.9988476563022771,1.0011523436977228,1.000113964080811,1.000502943992615,1.000373959541321,0
2023-01-15,USDT,651642746504.0,0.0011534447894827032,0.9988465552105174,1.0011534447894828,1.000090003013611,1.000452041625977,1.000126004219055,0
2023-01-16,USDT,666293408681.0,0.0011449279591959098,0.998855072040804,1.001144927959196,1.00006103515625,1.000283002853394,1.000102996826172,0
2023-01-17,USDT,684121860981.0,0.001134894550194633,0.9988651054498053,1.0011348945501946,0.9999719858169556,1.000296950340271,0.9999899864196776,0
2023-01-18,USDT,702797674835.0,0.0011247514490117841,0.9988752485509882,1.0011247514490118,0.9999470114707948,1.000095009803772,1.000023007392883,0
2023-01-19,USDT,702540094363.0,0.0011248888924647522,0.9988751111075352,1.0011248888924646,0.999974012374878,1.000242948532104,1.000179052352905,0
2023-01-20,USDT,717865469649.0,0.0011168263331844612,0.9988831736668156,1.0011168263331844,1.000128030776978,1.000409007072449,1.000216960906982,0
2023-01-21,USDT,738268807145.0,0.0011064415937769203,0.9988935584062231,1.001106441593777,1.0001300573349,1.000267028808594,1.000234007835388,0
2023-01-22,USDT,752750374191.0,0.0010993002835145403,0.9989006997164854,1.0010993002835145,1.000090956687927,1.000246047973633,1.000203967094421,0
2023-01-23,USDT,776374404418.0,0.0010880351610773845,0.9989119648389226,1.0010880351610774,1.000082015991211,1.000327944755554,1.0001300573349,0
2023-01-24,USDT,796296270560.0,0.0010788848784108877,0.9989211151215891,1.001078884878411,1.00009298324585,1.000298976898193,1.000174999237061,0
2023-01-25,USDT,820552527545.0,0.0010681474404354676,0.9989318525595645,1.0010681474404355,1.000059962272644,1.000269055366516,1.000082015991211,0
2023-01-26,USDT,836908879684.0,0.0010611430681281633,0.9989388569318718,1.0010611430681282,1.000054955482483,1.000278949737549,1.000182032585144,0
2023-01-27,USDT,850405179684.0,0.0010554995060875628,0.9989445004939125,1.0010554995060876,1.000131964683533,1.000296950340271,1.000193953514099,0
2023-01-28,USDT,855805456628.0,0.0010532746931506724,0.9989467253068494,1.0010532746931506,1.000092029571533,1.000309944152832,1.000098943710327,0
2023-01-29,USDT,870213410773.0,0.0010474293587142572,0.9989525706412857,1.0010474293587142,1.000036954879761,1.000156998634338,1.00009298324585,0
2023-01-30,USDT,893925763809.0,0.0010380848396464896,0.9989619151603535,1.0010380848396465,0.9999939799308776,1.000169038772583,1.000116944313049,0
2023-01-31,USDT,913996914013.0,0.0010304298321547202,0.9989695701678453,1.0010304298321546,1.000048041343689,1.000237941741943,1.000097990036011,0
2023-02-01,USDT,934336777590.0,0.00102289766053641,0.9989771023394636,1.0010228976605364,1.000082969665527,1.000327944755554,1.000139951705933,0
2023-02-02,USDT,959678720769.0,0.0010138134414653885,0.9989861865585347,1.0010138134414654,1.000077962875366,1.00027596950531,1.000131011009216,0
2023-02-03,USDT,971754779184.0,0.0010095963495375074,0.9989904036504625,1.0010095963495376,1.000054001808167,1.0001620054245,1.000100016593933,0
2023-02-04,USDT,976913569600.0,0.0010078160860127773,0.9989921839139873,1.0010078160860127,1.000089049339294,1.00026798248291,1.000198006629944,0
2023-02-05,USDT,986876302605.0,0.0010044132344433148,0.9989955867655567,1.0010044132344433,1.000066995620728,1.000273942947388,1.000102043151855,0
2023-02-06,USDT,1007337451398.0,0.0009975660790474,0.9990024339209526,1.0009975660790473,1.000030040740967,1.000273942947388,1.00007700920105,0
2023-02-07,USDT,1031667206775.0,0.0009896617637583992,0.9990103382362416,1.0009896617637584,1.000038981437683,1.000242948532104,1.000131011009216,0
2023-02-08,USDT,1039469716383.0,0.0009871793290612673,0.9990128206709388,1.0009871793290612,1.0000319480896,1.000267028808594,1.000159025192261,0
2023-02-09,USDT,1063521642794.0,0.0009796807079076738,0.9990203192920923,1.0009796807079077,1.000115990638733,1.000365018844604,1.000152945518494,0
2023-02-10,USDT,1075526464242.0,0.0009760220584444795,0.9990239779415555,1.0009760220584445,1.000090003013611,1.000257015228271,1.000162959098816,0
2023-02-11,USDT,1056773292801.0,0.000981761635255603,0.9990182383647443,1.0009817616352557,1.000108003616333,1.000285983085632,1.000210046768188,0
2023-02-12,USDT,1045731567468.0,0.000985204969741852,0.9990147950302581,1.0009852049697419,1.000167012214661,1.002496004104614,1.000933051109314,1
2023-02-13,USDT,1033077384520.0,0.0009892112539492276,0.9990107887460508,1.0009892112539491,1.000355005264282,1.001134037971497,1.000404000282288,1
2023-02-14,USDT,1043423982519.0,0.0009859307118845187,0.9990140692881155,1.0009859307118845,1.000177025794983,1.000547051429749,1.000218033790588,0
2023-02-15,USDT,1051990732491.0,0.0009832471479738287,0.9990167528520262,1.0009832471479738,1.000094056129456,1.000316023826599,1.000162959098816,0
2023-02-16,USDT,1076785497854.0,0.000975641504832381,0.9990243584951676,1.0009756415048323,1.00010097026825,1.00024402141571,1.000221014022827,0
2023-02-17,USDT,1089768109679.0,0.0009717516835762182,0.9990282483164238,1.0009717516835763,1.000144958496094,1.000331044197083,1.000182032585144,0
2023-02-18,USDT,1094578716772.0,0.0009703259963524362,0.9990296740036476,1.0009703259963525,1.000154972076416,1.000290989875793,1.000236988067627,0
2023-02-19,USDT,1100065613695.0,0.0009687100457327515,0.9990312899542673,1.0009687100457327,1.000116944313049,1.000283002853394,1.000187039375305,0
2023-02-20,USDT,1103998456065.0,0.0009675583784125787,0.9990324416215874,1.0009675583784126,1.000077962875366,1.00022304058075,1.000131964683533,0
2023-02-21,USDT,1116543522690.0,0.0009639210131452377,0.9990360789868548,1.0009639210131451,1.000067949295044,1.000367999076843,1.000098943710327,0
2023-02-22,USDT,1125077695549.0,0.000961477579965303,0.9990385224200347,1.0009614775799653,1.000059008598328,1.000216007232666,1.000123977661133,0
2023-02-23,USDT,1131033097149.0,0.0009597870710540798,0.999040212928946,1.000959787071054,1.000025033950806,1.000226974487305,1.000069975852966,0
2023-02-24,USDT,1131538067994.0,0.0009596442752681601,0.9990403557247318,1.0009596442752682,1.000049948692322,1.000174999237061,1.000131964683533,0
2023-02-25,USDT,1121909254579.0,0.0009623818484753943,0.9990376181515246,1.0009623818484754,1.000051975250244,1.000175952911377,1.000087022781372,0
2023-02-26,USDT,1110355032468.0,0.0009657084797762104,0.9990342915202238,1.0009657084797763,1.000046968460083,1.000195980072021,1.000174999237061,0
2023-02-27,USDT,1117558439274.0,0.0009636291281197268,0.9990363708718802,1.0009636291281196,1.000077962875366,1.000254988670349,1.0001540184021,0
2023-02-28,USDT,1113866070234.0,0.0009646927359475366,0.9990353072640524,1.0009646927359475,1.000069975852966,1.000323057174683,1.000144004821777,0
2023-03-01,USDT,1110681256938.0,0.0009656139226192422,0.9990343860773807,1.0009656139226193,1.000023007392883,1.00032103061676,1.000090956687927,0
2023-03-02,USDT,1108089996162.0,0.0009663660304790441,0.9990336339695209,1.000966366030479,1.000058054924011,1.000360012054443,1.000100016593933,0
2023-03-03,USDT,1109148763536.0,0.0009660584424766292,0.9990339415575233,1.0009660584424767,1.000072002410889,1.000242948532104,1.000113964080811,0
2023-03-04,USDT,1083982445391.0,0.0009734774974545447,0.9990265225025454,1.0009734774974546,1.00005304813385,1.000237941741943,1.000107049942017,0
2023-03-05,USDT,1066278571724.0,0.0009788356375552833,0.9990211643624447,1.0009788356375553,0.999974012374878,1.000167012214661,1.000010967254639,0
2023-03-06,USDT,1066522285186.0,0.0009787610732139257,0.9990212389267861,1.000978761073214,0.9999359846115112,1.000080943107605,1.000012993812561,0
2023-03-07,USDT,1067708939417.0,0.000978398339678775,0.9990216016603213,1.0009783983396787,0.9999629855155944,1.000048041343689,1.000007033348083,0
2023-03-08,USDT,1066944111026.0,0.0009786320689140972,0.9990213679310859,1.000978632068914,0.9998160004615784,1.000043034553528,0.9999859929084778,0
2023-03-09,USDT,1069413951258.0,0.0009778780958296875,0.9990221219041703,1.0009778780958296,0.9998660087585448,1.003419995307922,1.003046989440918,1
2023-03-10,USDT,1085471284973.0,0.000973032217755082,0.9990269677822449,1.000973032217755,1.002796053886414,1.029628038406372,1.007689952850342,1
2023-03-11,USDT,1102613825475.0,0.0009679632196175515,0.9990320367803824,1.0009679632196176,1.00593900680542,1.016291975975037,1.00714898109436,1
2023-03-12,USDT,1113474797091.0,0.000964805719841349,0.9990351942801586,1.0009648057198413,1.001291990280151,1.011595964431763,1.003870010375977,1
2023-03-13,USDT,1163523983929.0,0.0009507687234210253,0.999049231276579,1.000950768723421,1.001852035522461,1.006482005119324,1.003247022628784,1
2023-03-14,USDT,1213639796138.0,0.0009374973822193814,0.9990625026177806,1.0009374973822194,1.001278042793274,1.005406975746155,1.00394594669342,1
2023-03-15,USDT,1235161341424.0,0.0009320204391435871,0.9990679795608565,1.0009320204391436,1.001129031181335,1.004448056221008,1.002133965492249,1
2023-03-16,USDT,1241132209574.0,0.0009305234406579464,0.9990694765593421,1.000930523440658,1.00080394744873,1.003718972206116,1.002326011657715,1
2023-03-17,USDT,1258474110871.0,0.0009262294199266431,0.9990737705800734,1.0009262294199266,1.001139044761658,1.003584980964661,1.002336978912354,1
2023-03-18,USDT,1249164377126.0,0.0009285247185767747,0.9990714752814233,1.0009285247185769,1.001168966293335,1.003424048423767,1.003007054328918,1
2023-03-19,USDT,1240090633258.0,0.0009307838893500847,0.9990692161106499,1.0009307838893502,1.000975966453552,1.003801941871643,1.001790046691895,1
2023-03-20,USDT,1263811005194.0,0.0009249238019689008,0.9990750761980312,1.0009249238019688,0.9999799728393556,1.0035560131073,1.001536011695862,1
2023-03-21,USDT,1274433710112.0,0.000922346809513357,0.9990776531904867,1.0009223468095134,0.9996399879455566,1.002835988998413,1.001878976821899,1
2023-03-22,USDT,1280741920699.0,0.0009208299968265937,0.9990791700031734,1.0009208299968266,0.99993497133255,1.003147006034851,1.000959992408752,1
2023-03-23,USDT,1274985703140.0,0.0009222136831839472,0.9990777863168161,1.000922213683184,1.000026941299438,1.001718997955322,1.001258969306946,1
2023-03-24,USDT,1271780380444.0,0.0009229877981161812,0.9990770122018838,1.0009229877981163,1.000251054763794,1.001665949821472,1.000848054885864,1
2023-03-25,USDT,1253591563464.0,0.0009274303694109586,0.999072569630589,1.000927430369411,1.000107049942017,1.001196980476379,1.000892996788025,1
2023-03-26,USDT,1235274817305.0,0.0009319918989144132,0.9990680081010855,1.0009319918989144,0.9997339844703674,1.001065015792847,1.000233054161072,1
2023-03-27,USDT,1239208848143.0,0.000931004609955483,0.9990689953900446,1.0009310046099555,0.9996050000190736,1.000592947006226,1.000306963920593,0
2023-03-28,USDT,1243410785507.0,0.0009299546919636249,0.9990700453080363,1.0009299546919637,0.9991160035133362,1.000694036483765,0.9999889731407166,0
2023-03-29,USDT,1244289903733.0,0.0009297356292063807,0.9990702643707936,1.0009297356292064,0.9994580149650574,1.000695943832397,1.00009298324585,0
2023-03-30,USDT,1249346506383.0,0.0009284795963910099,0.999071520403609,1.000928479596391,0.999633014202118,1.000638008117676,1.000123977661133,0
2023-03-31,USDT,1245161847943.0,0.0009295185578530647,0.9990704814421469,1.000929518557853,0.9997190237045288,1.000684976577759,1.000301003456116,0
2023-04-01,USDT,1236216766699.0,0.0009317551248321132,0.9990682448751679,1.000931755124832,0.9997299909591676,1.000638008117676,1.000236988067627,0
2023-04-02,USDT,1219724772783.0,0.0009359357833361387,0.9990640642166638,1.000935935783336,0.9996259808540344,1.000823020935059,1.00018298625946,0
2023-04-03,USDT,1235256039386.0,0.0009319966214926073,0.9990680033785074,1.0009319966214927,0.9991959929466248,1.000781059265137,1.000213980674744,0
2023-04-04,USDT,1244819090943.0,0.00092960386335579,0.9990703961366442,1.0009296038633557,0.9995570182800292,1.000530004501343,1.0001300573349,0
2023-04-05,USDT,1249456882088.0,0.0009284522552826846,0.9990715477447173,1.0009284522552826,0.9996179938316344,1.000749945640564,1.000553965568542,0
2023-04-06,USDT,1241714911104.0,0.0009303778618122207,0.9990696221381877,1.0009303778618122,0.999571979045868,1.000998973846436,1.000633001327515,1
2023-04-07,USDT,1229491372491.0,0.0009334509559573214,0.9990665490440427,1.0009334509559573,0.9999809861183168,1.000964999198914,1.000424027442932,1
2023-04-08,USDT,1206012224111.0,0.0009394696690620218,0.999060530330938,1.000939469669062,0.9998729825019836,1.000967025756836,1.000458002090454,1
2023-04-09,USDT,1170574728319.0,0.0009488559502445924,0.9990511440497554,1.0009488559502446,0.9998930096626282,1.001129984855652,1.000437021255493,1
2023-04-10,USDT,1133474441848.0,0.0009590974935642798,0.9990409025064357,1.0009590974935643,0.9999520182609558,1.001127004623413,1.001029968261719,1
2023-04-11,USDT,1115239962443.0,0.0009642964300673792,0.9990357035699327,1.0009642964300673,1.000028967857361,1.001530051231384,1.000720977783203,1
2023-04-12,USDT,1072858873049.0,0.0009768303265754064,0.9990231696734246,1.0009768303265754,1.000234961509705,1.001467943191528,1.000977039337158,1
2023-04-13,USDT,1028934149515.0,0.0009905372363573615,0.9990094627636427,1.0009905372363574,0.99993497133255,1.001335978507996,1.000722050666809,1
2023-04-14,USDT,1009621605740.0,0.0009968132176469508,0.999003186782353,1.000996813217647,1.00029194355011,1.001289963722229,1.000779986381531,1
2023-04-15,USDT,986991642163.0,0.001004374107772419,0.9989956258922276,1.0010043741077723,0.9997410178184508,1.001188039779663,1.00053596496582,1
2023-04-16,USDT,949531270240.0,0.0010174121260142046,0.9989825878739858,1.0010174121260142,0.9999139904975892,1.001024007797241,1.000530004501343,1
2023-04-17,USDT,934201577896.0,0.0010229470034844534,0.9989770529965155,1.0010229470034844,0.9998819828033448,1.000874996185303,1.000408053398132,0
2023-04-18,USDT,922140708730.0,0.001027387478608369,0.9989726125213916,1.0010273874786084,0.9999420046806335,1.000993013381958,1.000558972358704,0
2023-04-19,USDT,910444934077.0,0.0010317681216321225,0.9989682318783679,1.001031768121632,0.9996539950370787,1.000990033149719,1.000221014022827,0
2023-04-20,USDT,896822706978.0,0.0010369658831922077,0.9989630341168078,1.0010369658831921,0.999468982219696,1.000625014305115,1.000141978263855,0
2023-04-21,USDT,880664520868.0,0.0010432694733694225,0.9989567305266306,1.0010432694733695,0.9995869994163512,1.000867962837219,1.000185012817383,0
2023-04-22,USDT,861360263798.0,0.001051005661938886,0.9989489943380612,1.0010510056619388,0.9996979832649232,1.000771999359131,1.000023007392883,0
2023-04-23,USDT,840641784113.0,0.0010595700543303771,0.9989404299456697,1.0010595700543303,0.9996680021286012,1.000800013542175,1.000120997428894,0
2023-04-24,USDT,843616892478.0,0.0010583230235495951,0.9989416769764504,1.0010583230235497,0.9996910095214844,1.000486969947815,1.000159025192261,0
2023-04-25,USDT,848117097838.0,0.0010564478423855232,0.9989435521576144,1.0010564478423856,0.999584972858429,1.000895977020264,1.000282049179077,0
2023-04-26,USDT,862565167810.0,0.0010505160560140693,0.998949483943986,1.0010505160560141,0.9994580149650574,1.000767946243286,0.9999650120735168,0
2023-04-27,USDT,871069368953.0,0.0010470861600409096,0.9989529138399591,1.001047086160041,0.999875009059906,1.000967025756836,1.000695943832397,0
2023-04-28,USDT,866137264597.0,0.0010490698974028531,0.9989509301025972,1.0010490698974028,1.000242948532104,1.000941038131714,1.000601053237915,0
2023-04-29,USDT,847756101019.0,0.0010565977755207013,0.9989434022244793,1.0010565977755208,1.000148057937622,1.000900983810425,1.00043797492981,0
2023-04-30,USDT,839435865398.0,0.0010600771980888483,0.9989399228019111,1.0010600771980889,0.9996770024299622,1.000988006591797,1.00032901763916,0
2023-05-01,USDT,848684203072.0,0.001056212477807821,0.9989437875221922,1.0010562124778077,0.9997119903564452,1.000970005989075,1.000434041023254,0
2023-05-02,USDT,852324507330.0,0.0010547066265669451,0.9989452933734331,1.001054706626567,0.9999399781227112,1.000789046287537,1.000270962715149,0
2023-05-03,USDT,848171765306.0,0.001056425144715145,0.9989435748552848,1.0010564251447152,1.000049948692322,1.000800013542175,1.000450968742371,0
2023-05-04,USDT,842057377374.0,0.001058975969110745,0.9989410240308892,1.0010589759691106,1.000082015991211,1.001291036605835,1.001018047332764,1
2023-05-05,USDT,842057829827.0,0.0010589757794416896,0.9989410242205583,1.0010589757794417,1.000686049461365,1.002117991447449,1.001834034919739,1
2023-05-06,USDT,845417045461.0,0.0010575713246604571,0.9989424286753396,1.0010575713246606,1.000964999198914,1.002081036567688,1.001541018486023,1
2023-05-07,USDT,845043043252.0,0.001057727322897,0.998942272677103,1.001057727322897,1.000447988510132,1.001904964447021,1.00092601776123,1
2023-05-08,USDT,859729267986.0,0.0010516698644351759,0.9989483301355648,1.0010516698644352,1.000079989433289,1.00108802318573,1.000723958015442,1
2023-05-09,USDT,862102112003.0,0.0010507041081736527,0.9989492958918263,1.0010507041081738,0.9997609853744508,1.001384973526001,1.000833988189697,1
2023-05-10,USDT,865868528041.0,0.001049178418215811,0.9989508215817842,1.0010491784182158,1.000108957290649,1.001142024993896,1.000723004341125,1
2023-05-11,USDT,861792516798.0,0.0010508299134000996,0.9989491700865999,1.0010508299134,0.9999560117721558,1.000923037528992,1.000581026077271,0
2023-05-12,USDT,860146060200.0,0.0010514999713401826,0.9989485000286599,1.0010514999713402,1.000241041183472,1.001032948493958,1.000558972358704,0
2023-05-13,USDT,844947769730.0,0.0010577670766836007,0.9989422329233164,1.0010577670766836,1.000110030174255,1.000802040100098,1.000512957572937,0
2023-05-14,USDT,816559363750.0,0.0010698857724158026,0.9989301142275842,1.0010698857724158,0.99993497133255,1.000836968421936,1.000262022018433,0
2023-05-15,USDT,814438381024.0,0.0010708137093002146,0.9989291862906998,1.0010708137093003,0.9998160004615784,1.00072705745697,1.000115990638733,0
2023-05-16,USDT,809874218408.0,0.0010728215171271534,0.9989271784828728,1.0010728215171272,0.9995980262756348,1.000741958618164,1.000092029571533,0
2023-05-17,USDT,801761390949.0,0.001076427919770844,0.9989235720802292,1.0010764279197708,0.9995800256729126,1.000484943389893,1.00007700920105,0
2023-05-18,USDT,791910910912.0,0.0010808727246962484,0.9989191272753037,1.0010808727246963,0.9994959831237792,1.000756978988647,1.000247955322266,0
2023-05-19,USDT,766523027596.0,0.0010926764874659273,0.9989073235125341,1.001092676487466,1.0000159740448,1.000578045845032,1.000398993492126,0
2023-05-20,USDT,742092202498.0,0.0011045381242330344,0.9988954618757669,1.001104538124233,1.000090003013611,1.000705003738403,1.00018298625946,0
2023-05-21,USDT,721071328586.0,0.001115168750095429,0.9988848312499046,1.0011151687500954,0.9998549818992616,1.000833988189697,1.000200986862183,0
2023-05-22,USDT,717950674720.0,0.001116782150468733,0.9988832178495313,1.0011167821504687,0.9997029900550842,1.000627994537354,1.000103950500488,0
2023-05-23,USDT,719489823785.0,0.0011159852333088895,0.9988840147666911,1.001115985233309,0.9995949864387512,1.000448942184448,1.000038981437683,0
2023-05-24,USDT,719276952101.0,0.0011160953152569025,0.9988839046847431,1.001116095315257,0.9994800090789796,1.000373959541321,1.000046014785767,0
2023-05-25,USDT,714301858380.0,0.0011186805141058349,0.9988813194858942,1.001118680514106,0.9997640252113342,1.000975966453552,1.000344038009644,0
2023-05-26,USDT,689749488734.0,0.0011317996038474104,0.9988682003961525,1.0011317996038473,1.000041007995605,1.000903964042664,1.000504016876221,0
2023-05-27,USDT,666373115788.0,0.0011448823078273175,0.9988551176921727,1.0011448823078273,0.999897003173828,1.000825047492981,1.000172972679138,0
2023-05-28,USDT,660497576764.0,0.0011482671056633523,0.9988517328943366,1.0011482671056633,0.9997940063476562,1.000630021095276,1.00024402141571,0
2023-05-29,USDT,666257414578.0,0.001144948576809005,0.998855051423191,1.001144948576809,0.9999020099639891,1.000870943069458,1.000152945518494,0
2023-05-30,USDT,666264015596.0,0.0011449447955996807,0.9988550552044003,1.0011449447955998,0.9997140169143676,1.000877976417542,1.000334024429321,0
2023-05-31,USDT,660310392380.0,0.0011483755987631563,0.9988516244012369,1.0011483755987631,0.9994320273399352,1.000635027885437,1.000334024429321,0
2023-06-01,USDT,656139865346.0,0.0011508035465060994,0.9988491964534939,1.0011508035465062,0.9997490048408508,1.000625967979431,1.000383019447327,0
2023-06-02,USDT,647219437360.0,0.001156066498860721,0.9988439335011393,1.0011560664988608,1.000025033950806,1.000622034072876,1.000159025192261,0
2023-06-03,USDT,638101409843.0,0.0011615469406427103,0.9988384530593573,1.0011615469406427,0.9998999834060668,1.000630974769592,1.000151038169861,0
2023-06-04,USDT,623630773441.0,0.0011704624553025148,0.9988295375446975,1.0011704624553026,0.999396026134491,1.000627994537354,1.000306010246277,0
2023-06-05,USDT,630320659033.0,0.0011663068315630092,0.998833693168437,1.001166306831563,0.999464988708496,1.00067400932312,1.000174045562744,0
2023-06-06,USDT,642505974013.0,0.0011588866055524082,0.9988411133944476,1.0011588866055523,0.9997810125350952,1.000681042671204,1.000066041946411,0
2023-06-07,USDT,637723738291.0,0.001161776191774101,0.9988382238082258,1.0011617761917742,0.9996619820594788,1.000620007514954,1.000311017036438,0
2023-06-08,USDT,633780943450.0,0.0011641803763114624,0.9988358196236885,1.0011641803763114,0.9996140003204346,1.000625014305115,0.9999489784240724,0
2023-06-09,USDT,620256547112.0,0.0011725810760382514,0.9988274189239618,1.0011725810760383,0.9997209906578064,1.001111030578613,1.000439047813416,0
2023-06-10,USDT,633719784172.0,0.0011642178261658505,0.9988357821738342,1.001164217826166,1.000077962875366,1.000951051712036,1.000314950942993,0
2023-06-11,USDT,622432747716.0,0.0011712129221560722,0.998828787077844,1.0011712129221562,0.9994829893112184,1.001113057136536,1.000054955482483,0
2023-06-12,USDT,627860317835.0,0.0011678282807532012,0.9988321717192468,1.0011678282807532,0.999446988105774,1.000499963760376,0.999862015247345,0
2023-06-13,USDT,636692309069.0,0.0011624032049637073,0.9988375967950363,1.0011624032049637,0.9989830255508424,1.000723004341125,0.9998369812965392,0
2023-06-14,USDT,638118599496.0,0.001161536510623297,0.9988384634893767,1.0011615365106232,0.995760977268219,1.000116944313049,0.9991829991340636,1
2023-06-15,USDT,645001149657.0,0.0011573902969010752,0.9988426097030989,1.001157390296901,0.9984319806098938,0.999629020690918,0.9993299841880798,1
2023-06-16,USDT,643351172051.0,0.0011583788901328546,0.9988416211098672,1.0011583788901328,0.999002993106842,1.000118017196655,0.9997040033340454,0
2023-06-17,USDT,637642917634.0,0.001161825274390579,0.9988381747256094,1.0011618252743906,0.999442994594574,1.000442028045654,0.9998080134391784,0
2023-06-18,USDT,634505277448.0,0.0011637372087292136,0.9988362627912708,1.0011637372087292,0.9992240071296692,1.000285029411316,0.999862015247345,0
2023-06-19,USDT,640634016820.0,0.001160014278281761,0.9988399857217183,1.0011600142782817,0.99932199716568,1.000964045524597,1.000385046005249,0
2023-06-20,USDT,654591956360.0,0.0011517099314524515,0.9988482900685476,1.0011517099314524,0.9992799758911132,1.000841975212097,1.00005304813385,0
2023-06-21,USDT,678973376706.0,0.0011377558700513377,0.9988622441299486,1.0011377558700514,0.9991509914398192,1.000807046890259,1.000184059143066,0
2023-06-22,USDT,688623504685.0,0.0011324161450722312,0.9988675838549278,1.0011324161450723,0.9999110102653505,1.001391053199768,1.000566005706787,1
2023-06-23,USDT,694462451946.0,0.0011292334740983009,0.9988707665259017,1.0011292334740982,1.00018298625946,1.001013040542603,1.000520944595337,0
2023-06-24,USDT,694255523609.0,0.001129345655269358,0.9988706543447307,1.0011293456552695,0.9999499917030334,1.000933051109314,1.000465035438538,0
2023-06-25,USDT,696516857135.0,0.001128122140508797,0.9988718778594912,1.0011281221405088,0.999629020690918,1.00083601474762,1.000211954116821,0
2023-06-26,USDT,710201239966.0,0.0011208294267711875,0.9988791705732288,1.0011208294267713,0.9995999932289124,1.000604033470154,1.000195026397705,0
2023-06-27,USDT,712408657187.0,0.0011196705890938615,0.9988803294109061,1.001119670589094,0.9995309710502625,1.000695943832397,1.000025033950806,0
2023-06-28,USDT,713989766201.0,0.0011188434859010874,0.9988811565140989,1.001118843485901,0.9996479749679564,1.000545024871826,0.9998300075531006,0
2023-06-29,USDT,713504109311.0,0.0011190972806595356,0.9988809027193405,1.0011190972806596,0.9991999864578248,1.000638008117676,1.000080943107605,0
2023-06-30,USDT,733972034324.0,0.0011085964811091862,0.9988914035188908,1.0011085964811093,0.999508023262024,1.000728011131287,1.000128984451294,0
2023-07-01,USDT,733042201972.0,0.0011090650186331536,0.9988909349813668,1.0011090650186332,0.9997159838676452,1.000833034515381,1.00008499622345,0
2023-07-02,USDT,732512426115.0,0.0011093323243517592,0.9988906676756483,1.0011093323243518,0.9997069835662842,1.000816941261292,0.9999979734420776,0
2023-07-03,USDT,745376160029.0,0.0011029136217254318,0.9988970863782746,1.0011029136217253,0.999796986579895,1.000882029533386,1.000301003456116,0
2023-07-04,USDT,751442709120.0,0.0010999375836097563,0.9989000624163903,1.0010999375836098,0.9995830059051514,1.000682950019836,1.000094056129456,0
2023-07-05,USDT,739220019755.0,0.0011059668082284968,0.9988940331917715,1.0011059668082285,0.999530017375946,1.000718951225281,1.000205993652344,0
2023-07-06,USDT,738739161124.0,0.0011062067207560343,0.998893793279244,1.0011062067207561,0.9996359944343568,1.000730037689209,0.9999589920043944,0
2023-07-07,USDT,731733086432.0,0.0011097260197980552,0.9988902739802019,1.001109726019798,0.9998700022697448,1.000745058059692,1.000187039375305,0
2023-07-08,USDT,726975948601.0,0.0011121413432889917,0.998887858656711,1.001112141343289,0.9998900294303894,1.000916957855225,1.000203967094421,0
2023-07-09,USDT,722092549065.0,0.001114642792375128,0.9988853572076248,1.0011146427923752,0.9996309876441956,1.000776052474976,1.000056028366089,0
2023-07-10,USDT,705811144598.0,0.0011231484519094487,0.9988768515480906,1.0011231484519094,0.9997739791870116,1.000800967216492,1.000072956085205,0
2023-07-11,USDT,706494832355.0,0.0011227860379931425,0.9988772139620069,1.0011227860379932,0.9996619820594788,1.000939011573792,0.9999340176582336,0
2023-07-12,USDT,706097504477.0,0.0011229965993484125,0.9988770034006516,1.0011229965993484,0.9997090101242064,1.001253962516785,1.000373005867004,1
2023-07-13,USDT,723947214602.0,0.0011136901181881492,0.9988863098818118,1.001113690118188,0.9998679757118224,1.001420974731445,1.000725030899048,1
2023-07-14,USDT,740428221837.0,0.0011053649228041685,0.9988946350771958,1.001105364922804,1.000018000602722,1.001204013824463,1.000365018844604,1
2023-07-15,USDT,732629986354.0,0.0011092729854623002,0.9988907270145377,1.0011092729854623,1.000010013580322,1.000947952270508,1.000607013702393,0
2023-07-16,USDT,727500941947.0,0.0011118737572398216,0.9988881262427601,1.0011118737572398,0.9997829794883728,1.000972032546997,1.000219941139221,0
2023-07-17,USDT,735198283175.0,0.0011079797895806951,0.9988920202104193,1.0011079797895808,0.9995620250701904,1.000723004341125,1.000157952308655,0
2023-07-18,USDT,743039217568.0,0.0011040686743814985,0.9988959313256185,1.0011040686743815,0.99964702129364,1.000851988792419,1.000229954719543,0
2023-07-19,USDT,746688161225.0,0.0011022672687527272,0.9988977327312473,1.0011022672687526,0.9996160268783568,1.000851988792419,1.000079035758972,0
2023-07-20,USDT,745047027411.0,0.0011030760058406755,0.9988969239941593,1.0011030760058406,0.9995440244674684,1.000607967376709,1.000216007232666,0
2023-07-21,USDT,725186111867.0,0.0011130555527623573,0.9988869444472377,1.0011130555527623,0.999849021434784,1.001013040542603,0.9998610019683838,0
2023-07-22,USDT,709476425645.0,0.0011212109835997946,0.9988787890164003,1.0011212109835999,0.9997689723968506,1.001127004623413,0.999897003173828,1
2023-07-23,USDT,694050178279.0,0.001129457022332009,0.998870542977668,1.001129457022332,0.9991210103034972,1.000591993331909,1.000010967254639,0
2023-07-24,USDT,698091861050.0,0.0011272730952718712,0.9988727269047282,1.0011272730952718,0.999517023563385,1.000704050064087,0.9998289942741394,0
2023-07-25,USDT,694765506585.0,0.001129069260796583,0.9988709307392034,1.0011290692607966,0.999550998210907,1.000779986381531,1.00010097026825,0
2023-07-26,USDT,690712704849.0,0.001131273251497628,0.9988687267485024,1.0011312732514976,0.9993789792060852,1.000602960586548,0.99958997964859,0
2023-07-27,USDT,685227349467.0,0.0011342839070456962,0.9988657160929543,1.0011342839070456,0.999421000480652,1.000478029251099,1.000105977058411,0
2023-07-28,USDT,678704216998.0,0.0011379062534616173,0.9988620937465383,1.0011379062534616,0.99972802400589,1.000581026077271,1.000054001808167,0
2023-07-29,USDT,669656931605.0,0.0011430078431702924,0.9988569921568297,1.0011430078431702,0.9997940063476562,1.000620007514954,0.9998930096626282,0
2023-07-30,USDT,641929242802.0,0.0011592335628023865,0.9988407664371977,1.0011592335628023,0.9994879961013794,1.000504016876221,0.9999110102653505,0
2023-07-31,USDT,640488518256.0,0.0011601021110469096,0.9988398978889531,1.001160102111047,0.9989889860153198,1.000494956970215,0.9995219707489014,0
2023-08-01,USDT,647266307853.0,0.0011560385934406248,0.9988439614065594,1.0011560385934406,0.9988960027694702,1.000287055969238,0.99932599067688,0
2023-08-02,USDT,647296323699.0,0.0011560207242352935,0.9988439792757647,1.0011560207242354,0.9986420273780824,0.9998199939727784,0.9994480013847352,1
2023-08-03,USDT,646690807789.0,0.0011563814172550213,0.998843618582745,1.001156381417255,0.9983959794044496,0.99966698884964,0.9986019730567932,1
2023-08-04,USDT,645295267045.0,0.0011572144289124287,0.9988427855710875,1.0011572144289125,0.9982950091362,0.9992290139198304,0.9989830255508424,1
2023-08-05,USDT,629143890348.0,0.0011670335431897996,0.9988329664568102,1.0011670335431897,0.998196005821228,0.9992719888687134,0.9983819723129272,1
2023-08-06,USDT,622871875482.0,0.0011709376204737491,0.9988290623795263,1.0011709376204738,0.9977959990501404,0.9994459748268129,0.9988179802894592,1
2023-08-07,USDT,633427070691.0,0.0011643971310870355,0.9988356028689129,1.001164397131087,0.9984819889068604,1.000623941421509,0.9997180104255676,1
2023-08-08,USDT,646004882045.0,0.0011567905530760275,0.998843209446924,1.001156790553076,0.9989150166511536,1.000264048576355,0.9994249939918518,0
2023-08-09,USDT,645612377266.0,0.001157024932018119,0.9988429750679819,1.001157024932018,0.9986510276794434,0.9998329877853394,0.9990119934082032,1
2023-08-10,USDT,645916299114.0,0.0011568434325867866,0.9988431565674132,1.0011568434325868,0.9983559846878052,0.9995909929275512,0.99896901845932,1
2023-08-11,USDT,641670091595.0,0.0011593896016282089,0.9988406103983718,1.0011593896016282,0.998986005783081,0.9998959898948668,0.9994530081748962,0
2023-08-12,USDT,612043711458.0,0.0011778026306131137,0.9988221973693869,1.001177802630613,0.9991070032119752,0.9998999834060668,0.9992499947547911,0
2023-08-13,USDT,586664398809.0,0.0011945474950369797,0.998805452504963,1.001194547495037,0.9984310269355774,0.9998760223388672,0.9991840124130248,1
2023-08-14,USDT,587893297632.0,0.0011937145762826006,0.9988062854237174,1.0011937145762826,0.9983929991722108,0.9994639754295348,0.99896502494812,1
2023-08-15,USDT,592099376377.0,0.0011908812717794954,0.9988091187282205,1.0011908812717796,0.9986050128936768,0.9994069933891296,0.998856008052826,1
2023-08-16,USDT,592118173576.0,0.0011908686698642403,0.9988091313301357,1.0011908686698643,0.9983569979667664,1.00069797039032,1.000385999679565,1
2023-08-17,USDT,616203218072.0,0.0011751465032749085,0.9988248534967251,1.001175146503275,0.9990010261535645,1.00066602230072,0.9998300075531006,0
2023-08-18,USDT,628874634858.0,0.0011672000763032976,0.9988327999236967,1.0011672000763032,0.999464988708496,1.000445961952209,0.9998599886894226,0
2023-08-19,USDT,620913287548.0,0.0011721675169109435,0.998827832483089,1.001172167516911,0.9996560215950012,1.000329971313477,0.9999949932098388,0
2023-08-20,USDT,614898693362.0,0.0011759769516277475,0.9988240230483723,1.0011759769516277,0.9993579983711244,1.000362992286682,0.9998350143432616,0
2023-08-21,USDT,620887571872.0,0.0011721836994778077,0.9988278163005222,1.0011721836994778,0.9993469715118408,1.00032901763916,0.9994660019874572,0
2023-08-22,USDT,629255985164.0,0.0011669642411452255,0.9988330357588547,1.0011669642411452,0.9992560148239136,1.00072705745697,0.9998990297317504,0
2023-08-23,USDT,629875105115.0,0.001166581769718024,0.9988334182302819,1.001166581769718,0.9993209838867188,1.000144004821777,0.999426007270813,0
2023-08-24,USDT,631899157107.0,0.0011653348683621407,0.9988346651316379,1.0011653348683622,0.9992759823799132,1.000159978866577,0.9994940161705016,0
2023-08-25,USDT,629833127632.0,0.0011666076861480369,0.9988333923138519,1.001166607686148,0.9992169737815856,0.9999989867210388,0.9995390176773072,0
2023-08-26,USDT,623109628591.0,0.0011707886742517853,0.9988292113257482,1.0011707886742518,0.9993339776992798,1.000118970870972,0.999521017074585,0
2023-08-27,USDT,617810401456.0,0.0011741266024305232,0.9988258733975695,1.0011741266024305,0.9991369843482972,1.000174045562744,0.9993270039558412,0
2023-08-28,USDT,624007761628.0,0.0011702267000042567,0.9988297732999958,1.0011702267000042,0.9989839792251588,1.001127958297729,1.000038027763367,0
2023-08-29,USDT,647350176231.0,0.0011559886672066482,0.9988440113327933,1.0011559886672066,0.9996190071105956,1.000627040863037,1.000128030776978,0
2023-08-30,USDT,651714237911.0,0.0011534026112796647,0.9988465973887203,1.0011534026112796,0.9996410012245178,1.00058901309967,0.9998459815979004,0
2023-08-31,USDT,651901214708.0,0.001153292328646524,0.9988467076713535,1.0011532923286466,0.9991589784622192,1.000365018844604,0.9997119903564452,0
2023-09-01,USDT,651017616753.0,0.00115381386397227,0.9988461861360277,1.0011538138639722,0.9994950294494628,1.000319004058838,1.000133037567139,0
2023-09-02,USDT,647209945814.0,0.0011560721501978099,0.9988439278498021,1.0011560721501978,0.9996989965438844,1.000468969345093,0.999974012374878,0
2023-09-03,USDT,641531162200.0,0.0011594732877006958,0.9988405267122993,1.0011594732877007,0.9994419813156128,1.000126957893372,0.9996449947357178,0
2023-09-04,USDT,645173167184.0,0.0011572874257529538,0.9988427125742471,1.001157287425753,0.9991160035133362,0.9999520182609558,0.9995840191841124,0
2023-09-05,USDT,648696800976.0,0.0011551882103755567,0.9988448117896245,1.0011551882103755,0.9991329908370972,1.000197052955627,0.9995520114898682,0
2023-09-06,USDT,644430184263.0,0.0011577320120854696,0.9988422679879145,1.0011577320120855,0.9991880059242249,1.000156998634338,0.999758005142212,0
2023-09-07,USDT,636797756546.0,0.001162339040556623,0.9988376609594434,1.0011623390405566,0.9993879795074464,1.000285029411316,0.9997779726982116,0
2023-09-08,USDT,631783699883.0,0.0011654058515872343,0.9988345941484128,1.0011654058515873,0.9994890093803406,1.000321984291077,0.9997339844703674,0
2023-09-09,USDT,623386879161.0,0.0011706150795590278,0.9988293849204409,1.001170615079559,0.9995149970054626,1.000237941741943,0.9996129870414734,0
2023-09-10,USDT,622118569000.0,0.0011714100486977335,0.9988285899513023,1.0011714100486977,0.9994009733200072,1.000455021858215,0.9997010231018066,0
2023-09-11,USDT,634846613290.0,0.0011635286037819468,0.998836471396218,1.0011635286037819,0.999439001083374,1.000520944595337,1.000036954879761,0
2023-09-12,USDT,647350190702.0,0.0011559886585929117,0.9988440113414071,1.001155988658593,0.9997079968452454,1.000746011734009,1.000242948532104,0
2023-09-13,USDT,647722447306.0,0.0011557671610062147,0.9988442328389938,1.0011557671610063,0.9998220205307008,1.000763058662415,1.00025999546051,0
2023-09-14,USDT,647253611576.0,0.0011560461521934718,0.9988439538478066,1.0011560461521936,0.9998419880867004,1.000756978988647,1.000342965126038,0
2023-09-15,USDT,642047485890.0,0.001159162394768524,0.9988408376052315,1.0011591623947684,0.999987006187439,1.000913023948669,1.000298023223877,0
2023-09-16,USDT,610162988846.0,0.0011790115141740564,0.9988209884858259,1.001179011514174,1.000112056732178,1.000938057899475,1.00029194355011,0
2023-09-17,USDT,588593547197.0,0.0011932410011387842,0.9988067589988612,1.0011932410011388,0.9999120235443116,1.000885963439941,1.000237941741943,0
2023-09-18,USDT,593874976768.0,0.0011896932326461072,0.9988103067673539,1.001189693232646,0.9999889731407166,1.000893950462341,1.000262975692749,0
2023-09-19,USDT,598022560614.0,0.001186936478239892,0.9988130635217601,1.00118693647824,0.9999039769172668,1.000653028488159,1.00020694732666,0
2023-09-20,USDT,597503351210.0,0.0011872801807262948,0.9988127198192737,1.0011872801807262,0.9996989965438844,1.000638008117676,0.9999859929084778,0
2023-09-21,USDT,638705249456.0,0.0011611807784181962,0.9988388192215818,1.0011611807784182,0.99966299533844,1.000553011894226,1.000008940696716,0
2023-09-22,USDT,629717642736.0,0.0011666789971204264,0.9988333210028796,1.0011666789971205,0.999875009059906,1.000452995300293,1.000066995620728,0
2023-09-23,USDT,621751961251.0,0.0011716402388965113,0.9988283597611035,1.0011716402388966,0.9998859763145448,1.000676035881042,1.000134944915771,0
2023-09-24,USDT,614930023392.0,0.001175956979697338,0.9988240430203027,1.0011759569796974,0.9994950294494628,1.000601053237915,0.9997850060462952,0
2023-09-25,USDT,622099882213.0,0.001171421777613256,0.9988285782223868,1.0011714217776133,0.9994720220565796,1.000561952590942,0.9996060132980348,0
2023-09-26,USDT,627476338566.0,0.001168066446658786,0.9988319335533412,1.0011680664466587,0.999090015888214,0.9999960064888,0.9993860125541688,0
2023-09-27,USDT,630328560667.0,0.001166301958036831,0.9988336980419632,1.0011663019580368,0.9989879727363586,1.000820994377136,1.000017046928406,0
2023-09-28,USDT,614567873068.0,0.001176187922226175,0.9988238120777738,1.001176187922226,0.9996910095214844,1.000844955444336,1.000041961669922,0
2023-09-29,USDT,625594029020.0,0.0011692367802732485,0.9988307632197267,1.0011692367802731,0.9998030066490172,1.000596046447754,1.000210046768188,0
2023-09-30,USDT,626627443793.0,0.0011685936701248197,0.9988314063298752,1.001168593670125,0.9997699856758118,1.000615954399109,0.9998940229415894,0
2023-10-01,USDT,628086327897.0,0.00116768818716229,0.9988323118128377,1.0011676881871623,0.9998019933700562,1.001006007194519,1.000332951545715,0
2023-10-02,USDT,645304512911.0,0.001157208902064029,0.998842791097936,1.001157208902064,0.9997419714927672,1.000509023666382,1.000092029571533,0
2023-10-03,USDT,659786549321.0,0.0011486794391746432,0.9988513205608254,1.0011486794391746,0.999770998954773,1.000560998916626,1.000437021255493,0
2023-10-04,USDT,663004742034.0,0.0011468178792679988,0.998853182120732,1.001146817879268,0.9999060034751892,1.000645995140076,1.000089049339294,0
2023-10-05,USDT,663497344029.0,0.0011465339973785033,0.9988534660026215,1.0011465339973784,0.9998850226402284,1.000638008117676,1.000435948371887,0
2023-10-06,USDT,662934320310.0,0.0011468584856197874,0.9988531415143802,1.0011468584856198,1.000272035598755,1.000776052474976,1.000550031661987,0
2023-10-07,USDT,655698515517.0,0.0011510616900593073,0.9988489383099407,1.0011510616900594,1.000270962715149,1.000800013542175,1.000460028648376,0
2023-10-08,USDT,650279992298.0,0.001154249963158403,0.9988457500368416,1.0011542499631585,0.9998779892921448,1.001181960105896,1.000080943107605,1
2023-10-09,USDT,660835503353.0,0.0011480713453243818,0.9988519286546756,1.0011480713453245,0.9998589754104614,1.000823974609375,1.000087976455688,0
2023-10-10,USDT,663049114390.0,0.0011467922963736138,0.9988532077036264,1.0011467922963737,0.9995689988136292,1.000661015510559,0.9997519850730896,0
2023-10-11,USDT,658336768137.0,0.0011495220235742197,0.9988504779764258,1.0011495220235742,0.9994779825210572,1.000566959381104,0.9997079968452454,0
2023-10-12,USDT,647945152781.0,0.0011556347294421313,0.9988443652705579,1.0011556347294421,0.9993810057640076,1.000465989112854,0.9999600052833556,0
2023-10-13,USDT,648576254629.0,0.0011552597748684915,0.9988447402251315,1.0011552597748685,0.9997929930686952,1.00062096118927,1.000105977058411,0
2023-10-14,USDT,637314512429.0,0.0011620248011767196,0.9988379751988233,1.0011620248011768,0.9998360276222228,1.000548005104065,1.000373005867004,0
2023-10-15,USDT,630515437290.0,0.0011661867210445,0.9988338132789555,1.0011661867210444,0.9999110102653505,1.000931978225708,1.000548005104065,0
2023-10-16,USDT,663904836634.0,0.0011462993755274784,0.9988537006244725,1.0011462993755276,1.000156044960022,1.000839948654175,1.000404000282288,0
2023-10-17,USDT,689507683090.0,0.0011319318931861091,0.9988680681068139,1.0011319318931862,1.000107049942017,1.000792026519775,1.000226974487305,0
2023-10-18,USDT,699157254981.0,0.0011267002148715223,0.9988732997851285,1.0011267002148716,1.000069975852966,1.001075029373169,1.000463008880615,0
2023-10-19,USDT,712358224546.0,0.0011196970114800444,0.9988803029885199,1.00111969701148,1.000090956687927,1.00109601020813,1.000530958175659,0
2023-10-20,USDT,732322730559.0,0.0011094281005425942,0.9988905718994574,1.0011094281005426,1.000102996826172,1.000676035881042,1.000355958938599,0
2023-10-21,USDT,698247176331.0,0.0011271895070495046,0.9988728104929505,1.0011271895070495,0.9999669790267944,1.000692009925842,1.000246047973633,0
2023-10-22,USDT,715006944838.0,0.0011183126734373588,0.9988816873265627,1.0011183126734373,0.9998220205307008,1.001013994216919,1.000399947166443,0
2023-10-23,USDT,753140382033.0,0.001099110496073127,0.9989008895039269,1.0010991104960731,0.9995729923248292,1.000568032264709,1.000015020370483,0
2023-10-24,USDT,800353147340.0,0.0010770588847968288,0.9989229411152032,1.0010770588847968,0.9997389912605286,1.000771999359131,1.000414967536926,0
2023-10-25,USDT,818975333775.0,0.0010688326849996944,0.9989311673150003,1.0010688326849997,0.9997810125350952,1.000653982162476,1.000192999839783,0
2023-10-26,USDT,835927033181.0,0.0010615583643276841,0.9989384416356724,1.0010615583643276,0.999921977519989,1.000800013542175,1.000257015228271,0
2023-10-27,USDT,841854761876.0,0.001059060919524885,0.9989409390804751,1.001059060919525,0.999541997909546,1.000748038291931,1.000252962112427,0
2023-10-28,USDT,835460450537.0,0.0010617559450078115,0.9989382440549922,1.001061755945008,0.9999719858169556,1.00072705745697,1.000386953353882,0
2023-10-29,USDT,819661428372.0,0.001068534380924465,0.9989314656190755,1.0010685343809245,0.9998990297317504,1.00087296962738,1.000571966171265,0
2023-10-30,USDT,820089099043.0,0.001068348604250258,0.9989316513957497,1.0010683486042502,1.000036954879761,1.000900983810425,1.000314950942993,0
2023-10-31,USDT,822536608261.0,0.001067287905423408,0.9989327120945766,1.0010672879054234,0.999783992767334,1.000859975814819,1.000610947608948,0
2023-11-01,USDT,828673894649.0,0.001064646541043808,0.9989353534589562,1.0010646465410438,1.000004053115845,1.001160025596619,1.000213027000427,1
2023-11-02,USDT,836743120615.0,0.0010612131344241399,0.9989387868655759,1.001061213134424,0.9999679923057556,1.001011967658997,1.00065004825592,0
2023-11-03,USDT,846355050320.0,0.0010571804824864803,0.9989428195175135,1.0010571804824864,1.000326037406921,1.001268982887268,1.000781059265137,1
2023-11-04,USDT,847578611627.0,0.0010566715235700683,0.99894332847643,1.00105667152357,1.000460982322693,1.001541018486023,1.000723958015442,1
2023-11-05,USDT,855965902394.0,0.0010532088789928418,0.9989467911210071,1.0010532088789927,1.000116944313049,1.001209020614624,1.000316977500916,1
2023-11-06,USDT,873958053293.0,0.001045931245714005,0.9989540687542859,1.001045931245714,1.000036001205444,1.001108050346375,1.000568985939026,1
2023-11-07,USDT,898601043824.0,0.0010362813775493234,0.9989637186224507,1.0010362813775493,0.9999099969863892,1.00096595287323,1.000355005264282,0
2023-11-08,USDT,909355949288.0,0.001032179816517527,0.9989678201834825,1.0010321798165176,0.9995779991149902,1.000816941261292,1.00009298324585,0
2023-11-09,USDT,963652962507.0,0.0010124178175595637,0.9989875821824404,1.0010124178175597,0.9997429847717284,1.000720977783203,0.9999979734420776,0
2023-11-10,USDT,994100654037.0,0.0010019742181561044,0.9989980257818439,1.0010019742181562,0.9997159838676452,1.000816941261292,0.9998329877853394,0
2023-11-11,USDT,1018358844481.0,0.0009939542311546493,0.9990060457688453,1.0009939542311546,0.9996619820594788,1.000777006149292,1.000143051147461,0
2023-11-12,USDT,1031291711060.0,0.0009897818619016357,0.9990102181380983,1.0009897818619016,0.9998760223388672,1.001230955123901,1.000373959541321,1
2023-11-13,USDT,1068925299680.0,0.0009780270831285123,0.9990219729168714,1.0009780270831286,0.9995980262756348,1.00080394744873,1.000259041786194,0
2023-11-14,USDT,1104331308392.0,0.0009674611592727849,0.9990325388407272,1.0009674611592727,1.000022053718567,1.000931978225708,1.000769972801208,0
2023-11-15,USDT,1106518936549.0,0.000966823170019606,0.9990331768299804,1.0009668231700195,0.9997529983520508,1.000792980194092,1.000038981437683,0
2023-11-16,USDT,1120643435804.0,0.0009627440637854255,0.9990372559362146,1.0009627440637854,0.9998649954795836,1.000617027282715,1.000578045845032,0
2023-11-17,USDT,1133633643857.0,0.0009590525944627991,0.9990409474055372,1.0009590525944627,1.000161051750183,1.000836968421936,1.000597953796387,0
2023-11-18,USDT,1131112160860.0,0.0009597647077853184,0.9990402352922146,1.0009597647077852,1.00019097328186,1.000810980796814,1.000453948974609,0
2023-11-19,USDT,1118925684225.0,0.0009632364734869331,0.999036763526513,1.0009632364734868,1.000033974647522,1.001006960868835,1.00059700012207,1
2023-11-20,USDT,1128282259576.0,0.0009605664491846444,0.9990394335508154,1.0009605664491847,0.999791979789734,1.00086498260498,1.000388979911804,0
2023-11-21,USDT,1144032529432.0,0.0009561379194550618,0.999043862080545,1.0009561379194551,0.9998570084571838,1.000684022903442,1.000337958335876,0
2023-11-22,USDT,1137417030858.0,0.0009579880486273503,0.9990420119513727,1.0009579880486275,0.999916970729828,1.000476956367493,1.000141978263855,0
2023-11-23,USDT,1105667374424.0,0.0009670713153892879,0.9990329286846107,1.0009670713153893,0.9999229907989502,1.000857949256897,1.00035297870636,0
2023-11-24,USDT,1108705949136.0,0.0009661870391379001,0.9990338129608621,1.000966187039138,0.999925971031189,1.000816941261292,1.000478982925415,0
2023-11-25,USDT,1097350315944.0,0.0009695083838250424,0.999030491616175,1.000969508383825,0.9996230006217957,1.000609040260315,1.000211000442505,0
2023-11-26,USDT,1100709962831.0,0.0009685209831155104,0.9990314790168845,1.0009685209831156,0.9998350143432616,1.000661015510559,0.9999799728393556,0
2023-11-27,USDT,1122176389841.0,0.0009623054770801497,0.9990376945229199,1.0009623054770802,0.999888002872467,1.000668048858643,1.000377058982849,0
2023-11-28,USDT,1141951092745.0,0.0009567184850719439,0.999043281514928,1.0009567184850718,0.9998890161514282,1.000816941261292,1.000219941139221,0
2023-11-29,USDT,1148302657986.0,0.0009549512685461313,0.9990450487314538,1.000954951268546,0.9998630285263062,1.00039005279541,1.000156044960022,0
2023-11-30,USDT,1148215126295.0,0.0009549755341427868,0.9990450244658572,1.0009549755341427,0.9998310208320618,1.000630021095276,1.000185012817383,0
2023-12-01,USDT,1145040224382.0,0.0009558573534357223,0.9990441426465643,1.0009558573534356,0.999692976474762,1.000560998916626,1.000363945960999,0
2023-12-02,USDT,1139065199815.0,0.0009575257723919231,0.9990424742276081,1.000957525772392,0.9993209838867188,1.000561952590942,1.000308990478516,0
2023-12-03,USDT,1140820949342.0,0.0009570343021581669,0.9990429656978418,1.000957034302158,0.999090015888214,1.00102698802948,0.999912977218628,1
2023-12-04,USDT,1195315975216.0,0.0009422636236722011,0.9990577363763278,1.0009422636236722,0.9993069767951964,1.000748991966248,1.000545978546143,0
2023-12-05,USDT,1227280772338.0,0.0009340110693345223,0.9990659889306654,1.0009340110693346,0.9998390078544616,1.000856041908264,1.0000319480896,0
2023-12-06,USDT,1255356625138.0,0.0009269955023846829,0.9990730044976153,1.0009269955023847,0.9999060034751892,1.001062035560608,1.000316977500916,1
2023-12-07,USDT,1270439203057.0,0.0009233124771747363,0.9990766875228253,1.0009233124771748,0.9999529719352722,1.000661969184875,1.000123977661133,0
2023-12-08,USDT,1287979714204.0,0.0009191018897137307,0.9990808981102862,1.0009191018897137,1.000048995018005,1.000939965248108,1.000517010688782,1
2023-12-09,USDT,1262012569057.0,0.0009253629489056811,0.9990746370510943,1.0009253629489057,0.999888002872467,1.000709056854248,1.000043988227844,0
2023-12-10,USDT,1244140655993.0,0.0009297728049047357,0.9990702271950953,1.0009297728049047,0.9988499879837036,1.000772953033447,0.999547004699707,1
2023-12-11,USDT,1277120778897.0,0.0009216994811395731,0.9990783005188604,1.0009216994811396,0.9990299940109252,1.00098705291748,0.9997860193252563,1
2023-12-12,USDT,1293990060556.0,0.0009176766609221402,0.9990823233390779,1.0009176766609222,0.9992460012435912,1.000718951225281,1.00019097328186,0
2023-12-13,USDT,1298405578409.0,0.0009166352247411921,0.9990833647752588,1.0009166352247412,0.9997860193252563,1.000985980033875,1.000154972076416,1
2023-12-14,USDT,1301200424335.0,0.000915978474618252,0.9990840215253818,1.0009159784746182,0.999584972858429,1.001034021377563,1.000149965286255,1
2023-12-15,USDT,1296594598361.0,0.0009170617872274791,0.9990829382127725,1.0009170617872274,0.999109983444214,1.000576019287109,0.9991819858551024,0
2023-12-16,USDT,1279002917596.0,0.0009212471449547545,0.9990787528550452,1.0009212471449547,0.9985719919204712,1.000442981719971,0.9998769760131836,1
2023-12-17,USDT,1267986485088.0,0.0009239074273869989,0.999076092572613,1.000923907427387,0.998852014541626,1.000306010246277,0.999758005142212,1
2023-12-18,USDT,1285204737661.0,0.0009197629135085037,0.9990802370864915,1.0009197629135085,0.9992820024490356,1.000601053237915,0.9998900294303894,0
2023-12-19,USDT,1301252641451.0,0.0009159662222206957,0.9990840337777793,1.0009159662222207,0.9994919896125792,1.001116991043091,1.000025987625122,1
2023-12-20,USDT,1311618709800.0,0.0009135467963743964,0.9990864532036257,1.0009135467963743,0.999714970588684,1.00087296962738,1.0001460313797,0
2023-12-21,USDT,1311219670813.0,0.0009136394591632871,0.9990863605408367,1.0009136394591633,0.999916970729828,1.001343965530396,1.000942945480347,1
2023-12-22,USDT,1320498849032.0,0.0009114943710342087,0.9990885056289658,1.0009114943710342,1.00021505355835,1.001312971115112,1.000741004943848,1
2023-12-23,USDT,1328509819119.0,0.00090965855960282,0.9990903414403972,1.000909658559603,1.000223994255066,1.00127899646759,1.000880002975464,1
2023-12-24,USDT,1337882621418.0,0.0009075293150115709,0.9990924706849884,1.0009075293150116,0.9998149871826172,1.001222968101501,1.000561952590942,1
2023-12-25,USDT,1376594091437.0,0.0008989413675441045,0.9991010586324559,1.0008989413675442,0.9993249773979188,1.000967025756836,1.000234007835388,1
2023-12-26,USDT,1409777426748.0,0.0008918322010437101,0.9991081677989563,1.0008918322010436,0.9998480081558228,1.001116037368774,1.000694990158081,1
2023-12-27,USDT,1427286880836.0,0.0008881702909045225,0.9991118297090955,1.0008881702909045,1.000028967857361,1.001461982727051,1.001186013221741,1
2023-12-28,USDT,1448653050838.0,0.0008837821075334098,0.9991162178924666,1.0008837821075334,0.999800980091095,1.001484036445618,1.000448942184448,1
2023-12-29,USDT,1465981366858.0,0.0008802861114270527,0.9991197138885729,1.000880286111427,0.999754011631012,1.00099503993988,1.000380992889404,1
2023-12-30,USDT,1468293512304.0,0.0008798238017666257,0.9991201761982333,1.0008798238017667,0.9993429780006408,1.001256942749023,0.9997299909591676,1
