date,btc_close,btc_return,btc_sma20,btc_sma50,btc_rsi14,btc_adx14,btc_volatility20,btc_sma_bearish,btc_rsi_bearish,eth_close,eth_return,eth_sma20,eth_sma50,eth_rsi14,eth_adx14,eth_volatility20,eth_sma_bearish,eth_rsi_bearish,fear_greed,fear_greed_label,fear_signal,btc_bearish,eth_bearish,stress_score,stress,regime
2022-02-19,40122.15625,0.0022777282826873524,41560.8072265625,41345.602265625,44.52785032576911,42.593981335684695,0.03792641645316802,0,1,2763.701171875,-0.00790686342387692,2944.0224487304686,3017.7295654296877,40.58795574353372,44.292352794554226,0.045437914801996576,1,1,25,Extreme Fear,1,0,1,2,1,stressed
2022-02-20,38431.37890625,-0.04214073972532317,41558.219921875,41160.49359375,34.41432166552276,41.37857243579173,0.03914863490141036,0,1,2628.6484375,-0.048866619788482835,2941.0409301757813,2994.90859375,34.9570192720425,43.21719265702745,0.04637757737417996,1,1,27,Fear,1,0,1,2,1,stressed
2022-02-21,37075.28125,-0.03528620868790788,41474.8203125,40955.09484375,23.365626631159103,40.271030055889064,0.03992428451235779,0,1,2573.816162109375,-0.02085949365019457,2930.12587890625,2969.7936181640625,29.620731127506772,41.00518589741417,0.0456640727924173,1,1,25,Extreme Fear,1,0,1,2,1,stressed
2022-02-22,38286.02734375,0.03265642371222732,41541.4724609375,40791.653046875,28.608167441812483,39.93661315516827,0.039158886332825694,0,1,2639.29931640625,0.02544204798341476,2927.94814453125,2947.3519970703123,33.227744662940054,39.30825883095728,0.04526277944360143,1,1,20,Extreme Fear,1,0,1,2,1,stressed
2022-02-23,37296.5703125,-0.025843815613622922,41548.5708984375,40619.63296875,25.55029169148513,39.26434437050744,0.03965626357093259,0,1,2590.359619140625,-0.01854268553832039,2923.5079956054688,2923.278056640625,26.36020473869462,37.506477758823216,0.04545534160373544,0,1,25,Extreme Fear,1,0,0,1,0,normal
2022-02-24,38332.609375,0.027778400368163814,41390.1576171875,40514.905078125,32.15844174179894,39.20700269196219,0.02967733331460186,0,1,2598.067138671875,0.002975463126547284,2904.2320068359377,2904.23166015625,30.32965747260735,35.516622172073774,0.03669475872624533,0,1,23,Extreme Fear,1,0,0,1,0,normal
2022-02-25,39214.21875,0.022998939789759643,41278.8103515625,40435.970859375,38.90163680739754,39.568190359932416,0.03026557408500259,0,1,2764.53564453125,0.0640739815309288,2891.7263793945312,2891.154208984375,43.406935011816664,34.16770140944892,0.03980737120810005,0,1,27,Fear,1,0,0,1,0,normal
2022-02-26,39105.1484375,-0.002781397053842838,41113.44609375,40386.91578125,39.04927259131034,39.94715735990468,0.02965298062834769,0,1,2781.11181640625,0.005996005841990337,2877.908166503906,2882.912236328125,44.51286490347045,33.02897042418705,0.03965643809841954,1,1,26,Fear,1,0,1,2,1,stressed
2022-02-27,37709.78515625,-0.03568234201898368,40806.92109375,40306.43265625,35.69169171862005,40.688375478676434,0.02911227561410808,0,1,2621.8017578125,-0.05728286710874153,2851.874719238281,2873.508818359375,40.429067837718705,32.637052111395654,0.04061965472718845,1,1,26,Fear,1,0,1,2,1,stressed
2022-02-28,43193.234375,0.1454118392886461,40760.660546875,40332.0653125,51.45915389999837,38.76674267353587,0.044846886800105915,0,0,2919.201171875,0.1134332194172587,2841.704345703125,2868.7378125,49.557782162837064,31.955405920010225,0.048899297883182105,0,1,20,Extreme Fear,1,0,0,1,0,normal
2022-03-01,44354.63671875,0.026888524570001016,40761.4525390625,40382.7328125,49.44718586127298,36.86855532799031,0.04524430369488316,0,1,2972.485107421875,0.018252916606172453,2828.355749511719,2866.525556640625,42.703778982079086,31.56312067565809,0.04826465357337137,0,1,51,Neutral,0,0,0,0,0,normal
2022-03-02,43924.1171875,-0.009706302725009275,40779.402734375,40406.498046875,49.90453037084348,33.78908661349642,0.04511147876692926,0,1,2950.118408203125,-0.0075245790678323266,2821.9875610351564,2860.765693359375,43.61461002476409,30.667816587574475,0.04701554049142694,0,1,52,Neutral,0,0,0,0,0,normal
2022-03-03,42451.7890625,-0.03351981142193561,40781.5953125,40376.551796875,55.37123034193085,32.18175956857674,0.045364103816640015,0,0,2834.468994140625,-0.03920161771843611,2817.341833496094,2850.0099072265625,48.13566535636079,30.86987855588836,0.04655095555860993,1,1,39,Fear,1,0,1,2,1,stressed
2022-03-04,39137.60546875,-0.07806935036049167,40626.2521484375,40307.4725,47.833960216991336,33.466485493530335,0.04869455600300277,0,1,2617.156005859375,-0.07666797157791327,2802.331494140625,2837.387255859375,43.90297874715202,33.597751245810905,0.049567836133347316,1,1,33,Fear,1,0,1,2,1,stressed
2022-03-05,39400.5859375,0.00671938064683042,40486.4056640625,40233.490234375,48.26495744157256,34.93581218334737,0.048739617336451206,0,1,2664.8310546875,0.018216357267732075,2791.3998779296876,2824.48384765625,46.48913098510179,35.38762698957287,0.0497833697699744,1,1,22,Extreme Fear,1,0,1,2,1,stressed
2022-03-06,38419.984375,-0.024887994408395286,40278.058984375,40138.341953125,49.97163259887989,35.58215158142953,0.0489106403637468,0,1,2555.037353515625,-0.04120099883208184,2772.4777954101564,2808.9739794921875,47.33832949943176,36.186965818258855,0.05025709609163424,1,1,22,Extreme Fear,1,0,1,2,1,stressed
2022-03-07,38062.0390625,-0.009316643885282638,39952.40078125,40037.30515625,52.58507168940744,34.30194638054157,0.0474349033116183,1,0,2497.771240234375,-0.02241302390450539,2738.3724975585938,2791.910966796875,47.25515658332382,36.15237138205837,0.04568623400948052,1,1,23,Extreme Fear,1,0,1,2,1,stressed
2022-03-08,38737.26953125,0.017740259990833174,39691.1712890625,39967.03953125,51.21627443804242,31.943015582398658,0.04771492186915797,1,0,2576.74755859375,0.031618715552175436,2710.8183715820314,2779.1998193359377,47.76397320384418,35.341240839617726,0.0466407917490304,1,1,21,Extreme Fear,1,0,1,2,1,stressed
2022-03-09,41982.92578125,0.08378639716414904,39763.4169921875,39959.185390625,61.2618238134226,29.22334440708596,0.04845249263902613,0,0,2729.783447265625,0.0593911064983772,2703.233447265625,2770.5149853515627,54.638734619997074,34.64169504527215,0.04593139943671111,1,0,22,Extreme Fear,1,0,0,1,0,normal
2022-03-10,39437.4609375,-0.060630954045771346,39733.7412109375,39913.048046875,52.475491200007845,25.528865349614705,0.05040942240608856,1,0,2608.048583984375,-0.04459506244101141,2694.349499511719,2760.7594384765625,50.30866965823464,31.805340087691963,0.046409598196717264,1,0,28,Fear,1,0,0,1,0,normal
2022-03-11,38794.97265625,-0.016291319622939393,39667.38203125,39875.339140625,49.050477640879244,22.174023092503695,0.05054422233412923,1,1,2559.56298828125,-0.018590756322895086,2684.1425903320314,2751.9282958984377,43.16240986839662,31.73192073536752,0.04653904471970758,1,1,22,Extreme Fear,1,1,1,3,1,stressed
2022-03-12,38904.01171875,0.002810649293818468,39691.013671875,39924.273046875,49.54445829100773,19.0256356948428,0.049585875533028914,1,1,2574.754150390625,0.005935060859578956,2681.4478759765625,2752.26474609375,43.10984118351079,32.16737909723004,0.04528138515351821,1,1,22,Extreme Fear,1,1,1,3,1,stressed
2022-03-13,37849.6640625,-0.027101257933814904,39729.7328125,39980.661328125,50.32177319684713,15.690812554124582,0.04929715006283171,1,0,2518.944580078125,-0.021675689037740864,2678.704296875,2754.5400146484376,46.310667113855345,31.54076970254933,0.04530146428608006,1,1,21,Extreme Fear,1,0,1,2,1,stressed
2022-03-14,39666.75390625,0.0480080837903738,39798.769140625,40048.4603125,40.24177779315071,15.861405000703627,0.0499128563498883,1,1,2590.696044921875,0.02848473341224711,2676.274133300781,2755.653154296875,35.941285857605834,32.411098181533625,0.04539682819112255,1,1,23,Extreme Fear,1,1,1,3,1,stressed
2022-03-15,39338.78515625,-0.008268101563720931,39900.8798828125,40102.149453125,35.44935880351085,16.35182237401856,0.049533135381827055,1,1,2620.149658203125,0.011368996119395458,2677.763635253906,2759.2491015625,34.60748372079331,33.01996606278114,0.04524507227464979,1,1,21,Extreme Fear,1,1,1,3,1,stressed
2022-03-16,41143.9296875,0.04588714481344902,40041.4458984375,40185.94796875,42.53058174582519,15.988687451320384,0.0501562143321182,0,1,2772.0556640625,0.057976079871540964,2686.4630615234373,2765.571513671875,43.01189523759336,32.24990884034331,0.0469759540778039,0,1,24,Extreme Fear,1,0,0,1,0,normal
2022-03-17,40951.37890625,-0.00467993171076464,40128.30390625,40267.933125,45.671233994424185,15.41606010265294,0.050006360138788626,0,1,2814.8544921875,0.015439382650158429,2688.97900390625,2772.507998046875,49.18353953259693,30.432620954631012,0.044932103236276305,0,1,27,Fear,1,0,0,1,0,normal
2022-03-18,41801.15625,0.020750884742987363,40263.104296875,40361.1915625,58.95836032087077,16.0442556569533,0.05013203668005302,0,0,2945.343017578125,0.04635711215367966,2697.190563964844,2782.954833984375,64.72527005467914,30.36134734507123,0.04602138419311012,0,0,25,Extreme Fear,1,0,0,1,0,normal
2022-03-19,42190.65234375,0.009317830622209256,40487.14765625,40449.31796875,59.30468711936484,16.753125184229287,0.04923585548629897,0,0,2946.257080078125,0.00031034161201071164,2713.413330078125,2790.938134765625,63.18024163755373,30.493698000476336,0.04373905379642714,0,0,28,Fear,1,0,0,1,0,normal
2022-03-20,41247.82421875,-0.022346848712323064,40389.8771484375,40511.510859375,59.45447901481708,17.73122516341397,0.03718309196792418,0,0,2860.459228515625,-0.029120965764543816,2710.4762329101563,2796.205625,64.63295268404768,30.371202356580177,0.03644541877738792,0,0,31,Fear,1,0,0,1,0,normal
2022-03-21,41077.99609375,-0.004117262624553253,40226.0451171875,40574.71875,60.21187573885766,19.44216820317552,0.036572147390262814,0,0,2897.9765625,0.013115842942408973,2706.7508056640627,2802.0958251953125,69.54392683371744,31.287938965874453,0.03632507810624471,0,0,30,Fear,1,0,0,1,0,normal
2022-03-22,42358.80859375,0.031180014163224357,40147.7796875,40652.232421875,61.77928412103804,21.9265966569863,0.03732407100720573,0,0,2973.131103515625,0.025933453702879916,2707.9014404296877,2807.79287109375,69.42981718161998,32.78567125253768,0.036759113825486495,0,0,26,Fear,1,0,0,1,0,normal
2022-03-23,42892.95703125,0.012610091153007819,40169.8380859375,40735.22609375,53.59384082250713,24.01765901880035,0.03663756288819696,0,0,3031.067138671875,0.019486538985025836,2717.73134765625,2812.5718701171877,66.28667100253607,33.9174740346677,0.03570551068486278,0,0,31,Fear,1,0,0,1,0,normal
2022-03-24,43960.93359375,0.024898646221148013,40411.0044921875,40875.385078125,70.22387551410682,26.304759538284703,0.031839268100242714,0,0,3108.06201171875,0.02540190286930155,2742.276647949219,2821.0760302734375,78.40341586282628,36.79532682652234,0.030486434632652364,0,0,40,Fear,0,0,0,0,0,normal
2022-03-25,44348.73046875,0.008821397620525806,40658.41171875,41019.26765625,75.40880714453705,30.006753462353625,0.03184418231082721,0,0,3106.67138671875,-0.0004474251140281771,2764.3686645507814,2829.6262060546874,82.8355208481079,39.209450624267525,0.03047744028009679,0,0,47,Neutral,0,0,0,0,0,normal
2022-03-26,44500.828125,0.003429583093865096,40962.45390625,41079.26671875,75.50531419678958,33.86348345465892,0.030997701990468286,0,0,3143.178955078125,0.011751345351635134,2793.775744628906,2832.818046875,83.26374657542858,41.37454912734777,0.028178989575091497,0,0,51,Neutral,0,0,0,0,0,normal
2022-03-27,46820.4921875,0.052126312256127294,41400.3765625,41186.85328125,86.65398545288788,39.34806174432489,0.03222974367942059,0,0,3291.57763671875,0.047212927981994834,2833.466064453125,2838.3566357421873,90.79328880757257,45.31924011488242,0.028162458502177617,0,0,49,Neutral,0,0,0,0,0,normal
2022-03-28,47128.00390625,0.0065678873583499,41819.91328125,41281.1646875,84.77594668542669,43.74435833838931,0.03220169309437693,0,0,3336.634521484375,0.013688537758611341,2871.460412597656,2843.9398046875,90.52623983582396,48.48343874860972,0.02786486165988271,0,0,60,Greed,0,0,0,0,0,normal
2022-03-29,47465.73046875,0.0071661546110000085,42094.053515625,41353.67359375,87.8442456318549,47.41104130846145,0.027167982730189933,0,0,3401.98779296875,0.0195865837458582,2905.0706298828127,2849.130146484375,90.88191792132933,51.09735614407181,0.025745860022234224,0,0,56,Greed,0,0,0,0,0,normal
2022-03-30,47062.6640625,-0.008491735032190584,42475.313671875,41412.55796875,81.70088943490589,51.360348364686914,0.022484408508556247,0,0,3385.157958984375,-0.004947058898670642,2943.9260986328127,2854.3811328125,87.33243443733025,54.91140110115602,0.022535152407493035,0,0,55,Greed,0,0,0,0,0,normal
2022-03-31,45538.67578125,-0.03238210822970233,42812.498828125,41436.555546875,71.5028491071821,54.53308567344523,0.023696515503014486,0,0,3281.642822265625,-0.030579115649246424,2980.0300903320312,2855.2248486328126,76.46626776435399,58.80543724193574,0.0235657178064613,0,0,52,Neutral,0,0,0,0,0,normal
2022-04-01,46281.64453125,0.016315115388267687,43181.38046875,41490.886171875,71.21461364232428,54.43775317653107,0.023723971384140865,0,0,3449.55224609375,0.051166270347545506,3023.7699951171876,2862.66625,77.42425349004277,59.361304777710124,0.025002453878659802,0,0,50,Neutral,0,0,0,0,0,normal
2022-04-02,45868.94921875,-0.008917040798352427,43582.3447265625,41560.10640625,67.37814825805862,54.378096052953104,0.022589536517087384,0,0,3445.059326171875,-0.0013024646682661123,3070.075732421875,2873.019765625,77.02495281763507,60.10438866134313,0.023815301866180697,0,0,52,Neutral,0,0,0,0,0,normal
2022-04-03,46453.56640625,0.012745379989237415,43921.6853515625,41644.288359375,75.45620486756057,55.00443552192021,0.020760180026398924,0,0,3522.83349609375,0.022575567663241758,3116.6826049804686,2885.1291796875,86.20198983280355,62.75723759259075,0.02368915903186238,0,0,48,Neutral,0,0,0,0,0,normal
2022-04-04,46622.67578125,0.003640395949819908,44285.8798828125,41732.7915625,77.11552347949674,54.90578851426288,0.020433291514899733,0,0,3521.2412109375,-0.0004519898990444915,3161.7371826171875,2897.884736328125,85.45683333333334,64.09523197624073,0.023950214201562292,0,0,52,Neutral,0,0,0,0,0,normal
2022-04-05,45555.9921875,-0.02287907280900814,44506.4830078125,41792.173046875,65.96986700476435,53.60962881938406,0.01962057471394319,0,0,3411.79248046875,-0.031082429152761826,3193.7240234375,2907.451005859375,74.01780364975622,64.80654602554748,0.023849084004104508,0,0,53,Neutral,0,0,0,0,0,normal
2022-04-06,43206.73828125,-0.05156849392240015,44619.2509765625,41764.80375,51.3267530820153,51.82479742919036,0.023325755215989317,0,0,3171.69189453125,-0.07037373677091652,3211.5658935546876,2907.2872998046873,56.419082091955744,63.27196145597828,0.029903266449329207,0,0,48,Neutral,0,0,0,0,0,normal
2022-04-07,43503.84765625,0.006876459247305178,44704.385546875,41755.643515625,47.932540324774955,49.08013089519733,0.02297190792883637,0,1,3233.274658203125,0.019416376407197067,3225.9624755859377,2909.39619140625,55.7971347039112,60.52944079145771,0.028587100792346717,0,0,34,Fear,1,0,0,1,0,normal
2022-04-08,42287.6640625,-0.02795577079433975,44709.2361328125,41790.6365625,41.327431446449914,46.44684264178206,0.023862990091812607,0,1,3192.073974609375,-0.012742710703286475,3238.2533203125,2915.6080322265625,53.813422684462765,56.846177709814484,0.028849214024920453,0,0,37,Fear,1,0,0,1,0,normal
2022-04-09,42782.13671875,0.011693070951357853,44785.9517578125,41845.659765625,42.9706164947551,43.81357310499983,0.023364996663070733,0,1,3261.916259765625,0.02187990808226714,3258.326171875,2925.131806640625,55.1486231042064,53.16291462817127,0.02796956748952478,0,0,30,Fear,1,0,0,1,0,normal
2022-04-10,42207.671875,-0.013427680050824398,44842.435546875,41887.370078125,27.991957782083333,40.75079322369826,0.023586832023195496,0,1,3211.866943359375,-0.015343531967263346,3274.0206909179688,2934.0951220703123,46.221340482921235,47.490153030299616,0.028361338684645444,0,1,34,Fear,1,0,0,1,0,normal
2022-04-11,39521.90234375,-0.06363225953812457,44700.590234375,41909.180546875,20.42293956027264,39.84827837036637,0.026661118620873822,0,1,2981.05224609375,-0.07186309437345806,3274.416748046875,2941.1431982421873,35.66785466097684,44.753734651742995,0.032751348749488866,0,1,32,Fear,1,0,0,1,0,normal
2022-04-12,40127.18359375,0.015315083892861292,44562.3015625,41970.21859375,22.045045339967928,38.951744415927045,0.0267518130712855,0,1,3030.37646484375,0.016545908853034197,3274.382214355469,2950.274404296875,34.825712826226436,42.628569127562706,0.032668839115216175,0,1,20,Extreme Fear,1,0,0,1,0,normal
2022-04-13,41166.73046875,0.025906300465151855,44422.59140625,42027.83265625,28.57916118973327,37.812120790879064,0.02680797714435686,0,1,3118.34423828125,0.0290286617712483,3274.8963256835937,2959.855302734375,39.703201849537926,40.1093981474645,0.03282400979151728,0,1,25,Extreme Fear,1,0,0,1,0,normal
2022-04-14,39935.515625,-0.029908006531745968,44201.9306640625,42080.6115625,29.20036460035631,37.770552035557294,0.027308381870375577,0,1,3019.909423828125,-0.03156637206525337,3270.5582275390625,2968.446298828125,39.85949758136068,38.50781436384991,0.03360874227853532,0,1,28,Fear,1,0,0,1,0,normal
2022-04-15,40553.46484375,0.015473675726454417,44004.5625,42125.028671875,28.537062439222595,38.60484925354722,0.027631896295139395,0,1,3040.91650390625,0.0069561954118133595,3265.445104980469,2977.3032861328124,32.134304289333045,37.878943684083076,0.03353097915343936,0,1,22,Extreme Fear,1,0,0,1,0,normal
2022-04-16,40424.484375,-0.0031805042860567623,43684.762109375,42149.233984375,29.156970058229007,39.800152115115544,0.02425192890821627,0,1,3062.310302734375,0.007035312808044258,3253.98173828125,2983.258779296875,33.50977712628725,37.32845480814728,0.031633386115043204,0,1,28,Fear,1,0,0,1,0,normal
2022-04-17,39716.953125,-0.017502542356175654,43314.2095703125,42161.470078125,24.450687098535724,40.884187220560115,0.0241384858930709,0,1,2993.4033203125,-0.022501632953508044,3236.820178222656,2987.504609375,27.014595872487718,36.28641086725204,0.03165644742997914,0,1,28,Fear,1,0,0,1,0,normal
2022-04-18,40826.21484375,0.027929174608607443,42982.2337890625,42223.798671875,29.479670146705956,42.19361399201914,0.025256357747872382,0,1,3057.606689453125,0.021448285536718847,3219.601123046875,2996.2207080078124,30.90903132268889,35.63026585352984,0.031734966240727455,0,1,24,Extreme Fear,1,0,0,1,0,normal
2022-04-19,41502.75,0.016571096753378534,42704.2380859375,42189.988984375,35.24328813723231,43.626112869707825,0.025804583228529288,0,1,3104.1064453125,0.015207893160284813,3205.548547363281,2999.9188134765627,36.63777821130488,34.5430823892737,0.032049674268914294,0,1,27,Fear,1,0,0,1,0,normal
2022-04-20,41374.37890625,-0.003093074404708074,42496.0232421875,42130.383828125,42.04198905825239,45.32046695146746,0.02504515738562529,0,1,3077.745849609375,-0.00849216873439762,3195.3536987304688,3002.0240283203125,44.99001526158608,34.581860663857235,0.031454362959632234,0,1,27,Fear,1,0,0,1,0,normal
2022-04-21,40527.36328125,-0.020471984048854197,42208.3091796875,42062.44875,37.66232083989093,47.65069685387383,0.024787077773396744,0,1,2987.480712890625,-0.029328327006015287,3172.2501220703125,3002.7712744140626,37.28130770187001,35.779729907500766,0.02927005384833947,0,1,27,Fear,1,0,0,1,0,normal
2022-04-22,39740.3203125,-0.019420038833716236,41901.877734375,42008.219375,39.05162919386466,48.94772303784706,0.02495569857630809,1,1,2964.835693359375,-0.007579971791462747,3148.2389404296873,3005.3786083984373,38.01125239577108,37.81429271645335,0.029242233794280512,0,1,26,Fear,1,1,0,2,1,stressed
2022-04-23,39486.73046875,-0.0063811726165236005,41553.5359375,42015.201875,35.537018077184456,50.24471149711005,0.024528300813411074,1,1,2938.114013671875,-0.00901287034129783,3119.002966308594,3011.7977685546875,32.10234863373762,39.941001771719186,0.028398120065764663,0,1,24,Extreme Fear,1,1,0,2,1,stressed
2022-04-24,39469.29296875,-0.0004416040475622163,41195.866796875,42016.576015625,37.3638872415863,50.97946824131086,0.024444929737470387,1,1,2922.732666015625,-0.005235109183876596,3089.0775390625,3016.95580078125,33.38167914508739,43.47676980909289,0.028345618241107623,0,1,24,Extreme Fear,1,1,0,2,1,stressed
2022-04-25,40458.30859375,0.025057850055308917,40940.9826171875,42057.3425,55.123260010788506,48.40379378400721,0.02524672052899293,1,0,3009.3935546875,0.029650638144067543,3068.9575927734377,3026.0429248046876,51.95249269703213,43.05612499109736,0.029085414201838265,0,0,23,Extreme Fear,1,0,0,1,0,normal
2022-04-26,38117.4609375,-0.057858267871623625,40686.51875,42058.4509375,40.75933488778593,46.15762024865238,0.02588058225180878,1,1,2808.29833984375,-0.06682250466394446,3050.7879150390627,3032.253466796875,37.34660242631769,42.14297041453144,0.028678730591952577,0,1,27,Fear,1,1,0,2,1,stressed
2022-04-27,39241.12109375,0.029478882606909007,40473.382421875,42068.52796875,41.21404566394949,46.28156171819667,0.02694066356145995,1,1,2888.9296875,0.028711816872254436,3033.570666503906,3038.497109375,36.818392489215476,42.678941128363576,0.02917759574977522,1,1,21,Extreme Fear,1,1,1,3,1,stressed
2022-04-28,39773.828125,0.013575224570606004,40347.690625,42024.346015625,49.2120450203423,45.380403882824695,0.02666041167470608,1,1,2936.94091796875,0.01661903738138304,3020.814013671875,3042.6402587890625,44.93960837242352,42.218003123986044,0.029514895066073438,1,1,24,Extreme Fear,1,1,1,3,1,stressed
2022-04-29,38609.82421875,-0.02926557389929385,40139.075,42007.79328125,41.00666007310753,45.30805316478279,0.027065383495226716,1,1,2815.601806640625,-0.041314794787239206,2998.498291015625,3046.7913232421874,37.756172864893344,42.6030874713991,0.03000713172649304,1,1,23,Extreme Fear,1,1,1,3,1,stressed
2022-04-30,37714.875,-0.023179313474195662,39914.43515625,41986.191328125,38.29235787989836,45.04947852705244,0.02731635220520382,1,1,2730.186767578125,-0.030336334797430475,2974.4142822265626,3050.203798828125,33.12614859152414,43.4854161732241,0.03041387792587475,1,1,20,Extreme Fear,1,1,1,3,1,stressed
2022-05-01,38469.09375,0.019997911964443782,39861.7947265625,41977.49296875,44.62993246314521,44.07635372818297,0.024123556575642944,1,1,2827.756103515625,0.03573723860073175,2966.749475097656,3055.263837890625,41.82230605591279,43.30023897719741,0.027865933466131265,1,1,22,Extreme Fear,1,1,1,3,1,stressed
2022-05-02,38529.328125,0.001565786170879102,39781.901953125,41991.08625,39.134496872488064,41.7462561638132,0.023826126944003403,1,1,2857.410400390625,0.010486865128902734,2958.101171875,3062.033154296875,39.767631532711476,41.511617514450336,0.027683027029266585,1,1,28,Fear,1,1,1,3,1,stressed
2022-05-03,37750.453125,-0.020215120218891713,39611.0880859375,41952.760234375,32.41984697059763,41.22086844205261,0.023232303298461286,1,1,2783.476318359375,-0.02587450581867512,2941.357775878906,3065.888759765625,34.059106888261866,41.68375182918834,0.02710123393182277,1,1,27,Fear,1,1,1,3,1,stressed
2022-05-04,39698.37109375,0.051599856624237495,39599.230859375,41959.951953125,43.29141529813361,41.204717086048085,0.025498537645037,1,1,2940.644775390625,0.05646480841047263,2937.3945434570314,3072.298662109375,43.968235077781834,42.540612974928436,0.029642089324203372,1,1,21,Extreme Fear,1,1,1,3,1,stressed
2022-05-05,36575.140625,-0.07867402068901796,39400.3146484375,41868.576171875,36.618720240685256,41.385160285420625,0.03066162739317544,1,1,2749.213134765625,-0.0650985260875554,2922.809375,3071.8418115234376,40.37426150765862,42.83219163574819,0.032841929730266624,1,1,27,Fear,1,1,1,3,1,stressed
2022-05-06,36040.921875,-0.014606061408683924,39181.1365234375,41770.36703125,37.256554145845755,41.35303787898531,0.030738260295339506,1,1,2694.979736328125,-0.01972688030319758,2904.4428466796876,3069.44431640625,39.36944731474508,42.76698936783181,0.03289185613691343,1,1,22,Extreme Fear,1,1,1,3,1,stressed
2022-05-07,35501.953125,-0.014954355270636377,38970.3865234375,41644.38296875,36.53817375245884,41.59820752405296,0.03069011685600322,1,1,2636.093017578125,-0.02185052375578611,2886.5773315429688,3063.25931640625,38.39641210043778,42.80446431976535,0.03287482502916077,1,1,23,Extreme Fear,1,1,1,3,1,stressed
2022-05-08,34059.265625,-0.040636848764922684,38632.0390625,41481.755234375,33.32866284023278,41.44079777543946,0.030631319852134575,1,1,2517.4599609375,-0.04500336515045189,2859.5699951171873,3054.6833740234374,35.574032028835305,42.733618009258244,0.033329039957248015,1,1,18,Extreme Fear,1,1,1,3,1,stressed
2022-05-09,30296.953125,-0.11046369999353145,38071.74921875,41262.7378125,23.257946983171863,43.16957494012236,0.037536832021281816,1,1,2245.430419921875,-0.10805714698013369,2816.636193847656,3042.3827978515624,25.976492655279102,44.07019633546113,0.039428664109801476,1,1,11,Extreme Fear,1,1,1,3,1,stressed
2022-05-10,31022.90625,0.02396125848050934,37554.1755859375,41061.636015625,29.59451163610086,44.54429906578996,0.03846153359065462,1,1,2343.510986328125,0.04368007377831029,2779.924450683594,3031.293486328125,34.371829760336254,45.34700280958083,0.04157067769477762,1,1,10,Extreme Fear,1,1,1,3,1,stressed
2022-05-11,28936.35546875,-0.06725839173272163,36974.6251953125,40793.186953125,21.9167652446736,44.87988240451388,0.040283326084969345,1,1,2072.108642578125,-0.11581014355526464,2734.1558471679687,3013.273037109375,25.657811162414248,46.25732849574318,0.04747104205650872,1,1,12,Extreme Fear,1,1,1,3,1,stressed
2022-05-12,29047.751953125,0.003849706798608521,36439.99677734375,40516.2828515625,20.081544019224523,47.68535725235436,0.040511883196301585,1,1,1961.701538085938,-0.053282488294058794,2683.999139404297,2991.885725097656,21.978854194280103,49.50476139896718,0.048088756660921494,1,1,12,Extreme Fear,1,1,1,3,1,stressed
2022-05-13,29283.103515625,0.008102229834508146,35929.8154296875,40222.72625,22.563409268368076,49.23935963864812,0.040797651761120345,1,1,2014.418212890625,0.02687293341071828,2637.814349365234,2970.012849121094,26.034886198776363,52.08339479930378,0.049150700132343,1,1,10,Extreme Fear,1,1,1,3,1,stressed
2022-05-14,30101.265625,0.027939733537411415,35461.4140625,39937.776953125,27.50125821301431,50.418095139687274,0.04177659264648441,1,1,2056.27392578125,0.020778065161833226,2594.4914123535154,2949.004899902344,29.302468395243153,53.790578864198736,0.04983207328486048,1,1,9,Extreme Fear,1,1,1,3,1,stressed
2022-05-15,31305.11328125,0.03999325713567892,35003.754296875,39673.86265625,29.37794674411832,50.919705679136776,0.042610320471768,1,1,2145.706787109375,0.04349267877534668,2551.3070739746095,2929.055456542969,28.947359695359708,54.85428639291034,0.050592839654854595,1,1,10,Extreme Fear,1,1,1,3,1,stressed
2022-05-16,29862.91796875,-0.046069001557128786,34591.0271484375,39334.711171875,26.891628598872558,52.9835650858479,0.042017812750090255,1,1,2022.725952148438,-0.05731483709692353,2512.028454589844,2903.6784228515626,25.639509046186745,57.507751548148555,0.05012791619527638,1,1,14,Extreme Fear,1,1,1,3,1,stressed
2022-05-17,30425.857421875,0.018850785235190015,34150.26396484375,39000.6682421875,30.241957705213593,53.579154085901784,0.041539916105091036,1,1,2090.4091796875,0.03346139276414206,2472.102429199219,2878.753916015625,29.698575512022558,58.82865478866155,0.05035683182581497,1,1,8,Extreme Fear,1,1,1,3,1,stressed
2022-05-18,28720.271484375,-0.05605711989808215,33597.5861328125,38625.7590625,19.994371262433376,56.46550781253075,0.04221428718968545,1,1,1916.656127929688,-0.08311915841461559,2421.0881896972655,2849.0472827148437,20.293798534768143,62.42834596133556,0.051993219851519265,1,1,12,Extreme Fear,1,1,1,3,1,stressed
2022-05-19,30314.333984375,0.05550304428240649,33182.81162109375,38290.7924609375,31.326891434481922,58.51278776501652,0.04490548271477943,1,1,2018.336181640625,0.05305075450376617,2381.2249084472655,2821.710847167969,27.632266144526298,66.03873107710912,0.054173190795152155,1,1,13,Extreme Fear,1,1,1,3,1,stressed
2022-05-20,29200.740234375,-0.036734890846488066,32757.1048828125,37964.03375,30.28039532306967,60.4645291533357,0.045199725933664024,1,1,1961.315673828125,-0.02825124393605738,2342.781353759766,2795.3043041992187,27.585207654848816,69.00248196464474,0.05414426853505584,1,1,13,Extreme Fear,1,1,1,3,1,stressed
2022-05-21,29432.2265625,0.007927413013061102,32305.2615234375,37627.045390625,32.185718399870865,62.02471091343226,0.044833089783572,1,1,1974.518310546875,0.006731520527228918,2300.119464111328,2765.8036254882813,29.207247986836535,71.71313785216361,0.0530928700963317,1,1,13,Extreme Fear,1,1,1,3,1,stressed
2022-05-22,30323.72265625,0.030289794482822652,31894.98125,37316.140859375,38.66982706510182,62.113752564352936,0.04575194633250573,1,1,2043.170166015625,0.03476891305694485,2259.4074523925783,2737.7658422851564,34.60994461867625,73.00910737379272,0.054010220900819854,1,1,14,Extreme Fear,1,1,1,3,1,stressed
2022-05-23,29098.91015625,-0.04039123144227663,31462.4041015625,36969.047734375,45.70514904875813,59.94838467053664,0.04618890275943564,1,1,1972.181884765625,-0.03474418451813721,2218.8427307128904,2706.7528100585937,39.80306116071484,72.51624468390594,0.05413870782725216,1,1,10,Extreme Fear,1,1,1,3,1,stressed
2022-05-24,29655.5859375,0.019130468401079792,30960.26484375,36629.7059375,45.0380867813863,57.70727742693541,0.044374828009546036,1,1,1978.982788085938,0.0034484158752534633,2170.759631347656,2675.9076416015623,35.402242887038796,72.03296897447845,0.05166332665285525,1,1,12,Extreme Fear,1,1,1,3,1,stressed
2022-05-25,29562.361328125,-0.003143576713387941,30609.62587890625,36309.8333203125,52.655981695217626,53.25806622649753,0.04166911785304965,1,0,1944.827880859375,-0.017258819749310428,2130.5403686523437,2646.568349609375,43.70725004478077,69.6900251675211,0.05047631630935845,1,1,11,Extreme Fear,1,0,1,2,1,stressed
2022-05-26,29267.224609375,-0.009983529917456657,30270.941015625,36031.043046875,50.91687081464017,48.47033841722037,0.041653514165384604,1,0,1803.913330078125,-0.07245605236746355,2085.9870483398436,2619.2127783203123,42.42739745095355,65.57565127622182,0.05203922034080795,1,1,12,Extreme Fear,1,0,1,2,1,stressed
2022-05-27,28627.57421875,-0.02185551924250806,29927.2220703125,35733.517578125,47.350940637032046,44.12207726269837,0.0417295283119,1,1,1724.9228515625,-0.04378840002928741,2040.4285400390625,2589.0457421875,36.448240425437554,61.89344682921192,0.052342922184396845,1,1,12,Extreme Fear,1,1,1,3,1,stressed
2022-05-28,28814.900390625,0.006543557286537771,29665.00380859375,35464.0623046875,44.52239142862988,39.74842336251266,0.04122821839487222,1,1,1757.941772460938,0.01914225953266735,2002.4526306152343,2560.3630981445312,35.918071486644024,58.28286927305787,0.05267121747909343,1,1,13,Extreme Fear,1,1,1,3,1,stressed
2022-05-29,29445.95703125,0.02190035821988534,29622.45400390625,35197.3387109375,41.67733934500648,36.87795241820152,0.033779954910159726,1,1,1812.031005859375,0.03076850112203533,1980.7826599121095,2531.3653930664063,33.706114546562176,55.83454992676409,0.04897915362773458,1,1,14,Extreme Fear,1,1,1,3,1,stressed
2022-05-30,31726.390625,0.07744470968730455,29657.62822265625,34987.7130859375,57.75963226048866,34.88213711414958,0.03773504847378412,1,0,1996.441284179688,0.10176993535099821,1963.4291748046876,2507.0568798828126,48.78912550077267,50.90519569574019,0.053784834685275014,1,1,10,Extreme Fear,1,0,1,2,1,stressed
2022-05-31,31792.310546875,0.0020777630413166825,29800.4259765625,34833.12125,55.93570115228064,33.20461069887709,0.034063030248376966,1,0,1942.328002929688,-0.02710486988964189,1956.9401428222657,2486.282395019531,43.09186859595486,46.017605126479886,0.047606510304794486,1,1,16,Extreme Fear,1,0,1,2,1,stressed
2022-06-01,29799.080078125,-0.06269536357891181,29837.9923828125,34626.5591796875,54.57195689853542,29.30291498346102,0.03730445554382129,1,0,1823.5693359375,-0.06114243671154396,1950.0335327148437,2462.1462524414064,45.42253685989726,40.196677763664674,0.04808089492203028,1,1,17,Extreme Fear,1,0,1,2,1,stressed
2022-06-02,30467.48828125,0.02243049790035867,29897.21162109375,34412.5743359375,50.704322762429044,25.700507217915845,0.03756572274817822,1,0,1834.150512695312,0.005802453764321536,1941.0201477050782,2436.4623779296876,40.05150001338467,34.349130279943545,0.0476311236734025,1,1,13,Extreme Fear,1,0,1,2,1,stressed
2022-06-03,29704.390625,-0.02504629358369581,29877.36787109375,34207.9518359375,52.39333083483735,21.943878357280713,0.03755708709989421,1,0,1775.07861328125,-0.032206680425182266,1926.960382080078,2411.56576171875,39.96293998082133,29.45607719336896,0.04767743739680629,1,1,10,Extreme Fear,1,0,1,2,1,stressed
2022-06-04,29832.9140625,0.004326748833952898,29803.75791015625,33993.5408203125,51.92287071911195,18.301536081442407,0.0363869748133081,1,0,1801.609497070312,0.014946314822654294,1909.755517578125,2386.7796215820313,40.81323193358037,24.62129564064797,0.04652332225597419,1,1,14,Extreme Fear,1,0,1,2,1,stressed
2022-06-05,29906.662109375,0.00247203631266113,29805.9451171875,33783.184375,47.82809112669928,15.187814239341524,0.03486420524937913,1,1,1805.204956054688,0.0019956927348698805,1898.8794677734375,2361.6375146484374,36.417804211529955,21.152618226969178,0.04505988429205322,1,1,10,Extreme Fear,1,1,1,3,1,stressed
2022-06-06,31370.671875,0.048952630028413324,29853.18583984375,33616.25875,61.54298686899923,14.95530803121792,0.036311042200617455,1,0,1859.289672851562,0.029960430041737318,1887.3234924316407,2338.9552416992187,43.429740775373446,18.339827990939273,0.04491034691574511,1,1,13,Extreme Fear,1,0,1,2,1,stressed
2022-06-07,31155.478515625,-0.006859698773187373,29974.94619140625,33422.8440234375,57.89503660660183,14.448273385244722,0.033735020335,1,0,1814.04833984375,-0.024332589842456454,1882.1931030273438,2314.084074707031,40.812022450837254,15.706983954078671,0.041299037624179115,1,1,15,Extreme Fear,1,0,1,2,1,stressed
2022-06-08,30214.35546875,-0.03020730515832104,29969.947265625,33197.0761328125,53.150686793299066,15.523957728245245,0.032345643194149606,1,0,1793.572265625,-0.01128750197501005,1870.9549072265625,2287.8733911132813,41.443627153100785,14.642803312582634,0.039244428285845206,1,1,17,Extreme Fear,1,0,1,2,1,stressed
2022-06-09,30111.998046875,-0.003387708269364409,30015.51015625,32971.828515625,54.15977416709112,17.12991902463453,0.03117274197375893,1,0,1789.826049804688,-0.0020886896458597315,1862.3804260253905,2262.1149951171874,49.056708337713204,13.491487282153944,0.038868524426433786,1,1,11,Extreme Fear,1,0,1,2,1,stressed
2022-06-10,29083.8046875,-0.03414563715680452,29998.0890625,32742.95734375,52.163743080079335,18.00351267099893,0.03215555153331985,1,0,1665.042236328125,-0.0697184027968415,1846.9066223144532,2235.6662255859374,46.222052513671834,11.955018299026445,0.04144644648664638,1,1,13,Extreme Fear,1,0,1,2,1,stressed
2022-06-11,28360.810546875,-0.024858994495164377,29899.94345703125,32515.3671484375,47.95054163513798,18.334437220188118,0.031774035086230584,1,1,1529.663452148438,-0.08130651657115584,1821.2312866210937,2206.962780761719,37.245051910402076,11.59420552022414,0.04327664458292568,1,1,12,Extreme Fear,1,1,1,3,1,stressed
2022-06-12,26762.6484375,-0.056351073137826724,29783.13037109375,32260.8855078125,38.86168241817006,18.392405833917053,0.032944937472409744,1,1,1445.216552734375,-0.05520619538595617,1794.8830200195312,2177.104831542969,30.176895315432674,11.903548855234948,0.04404092843398803,1,1,14,Extreme Fear,1,1,1,3,1,stressed
2022-06-13,22487.388671875,-0.15974726027617203,29424.7205078125,31921.247421875,17.098088596753215,21.053200365385823,0.04749790799112256,1,1,1204.582763671875,-0.16650362093294369,1756.163018798828,2142.741833496094,9.65845566052947,17.36222955019067,0.0553411245625889,1,1,11,Extreme Fear,1,1,1,3,1,stressed
2022-06-14,22206.79296875,-0.012477914053041661,29056.94208984375,31556.217109375,16.378157889003873,23.982951557366192,0.047445860401892616,1,1,1211.662841796875,0.0058776186564533095,1719.5047668457032,2106.787219238281,10.902316685794318,22.9473842607123,0.05570806773307637,1,1,8,Extreme Fear,1,1,1,3,1,stressed
2022-06-15,22572.83984375,0.01648355417709846,28722.2228515625,31245.3246875,21.387375144790198,27.829561319385334,0.04790348005301932,1,1,1233.206420898438,0.01778017643061025,1690.9694213867188,2075.285380859375,14.74159992149653,28.20813646350195,0.05504340047897735,1,1,7,Extreme Fear,1,1,1,3,1,stressed
2022-06-16,20381.650390625,-0.09707194434960298,28309.92666015625,30868.1352734375,14.362241380428827,31.446000404489894,0.051552198839841086,1,1,1067.730712890625,-0.13418330070586038,1658.109814453125,2038.8614013671875,11.37344434334355,33.42631728515985,0.06074599552099065,1,1,7,Extreme Fear,1,1,1,3,1,stressed
2022-06-17,20471.482421875,0.004407495444594733,27892.75576171875,30482.088359375,15.746265293265935,35.45754309756663,0.05150629511533361,1,1,1086.519287109375,0.01759673482453694,1624.5386901855468,2001.85296875,13.828795333295545,37.97657174372513,0.06069206043434273,1,1,9,Extreme Fear,1,1,1,3,1,stressed
2022-06-18,19017.642578125,-0.07101780974085614,27371.3400390625,30090.2447265625,13.468202456212993,39.86774231453433,0.05213088489871938,1,1,993.6367797851562,-0.08548629410097963,1583.618978881836,1965.4136682128906,10.321821913662077,42.78373021482572,0.06094592412088202,1,1,6,Extreme Fear,1,1,1,3,1,stressed
2022-06-19,20553.271484375,0.0807475952890373,26812.68408203125,29747.01265625,21.245862747325518,44.96742133068772,0.05246089081766963,1,1,1127.656494140625,0.13487797259723666,1540.179739379883,1933.3630627441407,20.50499714002767,46.7640287204371,0.06496590489595526,1,1,6,Extreme Fear,1,1,1,3,1,stressed
2022-06-20,20599.537109375,0.002251010260589048,26253.04541015625,29389.6215234375,13.725447118930859,49.867070444827675,0.05246475944314999,1,1,1127.642456054688,-1.2448902666717387e-05,1499.4454620361328,1899.3607897949219,16.576528498305066,52.14291298842543,0.06522548964161398,1,1,9,Extreme Fear,1,1,1,3,1,stressed
2022-06-21,20710.59765625,0.0053914098304885805,25798.6212890625,29033.2469140625,14.575729132235097,54.404234962092914,0.051758921125031686,1,1,1124.824584960938,-0.0024989047535589615,1464.5082244873047,1864.7090734863282,17.244945932693852,56.88332013215047,0.06481940376502292,1,1,9,Extreme Fear,1,1,1,3,1,stressed
2022-06-22,19987.029296875,-0.034937106663198714,25274.59833984375,28677.9784375,14.794043726082606,59.23635492386097,0.05106200968992005,1,1,1051.421875,-0.06525702846678716,1425.371792602539,1830.0679846191406,16.418968398779697,61.48614922824272,0.06517334648539305,1,1,11,Extreme Fear,1,1,1,3,1,stressed
2022-06-23,21085.876953125,0.05497803800296652,24843.67265625,28305.7285546875,20.9237825594564,62.61074739804835,0.053677341426843356,1,1,1143.38671875,0.0874671204172921,1393.7871978759765,1794.1228234863281,22.91227364111009,66.65077655199785,0.06983777121928011,1,1,11,Extreme Fear,1,1,1,3,1,stressed
2022-06-24,21231.65625,0.006913598955313738,24413.609765625,27998.8588671875,23.180850047577096,66.67270475421334,0.053730854435536726,1,1,1226.8447265625,0.07299193391343572,1365.0489593505858,1763.6754553222656,30.979477075158684,70.60467781920363,0.07249446613649367,1,1,11,Extreme Fear,1,1,1,3,1,stressed
2022-06-25,21502.337890625,0.012748964915301864,23993.3935546875,27708.0871875,25.827906746222965,71.22761269346647,0.05395965422284106,1,1,1243.446899414062,0.013532415710079126,1336.9610565185546,1734.6447985839843,36.148092877512035,72.81326990794302,0.0726947246232241,1,1,14,Extreme Fear,1,1,1,3,1,stressed
2022-06-26,21027.294921875,-0.02209261947079333,23476.22470703125,27418.5940234375,28.048407263541463,74.88078634385148,0.05183075122555952,1,1,1199.831665039062,-0.035076073128295526,1303.9881561279296,1705.9195715332032,37.63553474314888,73.41672285414316,0.07198695489230361,1,1,14,Extreme Fear,1,1,1,3,1,stressed
2022-06-27,20735.478515625,-0.013877981325425726,22955.22470703125,27152.11828125,40.35312514787936,73.28267002918446,0.05177179191680016,1,1,1193.6806640625,-0.0051265532955923065,1272.9697723388672,1679.4439855957032,49.28068957152101,69.54429197034828,0.07204214645387948,1,1,12,Extreme Fear,1,1,1,3,1,stressed
2022-06-28,20280.634765625,-0.02193553187871977,22458.538671875,26951.7919140625,39.59333301676242,70.75243870824613,0.05170897425660966,1,1,1144.579223632812,-0.04113448588718782,1240.5201202392577,1657.4269616699219,45.80642153220836,65.1051437621679,0.07220078872808652,1,1,10,Extreme Fear,1,1,1,3,1,stressed
2022-06-29,20104.0234375,-0.008708372798288844,21958.13994140625,26733.4142578125,36.38271219774528,68.04172567861237,0.05164132183839711,1,1,1098.94384765625,-0.03987087571947934,1205.976010131836,1632.5356188964843,41.85229911929957,60.59051683246498,0.07221074441010761,1,1,13,Extreme Fear,1,1,1,3,1,stressed
2022-06-30,19784.7265625,-0.01588223750298734,21493.18603515625,26550.3816796875,45.85072803176866,66.62053883079518,0.05151449127319904,1,1,1067.298828125,-0.0287958475755975,1176.0888397216797,1612.4394226074219,49.96870846995739,57.08587766969446,0.07134905511739247,1,1,11,Extreme Fear,1,1,1,3,1,stressed
2022-07-01,19269.3671875,-0.02604834458398897,21038.6138671875,26354.813984375,42.11069936640309,64.58383520693525,0.05152381308531101,1,1,1059.767333984375,-0.007056593656957433,1152.5940338134765,1594.4007385253906,48.02958747679628,53.656817245042134,0.06988136081806233,1,1,11,Extreme Fear,1,1,1,3,1,stressed
2022-07-02,19242.255859375,-0.0014069651515379311,20662.59423828125,26153.99703125,51.81376290903585,60.040551081173554,0.050820743395606875,1,0,1066.512817382812,0.006365060690327384,1133.6588470458985,1575.4426306152343,56.14775567459511,48.32002710711286,0.06940881812829545,1,0,14,Extreme Fear,1,0,0,1,0,normal
2022-07-03,19297.076171875,0.002848954556089245,20503.07861328125,25937.9132421875,36.66772246097362,55.07287452140087,0.03779306694459039,1,1,1073.766967773438,0.006801747032377348,1127.1180572509766,1555.792491455078,44.21710303798487,43.93852426169557,0.05927900751252777,1,1,11,Extreme Fear,1,1,1,3,1,stressed
2022-07-04,20231.26171875,0.04841073013105235,20404.30205078125,25716.4362109375,46.711254504742556,48.57314061272842,0.039726017512875314,1,1,1151.05908203125,0.07198220524336385,1124.0878692626952,1535.8995373535156,52.15536603885855,37.90249740466128,0.061657472423692905,1,0,14,Extreme Fear,1,1,0,2,1,stressed
2022-07-05,20190.115234375,-0.0020338071321012174,20285.1658203125,25522.98015625,45.293254277342406,42.90107977582431,0.03944095954355313,1,1,1134.541015625,-0.014350320208673328,1119.1545989990234,1518.1358386230468,50.87234082193819,32.457447213452674,0.06156762904058755,1,0,19,Extreme Fear,1,1,0,2,1,stressed
2022-07-06,20548.24609375,0.017737930428710857,20293.49560546875,25325.4279296875,55.43427814725843,37.45383531725266,0.03316195772321089,1,0,1186.973999023438,0.046215150158809726,1125.116763305664,1500.0671350097657,62.6460289886234,27.71185077337821,0.05398658386064697,1,0,18,Extreme Fear,1,0,0,1,0,normal
2022-07-07,21637.587890625,0.053013857820514154,20351.80087890625,25183.7742578125,55.35208534961466,33.258955198483726,0.03515200848543194,1,0,1237.593383789062,0.04264574018240519,1132.6704681396484,1486.4858801269531,59.52348338840789,23.608143658304076,0.054541413565627604,1,0,18,Extreme Fear,1,0,0,1,0,normal
2022-07-08,21731.1171875,0.004322538045727464,20487.474609375,25012.109921875,54.894835045950096,29.677014181628525,0.030490216992065805,1,0,1222.506225585938,-0.012190723060374387,1144.1139404296875,1470.5692810058595,49.491062338097564,19.73467963747623,0.05022738157135769,1,1,20,Extreme Fear,1,0,1,2,1,stressed
2022-07-09,21592.20703125,-0.006392223420980114,20539.42138671875,24859.9392578125,50.90408945599016,26.20327541352251,0.025179007907886103,1,0,1216.978271484375,-0.004521820818469413,1148.580029296875,1455.6825329589844,46.81221359231869,16.3046761693199,0.04105003949488396,1,1,24,Extreme Fear,1,0,1,2,1,stressed
2022-07-10,20860.44921875,-0.03388990349346599,20552.4669921875,24688.5037109375,48.40395896647164,22.061356653664593,0.02648105826359139,1,1,1168.401611328125,-0.03991579906928,1150.617987060547,1439.5601989746094,46.25938042351707,14.091703908880373,0.042238803968775114,1,1,24,Extreme Fear,1,1,1,3,1,stressed
2022-07-11,19970.556640625,-0.04265931997884009,20515.46494140625,24481.440390625,43.43407654588569,18.874703611737505,0.028182729688559924,1,1,1097.236572265625,-0.06090802885970559,1149.2385864257812,1420.6415270996094,40.06002208240944,13.86115339259637,0.04456580558623052,1,1,22,Extreme Fear,1,1,1,3,1,stressed
2022-07-12,19323.9140625,-0.03237979740682695,20482.3091796875,24285.94046875,42.04950449089113,16.33881240963647,0.028028152842309008,1,1,1038.191650390625,-0.05381238956798651,1148.5770751953125,1401.9617224121093,39.25542593426818,14.274141107378432,0.043754069221751464,1,1,16,Extreme Fear,1,1,1,3,1,stressed
2022-07-13,20212.07421875,0.04596171114078618,20438.61904296875,24097.070234375,50.80295928859101,14.152106986139168,0.027133254959511202,1,0,1113.587158203125,0.07262195547819328,1147.0870971679688,1384.653809814453,51.39503695351226,14.539085148391775,0.042298542244630796,1,0,15,Extreme Fear,1,0,0,1,0,normal
2022-07-14,20569.919921875,0.017704551212910147,20405.5322265625,23917.22140625,55.80177791555147,12.362601162887614,0.02742073049889321,1,0,1191.526245117188,0.06998921129786084,1145.3211730957032,1369.5877770996094,60.87558138515921,13.798643007295718,0.04202849891728968,1,0,18,Extreme Fear,1,0,0,1,0,normal
2022-07-15,20836.328125,0.012951348577769028,20372.23173828125,23748.6034765625,62.02047491936248,11.116500262085642,0.02742619670417302,1,0,1233.129150390625,0.03491564322978502,1144.8052856445313,1358.1720935058593,64.3226545591703,13.841518044075867,0.04267476093726293,1,0,15,Extreme Fear,1,0,0,1,0,normal
2022-07-16,21190.31640625,0.01698899533192111,20380.3828125,23599.8583203125,64.23030620196735,12.350645688499872,0.027252317816904147,1,0,1352.62646484375,0.09690575753178088,1152.4450256347657,1350.7261657714844,69.92564617741172,16.43432917546314,0.046890219399054814,0,0,21,Extreme Fear,1,0,0,1,0,normal
2022-07-17,20779.34375,-0.01939436147960416,20382.57607421875,23439.1471875,60.29222101041345,13.774117910914809,0.027435313936466383,1,0,1338.6357421875,-0.010343374922703541,1159.6927795410156,1342.3400451660157,68.27463056240893,18.361339699859393,0.04697588149480491,1,0,24,Extreme Fear,1,0,0,1,0,normal
2022-07-18,22485.689453125,0.08211740099467768,20492.82880859375,23299.9418359375,64.137760572513,15.729969489959284,0.03238432997883464,1,0,1578.717895507812,0.1793483811570633,1181.3997131347655,1337.6737829589845,74.09400108799785,21.840889241581262,0.059375089151777055,0,0,20,Extreme Fear,1,0,0,1,0,normal
2022-07-19,23389.43359375,0.0401919693193753,20657.09931640625,23133.2026953125,68.10456019556737,18.029563434396458,0.0330806747508072,0,0,1542.975219726562,-0.02264031837667424,1203.6012817382812,1328.6044616699219,72.52300604101688,25.206017642945884,0.05861436174421809,0,0,30,Fear,1,0,0,1,0,normal
2022-07-20,23231.732421875,-0.006742410894342465,20829.449609375,22961.9911328125,65.5379946318264,20.354551153940683,0.03279370399872585,0,0,1520.20068359375,-0.014760143806358705,1226.2463745117188,1320.1619152832031,68.99710373107752,27.687952216300513,0.05809798667404953,0,0,31,Fear,1,0,0,1,0,normal
2022-07-21,23164.62890625,-0.0028884421706671937,21024.2126953125,22829.302109375,60.02916474360142,20.26220955491566,0.03190395575833369,0,0,1576.74951171875,0.037198265160175215,1252.0954833984374,1315.225518798828,69.2052974181343,29.088754570200308,0.057881086580329186,0,0,34,Fear,1,0,0,1,0,normal
2022-07-22,22714.978515625,-0.01941107679491816,21197.848828125,22674.2519140625,56.172958569831664,19.775910354123706,0.03248327613021845,0,0,1537.405151367188,-0.02495282862569237,1275.6401000976562,1309.2906115722656,67.3549155347448,31.680223200463104,0.05873167541669668,0,0,33,Fear,1,0,0,1,0,normal
2022-07-23,22465.478515625,-0.010983941711781742,21356.2689453125,22529.473671875,55.404099726045146,18.696433987842152,0.03276323174269685,1,0,1549.297485351562,0.0077353285656669435,1299.4166259765625,1304.774989013672,68.18740632750092,34.03771812750244,0.05872099402147936,0,0,31,Fear,1,0,0,1,0,normal
2022-07-24,22609.1640625,0.006395837363315726,21475.1640625,22384.998671875,61.67110738010074,19.580910319138816,0.03136162040310738,0,0,1599.476684570312,0.03238835646038862,1321.8375061035156,1300.7323327636718,73.55087788094808,36.75581480722584,0.0575337365934662,0,0,30,Fear,1,0,0,1,0,normal
2022-07-25,21361.701171875,-0.05517510011323534,21533.743359375,22214.099453125,58.86168394713242,20.745596043269785,0.034203239754333696,1,0,1445.383422851562,-0.09633979863866915,1337.3796264648438,1293.5359020996093,67.43999355238196,38.399123424174356,0.06265875625875694,0,0,30,Fear,1,0,0,1,0,normal
2022-07-26,21239.75390625,-0.005708686992848544,21568.31875,22011.48109375,63.07826989412696,21.754369155916915,0.03408660149230453,1,0,1441.806762695312,-0.0024745407341075776,1350.1212646484375,1285.1862438964845,71.40831830860034,39.533638973593796,0.06228511831775043,0,0,26,Fear,1,0,0,1,0,normal
2022-07-27,22930.548828125,0.0796052030234431,21632.966796875,21846.9825,66.72464811596738,24.16744764025397,0.036598916389156876,0,0,1636.232666015625,0.13484879413164452,1370.0532287597657,1281.629930419922,74.61384851778084,41.989377924158745,0.06787018776618799,0,0,28,Fear,1,0,0,1,0,normal
2022-07-28,23843.88671875,0.0398306162434614,21738.6052734375,21719.573125,68.85351589344131,25.386765190753405,0.037489751326252284,0,0,1725.468139648438,0.05453715445622387,1395.2013244628906,1280.2678479003907,74.88111360488128,44.71112639927243,0.0680433370095319,0,0,32,Fear,1,0,0,1,0,normal
2022-07-29,23804.6328125,-0.0016462880701044735,21849.2265625,21593.4258203125,67.5525326791724,26.65093032401756,0.0374267749601748,0,0,1727.406982421875,0.0011236618798606823,1420.7227600097656,1279.0194665527345,73.91692545850104,46.422051485133466,0.06795012435575949,0,0,39,Fear,1,0,0,1,0,normal
2022-07-30,23656.20703125,-0.006235163651508224,21989.014453125,21484.8738671875,64.94492611439213,27.495092506241217,0.03638971461031755,0,0,1695.969482421875,-0.018199243328242076,1447.1011535644532,1279.6380114746094,68.16125337214396,46.85363406262191,0.06711448004703349,0,0,42,Fear,0,0,0,0,0,normal
2022-07-31,23336.896484375,-0.013497960448739299,22157.3314453125,21384.3955859375,65.67461433731279,28.04434625338908,0.03484999534921117,0,0,1681.517333984375,-0.008521467271251915,1476.3151916503907,1282.6750891113281,68.12799698478325,47.38130266466548,0.06473543437566147,0,0,39,Fear,1,0,0,1,0,normal
2022-08-01,23314.19921875,-0.0009725914343493569,22356.845703125,21315.4266015625,56.39813900620904,27.32945806178103,0.03360172732541304,0,0,1635.19580078125,-0.027547461014490793,1506.1653991699218,1286.4746740722655,53.755363361175526,45.416114351425314,0.06333625043645268,0,0,33,Fear,1,0,0,1,0,normal
2022-08-02,22978.1171875,-0.014415336683737068,22495.1478515625,21325.241171875,46.51837082886958,25.196849478838004,0.03290141215477453,0,1,1632.945434570312,-0.0013762059625292977,1532.1333129882812,1295.0419274902345,56.26122845928295,42.68380926564826,0.06255160665097353,0,0,31,Fear,1,0,0,1,0,normal
2022-08-03,22846.5078125,-0.0057275961266136655,22608.97724609375,21338.03546875,46.72476030396536,22.42504302504806,0.0329149577785291,0,1,1618.87451171875,-0.00861689714406444,1553.5007263183593,1303.1861608886718,56.951139014180974,40.052863448706354,0.06178232745225501,0,0,34,Fear,1,0,0,1,0,normal
2022-08-04,22630.95703125,-0.009434736504108754,22698.70869140625,21339.1978125,45.57435262516496,21.420086957151547,0.03303808539262254,0,1,1608.205810546875,-0.006590196519029812,1572.2545593261718,1310.6861486816406,52.369099637330734,38.2888671034309,0.06185162916708837,0,0,30,Fear,1,0,0,1,0,normal
2022-08-05,23289.314453125,0.029091011085651708,22803.65859375,21397.35109375,54.603514739513024,20.561635339176977,0.03338507496833269,0,0,1732.254638671875,0.07713492098552788,1591.2359680175782,1323.9766271972655,63.01440383741408,36.57141694264691,0.06062087295903679,0,0,31,Fear,1,0,0,1,0,normal
2022-08-06,22961.279296875,-0.014085221654344782,22912.75537109375,21447.14703125,53.924616443532216,21.05796902446919,0.03319939691610703,0,0,1691.658081054688,-0.02343567551264436,1608.8870849609375,1336.079403076172,59.15742614809209,35.60182660812504,0.060968382717581523,0,0,31,Fear,1,0,0,1,0,normal
2022-08-07,23175.890625,0.009346662498644243,22947.2654296875,21530.3119921875,54.43623203118407,20.69353467584477,0.027932087192679117,0,0,1699.350830078125,0.004547460925816038,1614.9187316894531,1350.1936840820313,56.79592142879573,32.965929681387344,0.0468213281734023,0,0,30,Fear,1,0,0,1,0,normal
2022-08-08,23809.486328125,0.02733856978257987,22968.26806640625,21595.4362890625,71.1980495844508,22.56324376524676,0.02714078150135546,0,0,1775.51611328125,0.044820223025767714,1626.5457763671875,1363.1508764648438,75.12878697637119,32.70973660200069,0.0471764284286223,0,0,30,Fear,1,0,0,1,0,normal
2022-08-09,23164.318359375,-0.02709709734425869,22964.89736328125,21646.7319140625,65.28201038655052,25.078700729300436,0.02782855168114116,0,0,1703.025024414062,-0.0408281785363358,1635.686993408203,1374.6585278320313,67.99529745766702,33.673717979384854,0.04818978048205681,0,0,42,Fear,0,0,0,0,0,normal
2022-08-10,23947.642578125,0.033815983988709775,23004.048046875,21711.4728125,59.43612848233933,25.10053804791304,0.028806127194963553,0,0,1851.74267578125,0.08732558197044415,1649.4366516113282,1389.1968896484375,65.8442820480328,33.01782401328877,0.05107284269977408,0,0,31,Fear,1,0,0,1,0,normal
2022-08-11,23957.529296875,0.00041284726535173455,23066.1755859375,21790.8828125,51.26666187736336,24.36916811547707,0.02836644958467674,0,0,1881.22412109375,0.015920919087778707,1666.6276000976563,1405.7929345703126,62.55421090237597,31.555046875581613,0.05044488286324978,0,0,41,Fear,0,0,0,0,0,normal
2022-08-12,24402.818359375,0.018586602023192844,23163.042578125,21857.221640625,56.113986844600596,22.932440744964403,0.028367503865903403,0,0,1957.246459960938,0.04041110148161842,1687.025048828125,1422.0701293945312,66.54909368015169,30.590199571039957,0.05085010097921505,0,0,42,Fear,0,0,0,0,0,normal
2022-08-13,24424.068359375,0.0008708010561344626,23253.78779296875,21921.0698828125,58.0576997254834,21.773174396690784,0.028375190280549852,0,0,1981.336547851562,0.012308152490466018,1706.1180419921875,1437.1599658203124,70.76696618533438,30.44075503393004,0.050644053118587655,0,0,46,Fear,0,0,0,0,0,normal
2022-08-14,24319.333984375,-0.004288162539464846,23401.66943359375,21977.4098046875,60.79556234327368,21.34242839238058,0.024826192426256208,0,0,1936.802001953125,-0.022477022364891797,1730.6889709472657,1451.0270678710938,67.79850244514387,29.68550475921729,0.04467248022711511,0,0,47,Neutral,0,0,0,0,0,normal
2022-08-15,24136.97265625,-0.007498615226969818,23546.53037109375,22039.603359375,58.7345932689349,21.965247289290257,0.024876793293034313,0,0,1904.228149414062,-0.01681836992434671,1753.810040283203,1465.1149975585938,69.12358960128516,31.07353432081671,0.045091871456613655,0,0,45,Fear,0,0,0,0,0,normal
2022-08-16,23883.291015625,-0.010510085263709001,23594.16748046875,22102.559609375,59.78047126166558,23.742945410170716,0.018257252249276455,0,0,1878.139404296875,-0.013700430342453829,1765.9053771972656,1478.8041723632812,66.85777916611352,33.648495072535816,0.03551694543860222,0,0,44,Fear,0,0,0,0,0,normal
2022-08-17,23335.998046875,-0.02291530796119967,23568.773046875,22163.666875,54.85303167553998,24.61134087354252,0.01678087013296524,0,0,1832.999633789062,-0.02403430246154281,1771.2819519042969,1492.5725805664063,64.11854369761924,36.44947012098068,0.034367212912742896,0,0,41,Fear,0,0,0,0,0,normal
2022-08-18,23212.73828125,-0.005281958173694035,23539.1783203125,22225.841171875,55.875572128194584,25.53548130466037,0.01680855808392279,0,0,1847.0078125,0.007642215771740846,1777.2619934082031,1507.5338598632814,65.67660013405036,39.25993336441424,0.034373677643768884,0,0,30,Fear,1,0,0,1,0,normal
2022-08-19,20877.552734375,-0.10059931398792521,23400.24560546875,22247.6976953125,31.805373419344193,27.220123359838478,0.02790193877069485,0,1,1612.9873046875,-0.12670250024321428,1773.1128845214844,1518.4476293945313,43.15831724398327,38.13670744801377,0.04497312346818395,0,1,33,Fear,1,0,0,1,0,normal
2022-08-20,21166.060546875,0.013819043648011897,23291.70380859375,22285.6315625,36.375392365315086,28.19619225213802,0.02817477060514053,0,1,1577.003784179688,-0.022308619790893824,1767.88720703125,1528.7923583984375,43.387946628700924,37.05490535153507,0.04519111830603471,0,1,29,Fear,1,0,0,1,0,normal
2022-08-21,21534.12109375,0.01738918520335342,23202.69990234375,22331.4688671875,37.82358711567466,28.75398233830418,0.02859106961598015,0,1,1619.318969726562,0.026832646802356974,1767.0933654785156,1539.8484814453125,45.56183440648745,36.488118252704915,0.04522273310121482,0,1,27,Fear,1,0,0,1,0,normal
2022-08-22,21398.908203125,-0.006279006699941081,23123.739453125,22373.5055078125,30.694416375777948,28.67095981330792,0.028486161541488437,0,1,1622.505859375,0.0019680431761854855,1766.57138671875,1550.8232592773438,40.767540538677245,35.28149166432367,0.045221602698119236,0,1,29,Fear,1,0,0,1,0,normal
2022-08-23,21528.087890625,0.006036741981122917,23057.81845703125,22399.44203125,35.71533314690656,27.560574376719213,0.028551572371147752,0,1,1662.769897460938,0.02481595850843199,1768.7661560058593,1561.0574755859375,47.47276654392611,32.46124150937534,0.04547744948563401,0,1,28,Fear,1,0,0,1,0,normal
2022-08-24,21395.01953125,-0.006181150878381003,22996.02158203125,22423.5401171875,24.860766428061154,27.68255736931667,0.028519616103412675,0,1,1657.059204101562,-0.0034344459615825995,1771.2088256835937,1571.5078393554688,35.10272632250505,31.06735261696033,0.045450295364113096,0,1,25,Extreme Fear,1,0,0,1,0,normal
2022-08-25,21600.904296875,0.009623023027591993,22911.60107421875,22444.59328125,27.65371736746971,29.67240774939632,0.027708886375195144,0,1,1696.45703125,0.023775751072092177,1769.4189453125,1581.6975,36.07289222587207,30.710258966319014,0.04229515213238355,0,1,25,Extreme Fear,1,0,0,1,0,normal
2022-08-26,20260.01953125,-0.06207539958496022,22776.5380859375,22417.0419140625,16.420073425460814,32.91262591099822,0.030611106941651735,0,1,1507.782836914062,-0.11121660664574406,1760.2251831054687,1587.1012890625,21.03926854844518,31.477332856823836,0.048878878678920566,0,1,27,Fear,1,0,0,1,0,normal
2022-08-27,20041.73828125,-0.010773990107132536,22619.83046875,22383.2543359375,15.578004930680521,36.983436799910756,0.030418024067137308,0,1,1491.39501953125,-0.01086881809608109,1749.827392578125,1592.4790649414062,18.11462937238055,32.82091539103134,0.04884928294642119,0,1,28,Fear,1,0,0,1,0,normal
2022-08-28,19616.814453125,-0.021201944769558057,22410.196875,22343.746484375,14.831957493773231,40.73251630402819,0.029474287455415294,0,1,1430.54736328125,-0.040799154786720804,1732.578955078125,1596.7504467773438,17.73799622057581,34.7196510236839,0.04796684523949913,0,1,28,Fear,1,0,0,1,0,normal
2022-08-29,20297.994140625,0.03472427641744291,22266.8806640625,22332.4973828125,23.28329595867031,43.85483671005774,0.03071498382720098,1,1,1553.037353515625,0.08562456118434225,1725.079571533203,1604.4431616210939,29.920825256521283,35.33189115383925,0.051814917613784935,0,1,24,Extreme Fear,1,1,0,2,1,stressed
2022-08-30,19796.80859375,-0.024691382971281484,22059.33896484375,22329.022421875,22.507916059937372,46.37441576638848,0.02947263019604403,1,1,1523.8388671875,-0.018800891209749815,1708.6843811035155,1612.9752075195313,29.81480497536552,34.75913563099816,0.04728295393165777,0,1,27,Fear,1,1,0,2,1,stressed
2022-08-31,20049.763671875,0.012777568511970205,21863.95068359375,22343.5394140625,26.979962993954373,49.91804164684955,0.029809156249891323,1,1,1553.684936523438,0.01958610584006415,1692.307421875,1623.2850732421875,33.80467131809115,34.3489813872547,0.04738994767880261,0,1,23,Extreme Fear,1,1,0,2,1,stressed
2022-09-01,20127.140625,0.0038592451457939436,21650.166796875,22341.8407421875,28.24557992380157,53.11513651515953,0.029284095697543228,1,1,1586.1767578125,0.02091274783275332,1673.7539367675781,1632.736865234375,35.19376121349838,33.760402885340966,0.04652540707112669,0,1,20,Extreme Fear,1,1,0,2,1,stressed
2022-09-02,19969.771484375,-0.007818752974256604,21427.451953125,22329.8377734375,40.763448706758815,53.023465888228024,0.029191758580428377,1,1,1577.220458984375,-0.005646469590486647,1653.5481323242188,1640.4507495117186,47.272831180280825,34.628790879299714,0.046257250297280686,0,1,25,Extreme Fear,1,1,0,2,1,stressed
2022-09-03,19832.087890625,-0.006894600364241943,21203.0896484375,22309.75296875,35.99723140485702,53.08347316707114,0.029172635178720926,1,1,1556.872680664062,-0.012901036252988773,1634.5516662597654,1646.9256201171875,48.42753946550409,34.298238418112966,0.04617386814802797,1,1,21,Extreme Fear,1,1,1,3,1,stressed
2022-09-04,19986.712890625,0.007796708085036963,20995.57666015625,22285.6808984375,32.994806188272776,54.697746001427745,0.029433381295534657,1,1,1577.6416015625,0.013340153730219795,1618.2223388671875,1651.4259228515625,46.631143566620075,34.13007791020237,0.046424500268498946,1,1,20,Extreme Fear,1,1,1,3,1,stressed
2022-09-05,19812.37109375,-0.008722884940063236,20792.0306640625,22266.3414453125,32.71346652553248,54.55454922092152,0.029431139964217524,1,1,1617.183227539062,0.025063757153335642,1605.1745300292969,1656.9968725585939,49.59364459134359,33.17764198578068,0.04699270025578226,1,1,23,Extreme Fear,1,1,1,3,1,stressed
2022-09-06,18837.66796875,-0.04919669232863699,20567.11416015625,22193.381015625,25.246680527377904,56.076632073513,0.03065260171860949,1,1,1561.74853515625,-0.03427854768638028,1591.6119750976563,1656.6574853515624,42.46214847536409,33.09637361398432,0.04725063690679017,1,1,22,Extreme Fear,1,1,1,3,1,stressed
2022-09-07,19290.32421875,0.024029314602578067,20370.99345703125,22111.398828125,31.711185801850192,57.976239045764814,0.03158585149341099,1,1,1629.906372070312,0.04364200470163593,1580.756903076172,1658.3961083984375,48.14666814198224,31.46569919690516,0.04850169426409464,1,1,24,Extreme Fear,1,1,1,3,1,stressed
2022-09-08,19329.833984375,0.0020481649337233954,20293.60751953125,22033.360859375,29.677862483353096,58.50765784867461,0.023059156082752764,1,1,1635.34765625,0.0033384029125405057,1581.8749206542968,1660.6990478515625,45.62620002362478,29.8128690911845,0.03915321896234003,1,1,20,Extreme Fear,1,1,1,3,1,stressed
2022-09-09,21381.15234375,0.10612188190716765,20304.362109375,21997.691328125,58.90055051243056,54.99666010492192,0.03356829465065254,1,0,1719.08544921875,0.05120488762662756,1588.97900390625,1663.5457666015625,67.79695938755938,29.193997967798214,0.040242676565130746,0,0,22,Extreme Fear,1,0,0,1,0,normal
2022-09-10,21680.5390625,0.014002365912589188,20311.6830078125,21977.0025390625,62.84484706496134,51.39887377204052,0.03348986764403358,1,0,1776.203735351562,0.03322597265817695,1596.8232421875,1668.32173828125,72.44785233456784,28.8899586466792,0.04044919120231015,0,0,28,Fear,1,0,0,1,0,normal
2022-09-11,21769.255859375,0.004092001431295067,20330.200390625,21963.0780859375,67.809354819943,48.362416628433024,0.033453796193530214,1,0,1761.800048828125,-0.00810925359335879,1603.7879516601563,1672.5717895507812,78.17088008371472,29.18305834517187,0.040557175343390504,0,0,26,Fear,1,0,0,1,0,normal
2022-09-12,22370.44921875,0.027616624254801714,20372.31845703125,21958.3037890625,67.37755836999318,46.32895678532684,0.03395621170935264,0,0,1713.765258789062,-0.02726460932443142,1606.3377197265625,1674.8575610351563,65.65086297787929,29.27291822492813,0.04088338783580671,0,0,25,Extreme Fear,1,0,0,1,0,normal
2022-09-13,20296.70703125,-0.09270006906083372,20317.40283203125,21937.00390625,53.31692160314509,42.03528790444094,0.04007452746324035,1,0,1580.787963867188,-0.0775936460608585,1602.5241577148438,1677.5656518554688,54.613069428955875,27.07789846836631,0.04462453523058785,1,0,34,Fear,1,0,0,1,0,normal
2022-09-14,20241.08984375,-0.0027402074343571003,20249.412109375,21917.030625,51.30362434156052,37.64980428545531,0.03998317514308936,1,0,1634.755004882812,0.0341393294035468,1599.4390563964844,1681.4246166992189,56.31998002351648,24.351157953482918,0.044990785714007935,1,0,27,Fear,1,0,0,1,0,normal
2022-09-15,19701.2109375,-0.026672422800232853,20221.4716796875,21852.4438671875,47.2699412615987,33.21231002340677,0.03793758578487959,1,1,1471.693481445312,-0.09974676508128455,1597.634588623047,1678.1338330078124,42.58478874664853,21.581585469326903,0.04356055051904973,1,1,28,Fear,1,1,1,3,1,stressed
2022-09-16,19772.583984375,0.003622774615297697,20208.01396484375,21771.0178125,48.722009139356196,31.66337246984288,0.037873252640580425,1,1,1432.44775390625,-0.026667052639602562,1594.6872253417969,1672.2734252929688,40.976951084124956,22.232304348210732,0.043904238250372464,1,1,20,Extreme Fear,1,1,1,3,1,stressed
2022-09-17,20127.576171875,0.017953757980268437,20233.55205078125,21697.4766796875,51.86262130615196,29.61337680972333,0.03773120659532313,1,0,1469.74169921875,0.026035117309375133,1596.6469421386719,1667.1201196289062,44.6818459730114,23.567418510862584,0.043261264702209,1,1,22,Extreme Fear,1,0,1,2,1,stressed
2022-09-18,19419.505859375,-0.035179114785287124,20189.62763671875,21612.74265625,46.65778662866065,26.74252957989902,0.037774107343798026,1,1,1335.3291015625,-0.09145321094699688,1585.7615295410155,1659.9073120117187,37.011942848528456,25.56253187373458,0.04342095425118216,1,1,27,Fear,1,1,1,3,1,stressed
2022-09-19,19544.12890625,0.006417415961943007,20176.99365234375,21536.8873046875,48.41009279668081,25.093200583894685,0.03740911948474978,1,1,1377.541381835938,0.03161189269674747,1578.4466552734375,1653.82779296875,37.19176064113944,28.027596057589477,0.04413274506554232,1,1,21,Extreme Fear,1,1,1,3,1,stressed
2022-09-20,18890.7890625,-0.033428956945789956,20119.044921875,21448.4191015625,50.32732534825404,21.386729073473962,0.03800193044989859,1,0,1324.38818359375,-0.038585554628745355,1566.9818176269532,1647.611640625,37.28268564363557,31.273308406547468,0.04440712815870739,1,1,23,Extreme Fear,1,0,1,2,1,stressed
2022-09-21,18547.400390625,-0.018177571658806957,20040.05791015625,21359.804765625,45.35971348523912,17.474422830125174,0.03813350697789217,1,1,1252.607788085938,-0.05419890965278373,1550.303369140625,1640.0048876953124,29.863229211403038,35.41549217563274,0.04509429244810582,1,1,23,Extreme Fear,1,1,1,3,1,stressed
2022-09-22,19413.55078125,0.04669928789927913,20012.246875,21291.145625,50.473951414423695,13.54135246394311,0.03971609762181302,1,0,1327.68017578125,0.05993287636350031,1537.8263549804688,1634.1810009765625,34.71553096964098,39.271479589963654,0.04778811424662539,1,1,22,Extreme Fear,1,0,1,2,1,stressed
2022-09-23,19297.638671875,-0.005970680514919002,19985.5244140625,21224.4792578125,34.89416018186613,16.12714490883582,0.0397090077071999,1,1,1328.259521484375,0.00043635938360231386,1526.3956970214845,1628.5820751953124,28.83566356274956,41.92078762510943,0.04780129503096197,1,1,20,Extreme Fear,1,1,1,3,1,stressed
2022-09-24,18937.01171875,-0.01868762076318642,19933.03935546875,21137.433203125,30.284024047358116,18.423419324038907,0.03985490692173925,1,1,1317.993286132812,-0.007729088469164536,1513.41328125,1620.2968481445312,23.860175343497488,44.36981476252857,0.047565748582928655,1,1,24,Extreme Fear,1,1,1,3,1,stressed
2022-09-25,18802.09765625,-0.007124358610731463,19882.52568359375,21054.2495703125,28.81757924035341,20.234435640950714,0.03984219688590987,1,1,1294.216796875,-0.01803991682505135,1497.264959716797,1612.3480224609375,23.607716185739392,46.270100972823926,0.04696871750906502,1,1,24,Extreme Fear,1,1,1,3,1,stressed
2022-09-26,19222.671875,0.022368473265013344,19901.77587890625,20975.1851953125,26.93328715206613,22.932457972926873,0.038560492849807684,1,1,1335.320190429688,0.03175927993975636,1485.9435424804688,1605.0674096679688,28.47057290842011,49.2004390642609,0.04749080043287289,1,1,21,Extreme Fear,1,1,1,3,1,stressed
2022-09-27,19110.546875,-0.005832956039052206,19892.78701171875,20881.20640625,37.80068714716615,24.589858186988057,0.03822767605521667,1,1,1330.127685546875,-0.003888584116399918,1470.954608154297,1596.1596411132812,33.31416700158988,53.22445692189977,0.046004851590944716,1,1,20,Extreme Fear,1,1,1,3,1,stressed
2022-09-28,19426.720703125,0.016544467837213528,19897.63134765625,20806.454453125,42.050503005296015,26.673344522694062,0.0384011693243824,1,1,1337.410888671875,0.005475566897929385,1456.0577697753906,1588.8473583984376,28.894797648195237,57.579080632121865,0.046037684131066535,1,1,20,Extreme Fear,1,1,1,3,1,stressed
2022-09-29,19573.05078125,0.007532412719634118,19807.22626953125,20718.9626171875,48.644838581766514,28.583478264848054,0.0294813206125662,1,1,1335.65234375,-0.0013148875463555587,1436.8861145019532,1578.5255517578125,37.47619581675689,61.45327455488474,0.043871388390887785,1,1,22,Extreme Fear,1,1,1,3,1,stressed
2022-09-30,19431.7890625,-0.0072171538473359,19694.78876953125,20628.4478125,46.44893018341167,28.85131234356086,0.029180275162018,1,1,1327.978637695312,-0.005745287005706201,1414.4748596191407,1567.4606420898438,39.78912755313271,63.22804121530893,0.04262340884693569,1,1,21,Extreme Fear,1,1,1,3,1,stressed
2022-10-01,19312.095703125,-0.0061596674907298254,19571.93076171875,20526.633359375,41.06456652470734,30.05376612004805,0.02910127513352477,1,1,1311.644409179688,-0.012300068730000002,1391.9670776367188,1554.5486010742188,33.88730432549734,65.20995727381775,0.04260556524023081,1,1,20,Extreme Fear,1,1,1,3,1,stressed
2022-10-02,19044.107421875,-0.013876706359042923,19405.613671875,20419.034140625,45.44762078001808,30.841247320013306,0.028072708058984,1,1,1276.093505859375,-0.02710407109694213,1370.0834899902343,1540.443740234375,42.43936321245656,66.01340934303896,0.042602901471689124,1,1,24,Extreme Fear,1,1,1,3,1,stressed
2022-10-03,19623.580078125,0.030427924155919772,19371.95732421875,20325.1190625,50.867759057404484,31.087997401055212,0.021060416117666927,1,0,1323.439208984375,0.037102064157215064,1357.2160522460938,1528.176484375,43.183896460372104,65.04762020918749,0.04125468707187865,1,1,24,Extreme Fear,1,0,1,2,1,stressed
2022-10-04,20336.84375,0.036347275524413414,19376.74501953125,20249.116484375,65.58962550198098,33.089588543334024,0.022687600546510797,0,0,1362.126586914062,0.02923245561039134,1343.5846313476563,1517.334453125,54.93435763953725,62.13381317256769,0.041004637645908,1,0,20,Extreme Fear,1,0,0,1,0,normal
2022-10-05,20160.716796875,-0.008660486125090072,19399.7203125,20174.665,68.0435692460399,36.16556122062435,0.0218967844958587,1,0,1352.837158203125,-0.0068197983947898555,1337.6418151855469,1506.828408203125,65.66507588913164,58.55303353587112,0.03490331554426906,1,0,25,Extreme Fear,1,0,0,1,0,normal
2022-10-06,19955.443359375,-0.01018185214187517,19408.86328125,20107.05390625,57.1119433400749,39.30026409786506,0.02203947440318919,1,0,1351.70947265625,-0.0008335707960394068,1333.6049011230468,1497.2026049804688,54.884623935967475,55.30043927311197,0.034480701574590975,1,0,26,Fear,1,0,0,1,0,normal
2022-10-07,19546.849609375,-0.02047530303595302,19379.826953125,20033.7361328125,53.03736649213164,38.134525370092014,0.02213011737305922,1,0,1332.516967773438,-0.014198690821554116,1326.7436645507812,1486.9127880859376,50.804561109688635,49.7322616282534,0.03390815730925742,1,0,23,Extreme Fear,1,0,0,1,0,normal
2022-10-08,19416.568359375,-0.006665076603316944,19379.680078125,20004.5164453125,56.19250633417083,36.063534515893146,0.02070029905055146,1,0,1315.50048828125,-0.012770178469563187,1325.7522338867188,1480.9630517578125,49.54063721880037,43.36905116356456,0.027161517239572067,1,1,24,Extreme Fear,1,0,1,2,1,stressed
2022-10-09,19446.42578125,0.0015377290838616275,19374.794921875,19970.12375,58.552235896287264,34.26965619988464,0.020651785721845672,1,0,1322.604248046875,0.005400043427506773,1323.0053771972657,1475.8750610351562,55.57361097130148,37.21118238499431,0.026149163122141536,1,0,22,Extreme Fear,1,0,0,1,0,normal
2022-10-10,19141.484375,-0.01568110303046133,19387.3296875,19922.271015625,48.88826365011543,30.438960862686127,0.01949069625616726,1,1,1291.337646484375,-0.023640179296771646,1321.352850341797,1469.3154345703124,41.017467703968855,30.612410456696214,0.02523754401096029,1,1,22,Extreme Fear,1,1,1,3,1,stressed
2022-10-11,19051.41796875,-0.00470529894576166,19412.53056640625,19875.3212109375,49.18540060509715,28.548316743664767,0.01902620924897992,1,1,1279.57568359375,-0.009108355915005362,1322.7012451171875,1462.4568310546874,39.945586198725415,28.05515604555935,0.02204337382943799,1,1,24,Extreme Fear,1,1,1,3,1,stressed
2022-10-12,19157.4453125,0.005565325579645286,19399.72529296875,19827.908359375,46.06227854261835,27.036541076712442,0.01584096841884626,1,1,1294.906372070312,0.011981072064065179,1321.0625549316405,1455.099560546875,41.80839766454969,24.088841801795695,0.017461024249655996,1,1,20,Extreme Fear,1,1,1,3,1,stressed
2022-10-13,19382.904296875,0.011768739552548313,19403.98857421875,19787.6660546875,47.28230678570491,25.889802995197652,0.01601688442619338,1,1,1288.123901367188,-0.005237807805579142,1319.0557739257813,1447.7208544921875,41.01417734256181,22.093583753179068,0.01748074305989114,1,1,20,Extreme Fear,1,1,1,3,1,stressed
2022-10-14,19185.65625,-0.010176392755898878,19416.42080078125,19739.36109375,46.53752779154609,26.274288090802298,0.015592123828994149,1,1,1297.422119140625,0.007218418789968872,1318.0272155761718,1439.74015625,44.2581933238615,20.37185747079628,0.01751491202725932,1,1,24,Extreme Fear,1,1,1,3,1,stressed
2022-10-15,19067.634765625,-0.0061515479500473536,19429.69765625,19715.5133984375,46.55942850294292,26.16780003428816,0.015567709531846805,1,1,1274.871704101562,-0.01738093925360218,1317.0599609375,1435.08193359375,43.24786301797249,18.573824055554404,0.0174810470202223,1,1,24,Extreme Fear,1,1,1,3,1,stressed
2022-10-16,19268.09375,0.010513049302600663,19431.96875,19700.0405078125,53.21349251583334,25.386668402317373,0.014915906124373206,1,0,1306.296630859375,0.024649481713894472,1315.6087829589844,1431.3799658203125,55.63116659899608,16.3675826637092,0.016849044315468065,1,0,24,Extreme Fear,1,0,0,1,0,normal
2022-10-17,19550.7578125,0.014670058500208416,19453.979296875,19698.719375,48.857970559929825,24.33368068313566,0.015180039949282626,1,1,1331.713623046875,0.019457289858260562,1315.6880798339844,1429.403291015625,51.68008740499566,14.69493031994797,0.017434309385216763,1,0,20,Extreme Fear,1,1,0,2,1,stressed
2022-10-18,19334.416015625,-0.011065647631146036,19449.3640625,19679.4478125,31.37693880231673,24.13969767643305,0.014969718124769202,1,1,1310.447021484375,-0.01596935046278447,1314.3398864746093,1424.551484375,38.70780687786237,15.243975104570465,0.01774957960823633,1,1,22,Extreme Fear,1,1,1,3,1,stressed
2022-10-19,19139.53515625,-0.010079479991405349,19427.68828125,19666.30234375,31.159811441366585,22.569475322731726,0.015013034311295059,1,1,1285.744262695312,-0.018850635229100354,1311.844482421875,1419.7895922851562,36.265081858487676,16.481574560220057,0.018200151934288106,1,1,23,Extreme Fear,1,1,1,3,1,stressed
2022-10-20,19053.740234375,-0.004482602172654282,19408.78583984375,19646.381875,32.59688210095551,21.41367548874356,0.014965938601540916,1,1,1283.200927734375,-0.001978103293733935,1309.6055969238282,1414.379912109375,36.056097410689915,18.09167524966227,0.018176060538145855,1,1,23,Extreme Fear,1,1,1,3,1,stressed
2022-10-21,19172.46875,0.006231244583192241,19401.8044921875,19627.2884375,41.86401470294865,21.098637512901238,0.01499217304932483,1,1,1299.946411132812,0.013049775009127407,1309.0206970214842,1408.6553051757812,43.304045107815455,20.570393826586503,0.018271138688650514,1,1,23,Extreme Fear,1,1,1,3,1,stressed
2022-10-22,19208.189453125,0.0018631248583989013,19410.00859375,19612.056796875,45.27744825510367,20.77583911074984,0.014648785566100006,1,1,1314.299194335938,0.011041057600688742,1310.9309814453125,1403.3968798828125,49.75029953399067,21.9944800473497,0.017289342178689555,1,1,20,Extreme Fear,1,1,1,3,1,stressed
2022-10-23,19567.0078125,0.018680488353712166,19407.17998046875,19606.7551953125,52.37818256898263,18.810935175278377,0.013583669227364085,1,0,1363.447021484375,0.03739470233280451,1312.9313720703126,1399.5283666992189,57.226479987352,21.7071747241481,0.01732104821203339,1,0,23,Extreme Fear,1,0,0,1,0,normal
2022-10-24,19345.572265625,-0.011316781236911488,19357.61640625,19593.9323828125,54.162228650319896,16.985391114402198,0.01074510082218143,1,0,1344.99853515625,-0.013530768733529763,1312.074969482422,1394.8755053710938,59.945565118236395,21.823781337829434,0.01634662540610662,1,0,22,Extreme Fear,1,0,0,1,0,normal
2022-10-25,20095.857421875,0.03878330120960949,19354.3734375,19599.602109375,66.78146094389894,18.73534559748618,0.014033537177875848,0,0,1461.665405273438,0.08674126184355635,1317.5163818359374,1391.7651489257812,74.2995040335758,22.520033875556155,0.02535187037401159,0,0,20,Extreme Fear,1,0,0,1,0,normal
2022-10-26,20770.44140625,0.03356831063305088,19395.12333984375,19638.257578125,71.91307937970245,20.799342654154408,0.015686577914425518,0,0,1566.566650390625,0.07176830260791656,1328.2592407226562,1391.8615112304688,79.25807290482066,25.040266599670336,0.029462127206540685,0,0,33,Fear,1,0,0,1,0,normal
2022-10-27,20285.8359375,-0.0233314959115013,19432.07265625,19658.1678125,61.45972200256907,24.9339924371592,0.015914448479879294,0,0,1514.374877929688,-0.03331602421634783,1337.3521362304687,1389.5508813476563,72.19636532254432,27.862767134051357,0.030505135769698124,0,0,32,Fear,1,0,0,1,0,normal
2022-10-28,20595.3515625,0.015257721000682789,19491.01181640625,19683.4781640625,67.39567617073583,27.827881439471664,0.016042404595734035,0,0,1555.477905273438,0.027141910462713303,1349.351007080078,1387.953486328125,73.82951492460765,30.605565505199984,0.030459798683815077,0,0,30,Fear,1,0,0,1,0,normal
2022-10-29,20818.4765625,0.01083375534148523,19559.61435546875,19672.2246484375,71.05916612908607,31.249899939418373,0.016130027710737346,0,0,1619.698486328125,0.04128672020153035,1364.2057189941406,1385.9657470703125,79.56675109163182,34.225012808533165,0.03129203636797458,0,0,34,Fear,1,0,0,1,0,normal
2022-10-30,20635.603515625,-0.008784170461560437,19634.3203125,19651.3259375,66.51831992597762,35.29605717020521,0.015767174711368657,0,0,1590.783325195312,-0.01785218753791884,1379.1780029296874,1382.2573388671874,74.49840354061408,38.72525020108151,0.030983599938312237,0,0,34,Fear,1,0,0,1,0,normal
2022-10-31,20495.7734375,-0.006776156462742766,19706.5380859375,19625.8562890625,61.82292491354824,37.98466941072187,0.01583319746124027,0,0,1572.714477539062,-0.011358459301194612,1393.834942626953,1378.4756274414062,71.0196630643019,42.80142069469663,0.031064153658726994,0,0,31,Fear,1,0,0,1,0,normal
2022-11-01,20485.2734375,-0.0005123007449325812,19772.9294921875,19588.1527734375,65.18002284581343,38.752431127122385,0.015855406775871245,0,0,1579.70458984375,0.004444616238050925,1408.074853515625,1375.7944140625,74.08393484264236,45.80525741793131,0.03109493103983646,0,0,30,Fear,1,0,0,1,0,normal
2022-11-02,20159.50390625,-0.015902620594443806,19811.75947265625,19585.4087109375,63.0045441596293,38.65273272853359,0.01629479517383217,0,0,1519.711791992188,-0.03797722576567053,1419.654248046875,1374.572890625,69.68468144630393,47.36135806344494,0.032779628040139376,0,0,30,Fear,1,0,0,1,0,normal
2022-11-03,20209.98828125,0.0025042468919260763,19862.97607421875,19584.7866796875,64.87604364920018,38.5715179508308,0.01603700688434235,0,0,1531.541748046875,0.007784341818641183,1431.3602294921875,1372.5086254882813,70.57249226714367,48.339269880980055,0.03277843607927592,0,0,30,Fear,1,0,0,1,0,normal
2022-11-04,21147.23046875,0.0463751969796804,19966.955859375,19613.7070703125,70.98671898481102,40.59361380959386,0.018602640918801695,0,0,1645.093383789062,0.07414204404613578,1449.8713134765626,1375.9766235351562,74.63994037844216,50.456325114841036,0.035224404569550984,0,0,30,Fear,1,0,0,1,0,normal
2022-11-05,21282.69140625,0.006405611254872046,20067.6857421875,19643.90921875,71.58902386623299,43.01700767668031,0.018565293638416882,0,0,1627.968017578125,-0.010409966011469263,1465.9548828125,1379.8870288085936,72.30442855196016,53.24194213442102,0.03550653112499782,0,0,38,Fear,1,0,0,1,0,normal
2022-11-06,20926.486328125,-0.01673684363155281,20136.47216796875,19659.887421875,64.15558405437933,45.81954852013886,0.019039528931595277,0,0,1572.234741210938,-0.03423487179441009,1477.980938720703,1381.9368896484375,64.70876475680254,56.1498278731478,0.036888121403694706,0,0,40,Fear,0,0,0,0,0,normal
2022-11-07,20602.81640625,-0.015466997985227438,20199.8921875,19683.5536328125,62.818164620607945,48.06671243078227,0.019242027283742084,0,0,1568.59130859375,-0.0023173591841519903,1490.8881530761719,1386.6021337890625,66.08733685819183,58.78002982933916,0.036526964853224916,0,0,33,Fear,1,0,0,1,0,normal
2022-11-08,18541.271484375,-0.10006131594948431,20169.97900390625,19663.496484375,37.49410016057619,48.80434712529624,0.030039089638764924,0,1,1332.835571289062,-0.15029774550774744,1493.2427185058593,1385.708017578125,42.08684263090989,57.88106240097386,0.0509162554169773,0,1,31,Fear,1,0,0,1,0,normal
2022-11-09,15880.7802734375,-0.14349022466876316,20011.331005859374,19603.29630859375,20.18978229607501,50.66533310061023,0.04378770527892405,0,1,1100.169799804688,-0.1745644972990551,1484.091162109375,1381.2236499023438,25.238742143190677,58.28885845344577,0.06460331190603141,0,1,29,Fear,1,0,0,1,0,normal
2022-11-10,17586.771484375,0.10742489862358795,19932.046142578125,19584.08373046875,35.67786537833325,50.27643419680711,0.050812997529645874,0,1,1299.464599609375,0.18114912792558724,1484.0670715332033,1382.1607861328125,40.131685521083526,56.8462280623994,0.07691314154350505,0,1,22,Extreme Fear,1,0,0,1,0,normal
2022-11-11,17034.29296875,-0.03141443647663533,19823.351318359375,19536.49857421875,31.578824532146143,50.87778409866029,0.05118765459897858,0,1,1287.221069335938,-0.009421980619647163,1482.7131652832031,1381.3516040039062,37.34674578126973,56.08639878447144,0.07693457178050084,0,1,25,Extreme Fear,1,0,0,1,0,normal
2022-11-12,16799.185546875,-0.013802006476365758,19684.960205078125,19486.52951171875,29.234154652432835,51.28446181464324,0.050921465787472524,0,1,1255.268310546875,-0.024823054524384824,1477.3042297363281,1379.8917797851564,32.27071267006481,55.642532450900816,0.07667822328348117,0,1,21,Extreme Fear,1,0,0,1,0,normal
2022-11-13,16353.365234375,-0.026538209918333333,19535.349853515625,19434.85658203125,28.460856828208975,52.01997533795604,0.05111343271594124,0,1,1221.819213867188,-0.02664696973439451,1471.145263671875,1377.9682983398438,32.128976992821435,55.33794808665049,0.07684440485144717,0,1,22,Extreme Fear,1,0,0,1,0,normal
2022-11-14,16618.19921875,0.016194463988263186,19361.466943359374,19391.17861328125,30.738483700769976,54.0855610217298,0.05028951894497663,1,1,1241.604248046875,0.016193094653557782,1460.1422058105468,1376.9160473632812,33.989073076794554,55.81246557162946,0.07413076897760805,0,1,24,Extreme Fear,1,1,0,2,1,stressed
2022-11-15,16884.61328125,0.016031463998783302,19167.175537109375,19344.41744140625,32.5574994583333,56.19595259075994,0.04967178097925551,1,1,1251.736206054688,0.008160376403150371,1444.40068359375,1375.2443676757812,34.18903944329196,56.13021520504842,0.07197600182524873,0,1,22,Extreme Fear,1,1,0,2,1,stressed
2022-11-16,16669.439453125,-0.0127437818409466,18986.355712890625,19295.59529296875,32.91013372252051,59.10004490432207,0.04956831777738936,1,1,1215.6025390625,-0.028866838569826636,1429.4620666503906,1372.9538647460938,34.99405668358963,57.70793280980666,0.0719025779313097,0,1,23,Extreme Fear,1,1,0,2,1,stressed
2022-11-17,16687.517578125,0.0010845070736082985,18790.964013671874,19240.81123046875,32.69653363646377,61.51225046511075,0.04931052555630754,1,1,1200.80859375,-0.012170051342529575,1411.7286010742187,1370.2218188476563,33.7279263614264,59.10426832206194,0.07141483867932907,0,1,20,Extreme Fear,1,1,0,2,1,stressed
2022-11-18,16697.77734375,0.0006148167681003791,18584.929052734376,19183.30576171875,25.952877723129816,63.433097619301016,0.04914392589687442,1,1,1212.30029296875,0.009569967502366605,1391.35869140625,1367.7547778320313,26.329410624228956,61.47984252059209,0.07055389294485855,0,1,23,Extreme Fear,1,1,0,2,1,stressed
2022-11-19,16711.546875,0.0008246325823211276,18388.726220703124,19128.90091796875,24.96590527667587,65.66587648466798,0.04920110599921471,1,1,1218.4267578125,0.005053586870582327,1372.7408630371094,1365.563740234375,27.328347630714518,63.88693584909168,0.07063932730771703,0,1,23,Extreme Fear,1,1,0,2,1,stressed
2022-11-20,16291.83203125,-0.025115259939095247,18178.529150390626,19068.49564453125,24.79343504580629,68.78575625247137,0.049322350932772346,1,1,1142.466674804688,-0.06234275677282963,1351.2284729003907,1362.180185546875,26.72974631453738,67.65222765125576,0.07157319884997444,1,1,24,Extreme Fear,1,1,1,3,1,stressed
2022-11-21,15787.2841796875,-0.030969374751391165,17943.6296875,19003.3591796875,24.31503977359796,73.06884990481782,0.049476915497252444,1,1,1108.35302734375,-0.029859643360511945,1327.6608947753907,1358.8253759765626,25.875922375470495,71.8181146932076,0.07153462078429322,1,1,21,Extreme Fear,1,1,1,3,1,stressed
2022-11-22,16189.76953125,0.025494274188105903,17745.14296875,18934.68296875,34.76052266171159,76.74850445337545,0.05015483348141684,1,1,1135.173461914062,0.02419845835093648,1308.4339782714844,1355.0600610351562,36.73342579459439,76.65325886169299,0.07183819704564265,1,1,22,Extreme Fear,1,1,1,3,1,stressed
2022-11-23,16610.70703125,0.02600021570334854,17565.17890625,18860.160234375,56.66525236992795,75.78442827169934,0.0507269010364552,1,0,1183.199584960938,0.04230729897957364,1291.0168701171874,1351.4815209960936,57.40909700908551,77.05486201169244,0.07274723941900478,1,0,22,Extreme Fear,1,0,0,1,0,normal
2022-11-24,16604.46484375,-0.0003757930043709612,17338.040625,18789.0351953125,36.99229067028339,74.26811053448544,0.04911699561577402,1,1,1203.983154296875,0.017565565100010838,1268.961358642578,1348.5044409179689,37.496275342061075,76.77722485122031,0.07035312106813014,1,1,20,Extreme Fear,1,1,1,3,1,stressed
2022-11-25,16521.841796875,-0.004975953615638518,17099.99814453125,18720.3631640625,42.24969811115653,72.98021555226488,0.04897248834134013,1,1,1198.925903320312,-0.004200433335395326,1247.5092529296876,1345.44876953125,38.21554976418513,76.63098136310035,0.07037925801487553,1,1,20,Extreme Fear,1,1,1,3,1,stressed
2022-11-26,16464.28125,-0.0034839061881034583,16876.887890625,18658.711796875,44.64745918894823,71.0168483951666,0.048986150582249414,1,1,1205.89794921875,0.005815243360018707,1229.1924133300781,1342.9163891601563,42.939930705388996,74.5101291731376,0.0703063315369739,1,1,22,Extreme Fear,1,1,1,3,1,stressed
2022-11-27,16444.626953125,-0.0011937537130568554,16668.97841796875,18599.27296875,51.68859657047866,68.40325448422136,0.04901759639467635,1,0,1195.126953125,-0.008931930020055212,1210.5191955566406,1340.5089184570313,45.91820162903816,71.87392480738039,0.0702800051447065,1,1,26,Fear,1,0,1,2,1,stressed
2022-11-28,16217.322265625,-0.013822428939733733,16552.78095703125,18534.6908984375,42.47819490457064,65.6098390269688,0.04424081827703396,1,1,1170.086181640625,-0.02095239457105269,1202.3817260742187,1337.4585571289062,39.236425472374805,69.35152634318499,0.06229484798725092,1,1,28,Fear,1,1,1,3,1,stressed
2022-11-29,16444.982421875,0.014038085481754337,16580.991064453126,18480.760859375,41.62930507438354,62.66259412821493,0.03022239330082527,1,1,1216.901245117188,0.04000992765415079,1208.2182983398438,1335.9698291015625,45.27860980332728,66.16092816589543,0.048421828173676344,1,1,26,Fear,1,1,1,3,1,stressed
2022-11-30,17168.56640625,0.044000289316970864,16560.080810546875,18443.103828125,57.9620257423867,57.68719621156742,0.02029221329546945,1,0,1295.688598632812,0.06474424595402306,1208.0294982910157,1336.2920874023437,59.72958583655019,61.73381244997505,0.029616842343643087,1,0,29,Fear,1,0,0,1,0,normal
2022-12-01,16967.1328125,-0.011732697360023692,16556.722802734374,18399.297578125,54.21389390252087,52.727522100763636,0.01918715066316335,1,0,1276.27392578125,-0.014984057799110162,1207.4821411132812,1335.9194384765624,59.06642560395712,57.37670884896642,0.02973850557765372,1,0,27,Fear,1,0,0,1,0,normal
2022-12-02,17088.66015625,0.007162515027905547,16571.196533203125,18353.4126953125,55.69958722334651,47.01834259680254,0.01896618201943512,1,0,1294.303344726562,0.014126606037395684,1209.4338928222655,1336.04302734375,59.69950085260781,51.095561810474976,0.029300029946265713,1,0,27,Fear,1,0,0,1,0,normal
2022-12-03,16908.236328125,-0.010558102652595158,16598.940087890624,18307.864296875,52.735065437333446,40.750512100981084,0.01805879885065385,1,0,1243.334838867188,-0.03937910387625698,1210.5096740722656,1334.9612817382813,52.66362439432826,44.270176982687644,0.030081711402750944,1,0,27,Fear,1,0,0,1,0,normal
2022-12-04,17130.486328125,0.013144481522908036,16624.554443359375,18269.121328125,62.3395593759627,34.67390499781517,0.017943566922830407,1,0,1280.256591796875,0.0296957438780745,1212.4422912597656,1335.0689794921875,66.07735933494547,38.803680202566525,0.03058086656708822,1,0,26,Fear,1,0,0,1,0,normal
2022-12-05,16974.826171875,-0.00908673304822849,16629.065087890624,18223.2559765625,69.47207249503688,31.674115148814213,0.017763698363502008,1,0,1259.6767578125,-0.016074772913678648,1212.8393188476562,1334.13658203125,68.23231105018863,35.236596547562144,0.030802351114343172,1,0,26,Fear,1,0,0,1,0,normal
2022-12-06,17089.50390625,0.006755753090715411,16650.068310546874,18174.0308984375,66.2904517125584,29.004046594766635,0.017537116826620076,1,0,1271.65380859375,0.009508035062938625,1215.6418823242188,1332.9353857421875,67.0538864905646,31.754717455765263,0.030045211958736197,1,0,25,Extreme Fear,1,0,0,1,0,normal
2022-12-07,16848.126953125,-0.01412428087141393,16658.098779296874,18124.3051171875,54.59763550390212,27.269483545680064,0.01787750947606629,1,0,1232.4375,-0.030838824473082838,1217.2233276367188,1331.3751953125,56.291025084744476,29.257784549547278,0.030811248548401983,1,0,29,Fear,1,0,0,1,0,normal
2022-12-08,17233.474609375,0.022871839541696026,16684.883642578126,18086.18390625,60.621275332684725,26.1560327719444,0.01855637096788248,1,0,1281.116333007812,0.03949801349586646,1220.664129638672,1331.28263671875,59.19938992484999,27.255826485442164,0.03191783190423349,1,0,25,Extreme Fear,1,0,0,1,0,normal
2022-12-09,17133.15234375,-0.005821360340788395,16705.963916015626,18047.7721484375,60.2610781851073,25.47635617849645,0.018633024919087485,1,0,1264.284790039062,-0.013138184671514397,1222.95703125,1330.9043139648438,57.5821644245786,25.456299515359717,0.03212222511732452,1,0,26,Fear,1,0,0,1,0,normal
2022-12-10,17128.724609375,-0.00025843080632004245,16747.808544921874,18006.897265625,61.3554811864082,24.869292837674685,0.01756923817665054,1,0,1266.384155273438,0.0016605160885554415,1229.1529052734375,1330.2330688476563,57.097129683182125,23.87609909926516,0.02829999283146429,1,0,27,Fear,1,0,0,1,0,normal
2022-12-11,17104.193359375,-0.0014321702613265819,16813.65400390625,17964.81734375,61.25337403277727,24.666200311079965,0.015740449035028938,1,0,1263.868530273438,-0.0019864627881867047,1236.9286804199219,1329.2244555664063,58.22511473775885,22.881399611148915,0.027127042471414436,1,0,26,Fear,1,0,0,1,0,normal
2022-12-12,17206.4375,0.005977723618808328,16864.48740234375,17917.6059375,67.62835396014617,25.710256231478354,0.014930388758966639,1,0,1274.619018554688,0.00850601785212901,1243.9009582519532,1327.4478955078125,62.950509274312594,22.62116467541122,0.0268266285828722,1,0,27,Fear,1,0,0,1,0,normal
2022-12-13,17781.318359375,0.033410801008343594,16923.01796875,17886.320859375,71.19359970659953,28.031879910591876,0.015603960927473008,1,0,1320.549194335938,0.03603443469196854,1250.7684387207032,1326.9589086914064,62.86909739715298,23.81702969686395,0.026415130274639074,1,0,27,Fear,1,0,0,1,0,normal
2022-12-14,17815.650390625,0.0019307922256450727,16983.57724609375,17840.71671875,63.13377135431573,32.053884054202115,0.015582122992827581,1,0,1309.328735351562,-0.008496812562911238,1256.0357177734375,1323.9121752929686,52.035027088771194,24.64509333036398,0.026448757310981362,1,0,30,Fear,1,0,0,1,0,normal
2022-12-15,17364.865234375,-0.02530276169357326,17025.72841796875,17772.6051953125,57.33069728362565,34.098406494045705,0.016789789237713376,1,0,1266.353881835938,-0.032822050227199084,1259.4071166992187,1317.907919921875,48.617200450718016,24.08572808882257,0.027691190967961007,1,1,31,Fear,1,0,1,2,1,stressed
2022-12-16,16647.484375,-0.04131220425223303,17034.88857421875,17699.8381640625,43.33297521168531,33.63455090734704,0.019436213505385037,1,1,1168.259399414062,-0.07746214058242573,1257.5251892089843,1310.9856103515624,35.636321347371805,25.69807753137803,0.03301141789667873,1,1,29,Fear,1,1,1,3,1,stressed
2022-12-17,16795.091796875,0.008866650272798315,17052.41181640625,17623.83296875,48.2730372007999,33.302723597629715,0.019513770486042255,1,1,1188.149536132812,0.017025445486444024,1257.176318359375,1303.63904296875,43.231801928423884,27.42929179971261,0.03319556347788457,1,1,28,Fear,1,1,1,3,1,stressed
2022-12-18,16757.9765625,-0.0022098857704312413,17079.44453125,17542.62296875,43.973678506451776,32.83225531034986,0.01921258775202103,1,1,1184.715209960938,-0.0028904831146524534,1257.9077697753905,1294.9393774414064,37.233692384630686,27.646553681040423,0.03283255862715688,1,1,26,Fear,1,1,1,3,1,stressed
2022-12-19,16439.6796875,-0.01899375344110854,17079.17939453125,17458.7044921875,41.775394533119055,30.443474924543803,0.01952388467656619,1,1,1167.60986328125,-0.014438361671959887,1255.4432006835937,1286.475908203125,37.582657486343145,26.854313355819645,0.031676652965211445,1,1,29,Fear,1,1,1,3,1,stressed
2022-12-20,16906.3046875,0.028384068842582266,17066.06630859375,17386.9151171875,47.45928815212092,27.539011123263062,0.017925329492746563,1,1,1217.70361328125,0.04290281503722926,1251.5439514160157,1279.3756909179688,43.40197098873697,25.10304186766161,0.029576407999693393,1,1,29,Fear,1,1,1,3,1,stressed
2022-12-21,16817.53515625,-0.005250676176186131,17058.58642578125,17313.5603515625,49.556982970021465,26.038109256075806,0.01777170247925432,1,1,1213.599975585938,-0.0033699807166165385,1248.41025390625,1272.0535986328125,47.47974793069766,24.468824934448957,0.029435748344096506,1,1,26,Fear,1,1,1,3,1,stressed
2022-12-22,16830.341796875,0.0007615052090579333,17045.6705078125,17246.977109375,43.455901749117324,25.191499507729475,0.01768782294978742,1,1,1218.18212890625,0.003775670247603502,1244.6041931152345,1266.0230053710939,40.45370531189332,24.835961227526134,0.029225735384185512,1,1,28,Fear,1,1,1,3,1,stressed
2022-12-23,16796.953125,-0.001983838015767403,17040.10634765625,17178.71640625,44.4212103809162,23.67480882732064,0.01753734270918438,1,1,1220.159423828125,0.0016231521337866095,1243.4454223632813,1259.7953588867188,42.99090247353915,24.902931519125303,0.02791999180499759,1,1,27,Fear,1,1,1,3,1,stressed
2022-12-24,16847.755859375,0.003024520816182319,17025.96982421875,17092.7269140625,45.408356729469176,22.325056828897818,0.017276608026991516,1,1,1221.148559570312,0.0008106610684395221,1240.4900207519531,1251.3164624023439,42.78911453432106,25.48715746669863,0.027004375207671908,1,1,29,Fear,1,1,1,3,1,stressed
2022-12-25,16841.986328125,-0.000342451024228807,17019.32783203125,17003.9128125,45.688525601005075,21.147446442965308,0.017163192629972488,0,1,1218.962036132812,-0.0017905466295349282,1238.4542846679688,1243.1363427734375,42.83405705576762,26.17841904970038,0.02680090294283337,1,1,29,Fear,1,0,1,2,1,stressed
2022-12-26,16919.8046875,0.004620497716771643,17010.84287109375,16923.7791796875,45.24872667843402,18.313242908942662,0.017123900451391255,0,1,1226.974365234375,0.006573075177125576,1236.2203125,1236.2311352539064,42.33008999009971,25.620001929393872,0.026746621150651045,1,1,28,Fear,1,0,1,2,1,stressed
2022-12-27,16717.173828125,-0.011975957353969946,17004.29521484375,16846.066328125,29.877219133782532,16.97413263039619,0.01703953927598879,0,1,1212.791625976562,-0.011559116196452668,1235.238018798828,1229.1151416015625,30.678023530894862,26.808314416365892,0.025967408471189165,0,1,27,Fear,1,0,0,1,0,normal
2022-12-28,16552.572265625,-0.009846255365429935,16970.25009765625,16806.29234375,27.236901017393976,18.00520514273082,0.016255205215131442,0,1,1189.986083984375,-0.018804171717316742,1230.6815063476563,1226.2581518554687,29.454304581205335,30.062377496310408,0.02447310095832402,0,1,28,Fear,1,0,0,1,0,normal
2022-12-29,16642.341796875,0.0054232979508825885,16945.7095703125,16821.52357421875,35.030898667262306,20.556375904586222,0.016306369773829776,0,1,1201.595336914062,0.009755788816299793,1227.5470336914063,1228.2866625976562,37.5015667157019,34.15313045791338,0.02452861401857379,1,1,28,Fear,1,0,1,2,1,stressed
2022-12-30,16602.5859375,-0.002388838052975517,16919.40263671875,16801.83986328125,48.706661805677456,24.016232279788152,0.016305991217520258,0,1,1199.232788085938,-0.0019661767614641557,1224.1894653320312,1226.2820263671874,59.48156928278613,33.746889253084724,0.024511601110571504,1,0,28,Fear,1,0,0,1,0,normal
2022-12-31,16547.49609375,-0.0033181483870876605,16891.5677734375,16792.10392578125,42.46623537004702,27.41842767420764,0.01631144505079797,0,1,1196.771240234375,-0.0020526021936839722,1220.8346008300782,1224.4730297851563,52.954538038908794,33.5686882048228,0.024511542730427282,1,0,25,Extreme Fear,1,0,0,1,0,normal
2023-01-01,16625.080078125,0.0046885633896178724,16862.49990234375,16788.62181640625,46.05346037800197,30.87336237133738,0.01628275282769944,0,1,1200.96484375,0.003504097838116227,1217.1518920898438,1223.3869604492188,55.53969552627868,33.97845192091883,0.024419407924564766,1,0,26,Fear,1,0,0,1,0,normal
2023-01-02,16688.470703125,0.0038129515588565255,16807.85751953125,16795.32392578125,58.706275878378285,30.824858455800413,0.014137902179375241,0,0,1214.656616210938,0.011400643850810521,1211.8572631835937,1223.2437084960939,66.42099531409409,31.59282768775019,0.022940244523382534,1,0,27,Fear,1,0,0,1,0,normal
2023-01-03,16679.857421875,-0.000516121662866742,16751.06787109375,16796.55708984375,38.336971501574304,33.31584393007369,0.01410288766219104,1,1,1214.77880859375,0.00010059829352693228,1207.1297668457032,1222.7071997070314,48.432249081334575,32.734899647295265,0.022930399899322145,1,1,26,Fear,1,1,1,3,1,stressed
2023-01-04,16863.23828125,0.010994150293785143,16725.9865234375,16796.12958984375,52.14487631213266,34.164377512466345,0.013427178880636787,0,0,1256.526611328125,0.03436658792451519,1206.6384033203126,1222.8030078125,66.3936680736164,32.12131646757198,0.023324390271837064,0,0,29,Fear,1,0,0,1,0,normal
2023-01-05,16836.736328125,-0.0015715814888571655,16735.44912109375,16799.47552734375,50.296290665305584,33.20466468646671,0.009602171121622519,0,0,1250.438598632812,-0.0048451124237456344,1210.74736328125,1223.4997290039062,62.17865935887177,32.04211105395392,0.014714949375415622,0,0,29,Fear,1,0,0,1,0,normal
2023-01-06,16951.96875,0.006844106816741524,16743.29296875,16804.76455078125,56.676289783681746,32.51174577647658,0.009520932856070852,0,0,1269.379028320312,0.015147028977039678,1214.808837890625,1224.8711376953124,66.47314866186579,32.400873034108905,0.014629866832174676,0,0,26,Fear,1,0,0,1,0,normal
2023-01-07,16955.078125,0.00018342264818071996,16753.148046875,16809.91056640625,54.82023148058803,31.82437121915135,0.009499994619681509,0,0,1264.270385742188,-0.004024521017086613,1218.7865966796876,1225.9105395507813,64.04501351009677,32.7596350142639,0.014657751175550746,0,0,25,Extreme Fear,1,0,0,1,0,normal
2023-01-08,17091.14453125,0.008025112314249405,16785.7212890625,16817.50251953125,60.01806202341781,32.15746480636955,0.00842296244670169,0,0,1287.359497070312,0.018262795354942796,1224.7740783691406,1227.2891943359375,69.60761807711603,34.38043364164777,0.014389840926393295,0,0,25,Extreme Fear,1,0,0,1,0,normal
2023-01-09,17196.5546875,0.006167530562816603,16800.2337890625,16835.59697265625,60.8859257984518,34.1050816829118,0.005820070100840119,0,0,1321.538940429688,0.026550037838815932,1229.9658447265624,1230.8706396484374,73.57247228380727,37.33417544741908,0.012457049185157066,0,0,25,Extreme Fear,1,0,0,1,0,normal
2023-01-10,17446.29296875,0.014522576515372032,16831.6716796875,16868.7771484375,77.65493576475573,35.17107146364631,0.006378696119611831,0,0,1336.586059570312,0.01138605808749893,1236.1151489257813,1235.4353002929688,80.72630031498224,38.336204701499774,0.01242372753764073,0,0,26,Fear,1,0,0,1,0,normal
2023-01-11,17934.896484375,0.02800615102017323,16886.8994140625,16903.6796875,92.08639082811032,36.20476067585474,0.008640701480419474,0,0,1387.932739257812,0.03841629150614301,1244.6026794433594,1240.4904858398438,93.03409705514126,40.59433291140751,0.014498582558764498,0,0,26,Fear,1,0,0,1,0,normal
2023-01-12,18869.587890625,0.052115795988246116,16990.53115234375,16948.8573046875,94.77474223161069,38.08156600579099,0.013833820321925596,0,0,1417.9384765625,0.021619013988194657,1254.491632080078,1245.185263671875,93.55002317218663,43.35172167857898,0.014820097101322535,0,0,30,Fear,1,0,0,1,0,normal
2023-01-13,19909.57421875,0.05511441660269112,17143.6220703125,17014.9594921875,97.41339913572752,41.761912085302576,0.017639362327327997,0,0,1451.614868164062,0.023750248800077367,1266.0149475097655,1250.1378979492188,95.11681192690578,48.525859821235876,0.015147595965634713,0,0,31,Fear,1,0,0,1,0,normal
2023-01-14,20976.298828125,0.05357847423830919,17350.3376953125,17104.0486328125,99.2194937714483,45.44225816481416,0.02015373308405822,0,0,1550.706909179688,0.06826331363011806,1282.6021911621094,1257.1735180664064,97.0247693152556,53.939140690754854,0.01992005525341791,0,0,46,Fear,0,0,0,0,0,normal
2023-01-15,20880.798828125,-0.004552757413617381,17548.38740234375,17192.378984375,97.10833068849188,49.006839322191475,0.020414621594566414,0,0,1552.4794921875,0.0011430806152463724,1298.8774475097657,1264.1051489257814,97.00550496334715,58.967750654168356,0.020038756647623803,0,0,52,Neutral,0,0,0,0,0,normal
2023-01-16,21169.6328125,0.013832516023570829,17771.0103515625,17286.8791015625,97.24579455995519,54.90130923219489,0.019704815852613987,0,0,1576.83349609375,0.015687166258109064,1317.079541015625,1271.7392797851562,97.0885275166734,65.89345115588473,0.019262454825262725,0,0,45,Fear,0,0,0,0,0,normal
2023-01-17,21161.51953125,-0.00038325091993141047,18001.45771484375,17385.763046875,97.25604846100396,58.77197316786275,0.019259814621853447,0,0,1567.846069335938,-0.0056996675806776365,1335.9725402832032,1279.6944775390625,94.8697852916348,70.28959396457041,0.018309256660431466,0,0,51,Neutral,0,0,0,0,0,normal
2023-01-18,20688.78125,-0.022339524368838015,18203.7796875,17470.6390234375,88.01781832298137,63.43826636874189,0.020742339702176066,0,0,1515.506958007812,-0.03338281247871111,1351.6681213378906,1285.666591796875,82.0499023048915,75.25133292350007,0.021159442387230644,0,0,52,Neutral,0,0,0,0,0,normal
2023-01-19,21086.79296875,0.019238045679950355,18427.9900390625,17549.0035546875,89.33227484651398,69.18964313935929,0.020562840308368673,0,0,1552.556518554688,0.024446974889233752,1369.3343078613282,1290.8039501953126,84.72713322916397,78.94133730260907,0.02107377854130994,0,0,45,Fear,0,0,0,0,0,normal
2023-01-20,22676.552734375,0.07539125404137925,18734.44287109375,17663.191953125,91.61949249269632,75.00881890691309,0.02457304733407336,0,0,1659.754150390625,0.06904588049118487,1392.4834533691405,1298.4735546875,87.30324813650164,82.5238131510124,0.02413892970277217,0,0,51,Neutral,0,0,0,0,0,normal
2023-01-21,22777.625,0.004457126566322689,19042.0701171875,17776.97125,91.73719131930756,80.90033457644289,0.024578786366905366,0,0,1627.1181640625,-0.019663144882297257,1413.7911193847656,1305.1298510742188,82.93987651850165,86.14470116855928,0.025334620353058765,0,0,53,Neutral,0,0,0,0,0,normal
2023-01-22,22720.416015625,-0.002511630794474806,19343.6673828125,17893.21484375,90.81316007321536,85.50549698159342,0.0247856297307799,0,0,1628.382080078125,0.0007767819470894111,1434.477392578125,1312.8307958984376,82.23594950450466,87.79679399319305,0.025537830842739355,0,0,53,Neutral,0,0,0,0,0,normal
2023-01-23,22934.431640625,0.009419529327844067,19656.39609375,18009.29375,90.95559281194036,88.99626737490406,0.024539107482866328,0,0,1628.251098632812,-8.043655534861749e-05,1455.1510070800782,1319.7906860351563,80.98733811288685,88.16533444081587,0.02554344638769503,0,0,50,Neutral,0,0,0,0,0,normal
2023-01-24,22636.46875,-0.012991945703908492,19945.0576171875,18122.5266015625,86.79293873312565,90.53469082920829,0.02538499588011444,0,0,1556.604248046875,-0.04400233517182728,1470.1548889160156,1325.7292358398438,69.94729163839934,86.54760465808019,0.028289058928994006,0,0,52,Neutral,0,0,0,0,0,normal
2023-01-25,23117.859375,0.021266153759075257,20259.11376953125,18243.0937109375,86.77941886988896,90.13398790045946,0.025106424549881316,0,0,1611.711059570312,0.03540194085464021,1488.2185119628907,1332.530380859375,70.15080412304044,82.44450072089181,0.028522647004281525,0,0,51,Neutral,0,0,0,0,0,normal
2023-01-26,23032.77734375,-0.003680359408276712,20563.15419921875,18366.78671875,83.59361234486883,89.0823546497307,0.02542267108348111,0,0,1603.10595703125,-0.005339109940311615,1504.9048583984375,1339.94375,67.34237777383473,77.86743848990626,0.028813603268581057,0,0,54,Neutral,0,0,0,0,0,normal
2023-01-27,23078.728515625,0.0019950339114214177,20869.33671875,18483.691796875,80.4587832082087,86.57526966232219,0.02536748246930166,0,0,1598.156494140625,-0.0030874209336673175,1521.5991638183593,1346.2845532226563,64.50529562688786,72.406706340626,0.02878670412496312,0,0,55,Greed,0,0,0,0,0,normal
2023-01-28,23031.08984375,-0.0020641809553220147,21166.333984375,18601.650546875,74.55957240483528,83.3962050962707,0.02562989700918389,0,0,1572.43505859375,-0.01609444108957936,1535.8529418945313,1352.44755859375,52.516224976922395,65.49585732132194,0.029422398429530514,0,0,52,Neutral,0,0,0,0,0,normal
2023-01-29,23774.56640625,0.03228143207915801,21495.2345703125,18734.5673828125,79.94839915701914,80.70648841315543,0.025803196394034,0,0,1646.155639648438,0.046883068812149986,1552.0837768554688,1360.04298828125,59.298639995366436,59.15917357911423,0.03034458186072065,0,0,55,Greed,0,0,0,0,0,normal
2023-01-30,22840.138671875,-0.03930367092328346,21764.92685546875,18849.2862890625,65.25060918703619,77.03193793359671,0.028681624025119316,0,0,1567.326538085938,-0.04788678522483769,1563.62080078125,1366.1121484375,49.14840279462013,52.39258096407013,0.03312103347499098,0,1,61,Greed,0,0,0,0,0,normal
2023-01-31,23139.283203125,0.013097316769725253,22025.14619140625,18967.943203125,67.14463006513373,73.29760288237853,0.028489996128711146,0,0,1586.535400390625,0.012255813857491082,1573.5509338378906,1372.3504760742187,51.64401421963896,45.625988349026024,0.032386217319527656,0,0,51,Neutral,0,0,0,0,0,normal
2023-02-01,23723.76953125,0.025259482888651652,22267.8552734375,19086.7922265625,75.80935233874905,72.1464683592068,0.027161058182704687,0,0,1641.792724609375,0.034828926102213,1584.7436462402343,1378.7753466796876,61.05203467397168,41.55618009826424,0.032827419403017616,0,0,56,Greed,0,0,0,0,0,normal
2023-02-02,23471.87109375,-0.01061797692681965,22445.9701171875,19199.916640625,70.79943860796577,71.1764478455029,0.02558204704813515,0,0,1643.241577148438,0.0008824820072264039,1594.3249816894531,1385.453603515625,58.46380269796444,38.31260767236635,0.03264263954799093,0,0,60,Greed,0,0,0,0,0,normal
2023-02-03,23449.322265625,-0.0009606745041729203,22569.6212890625,19321.60578125,59.27404005722997,68.5092718475012,0.02334023943962802,0,0,1664.74560546875,0.013086346292204176,1600.0269165039062,1393.4214379882812,50.55457001497299,32.995195552525246,0.029331057809207865,0,0,60,Greed,0,0,0,0,0,normal
2023-02-04,23331.84765625,-0.005009723012217249,22692.17373046875,19455.293046875,56.62516705221368,65.12489313130474,0.023351171350518413,0,0,1667.059204101562,0.0013897610693260898,1605.7559020996093,1403.3974340820312,54.75820616309682,27.74492737535701,0.0293298627105482,0,0,58,Greed,0,0,0,0,0,normal
2023-02-05,22955.666015625,-0.01612309690031044,22781.475390625,19578.50453125,52.61291358260372,61.10084286180473,0.02376709798773556,0,0,1631.645874023438,-0.021242994844451024,1608.4965209960938,1412.2673608398438,50.35956246263108,22.539388033652635,0.02971351658214536,0,0,58,Greed,0,0,0,0,0,normal
2023-02-06,22760.109375,-0.008518883333286542,22861.4048828125,19698.5471875,48.05583667224447,56.65517419879241,0.02392097367925828,0,1,1616.2470703125,-0.009437589342205954,1610.916571044922,1420.897998046875,48.72059150703935,17.64934767913056,0.02977701760372832,0,1,56,Greed,0,0,0,0,0,normal
2023-02-07,23264.291015625,0.022151986720186922,22990.18037109375,19835.0394140625,56.69400119034083,52.93978495704858,0.0234143815961513,0,0,1672.003540039062,0.03449749159686433,1618.7414001464845,1430.9858715820312,62.730659208686724,15.99455831329965,0.02940531349701098,0,0,54,Neutral,0,0,0,0,0,normal
2023-02-08,22939.3984375,-0.013965290320121615,23082.81064453125,19955.7012890625,48.03151065162745,48.3816274086764,0.02361298771413221,0,1,1650.716796875,-0.012731278764855247,1623.6494140625,1439.6461352539063,54.6500314188363,16.038141224403986,0.029308382380624914,0,0,58,Greed,0,0,0,0,0,normal
2023-02-09,21819.0390625,-0.04883996317743455,23039.9349609375,20055.7313671875,39.101197925728044,43.48446661404268,0.02004794784942299,0,1,1546.438232421875,-0.0631716867790626,1617.9836181640626,1446.302900390625,44.49921011357962,14.026342256552056,0.02864353069717254,0,1,55,Greed,0,0,0,0,0,normal
2023-02-10,21651.18359375,-0.007693073387383564,22983.612890625,20152.148203125,37.45593979150412,39.45798826331257,0.0200345862732954,0,1,1514.869140625,-0.02041406577709526,1612.3711669921875,1452.236640625,42.312505999780946,12.632533149369346,0.028666816423170507,0,1,48,Neutral,0,0,0,0,0,normal
2023-02-11,21870.875,0.010146854341645195,22941.13583984375,20253.626640625,40.104230177974934,36.103489491225425,0.02022791267958407,0,1,1539.9267578125,0.01654111006391079,1607.9484008789063,1458.6319873046875,46.99577458179008,12.670385051433309,0.02899600772737048,0,1,49,Neutral,0,0,0,0,0,normal
2023-02-12,21788.203125,-0.003779998514005456,22883.8244140625,20352.4355859375,30.905387777111045,33.49474801325146,0.020060398646722762,0,1,1515.03369140625,-0.016165097645040705,1602.287530517578,1464.5096899414064,36.68043159255081,12.748440455004664,0.029151339208350377,0,1,50,Neutral,0,0,0,0,0,normal
2023-02-13,21808.1015625,0.0009132665684197239,22842.4060546875,20451.757890625,37.96273389273044,31.715085327847156,0.019913219520231236,0,1,1507.165893554688,-0.0051931504204763,1599.8156127929688,1470.2737670898437,42.859341032549594,13.40864539543942,0.027538768848922788,0,1,48,Neutral,0,0,0,0,0,normal
2023-02-14,22220.8046875,0.018924303145655852,22797.5533203125,20557.777890625,39.56369382225073,29.114460090468416,0.019777663181492634,0,1,1556.875122070312,0.03298192238041131,1597.0738159179687,1476.8717822265626,46.71721286336659,13.328252180568484,0.027374075062451517,0,1,50,Neutral,0,0,0,0,0,normal
2023-02-15,24307.841796875,0.09392266116037784,22861.30654296875,20709.59125,54.94729033511111,25.700027118272214,0.02912121765629805,0,0,1673.745971679688,0.07506758117758516,1600.6058166503906,1486.090869140625,53.11211883645061,12.600625445815329,0.03223375329359923,0,0,53,Neutral,0,0,0,0,0,normal
2023-02-16,23623.474609375,-0.028154173176657027,22888.54384765625,20851.009296875,51.196475667710224,22.523397425051908,0.02994948322461103,0,0,1640.067626953125,-0.02012153892909152,1602.7013732910157,1495.0925,49.70913081562172,11.03036946050023,0.0326160939100752,0,1,62,Greed,0,0,0,0,0,normal
2023-02-17,24565.6015625,0.03988096453648349,22965.26943359375,21009.4744921875,57.69317434451842,20.848102082958743,0.031126139025889083,0,0,1694.783325195312,0.03336185492779742,1608.8187866210938,1504.956259765625,52.59478594273455,11.32360159280938,0.033059948489962826,0,0,61,Greed,0,0,0,0,0,normal
2023-02-18,24641.27734375,0.0030805588480080637,23008.60498046875,21170.2483203125,59.076622229539055,19.810356389666346,0.030390105071578508,0,0,1691.819458007812,-0.0017488177653378623,1611.1019775390625,1514.8079931640625,52.13649574082798,11.239208003795964,0.03151307363690054,0,0,60,Greed,0,0,0,0,0,normal
2023-02-19,24327.642578125,-0.012728023845912761,23082.98017578125,21325.85125,59.593366426904886,20.651325614139484,0.02902947437580986,0,0,1681.436157226562,-0.006137357465717308,1616.8074584960937,1524.5012915039063,54.49022718756033,12.315971630043876,0.02935465446059899,0,0,60,Greed,0,0,0,0,0,normal
2023-02-20,24829.1484375,0.020614650916729094,23167.4734375,21489.9326171875,63.873874345824014,21.529048785664003,0.029207725132514767,0,0,1702.675170898438,0.012631471959606566,1622.6144470214845,1534.535498046875,57.713080663368196,13.230572339538629,0.029360384206113373,0,0,58,Greed,0,0,0,0,0,normal
2023-02-21,24436.353515625,-0.01581991113645098,23203.10263671875,21644.8902734375,57.97840856212191,21.82225566563108,0.02907257189010196,0,0,1658.036376953125,-0.02621685845207855,1623.4266296386718,1543.4030932617188,48.72829711471416,11.721658139154457,0.029153166531738158,0,1,60,Greed,0,0,0,0,0,normal
2023-02-22,24188.84375,-0.01012875204423358,23238.95126953125,21795.07,58.59572226716078,22.053169529961167,0.029061714377923736,0,0,1643.231689453125,-0.008929048666112882,1623.4261352539063,1551.9721508789062,49.31034436218494,9.104221515888053,0.02923578743638753,0,1,59,Greed,0,0,0,0,0,normal
2023-02-23,23947.4921875,-0.00997780485063493,23263.859765625,21936.755078125,66.65762785234715,24.484986850739592,0.029178071374249923,0,0,1651.073852539062,0.00477240253840705,1622.7425476074218,1559.863095703125,61.72431196989773,10.367072746985013,0.02910475857683372,0,0,56,Greed,0,0,0,0,0,normal
2023-02-24,23198.126953125,-0.03129201289670536,23257.17373046875,22063.982890625,61.0966229368829,26.16916972298373,0.03006251267533101,0,0,1608.373168945312,-0.025862370437327087,1619.8082458496094,1567.021787109375,60.22203331700795,11.451285422518866,0.02966809796038252,0,0,53,Neutral,0,0,0,0,0,normal
2023-02-25,23175.375,-0.0009807668166905703,23268.1591796875,22188.451015625,59.629588192312646,27.626702093582235,0.029821330442455548,0,0,1594.914916992188,-0.008367617797273574,1617.971697998047,1573.5325048828124,56.167831371194886,12.21464228735417,0.029352323153124426,0,0,52,Neutral,0,0,0,0,0,normal
2023-02-26,23561.212890625,0.016648614774302573,23308.21435546875,22320.5737109375,62.52734117005442,28.069209273316943,0.029934286967674396,0,0,1640.817138671875,0.028780357616977392,1619.2002014160157,1581.0634399414062,63.47367292393472,12.988909628831792,0.029992797478673085,0,0,51,Neutral,0,0,0,0,0,normal
2023-02-27,23522.87109375,-0.0016273269569350157,23321.143359375,22449.2082421875,62.0843452231186,29.15667933722824,0.02956785649856637,0,0,1634.326416015625,-0.003955786725572508,1617.3163452148438,1588.0027783203125,63.661486479220244,14.491411803889836,0.028959212217553286,0,0,50,Neutral,0,0,0,0,0,normal
2023-02-28,23147.353515625,-0.01596393470118429,23331.54111328125,22568.22421875,56.56398890525605,30.62952874257572,0.029624269148487193,0,0,1605.895141601562,-0.017396325565964044,1615.075262451172,1593.68990234375,55.51878248488961,15.987163534392524,0.029079384431279456,0,0,53,Neutral,0,0,0,0,0,normal
2023-03-01,23646.55078125,0.02156606219747892,23422.91669921875,22692.229375,43.95526862001358,29.62766539292806,0.027516055254040536,0,1,1663.433715820312,0.035829596047825873,1620.9250366210936,1600.22685546875,48.66000672550413,15.407643640678183,0.026220838482699325,0,1,50,Neutral,0,0,0,0,0,normal
2023-03-02,23475.466796875,-0.007235050302163204,23514.130859375,22803.04078125,48.506991017515766,29.112197463887068,0.027505668920614526,0,1,1647.3193359375,-0.009687419299942102,1627.5475463867185,1605.4145874023438,50.98736959394953,15.910043056142351,0.025802123474706,0,0,51,Neutral,0,0,0,0,0,normal
2023-03-03,22362.6796875,-0.047402129167592566,23538.72109375,22872.9026171875,28.517952495918422,29.718267184847175,0.029788352722965112,0,1,1569.167602539062,-0.047441762925681474,1629.0095886230467,1608.439169921875,33.922614367974845,17.578722665900187,0.02809635023526712,0,1,50,Neutral,0,0,0,0,0,normal
2023-03-04,22353.349609375,-0.0004172164631153219,23566.97841796875,22921.778125,27.39652914804782,30.33953141333717,0.029766326815594393,0,1,1566.923950195312,-0.0014298360099453955,1631.6041015624999,1610.7453515625,33.985269147353605,19.529798941819845,0.027805680320121436,0,1,50,Neutral,0,0,0,0,0,normal
2023-03-05,22435.513671875,0.0036756935285233716,23598.3490234375,22950.962421875,30.41087480851077,30.16041258149166,0.029768936051697528,0,1,1564.46875,-0.00156689174034641,1634.4692443847655,1611.0205883789063,34.690584919907366,20.86431505676376,0.02776778257309054,0,1,47,Neutral,0,0,0,0,0,normal
2023-03-06,22429.7578125,-0.00025655126328649747,23608.7966796875,22981.9416015625,22.31763486412187,29.94592240514179,0.029496938898879766,0,1,1567.398681640625,0.0018727965263767299,1634.995422363281,1611.3189721679687,31.402853346373647,22.203359612376282,0.026809159699962396,0,1,48,Neutral,0,0,0,0,0,normal
2023-03-07,22219.76953125,-0.00936203961743065,23504.39306640625,23002.9443359375,23.30048938904241,30.424166747627932,0.01979352159543258,0,1,1561.93310546875,-0.0034870363462051746,1629.4047790527343,1611.0209643554688,35.19342556935334,24.092932412574303,0.020300449654049885,0,1,49,Neutral,0,0,0,0,0,normal
2023-03-08,21718.080078125,-0.022578517406286358,23409.12333984375,23014.075546875,21.956041451723678,31.49872210873063,0.019476500397474346,0,1,1534.088256835938,-0.017827171045494694,1624.1058105468749,1610.3458081054687,33.833917885040165,25.71017986620516,0.020206384787669722,0,1,50,Neutral,0,0,0,0,0,normal
2023-03-09,20363.021484375,-0.06239311158608585,23198.9943359375,23007.5603515625,17.525315315602256,32.45063870829864,0.020730679582922906,0,1,1438.660766601562,-0.062204693771136355,1611.2996826171873,1608.8088842773439,25.019308810617403,27.74456827366779,0.022310264910837284,0,1,44,Fear,0,0,0,0,0,normal
2023-03-10,20187.244140625,-0.008632183779056501,22976.29267578125,22989.569375,19.558022483554396,34.12101040846881,0.020532102429254583,1,1,1429.158081054688,-0.006605230202615164,1598.166613769531,1606.3409155273437,27.138398235016396,30.119371096868782,0.0222659638750281,1,1,34,Fear,1,1,1,3,1,stressed
2023-03-11,20632.41015625,0.022051846825845045,22791.5310546875,22948.6865234375,26.312321250536712,35.0734122027158,0.021702917522449638,1,1,1482.61669921875,0.03740567182365906,1588.2256408691405,1602.7981665039063,37.00122449867748,31.454865089449445,0.024491840444527572,1,1,33,Fear,1,1,1,3,1,stressed
2023-03-12,22163.94921875,0.07422977009964415,22658.27109375,22936.4130078125,39.27392432483652,34.29969528711463,0.027858570415453084,1,1,1590.29296875,0.07262583079496476,1582.6065307617187,1602.0616625976563,44.88343102631528,30.432304941726834,0.029956277592840055,1,1,33,Fear,1,1,1,3,1,stressed
2023-03-13,24197.533203125,0.09175187888693825,22646.330078125,22965.9553515625,53.96457139263107,32.19659762528823,0.0351497451411679,0,0,1680.308959960938,0.056603401373076734,1583.7201599121092,1603.1002001953125,53.98285387902391,28.300720752940634,0.03221491976858805,0,0,49,Neutral,0,0,0,0,0,normal
2023-03-14,24746.07421875,0.022669294883089997,22674.1916015625,23002.188203125,59.207457529351444,31.90734711354105,0.0354123144768774,0,0,1703.507080078125,0.013805865867504652,1586.733929443359,1604.6053198242187,58.53216796453622,27.927748870507536,0.03224141418470014,0,0,56,Greed,0,0,0,0,0,normal
2023-03-15,24375.9609375,-0.014956444322371198,22695.6150390625,23036.978046875,54.26427064207613,33.29708839778797,0.035516246266555404,0,0,1656.180541992188,-0.027781826468115778,1586.9892639160157,1606.596845703125,49.354482790988,28.390000821955898,0.032924185759531266,0,1,50,Neutral,0,0,0,0,0,normal
2023-03-16,25052.7890625,0.027766213062754286,22788.34814453125,23075.676640625,58.70648128523041,33.781516972984505,0.03510124651560263,0,0,1677.215454101562,0.01270085692715095,1590.4313781738279,1607.90693359375,52.63759069413792,27.700350034446952,0.03241410159381816,0,0,52,Neutral,0,0,0,0,0,normal
2023-03-17,27423.9296875,0.0946457745317153,23000.77587890625,23163.4996875,74.5294613658333,35.04141339609014,0.04043362289391187,0,0,1792.485107421875,0.06872680134113107,1600.3098876953122,1611.6945166015626,68.49115628793548,27.563923852783578,0.03548096168903727,0,0,51,Neutral,0,0,0,0,0,normal
2023-03-18,26965.87890625,-0.01670259464889101,23171.0091796875,23241.2426953125,71.42294203269554,36.29925985220741,0.04079675503233959,0,0,1761.65966796875,-0.017197040759496796,1606.3520141601562,1614.964580078125,65.3958007495643,27.697573887971974,0.035447340482559826,0,0,64,Greed,0,0,0,0,0,normal
2023-03-19,28038.67578125,0.039783493752593824,23396.7994140625,23341.3944140625,73.83101457081447,37.507609604302274,0.04135397105393496,0,0,1785.576538085938,0.013576328363562373,1613.9145202636719,1619.2274096679687,66.90703271851976,27.64619780264856,0.035453131415761695,0,0,63,Greed,0,0,0,0,0,normal
2023-03-20,27767.236328125,-0.00968089417783835,23627.7935546875,23421.2478125,72.19932618665088,39.196854170805686,0.04117292215494169,0,0,1735.3212890625,-0.02814511052957125,1620.3858276367187,1621.01072265625,61.97363335991005,27.35606462125318,0.035889709084967795,0,0,66,Greed,0,0,0,0,0,normal
2023-03-21,28175.81640625,0.014714466837708162,23854.2568359375,23527.9613671875,74.36946961352103,40.55582575908012,0.041099413661543766,0,0,1806.7607421875,0.04116785380048826,1627.552178955078,1625.7994067382813,65.95608351400627,27.464132679634,0.03615393792263599,0,0,68,Greed,0,0,0,0,0,normal
2023-03-22,27307.4375,-0.030820008681536337,24045.85537109375,23611.324453125,72.20290785643229,41.85331811046677,0.04193719968955558,0,0,1737.717041015625,-0.03821408090164813,1632.0720642089843,1628.8230395507812,62.59469652640855,28.08551902712203,0.03729832769040395,0,0,62,Greed,0,0,0,0,0,normal
2023-03-23,28333.97265625,0.03759177902540278,24344.42001953125,23703.528515625,82.5120129782706,43.16675366937064,0.04025719452640389,0,0,1816.405151367188,0.045282464575229664,1644.4339416503906,1632.3152880859375,73.85799380436417,28.684753482533818,0.036407510505158065,0,0,57,Greed,0,0,0,0,0,normal
2023-03-24,27493.28515625,-0.02967065403073854,24601.416796875,23783.956796875,78.26675579372477,45.064796541602675,0.041275662428994775,0,0,1752.044799804688,-0.035432817130064076,1653.6899841308593,1634.4913525390625,69.0716585979531,30.082017436767504,0.03764233164320316,0,0,61,Greed,0,0,0,0,0,normal
2023-03-25,27494.70703125,5.17171735541222e-05,24854.37646484375,23864.8644921875,77.49397690675465,47.85374227303642,0.04131832498641273,0,0,1743.764770507812,-0.004725923274221611,1662.65478515625,1636.0717358398438,66.29465057587768,32.41458261250473,0.037683531428901955,0,0,64,Greed,0,0,0,0,0,normal
2023-03-26,27994.330078125,0.018171608313816145,25132.605078125,23958.114140625,75.46524767058399,52.00042194676571,0.041259284922767266,0,0,1775.6767578125,0.01830062623377504,1673.0686889648437,1638.2440869140626,62.77510834746558,36.01384366451298,0.03776532330189582,0,0,64,Greed,0,0,0,0,0,normal
2023-03-27,27139.888671875,-0.03052194511765327,25378.61103515625,24041.79859375,64.32698584425485,55.09539910357059,0.04209684279911358,0,0,1715.460815429688,-0.03391154505901939,1680.7450744628907,1639.9203857421876,52.526124976709376,38.09628100639486,0.03880540595742835,0,0,64,Greed,0,0,0,0,0,normal
2023-03-28,27268.130859375,0.004725228944394866,25656.11357421875,24131.9590234375,62.80455480900753,55.680689674898765,0.041391725763740665,0,0,1772.78564453125,0.033416577391890634,1692.6799438476562,1643.0511572265625,54.7458023402133,38.37866988692139,0.038882205473086774,0,0,59,Greed,0,0,0,0,0,normal
2023-03-29,28348.44140625,0.0396180637553154,26055.3845703125,24233.64203125,68.8118070122865,57.49075328146233,0.037844293130292736,0,0,1793.001831054688,0.01140362715921217,1710.3969970703124,1645.471123046875,59.73425257712259,41.02461608192596,0.035199528360422255,0,0,57,Greed,0,0,0,0,0,normal
2023-03-30,28033.5625,-0.0111074503792854,26447.70048828125,24335.5253125,64.6166108176382,59.5725582900352,0.03793763117215418,0,0,1792.737182617188,-0.00014760076254038967,1728.5759521484374,1648.3115307617188,58.469180314606355,43.58668748738968,0.035052571449140785,0,0,60,Greed,0,0,0,0,0,normal
2023-03-31,28478.484375,0.015871042968584437,26840.00419921875,24468.71421875,56.375546181535135,57.52454219439602,0.037921332161355306,0,0,1822.022094726562,0.016335306922468984,1745.5462219238282,1653.8232080078126,52.47781997473094,43.21068393159177,0.03456114594212337,0,0,63,Greed,0,0,0,0,0,normal
2023-04-01,28411.03515625,-0.0023684272611504964,27152.35849609375,24603.91125,59.17011409351057,55.64722864200235,0.03562577804879833,0,0,1813.860595703125,-0.004479363366151623,1756.7246032714843,1659.803037109375,54.55216483045759,41.785344721297115,0.0314786255269041,0,0,61,Greed,0,0,0,0,0,normal
2023-04-02,28199.30859375,-0.00745226498561502,27352.447265625,24730.479921875,51.1443305796899,51.97953719753299,0.0306545165173958,0,0,1795.708129882812,-0.010007641085160834,1762.494561767578,1664.9186645507812,50.89249499007901,39.34864402560909,0.02941771740445652,0,0,63,Greed,0,0,0,0,0,normal
2023-04-03,27790.220703125,-0.014507018470504951,27504.65458984375,24850.5202734375,50.160588730732215,48.899389857462275,0.030852123252150303,0,0,1810.297119140625,0.00812436554417384,1767.8340637207032,1670.8239331054688,57.04748673351085,38.56441491105935,0.02934267139813415,0,0,63,Greed,0,0,0,0,0,normal
2023-04-04,28168.08984375,0.0135971982612757,27694.26103515625,24977.7200390625,49.94578287824391,45.526160309197685,0.030477158030575557,0,1,1871.005126953125,0.03353483092395293,1778.57529296875,1678.1007177734375,56.163102468473056,37.77587135354063,0.029110125108359582,0,0,62,Greed,0,0,0,0,0,normal
2023-04-05,28177.984375,0.000351267384649967,27850.52080078125,25096.8636328125,56.94538371640047,42.32169523013174,0.03014111567937055,0,0,1909.114013671875,0.020368135912491647,1790.1702209472655,1685.1454956054688,67.47996771130195,37.929823861598166,0.029246040625681282,0,0,62,Greed,0,0,0,0,0,normal
2023-04-06,28044.140625,-0.004749940528704033,27881.53134765625,25171.589609375,47.303586302536765,37.44162852025726,0.021869573212626458,0,1,1872.922607421875,-0.018957173846517184,1794.1920959472657,1689.1290283203125,56.310989814164266,35.60447845552329,0.025866754538649252,0,0,63,Greed,0,0,0,0,0,normal
2023-04-07,27925.859375,-0.004217681389550476,27929.53037109375,25257.6373046875,54.64934377912688,32.27548081566694,0.02150241990421835,0,0,1865.636108398438,-0.003890443200676108,1799.39091796875,1693.6403979492188,64.53703449120536,32.2826725241854,0.025501613546785144,0,0,64,Greed,0,0,0,0,0,normal
2023-04-08,27947.794921875,0.0007854922772632111,27924.986328125,25325.281171875,54.84844646813996,27.229233871624746,0.01957461848434233,0,0,1849.498168945312,-0.00865010029580715,1802.5869995117187,1696.7346948242186,63.264619798857936,29.762414913202544,0.025509004583902397,0,0,61,Greed,0,0,0,0,0,normal
2023-04-09,28333.05078125,0.013784839213681899,27953.27705078125,25399.116640625,53.71555943673898,22.313121477061454,0.01966565631803515,0,0,1859.387817382812,0.005347206395527104,1808.7903259277343,1700.0860620117187,61.11606591433621,26.478922883251403,0.02450055983297155,0,0,61,Greed,0,0,0,0,0,normal
2023-04-10,29652.98046875,0.04658621825410658,28027.13525390625,25505.6233984375,75.01272308159452,22.145617835073434,0.0219748503806257,0,0,1911.20751953125,0.02786922752961618,1814.0126647949219,1704.6814892578125,76.5862216809189,27.205439133452842,0.02359514829315648,0,0,62,Greed,0,0,0,0,0,normal
2023-04-11,30235.05859375,0.019629666758571807,28173.51630859375,25613.7416015625,77.08304733066353,23.617765451217185,0.020777110959896174,0,0,1892.189697265625,-0.009950684094362172,1821.7362976074219,1708.4717797851563,68.10092392326148,28.842868309417465,0.02176748307376479,0,0,68,Greed,0,0,0,0,0,normal
2023-04-12,30139.052734375,-0.003175315803583212,28263.7703125,25727.7955859375,69.92597686499917,23.34983654755845,0.019397151915060556,0,0,1920.68212890625,0.015057915008098277,1826.950146484375,1713.7246948242187,68.88176030009865,27.574488427289566,0.01974136778971712,0,0,65,Greed,0,0,0,0,0,normal
2023-04-13,30399.06640625,0.00862713483952482,28409.059375,25852.0000390625,76.64880307480266,22.38491749988484,0.017798596069292582,0,0,2012.634643554688,0.04787492592582265,1839.979638671875,1721.11275390625,75.58180354697225,27.852945163103122,0.01999693868767615,0,0,61,Greed,0,0,0,0,0,normal
2023-04-14,30485.69921875,0.002849851088919886,28558.608984375,25982.7641796875,74.59819757372321,24.322195544954432,0.017767091737291213,0,0,2101.635498046875,0.044221068526871354,1857.8731750488282,1730.1239868164062,78.56061824588437,29.95231366325638,0.021412661233149874,0,0,68,Greed,0,0,0,0,0,normal
2023-04-15,30318.49609375,-0.005484641300179338,28674.81728515625,26125.1715625,72.81784044754387,25.943766181887735,0.017653906332144694,0,0,2092.466796875,-0.004362650507376609,1873.7126770019531,1739.805859375,78.39930557802208,32.82061454439899,0.021526964374411345,0,0,68,Greed,0,0,0,0,0,normal
2023-04-16,30315.35546875,-0.00010358775680330279,28833.590625,26267.971171875,76.64259998819618,30.06669265125435,0.015714083286660623,0,0,2120.005859375,0.013161051129283452,1893.9399291992188,1750.3076782226562,82.43610020607044,37.77730661205409,0.019085366664078413,0,0,68,Greed,0,0,0,0,0,normal
2023-04-17,29445.044921875,-0.028708571396173888,28942.436328125,26385.6478125,68.6673840413222,32.84945839898332,0.017496389595998314,0,0,2076.242919921875,-0.020642838914618267,1909.11279296875,1759.0161938476563,75.13302357947056,41.0691539235518,0.019538419169488386,0,0,69,Greed,0,0,0,0,0,normal
2023-04-18,30397.552734375,0.032348662229154,29044.89189453125,26523.1414453125,72.26331242654376,35.75233390351767,0.016778088350918288,0,0,2104.537353515625,0.013627708647316883,1924.6895690917968,1768.4204125976562,73.51013674765804,43.58104789149867,0.01956446081518608,0,0,58,Greed,0,0,0,0,0,normal
2023-04-19,28822.6796875,-0.0518092051895368,29084.34775390625,26636.64796875,54.904855165281276,37.47294146785539,0.020675290303067455,0,0,1936.403442382812,-0.07989115082796971,1931.8728820800782,1775.0305786132812,52.17727438030144,41.901565934709005,0.02776638065622558,0,0,63,Greed,0,0,0,0,0,normal
2023-04-20,28245.98828125,-0.020008250880993006,29072.72294921875,26728.63671875,51.43871491543621,38.39658466121154,0.020926250636462074,0,0,1943.09765625,0.0034570346864031265,1937.92666015625,1780.623857421875,55.87543073791551,40.90068581456427,0.02761992800635957,0,0,52,Neutral,0,0,0,0,0,normal
2023-04-21,27276.91015625,-0.034308522518338824,29016.01669921875,26804.6655859375,45.874792909046846,37.87081894919145,0.022275610457653767,0,1,1849.999877929688,-0.04791204292839413,1939.733624267578,1784.6774682617188,48.85533047180846,39.260451965991685,0.029901085682020045,0,1,50,Neutral,0,0,0,0,0,normal
2023-04-22,27817.5,0.01981858797984626,28996.92626953125,26913.7619921875,49.22298368395023,37.21326499478063,0.02274109140960693,0,1,1874.228637695312,0.013096627764504598,1943.659649658203,1790.7786889648437,51.78922929746397,37.24353321687939,0.029882696081374976,0,0,53,Neutral,0,0,0,0,0,normal
2023-04-23,27591.384765625,-0.008128524647254443,28986.98447265625,27018.5226953125,45.491485144565075,36.831717884658545,0.022577489891408703,0,1,1862.06201171875,-0.006491537762182031,1946.2478942871094,1796.6814501953124,50.19284042404299,36.343041411900636,0.029918517032309997,0,0,56,Greed,0,0,0,0,0,normal
2023-04-24,27525.33984375,-0.002393679129772508,28954.84697265625,27120.31921875,34.7399684755938,36.03773649953606,0.022348290918464134,0,1,1842.757446289062,-0.010367305335803101,1944.8355102539062,1802.2472241210937,44.82109440069035,33.998660102347586,0.02906944164387585,0,1,53,Neutral,0,0,0,0,0,normal
2023-04-25,28307.59765625,0.02841955147295372,28961.32763671875,27237.876015625,36.56159529820606,35.584150368393495,0.023293340458706232,0,1,1866.753662109375,0.013021906854120413,1942.7174926757812,1808.2343237304688,48.08990881664034,31.896394192523513,0.028839354475188043,0,1,53,Neutral,0,0,0,0,0,normal
2023-04-26,28422.701171875,0.004066170397882152,28980.2556640625,27361.9346484375,38.06524828551313,32.98856575016676,0.023272407130942106,0,1,1866.564208984375,-0.00010148801571707722,1942.3995727539063,1814.3269458007812,45.75565718986123,30.123212883101775,0.028518170405813732,0,1,56,Greed,0,0,0,0,0,normal
2023-04-27,29473.787109375,0.036980508331842854,29057.65205078125,27517.0487890625,44.20369808914361,30.920566131555965,0.024579473207377824,0,1,1908.786376953125,0.022620260136523074,1944.5570861816407,1821.820908203125,41.16635567586759,27.800033019314718,0.028930017686239918,0,1,59,Greed,0,0,0,0,0,normal
2023-04-28,29340.26171875,-0.00453030993708059,29127.275390625,27696.59359375,42.86645326747443,28.788748117586703,0.02463323527889437,0,1,1892.512817382812,-0.008525605466804254,1946.7078186035155,1830.89794921875,29.699680505124675,26.916056026650942,0.028927720936301304,0,1,64,Greed,0,0,0,0,0,normal
2023-04-29,29248.48828125,-0.0031279011203009244,29173.047265625,27877.8184765625,43.27301223530729,26.788790427966706,0.024523562276636,0,1,1908.9169921875,0.00866793326524129,1949.18427734375,1840.4931274414062,32.4289640002001,26.032079033987152,0.02896014154179857,0,1,64,Greed,0,0,0,0,0,normal
2023-04-30,29268.806640625,0.000694680667924441,29153.83857421875,28050.54640625,43.434675862292046,23.118138681612987,0.022152480003299908,0,1,1876.92431640625,-0.016759595054255505,1947.4701171875,1848.3792797851563,26.926791851187573,24.231218542461438,0.02855591779443875,0,1,60,Greed,0,0,0,0,0,normal
2023-05-01,28091.568359375,-0.04022160164248023,29046.6640625,28169.0987890625,41.8240706307422,20.734771964223476,0.02331401392708228,0,1,1831.954833984375,-0.023959134648528724,1944.4583740234375,1853.2125170898437,26.86525719322084,23.318929875238723,0.028968489317448907,0,1,63,Greed,0,0,0,0,0,normal
2023-05-02,28680.537109375,0.020966033026897257,28973.73828125,28258.7588671875,39.151576239277595,18.432670190435548,0.023943249987062046,0,1,1870.789306640625,0.02119837887694409,1941.9637329101563,1857.0221240234375,28.296699186527476,22.792845304377856,0.02918173857722471,0,1,55,Greed,0,0,0,0,0,normal
2023-05-03,29006.30859375,0.01135862564681589,28904.100390625,28343.9635546875,51.377651618166986,16.510138361692476,0.0240159554993976,0,0,1904.65185546875,0.018100674783592785,1936.5645935058594,1861.04501953125,46.07264909903564,23.130370869149345,0.02725842461973548,0,1,64,Greed,0,0,0,0,0,normal
2023-05-04,28847.7109375,-0.005467695268338013,28822.2009765625,28433.3985546875,54.81650257395429,15.580012120466082,0.023998356681812216,0,0,1877.7041015625,-0.014148388236346676,1925.3680236816406,1865.4754907226563,42.29740175486222,23.30743740346112,0.025039435487532333,0,1,64,Greed,0,0,0,0,0,normal
2023-05-05,29534.384765625,0.023803407820215394,28782.99541015625,28523.03046875,68.92563894235036,17.567663596269124,0.024689138566625093,0,0,1995.060913085938,0.06250016252602397,1920.4977294921875,1871.8323999023437,66.16281581239521,25.698787924956797,0.02927757367586484,0,0,61,Greed,0,0,0,0,0,normal
2023-05-06,28904.623046875,-0.021323001096775096,28712.4587890625,28552.6443359375,58.97968448566866,18.9907542308792,0.025100303230031575,0,0,1900.221801757812,-0.04753695022846682,1909.508526611328,1873.9871337890625,52.502424438148495,28.34199688075453,0.030736448059463545,0,0,60,Greed,0,0,0,0,0,normal
2023-05-07,28454.978515625,-0.015556145829018653,28662.95546875,28582.426328125,56.87928944296052,20.112260002687265,0.024531738307936795,0,0,1873.076416015625,-0.014285377484394735,1899.3502014160156,1876.21546875,51.03065816827724,31.243691080953145,0.030598747254944388,0,0,64,Greed,0,0,0,0,0,normal
2023-05-08,27694.2734375,-0.026733637409259936,28527.79150390625,28575.53828125,51.211614374525475,17.686644585224432,0.023797533416057233,1,0,1849.042724609375,-0.012831132355707098,1886.5754699707031,1877.4847924804687,50.58297692435377,32.58263266623201,0.03033620040447051,0,0,60,Greed,0,0,0,0,0,normal
2023-05-09,27658.775390625,-0.0012817829272578907,28469.5962890625,28573.3690625,44.788296560840834,14.160119530072814,0.02101634336657647,1,1,1848.603149414062,-0.00023773122679238146,1882.1854553222656,1879.7504296875,48.23956060349529,33.722354895827515,0.024860297033097778,0,1,51,Neutral,0,1,0,1,0,normal
2023-05-10,27621.755859375,-0.0013384371045779275,28438.38466796875,28562.2878515625,43.48462846157513,15.246860728064325,0.020577336928857857,1,1,1842.401489257812,-0.0033547817757508813,1877.1506469726562,1880.4632446289063,47.68344671053198,33.511214765866335,0.02482788450746353,1,1,52,Neutral,0,1,1,2,1,stressed
2023-05-11,27000.7890625,-0.022481076150133283,28424.57861328125,28556.1548828125,28.369508433871616,16.343839818888394,0.01971919625924434,1,1,1796.490600585938,-0.024919046657071897,1874.4751831054687,1881.6387158203124,39.30947685492397,32.924933968869986,0.023078564818260608,1,1,52,Neutral,0,1,1,2,1,stressed
2023-05-12,26804.990234375,-0.007251596524522896,28373.953125,28525.575234375,28.06378989783734,17.587728053952056,0.019185693043364593,1,1,1808.019775390625,0.006417609310578554,1871.1647399902345,1881.4710083007812,41.88296511760181,30.781577674038004,0.0229082591368135,1,1,49,Neutral,0,1,1,2,1,stressed
2023-05-13,26784.078125,-0.0007801573211611013,28333.58779296875,28511.39109375,28.412192311061474,18.83161628901571,0.01912591583810196,1,1,1796.114868164062,-0.00658450056166604,1867.8673828125,1882.3524096679687,39.068886685494064,28.559194057682927,0.022909324058512547,1,1,48,Neutral,0,1,1,2,1,stressed
2023-05-14,26930.638671875,0.005471927993601522,28303.852734375,28500.1097265625,29.9612529744887,21.58788424978128,0.01918324067886647,1,1,1800.5009765625,0.0024419977119398695,1865.7545593261718,1883.4871337890625,42.17553712414309,26.52203447571919,0.022828883422870958,1,1,48,Neutral,0,1,1,2,1,stressed
2023-05-15,27192.693359375,0.009730726801279843,28248.10751953125,28484.0769921875,40.863111049698745,21.4053456315265,0.018103836603649302,1,1,1817.549926757812,0.009469003581359825,1863.2943725585938,1884.3245971679687,48.43574899129963,23.34673634600194,0.02272833659181504,1,1,50,Neutral,0,1,1,2,1,stressed
2023-05-16,27036.650390625,-0.005738415341494774,28178.80498046875,28482.0122265625,31.677620866269947,21.021432312864764,0.01806788435480651,1,1,1824.121459960938,0.003615599828307614,1861.1722351074218,1886.4978100585938,44.55041644868985,20.21238927394301,0.022752042566143115,1,1,54,Neutral,0,1,1,2,1,stressed
2023-05-17,27398.802734375,0.013394867282656264,28075.05576171875,28484.6256640625,32.227247854964645,22.717865403551833,0.01601993666316757,1,1,1821.859619140625,-0.0012399617404651453,1856.8258972167969,1887.4792895507812,39.561654562568805,19.368409206489353,0.02206883591575137,1,1,50,Neutral,0,1,1,2,1,stressed
2023-05-18,26832.208984375,-0.02067950762275983,27949.653125,28454.301015625,29.560398945157132,24.79383403692492,0.016474060370362417,1,1,1801.728515625,-0.011049755592651422,1852.2866821289062,1887.6538232421874,40.253561003720776,18.992325354979588,0.02211469547933582,1,1,51,Neutral,0,1,1,2,1,stressed
2023-05-19,26890.12890625,0.0021585968530852817,27831.73515625,28431.43234375,19.264495887506328,25.90695691925575,0.016536621795481907,1,1,1812.589477539062,0.006028079047355472,1847.4703063964844,1888.050869140625,17.791378259741577,20.245182015782046,0.02205405508115017,1,1,48,Neutral,0,1,1,2,1,stressed
2023-05-20,27129.5859375,0.008905016115201336,27724.77412109375,28404.454375,27.309011938985293,27.19039388282746,0.016761347190063135,1,1,1820.47802734375,0.004352088491321293,1844.6479919433593,1888.0199877929688,29.68977252306466,22.115093909239956,0.021832528432268208,1,1,48,Neutral,0,1,1,2,1,stressed
2023-05-21,26753.826171875,-0.013850552916312875,27657.88701171875,28371.3101953125,27.83481018134438,28.638991811792494,0.014635714144207848,1,1,1804.531372070312,-0.008759597772627692,1843.2768188476562,1887.8334033203125,31.485881328113322,23.884378168380437,0.02125932586542852,1,1,52,Neutral,0,1,1,2,1,stressed
2023-05-22,26851.27734375,0.0036425134576618667,27566.4240234375,28344.3495703125,36.72107281390907,29.779260073973127,0.013664549250686817,1,1,1817.534790039062,0.0072059805498594365,1840.6140930175782,1888.2699365234375,40.95043359299121,25.693156448199822,0.020729892557455276,1,1,49,Neutral,0,1,1,2,1,stressed
2023-05-23,27225.7265625,0.013945303754316907,27477.394921875,28333.0596875,43.83672452795783,30.20896208047343,0.013820952354194132,1,1,1854.380615234375,0.020272418111193957,1838.1005310058595,1889.1516064453126,51.37237458585781,25.04497263927848,0.02084192454078071,1,0,50,Neutral,0,1,0,1,0,normal
2023-05-24,26334.818359375,-0.03272302765106416,27351.75029296875,28296.3942578125,35.26529148206687,31.374524832636233,0.015330886274131776,1,1,1800.099975585938,-0.029271574132356037,1834.2203247070313,1887.7335034179687,41.82012170653544,26.715504597943816,0.021599583092062658,1,1,50,Neutral,0,1,1,2,1,stressed
2023-05-25,26476.20703125,0.005368887301425707,27198.84140625,28262.3587109375,43.25287609263384,32.56018994751155,0.014043972391990019,1,1,1805.953735351562,0.0032519081412234474,1824.7649658203125,1885.6702978515625,52.165343993671506,27.82696096958605,0.015507755181248788,1,0,51,Neutral,0,1,0,1,0,normal
2023-05-26,26719.291015625,0.009181223884829448,27089.5748046875,28235.86171875,48.910991053239776,30.61845744999439,0.013874036500011797,1,1,1828.689697265625,0.012589448704585449,1821.1883605957032,1884.7856396484376,54.49893403788148,27.140400676730962,0.012291659454231019,1,0,49,Neutral,0,1,0,1,0,normal
2023-05-27,26868.353515625,0.005578834405180588,27010.2435546875,28214.7116015625,51.03713734804924,28.676724952477223,0.013738172840392904,1,0,1831.118286132812,0.001328048640957702,1819.0904541015625,1884.095283203125,57.94651259977893,26.40169232703067,0.011951024128198042,1,0,48,Neutral,0,0,0,0,0,normal
2023-05-28,28085.646484375,0.0453058267244435,27029.81220703125,28217.4686328125,61.249454042973476,26.72440001591607,0.01632584949334739,1,0,1910.914184570312,0.04357768640169235,1822.1840270996095,1885.323603515625,68.67272640942683,27.26830706268553,0.01523328500088314,0,0,50,Neutral,0,0,0,0,0,normal
2023-05-29,27745.884765625,-0.0120973437068298,27034.16767578125,28205.7253125,55.307589616662625,26.784588216680078,0.01657661238248744,1,0,1893.078125,-0.009333783648857397,1824.4077758789062,1885.9974096679687,62.73917073614663,28.580922829391834,0.015430471641290315,0,0,52,Neutral,0,0,0,0,0,normal
2023-05-30,27702.349609375,-0.0015690671469931194,27038.19736328125,28166.7126953125,56.52797792379818,26.844776417444084,0.016577882930564808,1,0,1901.026611328125,0.004198710144688311,1827.3390319824218,1885.7937915039063,62.91144527472991,29.893538596098136,0.015402912513903183,0,0,51,Neutral,0,0,0,0,0,normal
2023-05-31,27219.658203125,-0.01742420455507676,27049.1408203125,28106.4046875,48.28384431446951,24.975043959017224,0.016247810419981357,1,1,1874.130493164062,-0.01414820708126352,1831.2210266113282,1885.432607421875,58.10521717173432,30.58536381933359,0.014590871796819201,1,0,51,Neutral,0,1,0,1,0,normal
2023-06-01,26819.97265625,-0.014683709247646393,27049.88994140625,28040.0230859375,49.878906918947465,22.684236949641736,0.01651786115975042,1,1,1862.201416015625,-0.006365126223573325,1833.930108642578,1884.2629931640624,59.62178208283615,31.205401996286888,0.014676946134022685,1,0,52,Neutral,0,1,0,1,0,normal
2023-06-02,27249.58984375,0.01601855426947596,27073.16552734375,27977.0335546875,53.313526542563956,19.493833685721196,0.01689060718594384,1,0,1907.256591796875,0.024194577124557304,1839.4871948242187,1882.1554321289063,63.58425688966904,29.315882616893276,0.015373081303757906,0,0,50,Neutral,0,0,0,0,0,normal
2023-06-03,27075.12890625,-0.0064023326039167605,27080.3900390625,27908.8221484375,49.491924585733216,16.742349754546115,0.01693366412878128,1,1,1892.412475585938,-0.00778296757488306,1844.0827697753907,1877.9709716796874,60.120215632497484,26.50493257916176,0.015565557542956429,0,0,53,Neutral,0,1,0,1,0,normal
2023-06-04,27119.06640625,0.001622799291266075,27076.70869140625,27844.8335546875,53.63254960875932,14.23277541970908,0.016795091560506435,1,0,1890.513549804688,-0.0010034418002142775,1847.7309509277343,1873.9319067382812,62.594354939070904,23.924048068594164,0.015498559977720601,0,0,52,Neutral,0,0,0,0,0,normal
2023-06-05,25760.09765625,-0.05011119223804861,27012.8810546875,27753.7283984375,41.324480851507886,14.063521774451155,0.02018203861517502,1,1,1811.828369140625,-0.04162106146882261,1847.1162963867187,1867.7683569335939,49.29902372855743,20.195520628683674,0.01830915905827174,1,1,53,Neutral,0,1,1,2,1,stressed
2023-06-06,27238.783203125,0.057402171630208665,27004.880078125,27709.6031640625,50.08830311918055,15.227056683051332,0.0240100939027227,1,0,1884.494873046875,0.040106725970251,1850.2480590820312,1863.9333959960939,53.40001720020376,19.57002827413582,0.02039814634321144,0,0,44,Fear,0,0,0,0,0,normal
2023-06-07,26345.998046875,-0.03277624957004588,26980.56953125,27628.5720703125,50.07558994225901,13.129307098422169,0.024700345285331507,1,0,1832.39599609375,-0.027646069882318547,1851.7814331054688,1858.4905688476563,53.66439971733998,18.292036679801665,0.021271087181097777,1,0,53,Neutral,0,0,0,0,0,normal
2023-06-08,26508.216796875,0.0061572444403654725,26961.47392578125,27582.2828125,50.215821767486645,10.609883054474153,0.024740216818034164,1,0,1846.301879882812,0.0075889075389306004,1853.4670532226562,1856.6885375976562,54.49586692325313,16.733709998645725,0.02129313077430177,1,0,50,Neutral,0,0,0,0,0,normal
2023-06-09,26480.375,-0.0010503081775867784,26929.01337890625,27546.970546875,48.340986562703186,10.963914560721733,0.024642566252414493,1,1,1840.225219726562,-0.003291260341800495,1854.454412841797,1854.6310888671876,51.33492735234342,17.007211980776706,0.021300974190856935,1,0,50,Neutral,0,1,0,1,0,normal
2023-06-10,25851.240234375,-0.02375852931180167,26883.88408203125,27518.4571484375,43.37870084903252,12.283494608907747,0.025012935755705245,1,1,1752.384765625,-0.047733534547806156,1851.8470825195313,1852.6787866210936,42.392564590987654,19.282701136320263,0.02384768192268615,1,1,49,Neutral,0,1,1,2,1,stressed
2023-06-11,25940.16796875,0.0034399794195076883,26838.32861328125,27480.9105078125,33.627930282795774,15.992823420941377,0.025010819772913345,1,1,1753.415283203125,0.0005880658165602348,1848.6411071777343,1850.26251953125,32.04985407335536,22.243674962527002,0.023770781759126183,1,1,47,Neutral,0,1,1,2,1,stressed
2023-06-12,25902.5,-0.001452109670044499,26772.16728515625,27447.1328125,35.253295150966494,20.868325039786793,0.02474827563819336,1,1,1742.528686523438,-0.006208795362955599,1843.0485107421875,1847.8718530273438,32.56571460721362,25.994092849943335,0.02322396404001517,1,1,47,Neutral,0,1,1,2,1,stressed
2023-06-13,25918.728515625,0.0006265231396582749,26751.36279296875,27415.0005859375,35.66878001318226,24.791621324476143,0.02368399264799107,1,1,1739.03759765625,-0.002003461345679858,1839.9953918457031,1845.7974560546875,31.04527831008508,29.564882917641324,0.022376076717889475,1,1,45,Fear,0,1,1,2,1,stressed
2023-06-14,25124.67578125,-0.030636253390914137,26683.78623046875,27351.3421484375,33.96912943500212,29.596255941988634,0.024563973344866274,1,1,1650.519287109375,-0.050900745714856144,1832.2236694335938,1841.4727685546875,27.13247195648357,34.09823007005865,0.024905997683791873,1,1,46,Fear,0,1,1,2,1,stressed
2023-06-15,25576.39453125,0.017979087727655774,26626.64140625,27294.416015625,40.55927984394563,34.37016905007081,0.0248580097767558,1,1,1665.519775390625,0.00908834473998854,1824.0651733398438,1837.4518798828126,30.011978799410656,38.44890613961344,0.024793880971220685,1,1,41,Fear,0,1,1,2,1,stressed
2023-06-16,26327.462890625,0.029365685552642073,26599.596875,27231.48953125,43.325366488527145,37.34007093991634,0.025785969310102054,1,1,1716.668823242188,0.030710561716126517,1818.3427001953125,1833.6095288085937,30.868241276843463,41.43354825505819,0.02599079773032666,1,1,47,Neutral,0,1,1,2,1,stressed
2023-06-17,26510.67578125,0.006959002900740696,26520.84833984375,27174.8978125,45.91948767967668,39.722135209614216,0.023510178993204987,1,1,1727.2041015625,0.006137047622507996,1809.1571960449219,1830.3033544921875,33.27118371294286,43.393563207180144,0.02371582773539928,1,1,47,Neutral,0,1,1,2,1,stressed
2023-06-18,26336.212890625,-0.006580854145875503,26450.36474609375,27116.6523046875,44.445463769774875,41.91990369567064,0.023425338474937895,1,1,1720.577514648438,-0.0038365974861148677,1800.5321655273438,1826.5365649414061,32.955654602593725,45.11249206889796,0.023692009990376465,1,1,49,Neutral,0,1,1,2,1,stressed
2023-06-19,26851.029296875,0.019547852547670663,26407.79873046875,27068.2967578125,58.79383282244567,40.696347613915165,0.023932499890776997,1,0,1737.659423828125,0.00992800907500957,1792.3638061523438,1823.7512670898439,41.51206766295477,47.790355364036074,0.02383687213644126,1,1,47,Neutral,0,0,1,1,0,normal
2023-06-20,28327.48828125,0.05498705349618893,26463.190234375,27073.01515625,58.77903616241509,40.93789465625213,0.026682182736219466,0,0,1792.119995117188,0.031341337975818284,1788.26328125,1822.9545703125,38.96890649558065,48.54025895218855,0.024981459769547174,1,1,49,Neutral,0,0,1,1,0,normal
2023-06-21,30027.296875,0.06000562340273241,26623.5564453125,27099.9503515625,76.26640199938626,43.70840752962987,0.029275927436283877,0,0,1891.007202148438,0.05517889834423939,1789.7035705566407,1823.3589282226562,56.295637976460874,48.217696166139476,0.0280135678586442,0,0,59,Greed,0,0,0,0,0,normal
2023-06-22,29912.28125,-0.0038303689299371557,26756.691015625,27118.0698046875,74.45302439885367,46.76791834917104,0.02925725420649887,0,0,1872.942993164062,-0.009552691795067014,1787.987890625,1822.7247509765625,52.836279592988866,48.73302047622572,0.027564691838725085,0,0,65,Greed,0,0,0,0,0,normal
2023-06-23,30695.46875,0.02618280743799839,26937.7080078125,27155.0249609375,77.31482583085051,49.64929015461262,0.029490845336956922,0,0,1892.862060546875,0.010635170133588945,1788.0103698730468,1823.02791015625,55.44341100106776,48.62910400846876,0.027617788480431855,0,0,65,Greed,0,0,0,0,0,normal
2023-06-24,30548.6953125,-0.0047815994828226405,27109.189453125,27175.311171875,82.47058661520545,52.85995823817104,0.029583546966862682,0,0,1876.059692382812,-0.008876699741770189,1787.2876770019532,1820.6478857421876,64.9925994808241,48.61400129773465,0.027694480987359337,0,0,62,Greed,0,0,0,0,0,normal
2023-06-25,30480.26171875,-0.002240147837737516,27345.19765625,27206.8239453125,81.47201414131786,53.05648881281109,0.02655346872898293,0,0,1900.506103515625,0.013030721374202692,1791.7215637207032,1820.6535717773438,66.87327761969836,46.246524574673245,0.02601907973856339,0,0,64,Greed,0,0,0,0,0,normal
2023-06-26,30271.130859375,-0.006861189753050945,27496.8150390625,27243.1469921875,79.5802578133658,51.86028084027911,0.024138140268493403,0,0,1859.432861328125,-0.021611739163331922,1790.4684631347657,1820.3807006835937,62.54186497444022,43.05150296419718,0.02499047098650453,0,0,55,Greed,0,0,0,0,0,normal
2023-06-27,30688.1640625,0.013776598074988877,27713.92333984375,27303.0248046875,80.63152893031601,51.64109682486664,0.022430530201091946,0,0,1889.703369140625,0.016279430380120807,1793.3338317871094,1821.1939135742186,65.28561372360673,40.05311517468273,0.02439029995591721,0,0,59,Greed,0,0,0,0,0,normal
2023-06-28,30086.24609375,-0.01961401038928634,27892.8248046875,27351.57421875,82.67183450302446,52.19282587239128,0.02326030989459933,0,0,1827.97119140625,-0.03266765501002877,1792.4172973632812,1820.7812744140624,69.03789910300856,38.12535135583463,0.025524294546814236,0,0,62,Greed,0,0,0,0,0,normal
2023-06-29,30445.3515625,0.011935868224670187,28091.0736328125,27408.0461328125,82.45787088128851,52.99230861317427,0.023216630089256972,0,0,1852.227294921875,0.013269412357076016,1793.017401123047,1820.9777905273438,69.6408245533292,36.53940940248601,0.02568644002464942,0,0,54,Neutral,0,0,0,0,0,normal
2023-06-30,30477.251953125,0.0010477918298796851,28322.37421875,27477.575390625,80.59748779091268,55.70444402783566,0.022108905802151604,0,0,1933.18896484375,0.04371043993566137,1802.0576110839843,1823.7117578125,71.43265905753145,35.99737371661722,0.024744036757435847,0,0,56,Greed,0,0,0,0,0,normal
2023-07-01,30590.078125,0.0037019798257575953,28554.8697265625,27553.2771484375,80.39398527226405,58.96321493395993,0.022105831684017793,0,0,1924.56591796875,-0.004460529742211228,1810.6151428222656,1826.0426806640626,69.61047542898832,36.22688373816267,0.024819328118441602,0,0,59,Greed,0,0,0,0,0,normal
2023-07-02,30620.76953125,0.0010033124506771962,28790.783203125,27630.0109765625,82.62137698131221,62.068955853360876,0.022054374400430704,0,0,1937.438354492188,0.0066884882472739715,1820.3606262207031,1828.869150390625,71.28378103148916,36.49892729143755,0.024681042062484764,0,0,63,Greed,0,0,0,0,0,normal
2023-07-03,31156.439453125,0.01749367929268808,29052.66875,27714.5269921875,82.67638729783766,67.72579462056744,0.02205476420996646,0,0,1955.38916015625,0.009265226747700694,1831.178204345703,1831.9669140625,71.33267472623143,38.15149880682085,0.024626789147944434,0,0,62,Greed,0,0,0,0,0,normal
2023-07-04,30777.58203125,-0.012159843310882601,29335.3140625,27786.224765625,72.31272189138616,71.28004072274209,0.020627054393319213,0,0,1936.633544921875,-0.009591755757138554,1845.4839172363281,1834.3485864257811,65.22429652948964,40.49114752517537,0.021062960018186302,0,0,64,Greed,0,0,0,0,0,normal
2023-07-05,30514.166015625,-0.0085586975402272,29582.20263671875,27855.775078125,56.00486021814132,70.71779618638172,0.02096437113956828,0,0,1910.588012695312,-0.013448869712526679,1857.7373291015624,1836.0779174804688,52.436799028719605,41.96029463402993,0.02161055441790469,0,0,61,Greed,0,0,0,0,0,normal
2023-07-06,29909.337890625,-0.019821224171432172,29761.29638671875,27905.98578125,49.96761105410867,70.68664775961446,0.021339754063283353,0,1,1848.636474609375,-0.03242537777599708,1864.335711669922,1836.6134545898437,47.27297827273702,42.03979597337258,0.02257106221554029,0,1,56,Greed,0,0,0,0,0,normal
2023-07-07,30342.265625,0.014474667943441766,29952.87587890625,27976.1869140625,45.78869514754471,69.07407149870127,0.021412279664840567,0,1,1870.6025390625,0.01188230609685803,1871.505633544922,1837.9909350585938,47.51405543649561,42.42239564682273,0.022636831291596708,0,1,55,Greed,0,0,0,0,0,normal
2023-07-08,30292.541015625,-0.0016387902600796256,30150.69228515625,28044.23515625,46.873469823671236,66.16665041773282,0.021275560791450654,0,1,1865.53955078125,-0.0027066082588487195,1878.7537353515625,1839.0499365234375,48.79347357698599,40.845369768205735,0.02261702158574681,0,1,58,Greed,0,0,0,0,0,normal
2023-07-09,30171.234375,-0.004004505286051452,30316.7025390625,28105.068125,46.27618312418214,62.95277809273622,0.021209742255200212,0,1,1863.009765625,-0.0013560608539179286,1885.0212524414062,1839.9005712890626,45.47202018921493,39.52230980595686,0.022609807106959028,0,1,55,Greed,0,0,0,0,0,normal
2023-07-10,30414.470703125,0.008061862007427312,30421.05166015625,28178.281015625,51.71318096550668,62.050624895624516,0.017839619495417368,0,0,1880.556396484375,0.009418432035694924,1889.4430725097657,1841.4210717773437,52.704505529541954,37.128301737694244,0.02171437731185352,0,0,56,Greed,0,0,0,0,0,normal
2023-07-11,30620.951171875,0.006788889103658935,30450.734375,28253.6744921875,49.1541055365984,60.76405960543616,0.012020443985524319,0,1,1878.336059570312,-0.0011806808443574068,1888.8095153808595,1842.6370971679687,48.43198593113132,34.752687530323186,0.017849406757804283,0,1,57,Greed,0,0,0,0,0,normal
2023-07-12,30391.646484375,-0.007488490028050299,30474.70263671875,28316.992890625,54.24134763996461,59.87804015713038,0.01212594742083507,0,0,1872.11376953125,-0.0033126606963428396,1888.7680541992188,1842.9917602539062,57.190168357023786,32.1755291526799,0.017731189031227643,0,0,64,Greed,0,0,0,0,0,normal
2023-07-13,31476.048828125,0.03568093437476372,30513.731640625,28419.8175,61.913998915425296,59.25096607472839,0.013298954446317006,0,0,2006.511474609375,0.07178928293005193,1894.4505249023437,1847.119990234375,68.49458111009395,31.052358069143207,0.023854349765119978,0,0,57,Greed,0,0,0,0,0,normal
2023-07-14,30334.068359375,-0.036280934592069825,30503.00029296875,28496.9747265625,48.6829217111849,57.47138374149337,0.015708902520938497,0,1,1939.347045898438,-0.033473234297856425,1897.614892578125,1849.7878564453124,50.76344415055021,29.068376389178667,0.025109916337606203,0,0,60,Greed,0,0,0,0,0,normal
2023-07-15,30295.806640625,-0.001261344778969442,30493.7775390625,28568.5050390625,47.255487222196116,55.75393599435946,0.01570385107486971,0,1,1931.466552734375,-0.0040634775404070345,1899.1629150390625,1851.8433935546875,50.85707978528885,27.38999315650309,0.025003776040478844,0,0,56,Greed,0,0,0,0,0,normal
2023-07-16,30249.1328125,-0.001540603578530031,30492.67763671875,28636.120625,46.54424531248865,53.41269774366112,0.015629713651622034,0,1,1923.681884765625,-0.0040304440984128,1902.3753662109375,1853.6946655273437,48.269534514258666,24.992267384825457,0.024466543312921012,0,1,57,Greed,0,0,0,0,0,normal
2023-07-17,30145.888671875,-0.0034131272874816654,30465.5638671875,28677.32546875,39.781360673519096,49.23898762002727,0.015306168203958383,0,1,1911.646118164062,-0.0062566304215259105,1903.4725036621094,1853.7093041992186,44.41431546866573,20.679028960947257,0.024291611563063017,0,1,54,Neutral,0,0,0,0,0,normal
2023-07-18,29856.5625,-0.009597533349379406,30454.0796875,28719.5390234375,40.514953226664225,45.09603411952005,0.014813404219850286,0,1,1897.599243164062,-0.007348051957174251,1906.95390625,1853.7997265625,44.9549196195659,16.843436972068567,0.023082415959679577,0,1,56,Greed,0,0,0,0,0,normal
2023-07-19,29913.923828125,0.0019212301525000086,30427.50830078125,28763.7705078125,43.544475990182825,44.44675916427809,0.014545625498645843,0,1,1889.007934570312,-0.004527462068031229,1908.7929382324219,1853.5593530273438,47.07904347860569,16.633216229223613,0.022972693997159874,0,1,50,Neutral,0,0,0,0,0,normal
2023-07-20,29792.015625,-0.0040752996439197275,30393.246484375,28815.21765625,48.59195438671995,41.82802479020419,0.014556857337858501,0,1,1890.969116210938,0.0010382072011105858,1906.6819458007812,1853.8961254882813,56.84085357939099,18.95405517450441,0.02068744049393327,0,0,56,Greed,0,0,0,0,0,normal
2023-07-21,29908.744140625,0.0039181140710413676,30359.17978515625,28876.9930859375,44.36976230855903,40.72603344758283,0.014560639336874546,0,1,1892.080078125,0.0005875092853384611,1905.0576538085938,1854.4936987304689,53.72156223374957,21.683360234173136,0.020672566740075678,0,0,50,Neutral,0,0,0,0,0,normal
2023-07-22,29771.802734375,-0.004578641136054662,30316.7314453125,28927.43734375,43.386873060346545,39.42220852358002,0.014573208701121325,0,1,1864.912353515625,-0.014358654754347167,1901.4313537597657,1853.6468139648437,49.8990541186234,23.15794459712205,0.020814419137607572,0,1,52,Neutral,0,0,0,0,0,normal
2023-07-23,30084.5390625,0.010504447141318263,30263.13642578125,28987.625546875,48.950060458805694,38.90736978461389,0.014177139257300684,0,1,1889.191650390625,0.013019001578937539,1898.1214782714844,1853.5823974609375,53.93819543902169,24.149142297869098,0.0209351206668959,0,0,54,Neutral,0,0,0,0,0,normal
2023-07-24,29176.916015625,-0.03016908602087709,30183.103125,29028.7825390625,37.089904572204915,36.46735512261275,0.015398863640263563,0,1,1850.002075195312,-0.020744097184216215,1893.7899047851563,1852.77216796875,45.68505919357987,25.139510784912773,0.021306733907713347,0,1,55,Greed,0,0,0,0,0,normal
2023-07-25,29227.390625,0.0017299501204297574,30118.76435546875,29098.1283984375,34.97336073428254,34.386933930724794,0.015359509532247122,0,1,1857.741943359375,0.004183707828136152,1891.1476013183594,1853.690439453125,47.13630260573776,26.09447940982159,0.02117572856636543,0,1,50,Neutral,0,0,0,0,0,normal
2023-07-26,29354.97265625,0.004365152978824893,30091.04609375,29140.4521875,38.57091486168442,30.717644709062967,0.01482876952443914,0,1,1872.159912109375,0.007761018047494739,1892.3237731933593,1853.443740234375,50.00627332998314,26.092663987748153,0.019925920557831135,0,0,51,Neutral,0,0,0,0,0,normal
2023-07-27,29210.689453125,-0.004915119656712763,30034.46728515625,29197.746015625,18.494010987100594,29.19893511115138,0.014403228491673059,0,1,1860.357177734375,-0.006304340937255626,1891.811505126953,1854.0029638671874,20.193621368852718,26.06811331825988,0.019808962430914626,0,1,51,Neutral,0,0,0,0,0,normal
2023-07-28,29319.24609375,0.0037163327075591113,29985.8025390625,29253.9666015625,30.192415166008303,28.448292994394485,0.01445605517837966,0,1,1874.744873046875,0.007733834924120275,1892.2717712402343,1854.5718237304689,33.211154812262436,27.820836199393657,0.0198739297485065,0,1,52,Neutral,0,0,0,0,0,normal
2023-07-29,29356.91796875,0.001284885528077373,29945.08671875,29311.4974609375,31.67028778553012,27.697650877637596,0.014456822457727059,0,1,1881.06884765625,0.0033732454481110175,1893.1747253417968,1855.3886962890624,36.79579469321819,29.254519590472928,0.019879710209623584,0,1,52,Neutral,0,0,0,0,0,normal
2023-07-30,29275.30859375,-0.002779902682116475,29888.12861328125,29379.978828125,31.244094085358142,27.594139210265862,0.014290905322063181,0,1,1861.643798828125,-0.010326601736203367,1892.2290954589844,1857.573876953125,34.680439568919724,31.4531517099708,0.019912391004563587,0,1,52,Neutral,0,0,0,0,0,normal
2023-07-31,29230.111328125,-0.0015438698273756435,29818.58662109375,29445.7776953125,31.958681171197796,28.28494176280524,0.014147783761835772,0,1,1856.162353515625,-0.002944411447533879,1891.12041015625,1859.628818359375,35.84060789160051,33.833524952100326,0.019920297864538146,0,1,50,Neutral,0,0,0,0,0,normal
2023-08-01,29675.732421875,0.015245275282999904,29782.79091796875,29521.24234375,46.64420407994613,29.958541708658817,0.0146084924504662,0,1,1871.792114257812,0.008420470716143935,1891.1043273925782,1862.2140869140626,43.466832304278796,37.22662054902561,0.020002921532316156,0,1,53,Neutral,0,0,0,0,0,normal
2023-08-02,29151.958984375,-0.01764989082843693,29666.58642578125,29585.906953125,37.946291190286985,29.396681150298225,0.012214595285270548,0,1,1839.089721679688,-0.01747116697897355,1882.7332397460937,1864.2151293945312,38.73786290118269,39.51206454090504,0.011208287649754668,0,1,53,Neutral,0,0,0,0,0,normal
2023-08-03,29178.6796875,0.0009166006009861949,29608.8169921875,29666.98703125,39.996215466128426,29.953383153043216,0.00954079685490725,1,1,1835.136474609375,-0.0021495672689108014,1877.5227111816407,1867.9074731445312,37.51571518489451,40.12302707145907,0.008857158536799449,0,1,52,Neutral,0,1,0,1,0,normal
2023-08-04,29074.091796875,-0.0035843942133476636,29547.73125,29736.9409765625,36.33231627359546,30.33899071839716,0.009546801016138215,1,1,1827.712890625,-0.00404524899760117,1872.335028076172,1871.1513354492188,36.00252715631205,40.22978323286958,0.008857013992446079,0,1,54,Neutral,0,1,0,1,0,normal
2023-08-05,29042.126953125,-0.0010994270766331304,29487.38095703125,29791.2342578125,37.62591233864739,30.779499737406248,0.009548457764313989,1,1,1834.987915039062,0.0039803978247230365,1867.9003295898438,1873.5177172851563,42.87620620732892,40.72417715313601,0.008974960382011283,1,1,50,Neutral,0,1,1,2,1,stressed
2023-08-06,29041.85546875,-9.347950838400898e-06,29432.179296875,29841.8578515625,30.22176941315945,31.72984788710163,0.009552094667302708,1,1,1827.462036132812,-0.004101323417211589,1863.6911254882812,1875.5228759765625,34.03089049379932,41.86002334377616,0.008938054626163884,1,1,49,Neutral,0,1,1,2,1,stressed
2023-08-07,29180.578125,0.004776645775930843,29398.380078125,29898.74515625,50.09807275272173,31.40599801940662,0.009476573193289053,1,0,1826.938842773438,-0.00028629506333344157,1860.15810546875,1877.6501025390626,42.541568633643564,44.25627847107633,0.008863621247656377,1,1,49,Neutral,0,0,1,1,0,normal
2023-08-08,29765.4921875,0.020044635853149417,29390.95849609375,29957.0344140625,61.20355640572695,31.758430860903935,0.010582746628387313,1,0,1855.807373046875,0.015801585470486934,1858.4980773925781,1880.0130615234375,49.44959455873792,44.28879644285104,0.009670320535297547,1,1,54,Neutral,0,0,1,1,0,normal
2023-08-09,29561.494140625,-0.006853508270246889,29379.432421875,29981.71453125,54.16728082157769,31.73903261700769,0.010654349905340478,1,0,1854.297607421875,-0.000813535740253668,1856.664501953125,1881.2566137695312,44.51512157382506,45.478926446060065,0.00966023432119753,1,1,50,Neutral,0,0,1,1,0,normal
2023-08-10,29429.591796875,-0.004461964714047806,29355.4748046875,29969.7604296875,54.439288243598014,29.082345947419864,0.010643099165504323,1,0,1850.75341796875,-0.0019113379853046286,1854.5981689453124,1880.4515380859375,46.89346962886207,44.87071991702093,0.00965567541106053,1,1,53,Neutral,0,0,1,1,0,normal
2023-08-11,29397.71484375,-0.001083159880198692,29336.77041015625,29959.4691015625,51.642408276795834,26.52645633475412,0.010605605820939959,1,0,1847.124389648438,-0.001960838372674689,1853.7087707519531,1879.935166015625,40.39722170586847,43.43438370344,0.009141175221620362,1,1,51,Neutral,0,0,1,1,0,normal
2023-08-12,29415.96484375,0.0006207965516027425,29303.34169921875,29933.8790234375,51.2460247721199,23.970566722088368,0.010287511832952737,1,0,1848.889892578125,0.0009558116061816335,1851.6936828613282,1879.05572265625,38.446164500039146,42.642298009388924,0.008587646055732446,1,1,54,Neutral,0,0,1,1,0,normal
2023-08-13,29282.9140625,-0.004523080645381872,29308.6416015625,29908.5633984375,50.15708250906028,21.74040662243713,0.007756942065524423,1,0,1839.280151367188,-0.005197573554548973,1851.1575866699218,1878.3201318359374,41.36147033666128,41.397811032866684,0.007320593102439878,1,1,54,Neutral,0,0,1,1,0,normal
2023-08-14,29408.443359375,0.004286776125049352,29317.69423828125,29887.12703125,53.56495284263857,20.90462202971849,0.007804238753958111,1,0,1844.185791015625,0.0026671519533283394,1850.4797790527343,1877.1937255859375,45.35307568871199,41.39793969346887,0.007279827107809462,1,1,50,Neutral,0,0,1,1,0,normal
2023-08-15,29170.34765625,-0.008096168172366025,29308.46298828125,29865.1113671875,38.982997446253385,21.19560941266574,0.007961623523317338,1,1,1826.932739257812,-0.009355376145866234,1848.2184204101563,1876.5437231445312,32.811020764028996,39.64155606174016,0.007283332401301523,1,1,53,Neutral,0,1,1,2,1,stressed
2023-08-16,28701.779296875,-0.016063173634291772,29283.01748046875,29825.383671875,39.944402175051124,20.212984906572842,0.008662233644263374,1,1,1805.659057617188,-0.011644479943616615,1845.4835144042968,1874.8628369140624,35.96058810260995,39.1739013051057,0.007572572892833745,1,1,52,Neutral,0,1,1,2,1,stressed
2023-08-17,26664.55078125,-0.07097917151940503,29150.28271484375,29756.949765625,20.414779716364478,22.669904917372225,0.017836989945287776,1,1,1684.933471679688,-0.06685956876976196,1835.9929443359374,1872.0020825195313,18.154713994592527,41.53277011637495,0.016227559671142838,1,1,50,Neutral,0,1,1,2,1,stressed
2023-08-18,26049.556640625,-0.02306411031148714,28984.9146484375,29669.0338671875,18.22544849876641,24.92662873570574,0.018242151877638696,1,1,1660.945068359375,-0.014237003254733427,1824.9867553710938,1868.1764379882814,16.963220834594352,43.671715244800474,0.016216028946122656,1,1,37,Fear,1,1,1,3,1,stressed
2023-08-19,26096.205078125,0.0017907574452629138,28825.95947265625,29581.4129296875,19.146517182325994,27.33028468176555,0.018310414861765267,1,1,1669.471923828125,0.005133737190461396,1815.3781616210938,1862.9020971679688,17.37303123885559,46.67774331108989,0.01637039732790812,1,1,39,Fear,1,1,1,3,1,stressed
2023-08-20,26189.583984375,0.00357825614760654,28673.93310546875,29493.403046875,20.698800353934715,28.78065802849076,0.018405216145041148,1,1,1684.85205078125,0.009212569995102449,1806.812646484375,1858.1078198242187,22.732660048967304,49.01981096846937,0.0166851764079219,1,1,37,Fear,1,1,1,3,1,stressed
2023-08-21,26124.140625,-0.002498831574187843,28496.353515625,29403.47046875,18.121456968644083,31.665420875815137,0.017779223126688837,1,1,1667.26904296875,-0.010435935786971329,1796.586492919922,1852.70443359375,21.340462202052365,51.408306263483325,0.016436070919055832,1,1,38,Fear,1,1,1,3,1,stressed
2023-08-22,26031.65625,-0.0035401882238949023,28340.33837890625,29300.9748046875,6.597930748267075,36.329111614820256,0.017579693837988093,1,1,1633.892578125,-0.020018643652328416,1786.3266357421876,1846.274501953125,10.802279338898316,57.46826388396751,0.01654214618419554,1,1,37,Fear,1,1,1,3,1,stressed
2023-08-23,26431.640625,0.015365306423789304,28202.98642578125,29214.0559765625,15.204020346664564,40.05702852754974,0.01814472354939694,1,1,1679.2744140625,0.027775287399602888,1778.5335327148437,1841.1273193359375,23.23338752157123,61.17623048703373,0.01816041207372274,1,1,37,Fear,1,1,1,3,1,stressed
2023-08-24,26162.373046875,-0.01018731988472621,28057.40048828125,29127.0201171875,14.753406843100223,43.801814038366295,0.01818205450291521,1,1,1659.944580078125,-0.011510825045927042,1770.1451171875,1836.1144506835938,22.163287664987536,64.88221848334395,0.018232197360513496,1,1,41,Fear,0,1,1,2,1,stressed
2023-08-25,26047.66796875,-0.004384352975912553,27907.6775390625,29049.78671875,14.494379045352659,47.89250412774627,0.018158837584282106,1,1,1652.93505859375,-0.004222744282248891,1761.0424743652343,1832.2004223632812,21.94681601099255,68.36876081761736,0.018119981084908136,1,1,39,Fear,1,1,1,3,1,stressed
2023-08-26,26008.462890625,-0.0015051281432193475,27756.00791015625,28963.1106640625,14.045145508015779,51.98319421712624,0.018139126026914962,1,1,1646.306762695312,-0.004010015919244325,1751.9847106933594,1827.7145068359375,21.139705818417838,71.53009212241541,0.0181202443109258,1,1,38,Fear,1,1,1,3,1,stressed
2023-08-27,26089.693359375,0.0031232321991347956,27601.463671875,28879.0537109375,15.933627907383794,55.5262639979023,0.01809430975054131,1,1,1657.513061523438,0.006806932390764908,1743.5134216308593,1823.5539770507812,24.222450888810627,74.78878904423867,0.018286955298675994,1,1,38,Fear,1,1,1,3,1,stressed
2023-08-28,26106.150390625,0.0006307866874213364,27418.49658203125,28797.75203125,13.930585575937656,59.19661292139564,0.01715246999610895,1,1,1652.457397460938,-0.0030501503607176517,1733.3459228515626,1819.3429296875,22.82133996153638,78.10164447823198,0.01764982454878278,1,1,39,Fear,1,1,1,3,1,stressed
2023-08-29,27727.392578125,0.062101924766441385,27326.79150390625,28744.01046875,37.89637375984985,57.720976224319976,0.022991335606186023,1,1,1729.725708007812,0.04675963850299536,1727.1173278808594,1816.3263159179687,38.22400651145952,79.74069989466297,0.0211852598849578,1,1,39,Fear,1,1,1,3,1,stressed
2023-08-30,27297.265625,-0.015512708305083889,27220.1751953125,28677.5367578125,38.14235355923473,58.357399127368176,0.023161880288719638,1,1,1705.112182617188,-0.014229727451395946,1719.8352661132812,1812.8618383789062,37.917180581585434,80.0837787114262,0.02132275461936041,1,1,49,Neutral,0,1,1,2,1,stressed
2023-08-31,25931.47265625,-0.0500340578984273,27046.8630859375,28588.33328125,43.01958123736281,55.308504673173175,0.02537409065360116,1,1,1645.63916015625,-0.03487924317662927,1709.761004638672,1808.3323461914063,44.46280053462775,75.17416277317997,0.022410304271238985,1,1,52,Neutral,0,1,1,2,1,stressed
2023-09-01,25800.724609375,-0.005042060225742162,26866.10107421875,28474.826796875,47.38990017856572,51.67524670032851,0.02532852841031514,1,1,1628.4912109375,-0.01042023648557433,1698.7410705566406,1800.7719409179688,45.336831005332805,70.94428547489329,0.022381720158020195,1,1,40,Fear,0,1,1,2,1,stressed
2023-09-02,25868.798828125,0.0026384615075991658,26695.3953125,28385.52140625,47.62531776100457,48.04198872748384,0.02540440377565099,1,1,1637.025390625,0.0052405439035725365,1688.6283325195313,1794.7255078125,45.33798151904187,66.71440817660663,0.02252476551434312,1,1,39,Fear,1,1,1,3,1,stressed
2023-09-03,25969.56640625,0.0038953327054152,26523.45146484375,28298.9966015625,47.70601361701227,44.45210982392298,0.0253963167398867,1,1,1636.11767578125,-0.0005544903878390572,1678.2249267578125,1788.8185302734375,42.69383930662919,62.51886805885702,0.0224742673422282,1,1,40,Fear,0,1,1,2,1,stressed
2023-09-04,25812.416015625,-0.006051329012069284,26355.5548828125,28210.262265625,46.81082938857396,40.90792023335702,0.02539107958061338,1,1,1629.6552734375,-0.003949839574139524,1668.3610534667969,1782.937998046875,44.166508901728854,58.29628618671192,0.022460809829646346,1,1,40,Fear,0,1,1,2,1,stressed
2023-09-05,25779.982421875,-0.0012565113521479931,26209.4650390625,28122.944140625,47.3931618571413,35.31107313788176,0.025291347423804296,1,1,1633.62939453125,0.0024386268424532176,1659.7595703125,1777.3776635742188,49.955087001228236,51.72953650173554,0.022477294272140336,1,1,40,Fear,0,1,1,2,1,stressed
2023-09-06,25753.236328125,-0.0010374752516241204,26163.89931640625,28040.8776171875,42.38423519165978,30.978780366053375,0.0199707257708205,1,1,1632.252319335938,-0.0008429544668588917,1657.1255126953124,1772.0707250976564,40.55735401471492,46.733173691878086,0.01707441360736723,1,1,42,Fear,0,1,1,2,1,stressed
2023-09-07,26240.1953125,0.018908652030005024,26173.43125,27967.403046875,50.83292256840751,26.503698298091045,0.0197954537859857,1,0,1647.598266601562,0.009401700388986134,1656.4581726074218,1767.2425317382813,47.48038561626795,41.72387912836274,0.016960442941436525,1,1,41,Fear,0,0,1,1,0,normal
2023-09-08,25905.654296875,-0.012749181613965876,26163.9037109375,27889.6758203125,48.54835521784355,22.224215338591073,0.02001324955436216,1,1,1636.137817382812,-0.006955851709160243,1654.7914672851562,1762.1459057617187,46.63321156721063,36.7090919479305,0.016973232288969103,1,1,46,Fear,0,1,1,2,1,stressed
2023-09-09,25895.677734375,-0.0003851113886439439,26149.2083984375,27809.4144921875,48.84019490092268,17.9447323790911,0.019993712341191582,1,1,1635.162353515625,-0.0005961990834900677,1652.306982421875,1757.0075512695312,47.71445609337353,31.69430476749827,0.016807397075459377,1,1,41,Fear,0,1,1,2,1,stressed
2023-09-10,25832.2265625,-0.0024502611024840304,26134.6126953125,27730.62296875,47.34267146756911,13.489879069421203,0.01999344387339859,1,1,1616.828857421875,-0.011212034116571123,1649.7849731445312,1752.0458813476562,41.893294117131774,27.60949396264444,0.01683032817193189,1,1,40,Fear,0,1,1,2,1,stressed
2023-09-11,25162.654296875,-0.02592003689674205,26091.16259765625,27632.1852734375,41.418990308949745,9.046476556002672,0.02079039310120791,1,1,1551.6376953125,-0.04032038506124014,1645.6722290039063,1745.2948022460937,33.794422274484575,24.363768598866688,0.018537887325200866,1,1,40,Fear,0,1,1,2,1,stressed
2023-09-12,25833.34375,0.026654161568650414,26061.24775390625,27565.313828125,29.17267841855883,10.436632054721443,0.02141598952928974,1,1,1592.429443359375,0.02628947992827646,1641.32998046875,1740.143349609375,24.999611012048717,27.104990579636933,0.01841308265860741,1,1,30,Fear,1,1,1,3,1,stressed
2023-09-13,26228.32421875,0.01528956036711282,26064.5453125,27505.3325,38.15415370177015,12.139896348225536,0.021593219976014145,1,1,1607.988525390625,0.009770657090104162,1638.732177734375,1735.14828125,31.711621590683762,29.980555364280644,0.018479194315886495,1,1,41,Fear,0,1,1,2,1,stressed
2023-09-14,26539.673828125,0.011870739692642074,26089.14560546875,27449.0265234375,58.79554335109583,11.521981313580232,0.02171140584667591,1,0,1626.974365234375,0.011807198586281986,1637.4341430664062,1730.2445703125,45.85312722732156,33.28953118428175,0.01869788302002119,1,1,45,Fear,0,0,1,1,0,normal
2023-09-15,26608.693359375,0.0026006171627044328,26119.15712890625,27396.9866015625,61.896901191990814,12.005700725251009,0.021704304784371787,1,0,1641.640380859375,0.009014288078772026,1637.2008239746094,1725.870234375,52.954010695187186,34.624355853180134,0.018800321871514807,1,0,45,Fear,0,0,0,0,0,normal
2023-09-16,26568.28125,-0.001518755875352329,26143.0865234375,27341.9673046875,60.38408968471522,12.489420136921789,0.021709318414496397,1,0,1635.2216796875,-0.003909931338625383,1636.0862548828125,1721.0797705078126,49.590901036590765,35.959180522078526,0.01874953432002742,1,1,43,Fear,0,0,1,1,0,normal
2023-09-17,26534.1875,-0.0012832501161511578,26164.48837890625,27285.5126953125,58.55130201431221,12.486677361053863,0.021715860402952435,1,0,1622.896728515625,-0.007537174515831024,1634.608221435547,1715.916328125,47.149016820658595,37.57716695117522,0.01880828253275518,1,1,46,Fear,0,0,1,1,0,normal
2023-09-18,26754.28125,0.008294723552398242,26115.8328125,27235.0921484375,63.997861286676404,14.386021200876355,0.016445872119498002,1,0,1637.347045898438,0.008904027674040416,1629.9892883300781,1711.4303930664062,51.603425540501924,37.441018890754826,0.0153671717713346,1,0,46,Fear,0,0,0,0,0,normal
2023-09-19,27211.1171875,0.017075246134672373,26111.525390625,27194.712265625,68.88678102406145,16.169413356595445,0.01661406709047946,0,0,1643.544677734375,0.0037851668963291285,1626.9109130859374,1707.1780395507812,52.04795315621689,38.10403982241218,0.01517809702879904,1,0,46,Fear,0,0,0,0,0,normal
2023-09-20,27132.0078125,-0.00290724465500225,26171.5521484375,27143.8377734375,67.94768729326998,18.912359632463637,0.011789545865423485,1,0,1622.890625,-0.012566772911124402,1625.773486328125,1702.200009765625,48.20900701955461,39.16629977162611,0.013319209130900182,1,1,47,Neutral,0,0,1,1,0,normal
2023-09-21,26567.6328125,-0.02080107760178318,26209.89755859375,27092.15125,54.17809748628302,19.769918089130268,0.01279226328786437,1,0,1584.307006835938,-0.023774626317816128,1623.564276123047,1697.10435546875,38.880372242729976,41.00845160385179,0.014145947075990666,1,1,47,Neutral,0,0,1,1,0,normal
2023-09-22,26579.568359375,0.0004492514240630463,26245.43603515625,27040.1690234375,59.370603846183094,20.411035277610555,0.012791765870900735,1,0,1593.268310546875,0.005656292418243947,1621.3764221191407,1692.2669921875,42.401539826968566,42.76159197495347,0.014156332534158416,1,1,43,Fear,0,0,1,1,0,normal
2023-09-23,26579.390625,-6.686879658768241e-06,26275.92724609375,26990.275,59.53283106791041,21.05215246609084,0.012782001282634917,1,0,1593.857788085938,0.000369980081296406,1619.263427734375,1687.5898901367189,42.66888874733676,44.51473234605513,0.01416025806893929,1,1,47,Neutral,0,0,1,1,0,normal
2023-09-24,26256.826171875,-0.01213588594546644,26298.14775390625,26934.568984375,55.521151270325745,21.72827923685812,0.013034562857501531,1,0,1580.853393554688,-0.008159068286052618,1616.8233337402344,1682.5071997070313,43.491626440810094,45.25202352047803,0.014234188417521079,1,1,44,Fear,0,0,1,1,0,normal
2023-09-25,26298.48046875,0.0015864178176880905,26324.07265625,26879.701484375,67.65190289530508,23.216291497055543,0.013024908695071625,1,0,1588.322875976562,0.004724968458383216,1614.5580078125,1677.7244165039062,58.38876529321943,43.48113103057172,0.014275944320468857,1,0,47,Neutral,0,0,0,0,0,normal
2023-09-26,26217.25,-0.0030887894396227633,26347.27333984375,26820.434921875,57.30461927236241,21.003454185766685,0.01305048484099516,1,0,1593.417236328125,0.0032073833529790985,1612.6162536621093,1673.053984375,50.269948932547464,38.022682210059784,0.014311566443766644,1,0,46,Fear,0,0,0,0,0,normal
2023-09-27,26352.716796875,0.005167086436411061,26352.8994140625,26752.1794140625,52.6261794076922,19.740606092613923,0.012402208801601713,1,0,1597.4912109375,0.0025567531946391053,1610.1109008789062,1667.8876611328126,46.93909658607147,32.091284620856925,0.014127748264344046,1,1,44,Fear,0,0,1,1,0,normal
2023-09-28,27021.546875,0.02537992888096885,26408.69404296875,26701.38046875,58.83911611346731,21.444285423951246,0.013197879952779977,0,0,1652.882690429688,0.034674043345553685,1610.94814453125,1663.8593627929688,56.23156508907197,28.51220602270656,0.016189708247938354,1,0,46,Fear,0,0,0,0,0,normal
2023-09-29,26911.720703125,-0.004064392478456136,26459.49619140625,26651.023046875,55.47651891772831,22.55157605049922,0.01326120584493277,0,0,1667.94384765625,0.009112054541902559,1612.5872192382812,1660.2031713867189,56.31460308008264,26.53902815176476,0.016296066671263522,0,0,48,Neutral,0,0,0,0,0,normal
2023-09-30,26967.916015625,0.0020881352448591795,26516.2806640625,26602.4270703125,57.181505043932155,23.658866677047197,0.01321963905371533,0,0,1671.161865234375,0.001929332083119517,1615.3038696289063,1656.6839208984375,58.76272643288447,24.709526660567768,0.01603552845735607,0,0,47,Neutral,0,0,0,0,0,normal
2023-10-01,27983.75,0.037668241913332734,26657.33544921875,26573.7827734375,69.25495295329992,26.54652182976159,0.013728311473420034,0,0,1733.810424804688,0.03748802606953139,1624.4125061035156,1654.3823315429688,71.71390757850888,24.359491335223897,0.014664771017242602,0,0,48,Neutral,0,0,0,0,0,normal
2023-10-02,27530.78515625,-0.016186709920936293,26742.20751953125,26538.7401953125,59.713584016137105,27.13383928032233,0.013581539883037438,0,0,1663.627563476562,-0.040478970667183534,1627.972412109375,1650.8692797851563,54.223393152802366,24.336735681148248,0.017117751910330107,0,0,50,Neutral,0,0,0,0,0,normal
2023-10-03,27429.978515625,-0.003661597010505724,26802.290234375,26499.1708984375,53.005535418578816,26.95080722034798,0.01335836499746542,0,0,1656.685668945312,-0.00417274556135816,1630.4072692871093,1647.11927734375,52.10677461185012,24.498721551242113,0.017082610125142225,0,0,50,Neutral,0,0,0,0,0,normal
2023-10-04,27799.39453125,0.013467601347721292,26865.27626953125,26471.7518359375,58.48816631839803,26.425473737021342,0.013423030407881367,0,0,1647.838134765625,-0.0053405026345882955,1631.450457763672,1643.5373852539062,54.156974449974335,23.80127204642281,0.016974993973119887,0,0,49,Neutral,0,0,0,0,0,normal
2023-10-05,27415.912109375,-0.01379463216164356,26905.63720703125,26446.0344921875,61.30923025085447,29.688364538925907,0.013902601511363813,0,0,1611.476440429688,-0.022066302247040093,1629.9422607421875,1639.6537329101564,54.56098388659468,22.97301873806678,0.01759237684242235,1,0,48,Neutral,0,0,0,0,0,normal
2023-10-06,27946.59765625,0.01935684447622399,26974.55302734375,26471.6754296875,66.0106130624207,33.08581761244507,0.014430819047071322,0,0,1645.83154296875,0.02131902252936535,1630.47275390625,1638.8716943359375,58.130682157205,22.3473931359359,0.018248407542480957,0,0,50,Neutral,0,0,0,0,0,normal
2023-10-07,27968.83984375,0.0007958817661306572,27046.28564453125,26510.06109375,66.1895212494322,36.483270685964236,0.014408615633781225,0,0,1634.51123046875,-0.006878172039150754,1631.0534790039062,1638.343017578125,56.08637631131959,21.721767533805014,0.018233755622220203,1,0,49,Neutral,0,0,0,0,0,normal
2023-10-08,27935.08984375,-0.001206700034343422,27105.32607421875,26546.8387890625,70.96579627087561,40.78854478907765,0.01437221685474123,0,0,1633.548583984375,-0.0005889506700414993,1630.8635559082031,1637.62455078125,58.184285634657044,21.309686751760758,0.01812711625421258,1,0,50,Neutral,0,0,0,0,0,normal
2023-10-09,27583.677734375,-0.012579594744121514,27123.9541015625,26574.7206640625,64.90207295260431,42.94022139279182,0.014292704654302288,0,0,1579.806640625,-0.032898895010697204,1627.6766540527344,1635.523642578125,48.8435361519899,20.84167722322633,0.019529871466356184,1,1,50,Neutral,0,0,1,1,0,normal
2023-10-10,27391.01953125,-0.006984500217130485,27136.9046875,26600.0582421875,63.26721910504277,46.28925759536862,0.01437684005703608,0,0,1567.713012695312,-0.007655131722261621,1624.9177734375,1633.5325219726562,46.57460441918303,20.393577759680472,0.01941784209408314,1,1,50,Neutral,0,0,1,1,0,normal
2023-10-11,26873.3203125,-0.018900326735168282,27152.1890625,26616.8915234375,55.41640537907664,46.18231595273142,0.014233684682349224,0,0,1566.254760742188,-0.0009301778714058129,1624.0151611328124,1632.179765625,45.80814535794807,20.448407705025403,0.018700267399346885,1,1,47,Neutral,0,0,1,1,0,normal
2023-10-12,26756.798828125,-0.0043359541366684295,27161.0505859375,26623.3946875,46.88787573084445,45.303870771715985,0.014277696298707206,0,1,1539.612426757812,-0.017010217400233896,1621.3323669433594,1629.3865258789062,33.52844317329745,21.900218410801465,0.018997970885386913,1,1,45,Fear,0,0,1,1,0,normal
2023-10-13,26862.375,0.003945769916393171,27175.1998046875,26637.3947265625,49.419359049610385,44.83389582708548,0.014298698046408966,0,1,1552.089477539062,0.008104020573232784,1619.2439514160155,1627.229423828125,33.025091798170976,23.700225412355156,0.01911723047306623,1,1,44,Fear,0,0,1,1,0,normal
2023-10-14,26861.70703125,-2.4866332556272575e-05,27205.44384765625,26653.6755078125,48.733712962518794,44.36392088245496,0.0139827533810649,0,1,1555.2568359375,0.002040706057398145,1617.9641235351562,1625.275859375,33.01514782907357,25.577449839861053,0.019056450923846665,1,1,47,Neutral,0,0,1,1,0,normal
2023-10-15,27159.65234375,0.011091823470242623,27248.50244140625,26676.699296875,38.14530485091233,41.233435529408496,0.014155926552161214,0,1,1558.06982421875,0.0018086969407560272,1616.4514709472655,1623.5111206054687,18.770062825739572,28.569751202984754,0.01902434385029004,1,1,45,Fear,0,0,1,1,0,normal
2023-10-16,28519.466796875,0.05006744695824206,27363.61328125,26725.294765625,61.279424367326804,41.04607868435031,0.017743649292194873,0,0,1600.534301757812,0.0272545407651128,1616.80732421875,1622.3715454101562,37.56279242573428,29.246303493198162,0.02002385865695537,1,1,47,Neutral,0,0,1,1,0,normal
2023-10-17,28415.748046875,-0.0036367703063566736,27466.76484375,26771.48671875,61.23873374359029,41.628706461859274,0.0178316764993592,0,0,1565.439575195312,-0.02192688186935865,1615.2047424316406,1620.6311889648437,33.81013521299052,29.975511880060456,0.020625307751643326,1,1,52,Neutral,0,0,1,1,0,normal
2023-10-18,28328.341796875,-0.0030759792019486865,27532.10458984375,26783.505703125,56.44494874664034,42.0978817926706,0.017151917122554355,0,0,1563.749877929688,-0.0010793755903438784,1610.7481018066405,1617.3116723632813,34.69130869397286,30.24227028322667,0.018861885753901717,1,1,50,Neutral,0,0,1,1,0,normal
2023-10-19,28719.806640625,0.013818840741083749,27622.50888671875,26811.9565234375,65.85643573763016,40.577577020131166,0.01725742892965559,0,0,1567.45703125,0.0023706817647974887,1605.7237609863282,1614.5585693359376,40.904617368261874,29.70076692591729,0.018701150225643032,1,1,52,Neutral,0,0,1,1,0,normal
2023-10-20,29682.94921875,0.033535830870205396,27758.260546875,26886.9860546875,69.10589897951377,39.75368945789849,0.01851859859344547,0,0,1604.666870117188,0.023738984945261388,1602.3990112304687,1613.7391235351563,41.59363908445182,27.598050486178035,0.019613379846556988,1,1,53,Neutral,0,0,1,1,0,normal
2023-10-21,29918.412109375,0.007932597562652743,27854.99365234375,26969.3398046875,70.4905803530556,39.04185758168144,0.016875871764589663,0,0,1629.304443359375,0.015353699699918177,1597.1737121582032,1613.7553881835938,48.991556824049425,25.831863622348067,0.017819588548041696,0,1,63,Greed,0,0,0,0,0,normal
2023-10-22,29993.896484375,0.002523007395046406,27978.14921875,27051.8417578125,71.45048482443556,37.99356143907302,0.016234616689455875,0,0,1663.429931640625,0.020944819993793384,1597.1638305664062,1614.2834790039062,55.1285682799263,25.115257557259895,0.016234032812956503,0,0,53,Neutral,0,0,0,0,0,normal
2023-10-23,33086.234375,0.10309890521346299,28260.96201171875,27194.1751171875,86.48958444773884,39.65193119575248,0.027251956547841304,0,0,1765.382690429688,0.061290684296216646,1602.598681640625,1616.868779296875,77.32810537786501,29.856461788025406,0.02117168448737925,0,0,53,Neutral,0,0,0,0,0,normal
2023-10-24,33901.52734375,0.02464145540134477,28566.06865234375,27355.95734375,89.88042739096166,41.40410581983245,0.027445927037032466,0,0,1784.4375,0.0107935858177437,1609.4286499023438,1619.964423828125,81.27387058509794,34.92691089228076,0.0211287500997811,0,0,66,Greed,0,0,0,0,0,normal
2023-10-25,34502.8203125,0.017736456610143003,28920.4140625,27530.4141015625,96.26110073429341,46.71846551261705,0.02688816016023664,0,0,1787.397583007812,0.0016588325496478262,1618.22470703125,1623.0397875976562,81.77372836824647,40.09838122552764,0.02022308102343845,0,0,72,Greed,0,0,0,0,0,normal
2023-10-26,34156.6484375,-0.010033147199696724,29230.9166015625,27698.48234375,93.65291585697204,52.72883598319881,0.02725915829795805,0,0,1804.039306640625,0.009310588640725648,1626.1350952148437,1626.47552734375,89.11689680341506,44.56631522219002,0.019900815562318177,0,0,71,Greed,0,0,0,0,0,normal
2023-10-27,33909.80078125,-0.007226928505637331,29527.9646484375,27851.874453125,90.89233056734807,57.931015757447554,0.027466489473185782,0,0,1780.045288085938,-0.01330016395228506,1633.411798095703,1629.1244677734376,82.6105193894404,47.9888968114095,0.020149166790956453,0,0,70,Greed,0,0,0,0,0,normal
2023-10-28,34089.57421875,0.005301518539129857,29835.6888671875,28015.5528515625,91.08537287238389,63.14196336559342,0.027364853068574453,0,0,1776.6181640625,-0.0019253015900079218,1640.5652770996094,1631.9340747070312,81.6436187588473,51.190584594931956,0.02016901101883501,0,0,65,Greed,0,0,0,0,0,normal
2023-10-29,34538.48046875,0.013168432293093613,30183.42900390625,28188.40890625,91.23578561879656,69.57954347542788,0.02683003671626817,0,0,1795.546020507812,0.010653868584812098,1651.35224609375,1635.141748046875,82.45209349995626,51.48975100760176,0.018183707950070918,0,0,72,Greed,0,0,0,0,0,normal
2023-10-30,34502.36328125,-0.0010457086417764438,30538.99619140625,28361.811640625,89.24023958858278,73.33555054699323,0.02664538188706318,0,0,1810.088623046875,0.008099264721129318,1663.4710266113282,1639.006943359375,81.002328602806,55.49036427651724,0.017873414130985647,0,0,68,Greed,0,0,0,0,0,normal
2023-10-31,34667.78125,0.004794395311462418,30928.71923828125,28551.9141796875,90.6762282322701,76.75568415020557,0.025712917755698513,0,0,1816.458984375,0.0035193643267046326,1675.9812377929688,1644.303369140625,90.58636096826974,59.545710371242016,0.01779226710227087,0,0,66,Greed,0,0,0,0,0,normal
2023-11-01,35437.25390625,0.022195613001625203,31362.7419921875,28743.9923828125,92.48090394045377,80.12421341762595,0.02544831177173589,0,0,1847.089721679688,0.016862884088311603,1691.3551025390625,1649.3965747070313,91.89160507481263,64.05280747968773,0.01691855772693474,0,0,66,Greed,0,0,0,0,0,normal
2023-11-02,34938.2421875,-0.014081557224217889,31766.5353515625,28918.1907421875,86.68809371977314,83.76210319459392,0.026149199117434706,0,0,1800.620971679688,-0.02515781959835861,1703.7816772460938,1653.2492236328126,80.6034625023753,69.17947762422327,0.018592144867620324,0,0,72,Greed,0,0,0,0,0,normal
2023-11-03,34732.32421875,-0.005893770145759425,32160.0662109375,29082.04375,82.71376668917367,85.99460003978712,0.026341646394715083,0,0,1832.795166015625,0.017868388096093257,1717.65859375,1657.3656396484375,80.343627524364,75.31676470050111,0.01867901178966931,0,0,65,Greed,0,0,0,0,0,normal
2023-11-04,35082.1953125,0.010073356782761111,32556.193359375,29251.5137890625,82.96628304506226,88.13543273014957,0.026347013131360012,0,0,1857.698608398438,0.013587684453004956,1732.6400329589844,1661.6868041992188,80.35752009415839,81.15987457801211,0.018645684674232554,0,0,68,Greed,0,0,0,0,0,normal
2023-11-05,35049.35546875,-0.0009360829177728069,32882.68779296875,29421.1352734375,82.45142369550265,90.03066839789561,0.02502540651059203,0,0,1894.15771484375,0.01962595346763174,1747.3212036132813,1666.8655249023439,80.47862215849537,86.04327298184884,0.01832783350855256,0,0,70,Greed,0,0,0,0,0,normal
2023-11-06,35037.37109375,-0.0003419285416157436,33213.7689453125,29591.1989453125,70.71746345655642,88.65527615222254,0.024937134038903408,0,0,1899.83740234375,0.002998529349214518,1764.0410949707032,1672.4043383789062,73.81968067506749,86.80902556721186,0.016936382662054533,0,0,74,Greed,0,0,0,0,0,normal
2023-11-07,35443.5625,0.011593090279608864,33569.52998046875,29764.9845703125,67.93140695505713,87.06192774873341,0.02472204185080548,0,0,1888.124267578125,-0.006165335386688842,1780.259814453125,1677.4198828125,68.85948980470904,86.047889947343,0.01714617632643694,0,0,68,Greed,0,0,0,0,0,normal
2023-11-08,35655.27734375,0.005973294692089626,33916.303515625,29933.8677734375,64.73640413138186,84.48855206209042,0.024746257385285013,0,0,1889.322387695312,0.0006345557534324087,1796.3530822753905,1682.3354370117188,68.65860286178071,85.1557524582827,0.01718907817435405,0,0,66,Greed,0,0,0,0,0,normal
2023-11-09,36693.125,0.029107827327892632,34266.8123046875,30125.0901171875,77.55893013267237,82.81864964328727,0.02455450384787186,0,0,2120.56103515625,0.12239237144858817,1822.1477905273437,1692.2888452148438,82.44860549432782,84.25959991313145,0.030491811079561587,0,0,69,Greed,0,0,0,0,0,normal
2023-11-10,37313.96875,0.01691989303173269,34636.59013671875,30340.0168359375,84.2064854655202,82.51908616721347,0.024579005353721498,0,0,2078.289794921875,-0.019933988946118864,1844.5970581054687,1702.1685009765624,79.47050957579049,84.17385291701473,0.031443018819873464,0,0,70,Greed,0,0,0,0,0,normal
2023-11-11,37138.05078125,-0.0047145338500075296,34993.7978515625,30551.186484375,80.65610450910793,82.18414266033379,0.024768792025602056,0,0,2052.7138671875,-0.012306237463546976,1864.0612548828126,1711.357412109375,76.13781237894753,83.12316662730075,0.03185977194858525,0,0,70,Greed,0,0,0,0,0,normal
2023-11-12,37054.51953125,-0.002249209321512735,35192.212109375,30760.6890625,77.30859570426776,81.78497206251788,0.012135794527357881,0,0,2045.18701171875,-0.003666782589169526,1878.0514709472657,1720.3839965820312,74.15477840962916,81.59192650232954,0.02970392691552294,0,0,73,Greed,0,0,0,0,0,normal
2023-11-13,36502.35546875,-0.014901395821212304,35322.253515625,30965.5996484375,69.52077827206887,80.47356516308567,0.012117005328857561,0,0,2055.265380859375,0.004927847225156823,1891.5928649902344,1729.872236328125,73.92955554263526,80.3184670985927,0.029701537931547242,0,0,72,Greed,0,0,0,0,0,normal
2023-11-14,35537.640625,-0.026428838121854925,35373.99453125,31150.3828515625,57.34427501157623,76.44406051472791,0.01339514593796569,0,0,1979.052612304688,-0.03708171667973115,1901.1756164550782,1737.6868310546874,63.96538177078303,77.08916923304015,0.03132057690843559,0,0,69,Greed,0,0,0,0,0,normal
2023-11-15,37880.58203125,0.06592844558740318,35560.1912109375,31383.6494921875,66.2986503346282,72.65090996264176,0.019370340528732887,0,0,2060.408447265625,0.04110847506282056,1913.994073486328,1747.0266552734374,66.85365224655632,73.47934997462538,0.032313007220562975,0,0,60,Greed,0,0,0,0,0,normal
2023-11-16,36154.76953125,-0.04555929205565723,35672.4396484375,31579.690546875,56.97366706271242,68.55330731523222,0.022348913134025438,0,0,1960.881591796875,-0.04830442993030459,1923.035888671875,1754.294462890625,61.682264612852535,68.80304565295613,0.03436131106931458,0,0,70,Greed,0,0,0,0,0,normal
2023-11-17,36596.68359375,0.012222842746045792,35797.7951171875,31771.19328125,60.40577816808978,65.4604258060434,0.022432601528871145,0,0,1961.28076171875,0.0002035665608492998,1932.2690185546876,1760.4624243164062,59.820968039310976,64.25797567021496,0.03434075866626333,0,0,63,Greed,0,0,0,0,0,normal
2023-11-18,36585.703125,-0.000300039994658885,35900.15625,31964.6729296875,58.72165165238656,62.216869121181176,0.02233824613260489,0,0,1963.285034179688,0.0010219202166554808,1940.6559692382812,1766.369248046875,58.36341386910917,59.35199860132084,0.03433211622369766,0,0,69,Greed,0,0,0,0,0,normal
2023-11-19,37386.546875,0.021889527372586093,36044.3654296875,32173.045546875,62.448552435840085,59.36059659334728,0.022699047435198603,0,0,2013.204467773438,0.025426483024461932,1950.8117614746093,1773.2101000976563,59.23272020502202,54.40884764798863,0.03463144882952286,0,0,66,Greed,0,0,0,0,0,normal
2023-11-20,37476.95703125,0.0024182537251242753,36184.82421875,32362.9096875,62.886278439056284,58.00423419859487,0.022702346572328273,0,0,2022.239135742188,0.004487705105652884,1961.1007690429688,1778.9786743164063,59.44377229877027,50.257180013937024,0.03462865441117235,0,0,69,Greed,0,0,0,0,0,normal
2023-11-21,35813.8125,-0.04437779006078835,36203.6521484375,32528.570234375,51.72646439094335,54.90305591470451,0.024708482508431245,0,0,1937.066772460938,-0.04211784935612506,1965.5996215820312,1784.4474584960938,53.39165069407803,46.78787548824988,0.036127296427903945,0,0,71,Greed,0,0,0,0,0,normal
2023-11-22,37432.33984375,0.045192824521265385,36328.35703125,32728.6174609375,57.325317469927626,51.82305981398632,0.026329126175856567,0,0,2064.42529296875,0.06574813130783808,1978.7898376464843,1792.6022509765626,60.32842306325915,43.780255341447585,0.03806767998562964,0,0,62,Greed,0,0,0,0,0,normal
2023-11-23,37289.62109375,-0.003812712499291715,36456.221875,32918.4219921875,52.65475971506486,46.8930272206648,0.026292967144652093,0,0,2062.210693359375,-0.0010727438851469984,1990.2606140136718,1800.8897021484374,45.284065392420025,38.90128083521479,0.03803234731710512,0,1,66,Greed,0,0,0,0,0,normal
2023-11-24,37720.28125,0.011549062275727495,36588.126171875,33124.509375,51.83947008774337,40.99175156501723,0.026313310493840284,0,0,2081.152099609375,0.009185000500188556,2001.4332885742188,1810.2832153320312,50.24040009268239,32.97875715392454,0.038002355058215725,0,0,66,Greed,0,0,0,0,0,normal
2023-11-25,37796.79296875,0.0020283973558654633,36725.498046875,33321.51328125,53.00936368620016,35.11708810627842,0.02629262840543859,0,0,2084.4130859375,0.0015669139841998359,2010.9460571289062,1819.0548461914063,52.76604547102661,28.076540753873477,0.03788481338012238,0,0,73,Greed,0,0,0,0,0,normal
2023-11-26,37479.12109375,-0.008404730932136117,36847.585546875,33511.71890625,51.89910085441892,28.986158618010958,0.02642590637601565,0,0,2063.2861328125,-0.010135684364837805,2019.1184936523437,1827.6303442382812,51.54269772954948,23.4418482204519,0.03804309877642226,0,0,73,Greed,0,0,0,0,0,normal
2023-11-27,37254.16796875,-0.006002091789647501,36938.1158203125,33698.10046875,53.463997563769276,23.941868066710413,0.02644231460719876,0,0,2027.417358398438,-0.01738429481187309,2026.0831481933594,1835.5077197265625,47.7263082316391,20.000836164133744,0.038295107053170366,0,1,66,Greed,0,0,0,0,0,normal
2023-11-28,37831.0859375,0.01548599794884531,37046.90625,33903.0486328125,60.958732799111246,24.068097006609815,0.026587103962982143,0,0,2049.338134765625,0.010812167645887882,2034.083935546875,1844.898349609375,56.29680535381395,17.06469060154273,0.03831236352436356,0,0,68,Greed,0,0,0,0,0,normal
2023-11-29,37858.4921875,0.0007244373065387055,37105.174609375,34112.3980859375,49.86445408433041,22.74802455093648,0.02588526822536593,0,1,2029.92919921875,-0.009470831200383945,2029.55234375,1854.1426733398437,46.92847182105456,14.422157195304562,0.026537354214204008,0,1,72,Greed,0,0,0,0,0,normal
2023-11-30,37712.74609375,-0.0038497596002547985,37125.1134765625,34329.1866015625,61.85962395748589,21.56021329466484,0.025665845358351914,0,0,2052.55615234375,0.011146671092621574,2028.2656616210938,1863.868701171875,60.932957933476224,12.948988311239452,0.026331822060513512,0,0,74,Greed,0,0,0,0,0,normal
2023-12-01,38688.75,0.025879947957747618,37202.6484375,34567.825625,64.72768431432831,20.794749594621504,0.026222932156168752,0,0,2087.139892578125,0.016849107974407973,2029.986962890625,1874.8192504882813,63.878183384482874,13.3009865175721,0.026438705375915184,0,0,71,Greed,0,0,0,0,0,normal
2023-12-02,39476.33203125,0.020356874575942596,37323.7390625,34820.104765625,68.34365451706924,20.635697105046972,0.026499020315101294,0,0,2165.7041015625,0.03764204271297267,2036.0128173828125,1887.09154296875,69.09605486598927,14.770541222284916,0.027628373314725802,0,0,74,Greed,0,0,0,0,0,normal
2023-12-03,39978.390625,0.012717964611113297,37497.5408203125,35082.4384375,67.09588984622995,19.91500043685048,0.026207543266327914,0,0,2193.691650390625,0.012923071442646705,2042.934130859375,1899.8602392578125,67.7620237605274,16.111617604452537,0.027711980300224735,0,0,73,Greed,0,0,0,0,0,normal
2023-12-04,41980.09765625,0.05006972516793251,37819.663671875,35378.84734375,73.72169169151043,20.219533352070993,0.02696848430397782,0,0,2243.2158203125,0.022575720663866372,2056.1422912597654,1913.5631591796875,70.14152600814946,17.078660231240587,0.02627280496286743,0,0,74,Greed,0,0,0,0,0,normal
2023-12-05,44080.6484375,0.05003682455553493,38129.6669921875,35690.0709765625,91.62968540750987,24.47222161466865,0.02538124625748247,0,0,2293.841796875,0.02256848231190145,2067.8139587402343,1927.4293090820313,84.70482680365417,20.295464351633402,0.025300621795663975,0,0,75,Greed,0,0,0,0,0,normal
2023-12-06,43746.4453125,-0.007581629055975703,38509.25078125,35996.684921875,86.52013225240744,28.588987166991927,0.022417807948972898,0,0,2231.661376953125,-0.027107545082919904,2081.352947998047,1940.7537451171875,68.6299995104519,22.70799878600737,0.023283601666877273,0,0,72,Greed,0,0,0,0,0,normal
2023-12-07,43292.6640625,-0.010372985662227885,38844.0498046875,36295.9713671875,83.51500628305912,32.83746858609411,0.02285504197904576,0,0,2357.57958984375,0.05642353010676748,2101.167889404297,1956.6303393554688,75.79465016715567,26.481962679558215,0.025718831432183405,0,0,72,Greed,0,0,0,0,0,normal
2023-12-08,44166.6015625,0.02018673414826888,39223.0947265625,36604.907265625,84.29247196353347,37.181895817981754,0.02289034019808243,0,0,2358.73193359375,0.0004887825441670657,2120.940234375,1972.4558374023438,75.01846182824474,30.67659895826088,0.025728415083312358,0,0,72,Greed,0,0,0,0,0,normal
2023-12-09,43725.984375,-0.009976252913108663,39540.0666015625,36885.76796875,80.36519705220891,41.52632304986941,0.023105723313171227,0,0,2341.17529296875,-0.007443253883560597,2137.3387756347656,1987.186005859375,72.56077391088343,34.906083008396045,0.025709203080407195,0,0,73,Greed,0,0,0,0,0,normal
2023-12-10,43779.69921875,0.0012284421841561866,39855.2037109375,37162.9937109375,83.16380115059278,46.754579351517826,0.023122684062710272,0,0,2352.462646484375,0.004821233826242777,2153.849951171875,2001.649169921875,75.85598915175153,39.93647331144889,0.02570699200626272,0,0,74,Greed,0,0,0,0,0,normal
2023-12-11,41243.83203125,-0.05792335792051162,40126.7046875,37387.992421875,66.89090767166857,48.83692823097375,0.02487151816480627,0,0,2224.578857421875,-0.054361666168691425,2168.225555419922,2012.8721484375,65.13783170625042,40.98347458710907,0.027070469858279784,0,0,74,Greed,0,0,0,0,0,normal
2023-12-12,41450.22265625,0.005004157345118276,40327.598828125,37555.2721875,65.81850478516688,48.15427159317448,0.02322438371570195,0,0,2202.0380859375,-0.010132601687358522,2175.1061950683593,2021.6052563476562,61.71297418182649,43.38736017445934,0.023532178572876185,0,0,67,Greed,0,0,0,0,0,normal
2023-12-13,42890.7421875,0.03475299863154757,40607.6548828125,37735.056484375,69.57665686204786,49.22500839130354,0.02400981445612136,0,0,2260.648681640625,0.02661652224701272,2185.0280944824217,2031.1294799804687,66.69357582429463,46.13342145188559,0.024057964213173532,0,0,65,Greed,0,0,0,0,0,normal
2023-12-14,43023.97265625,0.0031062756659134827,40872.839453125,37905.47953125,70.6820821628423,50.50160649359609,0.024005313039941873,0,0,2316.5791015625,0.02474087211166509,2196.799444580078,2041.7131103515626,68.22491457476806,48.67858017240581,0.024452720248909175,0,0,72,Greed,0,0,0,0,0,normal
2023-12-15,41929.7578125,-0.025432678020983368,41079.4876953125,38060.94171875,62.50545617216665,50.54673009778043,0.025059244579139207,0,0,2219.33740234375,-0.041976420815141524,2203.5456604003907,2050.019072265625,58.39878097847447,48.88234186286058,0.026673646165619486,0,0,70,Greed,0,0,0,0,0,normal
2023-12-16,42240.1171875,0.007401888090740938,41317.5375,38227.548046875,61.071834876024006,49.77992338061255,0.024845968980508903,0,0,2226.926513671875,0.0034195392373013167,2211.727679443359,2058.956696777344,54.27513463843252,47.56731833523282,0.026480995901377834,0,0,67,Greed,0,0,0,0,0,normal
2023-12-17,41364.6640625,-0.02072563201266564,41523.0623046875,38373.04984375,55.392152095987434,48.5789563419165,0.025440385355742817,0,0,2196.481201171875,-0.013671449108484612,2220.180871582031,2067.3539575195314,50.19412678963288,45.724400827527404,0.026334640541381134,0,0,73,Greed,0,0,0,0,0,normal
2023-12-18,42623.5390625,0.030433584522719714,41762.6849609375,38534.751015625,52.65627706130332,45.91423980803598,0.025961726538401134,0,0,2217.2734375,0.009466157195896718,2228.57763671875,2075.788505859375,48.119449136284544,43.9081129758411,0.026318953660630477,0,1,65,Greed,0,0,0,0,0,normal
2023-12-19,42270.52734375,-0.008282083715112631,41983.28671875,38690.114296875,41.2674141583708,42.595021581475535,0.02614105651172253,0,1,2177.87255859375,-0.017769968394459656,2235.9748046875,2083.1441845703125,41.45437379329303,40.442798118752876,0.026610902985198363,0,1,73,Greed,0,0,0,0,0,normal
2023-12-20,43652.25,0.032687613405284255,42280.2619140625,38869.803671875,49.587286069595535,38.329941416563734,0.02669816832312105,0,1,2201.911376953125,0.011037752537226941,2243.4425659179688,2090.853232421875,47.67719011982326,37.226559068073264,0.02660934458324902,0,1,74,Greed,0,0,0,0,0,normal
2023-12-21,43869.15234375,0.0049688697318006625,42539.28203125,39038.441640625,52.57940828865687,34.455473878014516,0.0263550994282553,0,0,2239.54248046875,0.017090198956007274,2251.0626953125,2098.7022875976563,39.3101902091,34.534695458559476,0.026615594625438155,0,1,70,Greed,0,0,0,0,0,normal
2023-12-22,43997.90234375,0.002934864092908329,42765.360546875,39219.63484375,49.19125013810939,31.167402087880163,0.026164846403517,0,1,2326.52490234375,0.03883937127050796,2259.1037353515626,2109.2203662109373,47.47566558462682,31.060100876371195,0.026696784660655892,0,1,74,Greed,0,0,0,0,0,normal
2023-12-23,43739.54296875,-0.005872083923035065,42953.4181640625,39399.77921875,50.06615644942473,27.945040816520834,0.026234833045986748,0,0,2309.04638671875,-0.007512713750621014,2264.871472167969,2118.745390625,47.481480460804875,27.72569264731721,0.026725428083030123,0,1,70,Greed,0,0,0,0,0,normal
2023-12-24,43016.1171875,-0.01653939964043194,43005.219140625,39558.45765625,46.50281078284354,24.513916038136983,0.02435001797759267,0,1,2265.692138671875,-0.018775823775668332,2265.9952880859373,2126.9052612304686,43.523814938235965,23.936193820624442,0.026723138846960422,0,1,71,Greed,0,0,0,0,0,normal
2023-12-25,43613.140625,0.013879063861056418,42981.84375,39729.733359375,63.19472996555473,23.895166004002245,0.021761534805132633,0,0,2272.561767578125,0.003032022219169095,2264.931286621094,2134.4733422851564,54.370778510869016,22.892466651560405,0.02623969974174699,0,0,73,Greed,0,0,0,0,0,normal
2023-12-26,42520.40234375,-0.025055253200995553,42920.5416015625,39879.393984375,55.42435178871389,22.076714098734634,0.022410107104080042,0,0,2231.46533203125,-0.0180837485401647,2264.921484375,2141.105900878906,52.59288515102468,20.553695565693197,0.025825885670707368,0,0,71,Greed,0,0,0,0,0,normal
2023-12-27,43442.85546875,0.021694364920222586,42928.051171875,40039.37984375,52.95357688711833,21.523067491838113,0.022860376735537504,0,0,2378.739990234375,0.06599907965814755,2265.9795043945314,2150.918215332031,58.999140461917996,18.821337587558656,0.026983666722652625,0,0,73,Greed,0,0,0,0,0,normal
2023-12-28,42627.85546875,-0.01876027694786908,42851.1138671875,40178.83140625,48.02500114909307,20.682420463084593,0.022746817352765417,0,1,2347.566162109375,-0.013105185204343561,2265.4212158203127,2160.0830908203125,52.45395843217959,16.786967710376555,0.027162304799356555,0,0,73,Greed,0,0,0,0,0,normal
2023-12-29,42099.40234375,-0.012396896798793966,42769.784765625,40286.956953125,50.896401802009336,21.012037713082105,0.02280053538049273,0,0,2300.690673828125,-0.019967696347748753,2263.3969848632814,2163.68568359375,57.00110976318469,14.83050529058968,0.027488066187884543,0,0,65,Greed,0,0,0,0,0,normal
2023-12-30,42156.90234375,0.0013658151137276864,42688.644921875,40383.815625,49.548220174536354,21.677457718451574,0.022801467164163546,0,1,2292.0654296875,-0.003748980355657072,2260.3771240234373,2167.9611962890626,55.59575357870765,13.603431503340344,0.027467298617743153,0,0,68,Greed,0,0,0,0,0,normal
2023-12-31,42265.1875,0.002568622223877659,42739.7126953125,40486.358359375,55.33327472608824,22.08318876600227,0.018559875047420422,0,0,2281.47119140625,-0.004622136062972015,2263.2217407226562,2172.5363427734374,57.558861885569286,13.160469541465293,0.024463616430256775,0,0,67,Greed,0,0,0,0,0,normal
