date,coin,n_transfers,onchain_volume,n_unique_senders,n_unique_receivers,minted,burned,volume_large_transfers,data_year,net_issuance,log1p_n_transfers,log1p_onchain_volume,log1p_n_unique_senders,log1p_n_unique_receivers,log1p_minted,log1p_burned,log1p_volume_large_transfers,signed_log_net_issuance
2022-04-01,DAI,5576,528224719.97831,1818,2173,14026066.03294802,67276546.86276007,330031562.4801329,2022,-53250480.82981205,8.626406276389554,20.085032359038642,7.506042178518122,7.684324067681155,16.456428087259646,18.024322262306026,19.61469885476042,-17.790517410960046
2022-04-02,DAI,9185,1253613908.271091,2891,3000,33459396.34401209,142213942.1537398,921778723.456818,2022,-108754545.80972773,9.12543586488574,20.949296344406473,7.969703583278656,8.006700845440367,17.32584324212381,18.772843123647053,20.641815757551278,-18.504604036803688
2022-04-03,DAI,7272,795005437.6618662,2440,2637,16509794.65628381,30075299.54339981,538039032.3497293,2022,-13565504.887116,8.89192414015454,20.493859513679315,7.80016307039296,7.87777633327726,16.61946443885326,17.219214812905587,20.103441668188903,-16.423040796937908
2022-04-04,DAI,8551,657397285.3263106,2874,3112,35580448.17474563,42210208.05690116,305234683.2413455,2022,-6629759.88215553,9.053920452704881,20.303799091297694,7.963807953231451,8.043342170441608,17.38730686448275,17.558172670527775,19.53659149522078,-15.70707929547176
2022-04-05,DAI,7489,777265181.3073226,2708,2857,65038841.80267258,86019821.12674916,504433417.7590652,2022,-20980979.324076578,8.921324076511265,20.47129214007656,7.904334842085095,7.957877358489813,17.990495230958718,18.270088317505,20.038946414339026,-16.85912688644118
2022-04-06,DAI,10369,2242428363.982123,3248,3161,139524134.4665343,207425679.6606903,1796288104.806826,2022,-67901545.19415602,9.246672301223573,21.530825207120383,8.0861025356691,8.058960017769417,18.753748158357503,19.1502836679878,21.30898820922119,-18.03356936390671
2022-04-07,DAI,7627,2184960443.062726,2765,2684,284687547.2529631,309937516.8307141,1878286683.745886,2022,-25249969.57775098,8.93958096672031,21.50486356192631,7.925157512224703,7.895436006942965,19.46690281491303,19.551881279743657,21.353625860366286,-17.04433554844738
2022-04-08,DAI,7546,1457486139.930689,2517,2800,215426378.9742779,148269609.5975423,1138165258.761971,2022,67156769.37673563,8.928905412284868,21.099978967348303,7.831220214604293,7.937731775260109,19.188129784891927,18.814542867684306,20.852683381581713,18.022540300523215
2022-04-09,DAI,6879,1484556500.845092,2459,2455,26350192.31822379,35863381.56061064,1275355090.391852,2022,-9513189.242386848,8.836373930927389,21.11838191263953,7.807916628926408,7.806289289267033,17.086986169479715,17.39522734853634,20.96649047983446,-16.06818984013715
2022-04-10,DAI,7244,494340914.0017557,2487,2578,28604082.17928301,32567515.18832328,276916901.1007378,2022,-3963433.00904027,8.888066854754783,20.01873594847445,7.81923445385907,7.8551570058813445,17.169060034106028,17.298825913623613,19.439228026728777,-15.192621381452586
2022-04-11,DAI,10985,2329615453.119961,3045,3316,49082870.23326373,268254651.9855935,1758725582.558424,2022,-219171781.75232977,9.304377013902565,21.568969049753,8.021584533455107,8.106816038947052,17.709020677181105,19.407447285030493,21.287855283458367,-19.20536637643227
2022-04-12,DAI,8584,920151650.437155,2933,3040,32582343.35467241,83674928.1281372,596270922.703069,2022,-51092584.77346479,9.057771773331575,20.64004905294163,7.984121958702927,8.019941687677365,17.299281115414733,18.24244995807161,20.206205691715585,-17.749149952151203
2022-04-13,DAI,7812,1105342456.540049,2777,2683,65732169.33046579,85073270.96617322,785204858.620455,2022,-19341101.635707423,8.963544291996744,20.82342104022782,7.9294865233142895,7.895063498091573,18.001099018566787,18.25902346625748,20.481455209369912,-16.777743059585916
2022-04-14,DAI,7362,1322392938.030414,2764,2765,214610925.063831,151588986.9639164,1065063133.107642,2022,63021938.09991461,8.904222737368716,21.002708764945652,7.9247959139564355,7.925157512224703,19.18433730048938,18.83668338977378,20.786299915203006,17.958993463415627
2022-04-15,DAI,6455,756212922.3028989,2534,2615,42540797.13025261,58903959.01822552,572175510.380995,2022,-16363161.887972914,8.772765209949785,20.44383353906997,7.837948916025283,7.86940171257709,17.565974129437482,17.89141887926884,20.16495634035756,-16.610543201013623
2022-04-16,DAI,6651,446675852.1219484,2502,2597,49006856.1257192,51051256.88474114,275804349.0256736,2022,-2044400.7590219453,8.802672840312818,19.91734372872056,7.8252452914317745,7.862497197230545,17.707470787625233,17.748340742520963,19.435202295590948,-14.530615766285765
2022-04-17,DAI,8086,2743511607.99676,2455,2679,21502415.75418774,55191201.4636684,2408072464.650086,2022,-33688785.70948066,8.998013113095823,21.73250454590934,7.806289289267033,7.893572073504902,16.8836758939522,17.826314122887492,21.602092457648688,-17.332675601361743
2022-04-18,DAI,10413,1508326663.073436,3597,3533,103023683.8189505,124754848.6684846,1125971719.7855,2022,-21731164.849534094,9.250906333722844,21.134266703811644,8.188133414510478,8.170185652879642,18.450469469458078,18.64186116693836,20.8419122515932,-16.89425800240566
2022-04-19,DAI,7513,730010431.8845426,2943,2908,55298533.64004876,72539355.47046,456209009.8139892,2022,-17240821.83041124,8.924523226133914,20.40856938362725,7.987524479848767,7.975564658495202,17.828256967769843,18.099639820404715,19.93846161951338,-16.662790550042967
2022-04-20,DAI,7546,1260230508.022019,2578,2706,121031956.5720435,99615639.15249792,816155708.4976766,2022,21416317.419545576,8.928905412284868,20.954560484845913,7.8551570058813445,7.903596289614301,18.611565180855187,18.416829739870515,20.520115715187313,16.879663732373324
2022-04-21,DAI,7916,1062064114.165748,2488,2839,34407123.427447,59606098.26830909,728059144.9013295,2022,-25198974.840862088,8.976767625171433,20.783480130039646,7.819636302367592,7.951559331155252,17.353774206349293,17.903268463516127,20.405892847230774,-17.042313910420145
2022-04-22,DAI,7182,1290851139.573936,2574,2672,85002373.70873651,86587443.5268988,1002793701.529996,2022,-1585069.8181622922,8.879472402074802,20.97856763664292,7.853604813097837,7.890956716138919,18.25818975181418,18.27666538065333,20.72605564434237,-14.276139644523962
2022-04-23,DAI,6039,732243933.5176535,2381,2325,43575960.16154516,39365609.14423525,567279070.8492036,2022,4210351.017309904,8.706159290928861,20.411624260288754,7.775695749915245,7.75190533307861,17.59001620676439,17.48840315414362,20.15636193081639,15.253056816725984
2022-04-24,DAI,5487,504564987.7972032,2152,2226,48308122.15121316,42471501.33315417,385164885.1861948,2022,5836620.81805899,8.610319169405722,20.039207207691916,7.674617497364363,7.708410667257367,17.693110285666467,17.564343875649072,19.76918207637645,15.579662731622482
2022-04-25,DAI,8231,1502041277.409365,2928,2873,144016457.309944,184616566.2128341,1205075898.100903,2022,-40600108.902890086,9.015784277513886,21.130090872207237,7.982416346827733,7.96346006663897,18.78543814482829,19.033791622554443,20.909808388711173,-17.519281331536032
2022-04-26,DAI,7614,1730524611.240033,2805,2873,161093366.9190135,186567438.3550301,1515310733.410305,2022,-25474071.43601659,8.937875265329263,21.27169044355629,7.939515260662406,7.96346006663897,18.897494679820056,19.044303336805573,21.138886360097867,-17.053171725655183
2022-04-27,DAI,7480,1082599975.681779,2947,2791,17909850.99755327,58867652.18777005,855890815.2506305,2022,-40957801.19021678,8.920121751872404,20.80263137078806,7.988882253309227,7.934513463882263,16.700861510326217,17.890802315894742,20.567653374861607,-17.528052879790504
2022-04-28,DAI,6789,1832305046.035892,2543,2516,145046944.3060752,166993222.2729042,1587201006.032685,2022,-21946277.966829002,8.823206220552741,21.328840599727805,7.841492924460013,7.830822995135316,18.792568008717204,18.933463790353503,21.18523792896588,-16.90410815996348
2022-04-29,DAI,7566,1424476723.729936,2673,2900,85280538.89510116,165985862.557385,1211572046.966415,2022,-80705323.66228384,8.931551966694522,21.077070372512825,7.891330757661889,7.972810784121404,18.26145684921427,18.927413183401697,20.915184566503275,-18.206315112008806
2022-04-30,DAI,7532,2636131056.898076,2470,2590,29178773.00541428,73397090.04717545,2314297523.264571,2022,-44218317.041761175,8.927048647825695,21.69257817082498,7.81237820598861,7.85979918056211,17.18895208528299,18.111394861289522,21.5623720331937,-17.604649696527286
2022-05-01,DAI,6147,972284389.5034328,2486,2326,46314290.82415485,80616024.26355283,751715912.3268161,2022,-34301733.43939798,8.723882104658486,20.69515890245317,7.818832443803404,7.752335163302292,17.65096115013244,18.2052080123237,20.437869035707866,-17.35070647760401
2022-05-02,DAI,6149,749525807.9078584,2387,2660,19594921.11191974,95440204.62343249,550076833.793716,2022,-75845283.51151276,8.724207360800564,20.43495130974776,7.778211474512493,7.886457270977689,16.79078101471232,18.37401049023016,20.125568526058643,-18.144206093223932
2022-05-03,DAI,5811,948038091.6468664,2362,2469,13575062.99127765,76667204.0823495,775292121.5700328,2022,-63092141.091071844,8.667680024690174,20.669905241528966,7.767687277186908,7.8119734296220225,16.423745137679436,18.154984601007953,20.4687504486449,-17.960106788711986
2022-05-04,DAI,7155,1653621341.223357,2809,2799,13430089.08124503,101822236.9419595,1431580941.770445,2022,-88392147.86071447,8.87570644462861,21.226233472769685,7.940939762327791,7.937374696163295,16.413008275941188,18.438739085591532,21.082045224927953,-18.29729370987087
2022-05-05,DAI,7766,1764449529.031206,2741,2930,198709880.8663676,210856341.5430534,1495290206.761549,2022,-12146460.67668578,8.957639268419648,21.291104597684527,7.91644286012226,7.983098940710892,19.10735643887912,19.166687618534652,21.12558614385447,-16.312548465312183
2022-05-06,DAI,8691,2930694986.236034,2745,3072,396402889.285804,427586078.3014549,2543507280.842715,2022,-31183189.015650928,9.07015834137632,21.79850542885751,7.917900586327916,8.030409562130485,19.797941651730063,19.873666181162996,21.656809785145235,-17.255389726035126
2022-05-07,DAI,7933,2015292443.994518,2658,2719,44851489.54951968,241955596.1920003,1606404647.750988,2022,-197104106.6424806,8.978912601074276,21.424030155806456,7.88570539124302,7.908387159290043,17.618867380019843,19.30426478460827,21.19726438135129,-19.099242612303968
2022-05-08,DAI,12047,6181124367.058645,3292,3354,622310217.5046331,1069581049.176335,5572627415.160274,2022,-447270831.6717019,9.396653950039674,22.544766028446627,8.099554282376364,8.118207049405783,20.248949269948795,20.79053286685641,22.441132488132975,-19.918674858746684
2022-05-09,DAI,20152,7166776537.129478,4625,4829,417179630.8645824,772169719.2234489,5778755967.282319,2022,-354990088.35886645,9.911108439667489,22.69272181419619,8.439447842791385,8.482601746646619,19.849027458865027,20.46471492867574,22.477454266064328,-19.687600429751026
2022-05-10,DAI,17836,3150062819.149645,4325,3996,139823534.9199977,319710701.3452025,2098567105.698767,2022,-179887166.4252048,9.789030230558303,21.870688232489744,8.372398606513004,8.293299358711323,18.7558917278143,19.58292708968246,21.464520618639185,-19.00784036466561
2022-05-11,DAI,24117,8474533513.648412,5191,5307,465138489.5252078,1253239816.279131,7072232702.237713,2022,-788101326.7539232,10.090713728663538,22.86033144617867,8.554874258383926,8.576970395452099,19.95784574829582,20.948997889023317,22.679442066609987,-20.485137228075565
2022-05-12,DAI,30401,10289765690.98646,7168,7072,722351813.3288485,892632909.5705227,8010587626.199015,2022,-170281096.24167418,10.322263674703965,23.054415616075048,8.877521453852872,8.86403999703599,20.39802285563977,20.60968597993742,22.804029957033595,-18.95296114265302
2022-05-13,DAI,15684,3236514620.391887,4714,4298,226456792.641702,213164790.1254754,2554151240.447816,2022,13292002.51622659,9.660460120624778,21.89776285359509,8.458504195067558,8.366137716496281,19.23806472814224,19.177576091803214,21.660985810285,16.402673172993644
2022-05-14,DAI,11520,2438898824.242823,3568,3404,260420957.0732322,294745399.230882,2082220008.378094,2022,-34324442.157649785,9.351926736038054,21.614812473254528,8.18004072349016,8.133000218583613,19.37780994921221,19.501622491597157,21.45670047368793,-17.351368286839953
2022-05-15,DAI,11248,3355612240.868019,3873,3048,257287735.8891354,203230728.7082862,3087230364.971601,2022,54057007.180849195,9.328034514792826,21.933900077120253,8.262042843966942,8.022568946988255,19.365705615366593,19.12985249111403,21.850540204227546,17.805549754714512
2022-05-16,DAI,11534,2262815830.597214,3829,3429,126041856.9834839,150392072.6593817,1968140712.867281,2022,-24350215.675897792,9.353141170607854,21.539875817872126,8.250620082174692,8.140315540159985,18.65212461596561,18.828756266358393,21.400355133969224,-17.00805130584744
2022-05-17,DAI,9551,1590113098.808359,2959,2925,154943290.5884877,48948714.36083041,1294460348.166753,2022,105994576.2276573,9.164505835632383,21.187070982603736,7.992944547318106,7.98139158158007,18.858569747220724,17.706283682691012,20.981359726456358,18.478898492538065
2022-05-18,DAI,10356,1184969993.336403,3207,3180,50985258.35974779,76235367.9386933,862269964.8309045,2022,-25250109.57894551,9.24541789858888,20.892983289977813,8.073402968986406,8.064950891749143,17.747047116748945,18.149336072268706,20.575078965014335,-17.04434109304023
2022-05-19,DAI,10435,3213207972.651109,3358,2954,555377869.0029049,446537392.3199937,2852494617.025482,2022,108840476.68291122,9.253016646256619,21.890535643790514,8.119398589612294,7.991253929840199,20.13515928689172,19.917033702411356,21.771459752941663,18.505393860724073
2022-05-20,DAI,9258,5270116505.482901,3130,2830,657859543.3277873,732076248.484433,4945380019.82283,2022,-74216705.15664577,9.133351330448047,22.385318306747326,8.049107721326406,7.9483852851118995,20.30450200803568,20.41139523246303,22.32171964857748,-18.12249983315418
2022-05-21,DAI,6506,2929994901.045927,2502,2272,66598869.49198256,84796673.02949789,2789251100.650442,2022,-18197803.537515335,8.780633799494984,21.79826652005781,7.8252452914317745,7.728855823852543,18.014198175786962,18.255766878642692,21.74903897440045,-16.716811514963815
2022-05-22,DAI,6700,490745725.8559764,2440,2269,45817866.3305226,26499292.89585803,347788614.9702972,2022,19318573.434664566,8.81001204797317,20.01143668370846,7.80016307039296,7.727535110475448,17.640184689395756,17.092628645162137,19.667105427808508,16.776577597000607
2022-05-23,DAI,8977,2181500923.509505,2816,2733,305779923.264483,272004786.7430034,1929178820.984387,2022,33775136.52147955,9.102532419341877,21.503278974323177,7.943427767876373,7.913521017283895,19.538376199416952,19.421330226101695,21.380360268483447,17.335235513496684
2022-05-24,DAI,7790,2471535656.077415,2615,2552,245977200.2563109,244001557.6223585,2238595935.507109,2022,1975642.633952409,8.960724500330858,21.628105517909425,7.86940171257709,7.845024417241484,19.320749411781907,19.312685171033625,21.52911469222397,14.496404793835364
2022-05-25,DAI,6927,2135642924.298366,2387,2379,372045951.5981117,372741595.7739565,1956511132.434972,2022,-695644.1758447886,8.843326450242271,21.482033574265795,7.778211474512493,7.77485576666552,19.73452793309795,19.736395967489027,21.394428690084098,-13.45259500450119
2022-05-26,DAI,10043,3310701025.788856,2817,2855,250677261.3302767,236549228.0662536,2939995551.854457,2022,14128033.264023095,9.214730720277476,21.920425794481577,7.943782692458625,7.957177323459475,19.33967686228727,19.281666900963,21.801673905661318,16.463671627079385
2022-05-27,DAI,10348,2651411331.901937,2787,2787,106844961.5439492,85983894.80700095,2309240184.334543,2022,20861066.73694825,9.244645175668174,21.69835791362853,7.933079771880415,7.933079771880415,18.486889393498263,18.269670578624673,21.560184383275118,16.85339519208257
2022-05-28,DAI,7879,1560017622.983132,2325,2657,137307543.8680879,113363801.2604451,1414786302.587886,2022,23943742.607642785,8.972083182851925,21.167962955569127,7.75190533307861,7.885329239273191,18.737733820926064,18.546112694248954,21.070244334437238,16.991217620457125
2022-05-29,DAI,6359,256589440.0045104,2430,2221,18180663.33109452,7268345.14872143,162867517.0026232,2022,10912318.182373088,8.757783656334167,19.36298785966746,7.796057974316123,7.706162970199576,16.715869187910354,15.799039333770459,18.908447655301945,16.205402909221636
2022-05-30,DAI,12909,2518864489.446919,4164,3942,214554371.8952514,161376622.7555089,2236382849.352842,2022,53177749.13974249,9.465757483840688,21.647074037890494,8.334471554600944,8.279697133877628,19.18407375090117,18.899251469082063,21.528125598670638,17.789150636373154
2022-05-31,DAI,8594,2298145683.115788,3272,3311,163184163.553846,92334123.36703572,2131748900.86936,2022,70850040.18681028,9.05893591781695,21.555368410410434,8.09346227450118,8.10530751550515,18.910389964866415,18.340924342598818,21.48020856045524,18.076076105424864
2022-06-01,DAI,7984,1810165834.247824,2617,3063,65809736.12681016,38618916.87537889,1653866484.103459,2022,27190819.25143127,8.985320060649112,21.316684299711017,7.870165946469845,8.027476530860483,18.002278365998098,17.4692528147735,21.2263817078613,17.1183899835472
2022-06-02,DAI,7107,2304389127.975527,2663,2841,47770261.98346562,31362134.85338398,2115952247.755584,2022,16408127.130081639,8.868976189274543,21.558081458303793,7.88758403166028,7.952263308657046,17.68191389055228,17.261111858696907,21.47277078393716,16.61328738770445
2022-06-03,DAI,6880,1541826732.107842,2503,2588,79979995.10982369,66220590.80103624,1358475329.900825,2022,13759404.30878745,8.83651926920248,21.156233740733814,7.825644732219989,7.859026979751538,18.19728711274358,18.008502026936167,21.0296288275939,16.43723317069739
2022-06-04,DAI,5881,1944452944.54705,2227,2194,75534566.53963324,81840314.58749656,1828519473.550076,2022,-6305748.0478633195,8.67965211911394,21.38824651252573,7.708859601047175,7.693937325509272,18.140100957645807,18.220280535752416,21.326772446057603,-15.656972322523517
2022-06-05,DAI,5483,1265661989.318582,1813,2164,220407976.4033236,204972732.3367542,1121245529.051851,2022,15435244.066569388,8.609590040682205,20.958861134750467,7.503289630675082,7.68017564043659,19.210990829702904,19.138387520142924,20.837705984753505,16.55216409312111
2022-06-06,DAI,6973,1337868435.627863,2289,2556,101637127.7607638,76257943.1884006,1130971442.792316,2022,25379184.572363198,8.849944227235596,21.014343465438124,7.736307096548285,7.846589975291186,18.436919466910215,18.14963215410219,20.846342785125316,17.04943993038825
2022-06-07,DAI,7551,2722034056.278855,2286,2461,203850052.7385241,156390849.524008,2456078614.400599,2022,47459203.2145161,8.929567707825337,21.72464525295592,7.734996194022781,7.808729306744399,19.132895250847476,18.867868883878383,21.621831856246946,17.67538104133271
2022-06-08,DAI,5759,1391711623.681339,2089,2214,182685242.258164,115289268.9661446,1235177520.012641,2022,67395973.29201938,8.658692753689937,21.053800211219563,7.644919344958857,7.703007682479236,19.023275247742205,18.562954919036642,20.934480538407144,18.026095845493657
2022-06-09,DAI,6379,1552646963.668766,2242,2450,42945942.91149127,32014147.43822022,1423286730.453478,2022,10931795.473271046,8.760923376338836,21.163227030524325,7.715569534520208,7.804251383528112,17.575452764484314,17.281688501743872,21.076234633615243,16.207186208336758
2022-06-10,DAI,9294,1971576348.219346,2822,2990,261057046.4890193,187801108.3325591,1672231388.270324,2022,73255938.1564602,9.137231900155545,21.40209923699386,7.945555428253489,8.003363058629947,19.380249514158287,19.050894031710122,21.237424732745726,18.109469883208863
2022-06-11,DAI,15552,3134322410.676169,3966,3836,165521843.9689198,208574913.0515913,2685418166.465947,2022,-43053069.08267149,9.65200882504456,21.865678851043988,8.28576542051433,8.252446090246952,18.92461373784089,19.155808834677973,21.71110229485368,-17.577944100643037
2022-06-12,DAI,17626,5787365067.060414,4075,3928,325165291.8903024,344273426.9145917,5339743915.851358,2022,-19108135.02428931,9.777187096419954,22.47894294171297,8.312871394342615,8.27614021955846,19.59984420451279,19.656946748201754,22.398443533122794,-16.765624772175535
2022-06-13,DAI,29742,9996489214.481094,7025,6421,740540550.2736888,875735834.5437357,8744017900.981379,2022,-135195284.27004695,10.300349089170124,23.025499789846098,8.857372832825773,8.76748487464946,20.422890952189878,20.590575045824554,22.891635635163176,-18.72223084870212
2022-06-14,DAI,20735,6683900074.757488,5972,4956,341322658.3551617,442189638.0233238,5968905087.84744,2022,-100866979.66816205,9.939626599152001,22.622967497800825,8.695004592732307,8.508555998020574,19.64833880298623,19.907249395591464,22.50982934532757,-18.42931318368089
2022-06-15,DAI,20422,5961172432.058776,5041,4863,498986991.5494441,582107396.8432102,5253234762.838512,2022,-83120405.29376614,9.924416995717158,22.508533015633596,8.525558107747866,8.489616423646003,20.02809058634086,20.182165521048358,22.382109869303292,-18.235800792781873
2022-06-16,DAI,13949,4703590301.604326,3807,3643,348628247.9380882,387152985.6121795,4293742848.741581,2022,-38524737.67409134,9.543234787249512,22.271591948214905,8.244859395911256,8.200837258379849,19.669516723160257,19.774330487121325,22.1804246486623,-17.466811155866235
2022-06-17,DAI,11901,6110351857.831834,3575,3357,258810109.0921023,127168145.8732866,5736283541.239799,2022,131641963.21881568,9.384461732204798,22.53325019584201,8.182000136293405,8.119100837637486,19.371605185098865,18.661020759847716,22.470077371072183,18.695596403067686
2022-06-18,DAI,21725,13351522423.21524,5077,5241,674320122.5029515,757749548.7390982,12527084361.57045,2022,-83429426.23614669,9.986264978993697,23.314896254557745,8.532672762264625,8.564458383883352,20.329215516805327,20.44586347969429,23.251158886244994,-18.239511649652087
2022-06-19,DAI,17710,5375347124.521817,4343,3667,92276132.8297216,93440708.93933232,4854747050.939835,2022,-1164576.1096107215,9.781941194456632,22.405088990367275,8.37655086161377,8.207401833376355,18.340296094311988,18.352837674824965,22.303222836805094,-13.967868583040628
2022-06-20,DAI,18933,3561484026.411041,7645,3368,174719397.1540513,177725380.001503,3116805832.408439,2022,-3005982.847451687,9.848714526688836,21.993443156579993,8.941937914256359,8.122371243406553,18.978691805883766,18.99575011354741,21.860074543012523,-14.916115475844721
2022-06-21,DAI,10977,3880549746.482548,2877,3026,189433547.767732,151266059.3266446,3619508280.648239,2022,38167488.441087395,9.303648549109834,22.07924266804037,7.964850887447313,8.01532730902172,19.05954885485567,18.83455083321592,22.009604019759017,17.457494649466504
2022-06-22,DAI,13675,1792857127.523404,3225,3284,87082873.67693967,72189336.32723188,1561980551.459854,2022,14893537.349707782,9.523397750759193,21.307076345473977,8.078998258685154,8.09712193091871,18.28237080569364,18.094802910508616,21.169220437876575,16.516438009049764
2022-06-23,DAI,13652,4244362913.501271,3422,3322,147749866.923324,152719363.9824071,4009007918.452677,2022,-4969497.059083104,9.521714556684751,22.16885756641288,8.138272638530186,8.108623268354595,18.81103132033011,18.84411257932183,22.111809646023307,-15.41882939882429
2022-06-24,DAI,9070,4749777058.975935,2715,2583,106999425.0103652,112778076.2570024,4503810708.988083,2022,-5778651.246637195,9.112837790614945,22.281363519149583,7.906915488678587,7.857093864902493,18.48833402802268,18.540932527581226,22.228189699810958,-15.569681038136684
2022-06-25,DAI,6602,593234789.3319337,2120,1955,103534242.8221079,81617759.21251589,438862827.5010744,2022,21916483.609592006,8.79527937019457,20.201100815078643,7.659642954564682,7.578656850594762,18.455412974132816,18.21755744591527,19.899697458661457,16.90274963353286
2022-06-26,DAI,5968,2297669993.320846,2123,1870,27694793.56207277,45599206.03700869,2187391198.775028,2022,-17904412.47493592,8.69433468816865,21.555161400456196,7.66105638236183,7.534228326274089,17.136755031551193,17.63540088479413,21.505975437713403,-16.700557803264942
2022-06-27,DAI,7321,2101000993.817116,2460,2287,84804584.62480178,79579126.97800389,1912497108.642663,2022,5225457.646797895,8.898638793680181,21.465679732306125,7.8083230503910555,7.7354333524996886,18.255860175064264,18.1922624050996,21.37167561236587,15.469053131254235
2022-06-28,DAI,9071,3090563473.556101,2578,2442,88931186.40892524,170151708.5104062,2807914328.954519,2022,-81220522.10148096,9.112948025967533,21.85161926545683,7.8551570058813445,7.8009820712577405,18.30337345346171,18.952201005939212,21.755707813369103,-18.21267852075181
2022-06-29,DAI,12125,4267943030.762719,5041,2555,110241424.1415124,28765842.40467488,4025473432.765008,2022,81475581.7368375,9.403107186631676,22.174397822537397,8.525558107747866,7.846198815497425,18.518183292772264,17.17469924836681,22.115908364195516,18.215813935001535
2022-06-30,DAI,10803,2966718521.173948,2717,2783,71734384.89865254,83906836.85919449,2704527839.285812,2022,-12172451.960541949,9.287671714912506,21.81072230424811,7.907651594711089,7.931644021454311,18.088480770784496,18.24521766822607,21.718193183282974,-16.314686002627496
2022-07-01,DAI,12228,5898374632.71937,3281,3273,426260461.0804713,349714601.2134476,5621684246.088674,2022,76545859.8670237,9.41156545918937,22.497942664094623,8.096208271650037,8.09376775793108,19.870561130731105,19.67262795756288,22.449897144048574,18.15340060763317
2022-07-02,DAI,9111,6665609094.056127,2751,2763,138747688.574186,129312504.8289565,6503692891.822423,2022,9435183.745229498,9.117347505127018,22.62022717350673,7.920083199053234,7.92443418488756,18.748167658734598,18.677742558546548,22.59563598987637,16.05995631743352
2022-07-03,DAI,8023,4513849530.057985,2533,2326,133330406.6614438,108480148.9156072,4394889235.076668,2022,24850257.7458366,8.990192329641772,22.230416180948772,7.837554360881084,7.752335163302292,18.708340873624234,18.50207776412081,22.2037081655081,17.028378722760014
2022-07-04,DAI,8925,4212139007.11141,2907,2840,295828940.9510345,286381853.4027326,4011504487.482319,2022,9447087.548301876,9.096723645189215,22.16123643354901,7.97522083865341,7.951911381854188,19.505291946426382,19.472836633511232,22.11243219206109,16.061217161873625
2022-07-05,DAI,9448,6603858779.032901,2972,2856,204544814.285946,211245787.9320232,6367270357.117428,2022,-6700973.646077186,9.153664194782626,22.61091997877094,7.997326822998097,7.957527402230773,19.13629765509078,19.168532889953276,22.57443669948241,-15.717763543345283
2022-07-06,DAI,8674,1372721411.261413,2663,2649,111008218.0973158,125798762.5018808,1188484744.371707,2022,-14790544.404564992,9.06820060481506,21.040061038746266,7.88758403166028,7.882314918980268,18.525114802457107,18.65019407310346,20.895945009487964,-16.50949871058346
2022-07-07,DAI,7800,4192726082.901516,2737,2643,221692640.8060856,194817331.1744368,4011049673.858467,2022,26875309.63164878,8.962007209588313,22.15661697600412,7.914983005848394,7.880048200971577,19.216802484166937,19.08757291941616,22.11231880831445,17.106718602732233
2022-07-08,DAI,8775,3138168407.453725,2744,2670,231005898.2314478,214973469.7265345,2959787303.85527,2022,16032428.5049133,9.079776001955066,21.866905157265812,7.917536353943631,7.890208213109961,19.257953805958458,19.186025186508914,21.808383246232765,16.590124072984
2022-07-09,DAI,6649,6023717489.345722,2340,2303,85267889.29530062,60129510.50401761,5954598456.061693,2022,25138378.79128301,8.8023721336499,22.51897042899132,7.75833346749091,7.742402021815782,18.261308508947405,17.91201131898504,22.507429607935563,17.03990631160655
2022-07-10,DAI,6743,5814730280.983364,2409,1970,145444076.1170549,206601273.3764878,5722825297.560404,2022,-61157197.25943288,8.81640849968169,22.483660238691414,7.787382026484701,7.58629630715272,18.795302220983576,19.146301282958415,22.467728453707966,-17.928958127960012
2022-07-11,DAI,7352,6171553237.335227,2377,2443,58719623.86830688,32249622.35976965,6017186773.325212,2022,26470001.508537233,8.902863672196222,22.543216383593304,7.774015077250727,7.8013913202914855,17.888284553767615,17.289016922371026,22.517885673807267,17.09152266897235
2022-07-12,DAI,8474,5115977810.210233,2840,2526,140491286.0301049,191191755.8137832,4896433848.928218,2022,-50700469.78367829,9.044875932248651,22.355634383517213,7.951911381854188,7.834788107388194,18.76065603079452,19.068787444753564,22.31177299136946,-17.741445754192426
2022-07-13,DAI,9118,3917085992.140068,2542,2474,123905800.650046,70064961.02275288,3707625260.668247,2022,53840839.627293125,9.118115427933665,22.08861384521605,7.841099765422119,7.813995675002791,18.635032170765783,18.064933398557518,22.033657417425385,17.80154285661298
2022-07-14,DAI,8680,3004727089.43214,2720,2556,74895856.29886624,33594542.12450238,2791249572.817051,2022,41301314.17436386,9.068892008391808,21.823452582317532,7.908754738783246,7.846589975291186,18.131609137196342,17.32987420473513,21.749755208433292,17.536404901839827
2022-07-15,DAI,8361,6757643261.022985,2446,2571,80629767.11002217,42775321.87771054,6561962036.905373,2022,37854445.23231163,9.03145291191651,22.633940036337503,7.802618063442671,7.85243908535751,18.20537847068066,17.571471925994828,22.60455548632768,17.449259000758776
2022-07-16,DAI,9184,1367400778.71256,2268,2508,142896712.7327594,89875241.89977758,1186340988.262455,2022,53021470.83298181,9.125326997649227,21.03617753365922,7.727094484779841,7.827639546366422,18.77763264566407,18.313933076641916,20.894139608223963,17.786207518398015
2022-07-17,DAI,7878,3435595983.98891,2140,2215,341216532.2229705,215446811.3613375,3266691993.959934,2022,125769720.86163297,8.971956271245688,21.95745625120649,7.669028288589683,7.703459047867175,19.648027828512678,19.188224626657156,21.90704368748393,18.6499631885367
2022-07-18,DAI,11931,3229006061.014628,3009,3023,272797095.0959213,214291422.915016,2911496789.79883,2022,58505672.18090528,9.386979145634639,21.89544020608673,8.009695357742922,8.014335737299424,19.42423883906725,19.182847440581032,21.79193314699074,17.88463428495145
2022-07-19,DAI,9669,5030132518.937227,2741,2732,67832467.25351681,25624812.04933036,4815943506.805285,2022,42207655.20418645,9.17678358844734,22.338712166622987,7.91644286012226,7.913155185928068,18.032551521078087,17.059071699760345,22.295197814777257,17.558112189189906
2022-07-20,DAI,9710,9714931397.452572,3208,2581,47494977.93710519,28210962.2977297,9479193422.3895,2022,19284015.639375485,9.181014542594355,22.996929858346103,8.073714641109857,7.856319571406588,17.676134556830274,17.15522122978013,22.97236506767273,16.774787157366408
2022-07-21,DAI,9395,5158105230.986699,2775,2593,34989793.75232949,59462401.25807792,4921015604.188721,2022,-24472607.50574843,9.148039345778804,22.36383514590096,7.9287663216266955,7.860956364876389,17.37056699843154,17.90085477596396,22.316780769967007,-17.013065029890647
2022-07-22,DAI,9433,5072949385.830402,2754,2633,338990706.0878011,279142573.3993641,4880938122.588212,2022,59848132.688436985,9.152075463844207,22.34718821851104,7.9211727215870145,7.876258882303226,19.641483252248637,19.447233228612276,22.308603276776232,17.90732080633146
2022-07-23,DAI,7853,12808114930.48678,2193,2167,194683228.2276685,144619675.7467058,12687701636.99109,2022,50063552.48096269,8.968778235137956,23.273344786014587,7.693481640835175,7.681560362559537,19.086884330154135,18.78961793551778,23.263898986271673,17.728803825886555
2022-07-24,DAI,8721,3579763132.555999,2641,2327,17308048.71154881,22895490.14730187,3451865373.925861,2022,-5587441.435753062,9.073603848402712,21.998562471358927,7.879291485082271,7.752764808851328,16.666682252494546,16.946450556007548,21.96218061025469,-15.536032215524818
2022-07-25,DAI,9409,3114458152.489196,2863,2588,67590601.21021764,107294149.3994859,2948072911.301838,2022,-39703548.18926826,9.149528232579426,21.859321026539696,7.9599745280805365,7.859026979751538,18.028979510790027,18.491084689800655,21.804417543770175,-17.496951141894915
2022-07-26,DAI,9579,3245110577.939046,2651,2626,343378788.5771244,333380486.8704029,3039695053.041475,2022,9998301.706721544,9.167432870964907,21.900415263236518,7.883069351305753,7.87359778968554,19.654344738582736,19.624795001884475,21.83502303616247,16.117925907224823
2022-07-27,DAI,11791,4490679509.910872,3767,2975,86748318.39204988,42140046.12273706,4269055202.749762,2022,44608272.26931282,9.375176614429117,22.225269865982956,8.234299635696253,7.998335395952982,18.278521603601277,17.556509084582146,22.17465837594567,17.61342989909937
2022-07-28,DAI,11231,5537498315.270659,2903,3111,130707339.461962,70850961.41820575,5244582810.745788,2022,59856378.04375625,9.326522126265592,22.434808668258146,7.973844375944687,8.043020885298283,18.688471339694985,18.076089107893047,22.380461535449257,17.907458568144175
2022-07-29,DAI,10198,10579703392.86378,2706,2844,69202126.74597847,39636134.68691403,10348382765.99791,2022,29565992.059064448,9.230044955250518,23.08220322837714,7.903596289614301,7.953318346560431,18.05254216788945,17.495251777480178,23.06009609005246,17.20213537568242
2022-07-30,DAI,10471,3220234156.657903,3872,2511,49513983.80109528,66812715.64665443,3067855689.597675,2022,-17298731.84555915,9.256460307589736,21.89271991362831,8.261784679514752,7.828834527588089,17.717765708871557,18.017403989350896,21.8442446823822,-16.666143810863957
2022-07-31,DAI,8366,3040611837.548708,2631,2488,39127315.98032777,68174966.83033492,2950482961.252707,2022,-29047650.850007147,9.032050676295599,21.83532459479442,7.875499292445208,7.819636302367592,17.48233142501564,18.037588014826873,21.805234709916,-17.184448206670112
2022-08-01,DAI,9594,8826993187.051207,3381,3173,239819930.4590119,222988119.9868241,8629593711.035976,2022,16831810.472187817,9.1689974084418,22.90108027126689,8.126222529458525,8.062747901086354,19.29539891411372,19.222629058888163,22.878463262374535,16.638781193897664
2022-08-02,DAI,10917,12814448805.50928,3431,2949,503462694.9226919,561505090.2987108,12579576497.68067,2022,-58042395.37601894,9.298168082341704,23.27383918425016,8.140898460607852,7.989560449333865,20.037020177850206,20.146131399419048,23.255340423000263,-17.876684273481107
2022-08-03,DAI,9496,11014846617.2801,3339,2866,39960605.21461728,27240234.79660887,10861684937.23095,2022,12720370.418008413,9.158731238242952,23.12250989229942,8.113726085970747,7.96102146588337,17.503404682165524,17.120205695471295,23.108507290267546,16.358715314978916
2022-08-04,DAI,8104,7724515193.297953,2509,2809,354958405.7943951,309041946.3615589,7555570601.549675,2022,45916459.432836175,9.000236434169777,22.76766489974117,7.828038032125829,7.940939762327791,19.687511176616006,19.54898757762771,22.745550956298242,17.64233422583822
2022-08-05,DAI,9478,3871657945.605015,3032,2674,250360591.5001164,199521685.4375446,3685534631.721574,2022,50838906.062571794,9.156834104453042,22.076948662222204,8.017307507688582,7.891704659330107,19.338412806610545,19.111433492333937,22.02768143557065,17.744172506465382
2022-08-06,DAI,7284,2963847645.910156,2610,2263,46808726.4723165,7367606.063784323,2852720117.028913,2022,39441120.40853218,8.893572718629306,21.809754141881754,7.8674885686991285,7.724888439323074,17.661580227953017,15.812603525389903,21.771538803429326,17.490319520573703
2022-08-07,DAI,8636,2471507029.828181,3563,2323,27592843.42994181,99075556.48787355,2318380886.515465,2022,-71482713.05793175,9.063810579280286,21.628093935468797,8.1786387885907,7.751045117971802,17.133067037289035,18.41139332395276,21.56413488567143,-18.084966217007704
2022-08-08,DAI,10366,11786496574.08152,3020,3221,264080517.1927278,233913017.3037444,11438908656.17531,2022,30167499.8889834,9.246382963323112,23.19022035509646,8.013343181386672,8.07775756373692,19.391764607763903,19.27045988756755,23.16028642124741,17.22227577339814
2022-08-09,DAI,12147,4250846344.417734,2840,3074,92261512.00427586,60079774.24617075,3940660171.155261,2022,32181737.758105107,9.404919826165639,22.17038394015527,7.951911381854188,8.031060180240619,18.340137635312136,17.91118382450388,22.094614102604833,17.286909730328148
2022-08-10,DAI,11646,6145856991.12452,2982,2938,500358682.3972034,453455741.0408481,5858886115.392591,2022,46902941.35635531,9.362803915102651,22.539044031936953,8.000684784514748,7.985824666418917,20.030835765996304,19.93240823078539,22.4912253399405,17.663590968257918
2022-08-11,DAI,12098,8352072612.69404,3502,3274,230647288.8535997,340835730.7290928,7988253346.641029,2022,-110188441.87549308,9.400878083541478,22.84577556221725,8.161375023197486,8.094073148069352,19.256400217860485,19.646911194046336,22.80123796802621,-18.51770257509533
2022-08-12,DAI,9625,4520049558.803656,3105,2822,278519509.7261868,450418038.1683901,4280205402.911437,2022,-171898528.44220328,9.172223049863055,22.23178879528877,8.041091003708633,7.945555428253489,19.444998671345232,19.925686685427305,22.17726683695665,-18.962414915588173
2022-08-13,DAI,10520,6654268053.666753,2886,2777,76651718.63924074,58284665.84989761,6435679424.651276,2022,18367052.789343134,9.261128538808288,22.61852429847231,7.967973179662935,7.9294865233142895,18.154782597984653,17.880849612439107,22.585123255272816,16.726069062692606
2022-08-14,DAI,10627,8550108459.802905,2638,2646,142093772.2830565,185758456.8901224,8372748873.92119,2022,-43664684.607065916,9.271247306879705,22.869209805288644,7.878155336503324,7.881182202227102,18.77199777284655,19.0399577742543,22.848248087472566,-17.59205022369105
2022-08-15,DAI,9389,5659581663.454719,2808,2504,24284127.27807064,32894472.26272995,5449704512.11308,2022,-8610344.98465931,9.147400572202308,22.456615815556233,7.940583827104244,7.826044013518965,17.00533353762959,17.308815215689123,22.41882722637431,-15.968475059645257
2022-08-16,DAI,9248,2301851261.196566,2879,2611,45146635.62449643,71490304.63294467,2087440092.226473,2022,-26343669.008448243,9.13227071655426,21.55697953273316,7.965545573129992,7.867871490396322,17.625426341685866,18.085072412918464,21.45920431642191,-17.086738576709056
2022-08-17,DAI,10057,17907106069.69423,2993,2603,47617770.8505753,86112556.38318042,17646657814.76742,2022,-38494785.53260513,9.21612361673191,23.608463458204177,8.004365564979574,7.86480400332846,17.67871660772618,18.27116580525794,23.59381224351503,-17.46603337535108
2022-08-18,DAI,7960,5788281001.411496,2556,2386,689090757.4308169,731108392.3087268,5647612659.309413,2022,-42017634.8779099,8.982309899088579,22.47910119367531,7.846589975291186,7.77779262633883,20.35088354516628,20.410072287581624,22.454498754812093,-17.55359998996853
2022-08-19,DAI,13390,10452677418.30032,3018,2941,78863509.92906305,130687421.1177086,10047574707.20365,2022,-51823911.18864554,9.502338118495565,23.070123994913683,8.012680929706839,7.9868449011613825,18.183229206460805,18.68831893921002,23.03059711976172,-17.763362225976977
2022-08-20,DAI,11365,14398178192.64308,2688,2354,198333807.8449212,253490812.8073551,14132122776.6593,2022,-55157004.962433904,9.338381721857067,23.39036752119441,7.896924656268864,7.764296006450518,19.105462072376337,19.350838142892588,23.371716254323722,-17.825694330272515
2022-08-21,DAI,12152,9881638121.0414,3777,2241,60095049.26297866,95974218.64912678,9646622079.679527,2022,-35879169.386148125,9.4053313318708,23.013944136788638,8.236950048061455,7.715123603632105,17.9114380377607,18.379590168045763,22.989873647564895,-17.395667472985327
2022-08-22,DAI,11557,6872821426.225026,2526,2454,116399044.567716,140054200.5367751,6646995657.032036,2022,-23655155.96905911,9.355133116877724,22.650840546968197,7.834788107388194,7.805882040228621,18.572534893637926,18.757540059482977,22.617430808783443,-16.979091702791976
2022-08-23,DAI,11507,11215328930.5114,2628,2625,96181655.50181268,112755094.2351277,10880548759.54168,2022,-16573438.73331502,9.35079772467144,23.140547334092705,7.874358824729881,7.873217054862741,18.38174921659969,18.540728725881454,23.110242514652064,-16.62331195586869
2022-08-24,DAI,9253,2235135977.120379,2634,2408,83227266.05236351,97041980.86356136,1975775074.811926,2022,-13814714.811197847,9.132811169466946,21.527567903483565,7.876638460975463,7.786967002614872,18.237085581094775,18.390654245552703,21.404226601762783,-16.441244945096425
2022-08-25,DAI,8333,2331274939.650655,2368,2376,89644409.93478082,73586281.17908596,2195306290.342657,2022,16058128.755694866,9.0280988119824,21.569681139701597,7.7702232041587855,7.773594467360194,18.31136141290168,18.11396918289122,21.509587414213694,16.591725806133457
2022-08-26,DAI,11805,7406656789.730213,2633,2632,91838980.94595563,99593668.30916408,7097043182.931896,2022,-7754687.363208443,9.376363155800634,22.725644999104137,7.876258882303226,7.87587915949631,18.335547405390855,18.41660915938176,22.682944081285722,-15.8638081685124
2022-08-27,DAI,10341,7667066923.908215,2582,2337,40193282.37308478,66438986.91031598,7503721486.482924,2022,-26245704.5372312,9.243968552956167,22.760199970441406,7.8567067930958405,7.757051142032013,17.509210459358265,18.011794609455414,22.738664932754048,-17.083012935036532
2022-08-28,DAI,7930,5428408708.88662,2282,2143,59209217.55203146,63922953.57833269,5281124104.70118,2022,-4713736.026301235,8.97853441008332,22.41491187267367,7.733245646529795,7.670428522190693,17.896587806515637,17.97318908141932,22.387404810811887,-15.365991575241447
2022-08-29,DAI,14808,27799210175.9972,3097,2567,88509118.51306456,79638455.81477948,27520777887.02918,2022,8870662.698285088,9.602990383037504,24.048273446340023,8.038512020976814,7.850882664809852,18.298616150014713,18.193007659960724,24.0382071158922,15.998260176546832
2022-08-30,DAI,14645,12106475963.10636,2565,2522,528997139.2342458,497743957.7715616,11820701071.31336,2022,31253181.462684155,9.591922539621015,23.21700635002387,7.850103545175582,7.833203948641057,20.08649358382355,20.025596363761217,23.19311815954391,17.257631767767357
2022-08-31,DAI,10486,3055165339.395203,2563,2485,20425721.99983114,21814349.42069901,2813051881.348178,2022,-1388627.4208678715,9.257891673834406,21.840099549347762,7.849323818040561,7.818430272070656,16.832305595872405,16.898078587369444,21.757535810062283,-14.14382707037392
2022-09-01,DAI,9323,2349536677.141483,2572,2625,108701852.5445172,72292126.08178493,2184896968.988285,2022,36409726.46273227,9.140347000155648,21.57748398742657,7.8528278122817445,7.873217054862741,18.504119403873535,18.09622578883167,21.50483451105877,17.41034653489241
2022-09-02,DAI,9565,4850037133.276347,2636,2586,87084808.2155872,93017096.57398604,4644333749.502973,2022,-5932288.35839884,9.165970424240243,22.302252198418316,7.877397186353287,7.8582541821860294,18.28239302036176,18.3482938791017,22.258913765233114,-15.595920760281384
2022-09-03,DAI,7929,10192163467.32574,2348,2009,10970052.08532879,18726890.58913665,10016591023.83502,2022,-7756838.5038078595,8.978408314628894,23.04488497453356,7.761744984658913,7.605890001053122,16.21067967137633,16.745471101711985,23.027508657633835,-15.864085528761066
2022-09-04,DAI,7243,2725595099.457726,2109,1965,113220674.2467969,201179389.5755419,2584151688.223311,2022,-87958715.32874501,8.887928819003305,21.725952626708054,7.6544432264701125,7.583756300707112,18.544849350579,19.11970755841616,21.67266312440359,-18.292378129737443
2022-09-05,DAI,9312,3450104964.002954,2892,2648,120396577.2874402,145453677.308341,3268990338.393167,2022,-25057100.0209008,9.139166552521658,21.961670492165396,7.970049304976135,7.88193748927207,18.60630167089562,18.79536823174585,21.907747009466366,-17.036667819212273
2022-09-06,DAI,13249,4687360640.998362,2899,2937,128335279.695858,142280654.2126972,4450744832.607515,2022,-13945374.516839206,9.491752831414368,22.268135498093987,7.9724660159745655,7.9854843567338225,18.67015677772226,18.77331211012738,22.216337297457137,-16.450658507102762
2022-09-07,DAI,11634,6899972307.56153,2944,3096,167142561.6555161,172943256.8602019,6656570365.076574,2022,-5800695.204685807,9.361773075736393,22.65478323528962,7.987864096085687,8.038189179973203,18.934357674809135,18.968474109414426,22.618870228812682,-15.573488503603645
2022-09-08,DAI,9873,1625096306.43829,2466,2758,77452396.17394903,69986538.23106453,1448897362.742768,2022,7465857.942884505,9.197660318818809,21.208832917087815,7.810758116529357,7.922623574217286,18.16517407559348,18.063813484823175,21.094068665300558,15.82585104501332
2022-09-09,DAI,9577,2176017399.245391,2553,2746,36208647.67006116,34584316.7837668,2028251517.907809,2022,1624330.886294365,9.167224080902555,21.500762162344436,7.845416036592485,7.918264686095274,17.404808561798305,17.358910894038452,21.4304399381152,14.30060714230614
2022-09-10,DAI,9454,3909766300.500074,2220,2579,48658495.02012837,24605232.46582079,3762264885.171574,2022,24053262.55430758,9.154298981092557,22.0867434397201,7.7057128238944275,7.855544677915663,17.700336986912035,17.018469720789152,22.04828697634374,16.995781244033612
2022-09-11,DAI,12371,12497867868.17681,2548,2774,21462059.188114,15938694.97348992,12336655104.40948,2022,5523364.214624079,9.423191133804961,23.248823896240015,7.8434564043761155,7.928406026180535,16.88179729186906,16.584260419541327,23.235840757529978,15.524497872828553
2022-09-12,DAI,11137,3707413677.146768,2710,3005,26136433.72620513,39071141.75992824,3483175990.198133,2022,-12934708.033723112,9.318117964149614,22.033600348670046,7.905072849498666,8.00836557031292,17.078840865358764,17.480894715641856,21.97121035567796,-16.375424878855494
2022-09-13,DAI,13057,7114148039.912839,2883,3083,40940654.41424231,78839650.06033476,6803545040.244164,2022,-37898995.646092445,9.477156251746578,22.685351320055542,7.96693349840484,8.03398273468322,17.527634147210513,18.18292661431732,22.64070964287814,-17.450435195984344
2022-09-14,DAI,12963,12217977746.83491,3444,3343,98381867.00798692,105819294.3010679,11919407216.44267,2022,-7437427.293080986,9.469931564261438,23.226174289911476,8.144679183447758,8.114922974204593,18.404367076831495,18.477243436006518,23.20143376726672,-15.822035687523123
2022-09-15,DAI,16000,15259840028.03765,4259,4057,57898152.34969148,68499372.1735962,14934943158.80579,2022,-10601219.823904723,9.680406499268875,23.44849037972272,8.357024439263416,8.30844552038576,17.874196048246894,18.042335152440167,23.426969482768996,-16.176479724516987
2022-09-16,DAI,12355,4439942006.81117,3261,3571,47661730.0085959,45868717.60310758,4210111841.656988,2022,1793012.4054883197,9.421897054038473,22.213907152001454,8.09009578318096,8.18088094199639,17.679639348920677,17.641293930781096,22.16075505023961,14.399408229128378
2022-09-17,DAI,12519,5373077152.422126,3240,3136,20989309.0056101,20843303.12949675,5186273421.243553,2022,146005.87611335143,9.43508264465409,22.404666608058104,8.083637203141548,8.051022208190679,16.859523818727208,16.852543309762765,22.369281245820687,11.89140899624825
2022-09-18,DAI,18018,5862127705.36532,5877,3277,102651938.6311398,53458086.61685735,5672882835.633547,2022,49193852.01428245,9.799182035726814,22.491778464457607,8.678971846978863,8.094988759303774,18.446854596829265,17.794408495810316,22.45896326227192,17.711279234922948
2022-09-19,DAI,17222,23618076403.92326,4636,3669,109175186.8793307,152950242.9544495,23374619249.5953,2022,-43775056.07511881,9.754000978835746,23.88527820514962,8.441822884391462,8.207946941048617,18.50846437823509,18.845623223554682,23.874916623243912,-17.59457473996444
2022-09-20,DAI,13141,5308368832.011352,2999,3653,150338518.726579,111486029.0826017,5086828088.694806,2022,38852489.643977314,9.483568487457813,22.39255043725163,8.006367567650246,8.203577736937952,18.82840010749364,18.529409850275908,22.349920308171345,17.475282741963106
2022-09-21,DAI,18863,6558367305.857569,5400,3768,119434539.0206857,124486244.8103736,6166335886.018293,2022,-5051705.789687902,9.845010622777153,22.60400752277535,8.594339400592892,8.234564993267135,18.59827899699465,18.639705792347492,22.542370638980927,-15.435236722305811
2022-09-22,DAI,19495,19165412310.85146,3701,3795,171755476.7727804,111149922.6108748,18835190577.02586,2022,60605554.16190559,9.877964595305043,23.67637304934096,8.216628493133443,8.241703159729818,18.961582382431672,18.52639051111266,23.658992796331017,17.919897116176543
2022-09-23,DAI,15105,4193520766.314057,2968,2959,83469510.34457114,81469514.60296807,3822553259.331016,2022,1999995.7416030765,9.622847294873393,22.15680649663928,7.99598047476376,7.992944547318106,18.23999198954563,18.21573946655868,22.06418442904675,14.50865610932443
2022-09-24,DAI,10496,4808962835.725488,2763,2378,41099654.71818491,44879607.92616554,4608668592.583397,2022,-3779953.207980633,9.258844781035798,22.293747271352956,7.92443418488756,7.774435510302958,17.53151030274488,17.619494105374386,22.25120484390849,-15.145222453231554
2022-09-25,DAI,9081,4803197524.646618,2137,2116,47788534.90302381,49814555.4241467,4689513106.002922,2022,-2026020.5211228877,9.114049711657897,22.292547684256427,7.6676260915849905,7.6577552711348655,17.682296334031978,17.723817796957867,22.268594598877463,-14.52158458620369
2022-09-26,DAI,10651,3441562507.940048,2631,2752,58736651.96968499,67724004.12931964,3235901861.567939,2022,-8987352.15963465,9.273502946933823,21.959191422921208,7.875499292445208,7.920446505142607,17.88857450168374,18.030951255968837,21.89757350891145,-16.01132894258975
2022-09-27,DAI,9672,4847429649.059714,2465,2588,25561249.74773842,37353409.40631495,4642339697.545983,2022,-11792159.658576526,9.177093778182547,22.30171443235271,7.81035268372429,7.859026979751538,17.056588120068973,17.435934774780673,22.258484321471887,-16.28294551768891
2022-09-28,DAI,10438,4214534245.840613,2622,2585,12932741.09260943,57563665.7529217,3978092055.352866,2022,-44630924.66031227,9.253304071408298,22.16180492332457,7.872073979866873,7.857867559331803,16.375272800391492,17.86840214109767,22.104068158476164,-17.6139375771547
2022-09-29,DAI,9766,4694215587.038399,2529,2476,83920977.97114944,76534881.01188464,4512672451.361602,2022,7386096.9592648,9.186764635447478,22.269596861748003,7.835974581721566,7.814803429489359,18.245386187512747,18.15325716888377,22.230155376465003,15.815110137137022
2022-09-30,DAI,9606,2976757012.989149,2573,2462,37599637.58712342,39577900.99303216,2789167199.936436,2022,-1978263.405908741,9.170247278409738,21.814100294550162,7.853216388156072,7.809135398120538,17.44250499626934,17.493781489988766,21.749008893933382,-14.497730455592652
2022-10-01,DAI,8980,5054126875.631789,2549,2603,36652834.01661313,39509263.33530322,4921307012.006233,2022,-2856429.318690084,9.10286651367095,22.343470949798295,7.843848638152472,7.86480400332846,17.417001337101002,17.492045742505372,22.31683998522115,-14.865083262902008
2022-10-02,DAI,10465,14846593845.66243,2554,2495,31177771.99707339,64028126.46964869,14716190819.4873,2022,-32850354.4725753,9.255887186932153,23.42103630529054,7.845807502637805,7.822444729489319,17.255215994959485,17.97483303648901,23.412214140976797,-17.30747312391931
2022-10-03,DAI,8278,5496892589.088473,2457,2568,38888522.9442304,85729885.657872,5349541679.10594,2022,-46841362.713641606,9.021477467138807,22.427448785901174,7.80710329012598,7.851271997109883,17.476209750776263,18.26671205857162,22.400276726914758,-17.66227721056634
2022-10-04,DAI,8939,3030567578.563323,2686,2585,145245361.5696592,125603350.5037945,2862747025.0316,2022,19642011.065864697,9.09829086816756,21.832015758913386,7.8961806086154915,7.857867559331803,18.79393502595535,18.64863949558977,21.775047499406988,16.793181302988675
2022-10-05,DAI,9009,8279801094.14295,2552,2594,523769383.8591098,532226851.840081,8133613374.603416,2022,-8457467.980971158,9.106090350602384,22.83708478272931,7.845024417241484,7.861341795599989,20.07656204017988,20.092580371529767,22.81927111141136,-15.950560511994585
2022-10-06,DAI,9512,7856605775.991767,2831,2672,39015306.96524484,48428710.62255468,7680938197.081671,2022,-9413403.657309845,9.160414563206457,22.78462051513162,7.94873845481361,7.890956716138919,17.47946463901062,17.695603411146234,22.76200753785347,-16.057645258802186
2022-10-07,DAI,8665,5047768521.677899,2466,2571,42747029.57530472,59495251.03969178,4912948970.232239,2022,-16748221.464387067,9.067162602299854,22.342212105879955,7.810758116529357,7.85243908535751,17.57081029070778,17.901407069679617,22.31514020360071,-16.63380268907493
2022-10-08,DAI,5855,980421652.0506606,1843,1869,12455243.51665797,11479513.43993327,894092700.4102435,2022,975730.0767247006,8.675222055641148,20.70349329530933,7.519692404116539,7.533693709848633,16.33765233849358,16.256074651788126,20.611320020614677,13.790942291285447
2022-10-09,DAI,4463,1078898724.900907,1501,1449,25412706.89613662,33114926.49262919,1013256871.383875,2022,-7702219.59649257,8.403800504061147,20.799206659596695,7.31455283232408,7.27931883541462,17.05075991774653,17.31549472033606,20.736435605965234,-15.857019234402632
2022-10-10,DAI,5211,616749457.3418111,1846,1861,69578486.82418904,95288157.88238768,508498414.803485,2022,-25709671.058198646,8.558718938244736,20.239973435127407,7.52131798019924,7.529406457837013,18.05796599454287,18.372416109932843,20.046972658017328,-17.062377823742544
2022-10-11,DAI,7431,2066653350.808833,2388,2323,41827883.37472915,76055589.34394428,1955102332.567137,2022,-34227705.96921513,8.913550280493675,21.449196397635447,7.77863014732581,7.751045117971802,17.549073765393675,18.146975082764047,21.393708373549433,-17.348546019340954
2022-10-12,DAI,6993,1866060397.83264,2239,2249,190113641.3405974,234465350.9058622,1759188644.995123,2022,-44351709.56526482,8.852807917623322,21.34709530692524,7.7142311448490855,7.718685495198466,19.06313256890582,19.272818381867364,21.288118543111192,-17.607661835655097
2022-10-13,DAI,10856,4629689216.746442,2971,2791,556223069.6562389,720897648.7059251,4440475273.673152,2022,-164674579.0496862,9.292565312231853,22.255755579194783,7.99699040583765,7.934513463882263,20.13667997796942,20.396007729147446,22.214027251507066,-18.91948184231129
2022-10-14,DAI,8135,965434680.1622844,2439,2481,64689639.95149978,72503456.38621485,820796109.061135,2022,-7813816.43471507,9.004053937728395,20.68808900468285,7.799753318287247,7.8168199657645525,17.985111637711054,18.099144806773584,20.525785293165278,-15.871404190453605
2022-10-15,DAI,5339,534550766.1804513,1655,1788,6549486.551663759,17097155.73825418,482458515.7786387,2022,-10547669.186590418,8.582980931954241,20.096937264612073,7.412160334945205,7.489412083508719,15.694897368163597,16.65442273503135,19.99440549945889,-16.17141555810435
2022-10-16,DAI,6282,166013664.4495049,1794,1702,21322566.315127,18780510.52849858,116593095.8567778,2022,2542055.7866284214,8.745602852402946,18.927580664917517,7.492760300922379,7.440146680662688,16.87527656817016,16.748330269312667,18.57420062649837,14.748484069832301
2022-10-17,DAI,6314,1721159914.614325,1995,2110,114683239.9111485,134750090.5410161,1596236621.096226,2022,-20066850.6298676,8.750683034784592,21.26626427003002,7.59890045687141,7.65491704784832,18.557684459054038,18.718932447092786,21.19091458444347,-16.814579839003724
2022-10-18,DAI,6300,368279891.4492784,2119,2068,29559051.1732362,28323290.15758888,247193279.9343129,2022,1235761.0156473182,8.748463629942055,19.724353784348683,7.659171367666058,7.634820677745543,17.201900589025332,17.15919503322926,19.325681102491973,14.02719835448614
2022-10-19,DAI,7203,1628366693.940049,2287,2488,174780085.1308109,300414095.253458,1489636271.67142,2022,-125634010.12264714,8.882391706295847,21.210843321755622,7.7354333524996886,7.819636302367592,18.979039090959127,19.520672401698246,21.12179781480246,-18.648883564534646
2022-10-20,DAI,7203,979966253.9886168,2129,2186,25820386.671122,105811459.0432468,853823565.4754472,2022,-79991072.3721248,8.882391706295847,20.703028695350955,7.6638772587034705,7.690286020676768,17.06667495764349,18.477169389511605,20.565235133775854,-18.197425603563886
2022-10-21,DAI,6107,1052035645.032956,2087,2101,54112626.25445294,103709071.6171783,948098714.833821,2022,-49596445.36272537,8.717354666338522,20.773992834749624,7.643961949002529,7.650644551436897,17.80657812239425,18.45710015844878,20.66996918542447,-17.71942974321567
2022-10-22,DAI,5575,685045401.0564553,1759,1897,30953018.1513574,23307537.84831525,591537878.1862321,2022,7645480.303042151,8.62622695244036,20.34499567440444,7.473069088032197,7.5485559791698735,17.247981101654133,16.964287421924748,20.198236278531333,15.849625351942054
2022-10-23,DAI,6454,1236987614.485815,2012,2092,61211530.4787915,29119993.19547744,1147235701.27131,2022,32091537.283314057,8.772610303280743,20.93594491857327,7.607381425639791,7.646353722445999,17.929846152589267,17.186935581961606,20.86062114855211,17.28410294846919
2022-10-24,DAI,7355,2354263595.995298,2506,2424,80916878.52222173,82808892.08914162,2208965760.270114,2022,-1892013.566919893,8.903271585724212,21.579493817848142,7.826842098158293,7.793586803371584,18.208933007016828,18.232046018046276,21.515790261612896,-14.453152727782024
2022-10-25,DAI,9673,3987568579.067047,2709,2849,228967493.3830145,223725140.4889058,3747571123.691464,2022,5242352.894108713,9.177197153382929,22.106447503672374,7.904703913873747,7.955074273262696,19.249090605517537,19.22592880945631,22.044373766998138,15.47228117186269
2022-10-26,DAI,10908,1745907505.884799,2905,2922,119141595.1348318,117525452.9414459,1541112030.596441,2022,1616142.193385899,9.297343415597757,21.28054031866785,7.974532844130228,7.980365765111246,18.595823227211483,18.582165497376653,21.15577009122356,14.295553123906066
2022-10-27,DAI,11055,2488872617.449477,3146,2669,72856429.78536989,67459416.66868097,2286529182.268627,2022,5397013.116688922,9.310728546007452,21.6350956812197,8.054204897064407,7.8898337513942955,18.104001361045434,18.027036755314462,21.550300864273577,15.501356417252152
2022-10-28,DAI,9658,2297625830.441742,2801,2898,213828216.328115,245237638.347669,2112776809.304968,2022,-31409422.01955402,9.175645402179295,21.555142179548216,7.938088726896952,7.972121128921655,19.18068352786587,19.317738254926233,21.471268943075227,-17.262618502022775
2022-10-29,DAI,9815,3027073605.973611,2431,2652,457772273.8352723,441028915.3597617,2863096803.48344,2022,16743358.475510597,9.191768986390747,21.830862183496954,7.796469243086058,7.88344635413774,19.941882401908465,19.904621001238286,21.775169674744852,16.63351228840533
2022-10-30,DAI,9082,2779430009.818384,2434,2672,210301368.0202826,218151528.2415313,2663559291.281818,2022,-7850160.221248716,9.114159813502214,21.745511711547287,7.79770203551669,7.890956716138919,19.164052150496165,19.200700467555308,21.702929145114222,-15.876044627286385
2022-10-31,DAI,9282,1480891462.043926,2724,2911,126959302.0533573,218146561.1282138,1268536116.328022,2022,-91187259.07485649,9.135940049399933,21.11591008328312,7.9102237070973445,7.976595409316577,18.659377144669545,19.200677698199144,20.961129409068143,-18.32842575312504
2022-11-01,DAI,1821,110680058.9940048,642,692,8622616.787175002,15900485.744332,85076354.2362388,2022,-7277868.957156999,7.507690077819904,18.522154254932047,6.466144724237619,6.541029999189903,15.969899284143438,16.581860279572965,18.25905970812432,-15.80034878905795
2023-02-01,DAI,9499,502705795.19258785,2799,3697,16590015.724716077,26244919.898888268,319346297.6030452,2023,-9654904.174172191,9.159047077588632,20.035515658718847,7.937374696163295,8.21554741194707,16.62431167028644,17.082983038714225,19.5817866474962,-16.082976652374686
2023-02-02,DAI,17970,628648355.6129838,10476,3692,28465395.788167126,21040693.376818836,410897748.95424825,2023,7424702.411348291,9.796514626532023,20.25908260684747,9.256937657352966,8.214194414852564,17.16419975978069,16.86196894798972,19.83385495794244,15.820323297255674
2023-02-03,DAI,9271,370132573.18616754,3317,3322,30858684.23288448,42107275.08295146,189026267.57887,2023,-11248590.850066975,9.134754385019587,19.729371808036607,8.10711747075039,8.108623268354595,17.244928799742983,17.55573111229314,19.05739655055588,-16.23575350989749
2023-02-04,DAI,7920,518070604.2640494,2351,3285,32168348.728742596,25271038.221248228,405988303.21492875,2023,6897310.507494368,8.97727273946428,20.06562209453382,7.763021309018518,8.097426298597213,17.28649359944564,17.045169603221915,19.821834909798675,15.746642257044407
2023-02-05,DAI,8139,358813155.74076957,2426,3106,15717216.127623504,8102934.664782398,264740524.87023216,2023,7614281.462841106,9.004545458996587,19.698312356207875,7.794411205726601,8.041412909393047,16.57026730178925,15.907736981732508,19.394260756612784,15.845536313061677
2023-02-06,DAI,8428,464547031.7074277,2551,3427,48807066.13574696,52687133.48262651,333316510.3667639,2023,-3880067.3468795493,9.039433419997483,19.956573365575437,7.844632644464681,8.13973227971767,17.70338567869368,17.77988185624324,19.624603081105146,-15.171363326619453
2023-02-07,DAI,9638,300097690.06279606,2636,4068,17395373.87794738,26971618.41792796,120307798.6555366,2023,-9576244.539980583,9.173572647783969,19.51961861648828,7.877397186353287,8.31115254800169,16.67171491723837,17.110295738471894,18.605564013885076,-16.074796167075487
2023-02-08,DAI,9428,649535628.1417854,2476,3901,30074027.100877192,27472136.869316906,480726908.963214,2023,2601890.231560286,9.151545325465678,20.291768248831787,7.814803429489359,8.269244521183056,17.21917250345504,17.12868288064629,19.990809912082042,14.771749135320867
2023-02-09,DAI,10176,879028765.0480976,2670,3830,39867997.31897728,46317685.247976035,635608931.5960109,2023,-6449687.928998753,9.227885551191932,20.59432818099349,7.890208213109961,8.25088114470065,17.50108451290477,17.65103443851283,20.27009404632923,-15.679542459546736
2023-02-10,DAI,10938,547957426.3480669,2715,4108,63376111.157875955,72256118.37892874,347313989.0647949,2023,-8880007.22105278,9.30008966411979,20.121708154573426,7.906915488678587,8.32093496888341,17.964597568563867,18.095727578656415,19.66573979926635,-15.999313040762157
2023-02-11,DAI,8400,465560934.6073724,2428,3062,27463298.5487554,30290568.581327923,372472912.06857544,2023,-2827270.0325725228,9.036106025364846,19.958753549674686,7.795234929002173,8.027150106832774,17.128361109452573,17.226346987096278,19.73567487654548,-14.854822504939264
2023-02-12,DAI,8003,744524634.6179726,2269,2915,15784027.838606969,15772317.688672343,647868122.0856928,2023,11710.149934625253,8.987696695703624,20.428256499692615,7.727535110475448,7.977968093128549,16.574509153761415,16.573766979752712,20.28919771984817,9.368296652848512
2023-02-13,DAI,10677,1249920491.88028,2783,4000,93532836.04938388,77069136.14491294,870991254.9751511,2023,16463699.904470935,9.275940829060131,20.946345780541918,7.931644021454311,8.294299608857235,18.35382313099233,18.16021346195922,20.585142495702264,16.61666857025289
2023-02-14,DAI,8583,492830702.4618845,2645,3218,35490295.117722295,46796183.73785457,278129970.7399986,2023,-11305888.620132275,9.057655284310535,20.015676272345615,7.880804344674901,8.076826031298808,17.384769868282497,17.661312234869303,19.443599086644102,-16.240834353223693
2023-02-15,DAI,12646,682491460.5380826,2999,3599,41613232.07377914,43305499.93088698,466386288.47546154,2023,-1692267.857107833,9.445175311879977,20.341260574378218,8.006367567650246,8.1886891244442,17.543928777382618,17.583790227187293,19.960524796075035,-14.341580705525098
2023-02-16,DAI,10908,623917258.0171249,2832,3572,70667191.94969216,64876950.199706756,369562249.4454576,2023,5790241.749985404,9.297343415597757,20.25152831981288,7.949091499830517,8.181160858023409,18.07349199134175,17.9880029752941,19.727829756274897,15.571684774401822
2023-02-17,DAI,10012,850487992.8993744,3022,3200,16626978.67093088,37691475.47001041,637191051.6397333,2023,-21064496.79907953,9.211639527707803,20.56132085318012,8.014004994779459,8.071218539969863,16.626537215367705,17.444944538527785,20.272580094218803,-16.863099612573656
2023-02-18,DAI,12020,3403469528.1826916,2477,2862,394599167.5782511,381477477.69857013,3241333937.5239406,2023,13121689.879680991,9.394410399304254,21.94806119802322,7.815207062189088,7.959625305098115,19.79338104455171,19.759562373390718,21.89925079144255,16.389777211200624
2023-02-19,DAI,7845,287462079.0371885,2291,2353,23958509.51815389,22371218.81859072,177111224.70839453,2023,1587290.6995631717,8.967759126769497,19.476601513979876,7.73718007783463,7.763871287820222,16.99183416392667,16.923285861196938,18.99228848701411,14.277539788266228
2023-02-20,DAI,8797,452445363.4462557,2547,2677,25459497.716584533,22537206.045976765,236548939.02905896,2023,2922291.670607768,9.082279701908664,19.930177572259172,7.843064016692054,7.8928255262511176,17.05259946184175,16.93067814789461,19.281665679072013,14.88787902733373
2023-02-21,DAI,8768,2074638057.6139593,2669,2869,134214034.87554014,196242018.71390253,1840068071.254172,2023,-62027983.838362396,9.078978053779355,21.45305254583083,7.8898337513942955,7.962067308753666,18.714946366269295,19.09485924992179,21.333068403673288,-17.943096209533994
2023-02-22,DAI,10798,373188881.9261224,2652,2968,29177392.908908684,19592629.935363006,203767953.27179575,2023,9584762.973545678,9.28720881623276,19.737595237978564,7.88344635413774,7.99598047476376,17.188904786203725,16.790664080819734,19.132492425328362,16.07568530959382
2023-02-23,DAI,13441,522272017.5000334,2584,2896,48282986.500460565,59863782.63215824,370683630.3061786,2023,-11580796.131697677,9.506139412529912,20.073699118354778,7.85748078694253,7.9714309977693505,17.69258983091343,17.90758226641264,19.730859510971726,-16.26485886467414
2023-02-24,DAI,8247,602715156.3188436,2703,2707,23380572.50332124,22841031.390335713,427279432.43005866,2023,539541.112985529,9.017726025696795,20.21695526716449,7.902487437162855,7.903965634032166,16.96741604336181,16.94406914270847,19.872948768002722,13.198476119921215
2023-02-25,DAI,6573,819633107.344755,2168,2233,18815203.29803308,21094848.593472634,679656950.2130339,2023,-2279645.2954395525,8.790877754224164,20.52436736924856,7.682021510826875,7.711548979629146,16.750175840203877,16.864539473554153,20.337098745329563,-14.639530855317021
2023-02-26,DAI,6152,465947034.5425211,2240,2270,36865596.55886149,31052113.12842592,370898472.9837497,2023,5813483.430435568,8.724695046740491,19.959582527996325,7.714677473800927,7.7279755421055585,17.422789358656356,17.2511774518979,19.731438928091016,15.575690678913233
2023-02-27,DAI,7638,613530274.9673606,2560,2824,77396124.76949063,72812578.51459298,454612308.23557377,2023,4583546.254897654,8.94102198354136,20.23474017047764,7.848153086199526,7.946263643580541,18.164447282649437,18.10339929376961,19.934955546085153,15.337983766115409
2023-02-28,DAI,8208,816597799.5540648,2746,2782,67412588.90637556,73792257.44533831,644481768.8693331,2023,-6379668.538962752,9.012986392348266,20.52065724342715,7.918264686095274,7.931284761525891,18.026342352301874,18.116764384953747,20.2839570942481,-15.668626857578671
2023-03-01,DAI,8007,836161579.0189952,2716,2856,60130965.66881406,71318352.92330435,690193847.7150602,2023,-11187387.254490286,8.988196320995057,20.544332429907964,7.907283609426348,7.957527402230773,17.912035519201414,18.082664270537286,20.352483056266035,-16.230297653089913
2023-03-02,DAI,7467,681598063.5002025,2400,2593,43509249.27336081,34745906.34300447,479116130.75471246,2023,8763342.930356339,8.918382504661613,20.339950693833625,7.783640596221253,7.860956364876389,17.588484123414432,17.363572348737108,19.987453572241854,15.986088117282906
2023-03-03,DAI,9284,1409286831.971035,2823,3009,31000180.258182842,42497765.96350009,1196387620.6383913,2023,-11497585.705317248,9.136155473786806,21.066349621161333,7.945909598613133,8.009695357742922,17.249503609470484,17.56496209047897,20.902572538326183,-16.257647719599984
2023-03-04,DAI,5736,200991940.3271744,1893,1939,10466454.194496155,5330324.63506693,136623857.5525483,2023,5136129.559429225,8.654691704601872,19.118775372319977,7.546446273746024,7.570443252057374,16.16368595765876,15.488922889035093,18.732742149824418,15.451810544478455
2023-03-05,DAI,6014,197941114.5690647,1751,1903,17554409.57745822,24521093.6784958,113673536.05873077,2023,-6966684.101037577,8.70201162840878,19.10348014831198,7.468513271496337,7.55171221535131,16.68081579125672,17.01504431234635,18.548841188085,-15.756650074345378
2023-03-06,DAI,6706,848088427.8221647,2230,2361,20503555.89966698,25464469.254578948,713753537.9291682,2023,-4960913.354911968,8.810907036099737,20.55849546759089,7.7102051944325325,7.767263996757308,16.836108936358816,17.052794715201244,20.386048277141704,-15.4171006274599
2023-03-07,DAI,7868,369668901.29998815,2237,2488,18445353.313999947,30707856.172866926,195124058.58257487,2023,-12262502.858866978,8.970686268534983,19.728118304328845,7.71333788887187,7.819636302367592,16.730323098045005,17.24002911378152,19.089146117224256,-16.322056697544145
2023-03-08,DAI,7408,752435602.7264132,2416,2477,26862519.011349212,40434167.41809845,584651110.0970116,2023,-13571648.406749237,8.910450756416656,20.43882597448213,7.790282380703483,7.815207062189088,17.10624256488746,17.51518573840713,20.186525835996946,-16.423493572453374
2023-03-09,DAI,10182,1302141072.6902633,3109,2884,41461721.96866439,83383535.69103888,994881229.5520405,2023,-41921813.722374484,9.228474942171665,20.987275726391807,8.04237800517328,7.9672801789422,17.54028122148094,18.238961446056575,20.71813392171879,-17.551316887173048
2023-03-10,DAI,17600,3509289799.24279,4049,4552,368758420.1680749,209708474.31680688,2550972132.955913,2023,159049945.85126802,9.77571099759397,21.97867951783831,8.306472160100585,8.423541635334782,19.72565230242351,19.16122891144459,21.65974035246975,18.8847288419957
2023-03-11,DAI,59920,15626744545.518152,11076,10383,1444208118.2833464,767392029.2386383,10548730076.932735,2023,676816089.0447081,11.0007823069704,23.47224967731353,9.312626165516933,9.248021438943871,21.090826993959283,20.45850835031616,23.079271317863295,20.33291013968042
2023-03-12,DAI,25239,7032787628.209198,5060,4752,795672386.375778,210109929.81353936,5287593546.671221,2023,585562456.5622386,10.13618531665515,22.6738489974861,8.529319371214077,8.46653127661401,20.494698085440458,19.163141431778325,22.388629073393265,20.188083409202182
2023-03-13,DAI,22226,5997451221.888372,6495,4990,341208988.55445695,418246446.8750385,4844564986.409885,2023,-77037458.32058156,10.009063045084767,22.514600419737736,8.778941881841513,8.515391569469609,19.648005720111797,19.85158140496798,22.301123292377834,-18.159802346205527
2023-03-14,DAI,14577,3640253932.4486594,3707,3981,326348691.5949387,566598611.8373847,3043600588.502543,2023,-240249920.242446,9.587268821942159,22.015319278098254,8.218247926685745,8.289539484624141,19.603476976893578,20.15516169713564,21.836307055952567,-19.297190277999622
2023-03-15,DAI,12237,2676282596.1126876,3010,3351,28174904.475971233,272699111.28384864,2238567334.233384,2023,-244524206.80787742,9.412301144022486,21.707694577938852,8.010027528481734,8.117312461601975,17.15394226299438,19.42387959252577,21.529101915708132,-19.31482487141726
2023-03-16,DAI,9888,1528332984.4761891,2766,3346,115206714.4850876,345641307.1860447,1144897972.9165158,2023,-230434592.7009571,9.19917830726999,21.147443426381155,7.925518979786926,8.115819701211327,18.56223859866841,19.660912113752797,20.858581364232695,-19.255477621786703
2023-03-17,DAI,10961,1260598005.659945,2918,3523,12640437.868253397,118385168.39165112,887964168.7258992,2023,-105744730.52339773,9.302190025606063,20.9548520537791,7.978996370854115,8.16735198705607,16.35241166666991,18.589454014052215,20.604441950734614,-18.476538554539886
2023-03-18,DAI,9968,726426388.1593438,2714,2902,22259350.14699271,51510635.69709625,532940432.6434471,2023,-29251285.55010354,9.207235557022704,20.403647713280012,7.906547232368036,7.97349996402463,16.918272754554526,17.757298882115663,20.09392021911835,-17.19143411529377
2023-03-19,DAI,8822,356945321.6615534,2479,2541,10312165.038001878,31808993.515501328,145029815.27257392,2023,-21496828.477499448,9.085117227222105,19.693093170203284,7.8160138391590275,7.8407064517494,16.148834924906936,17.275259654156315,18.792449908712033,-16.88341601606087
2023-03-20,DAI,10267,991400472.096836,2769,2878,26554156.844779126,36810064.71533337,726885549.3834517,2023,-10255907.870554246,9.236787541991031,20.714629120751397,7.926602599181384,7.965198290612176,17.094696897714176,17.42128189061124,20.404279595846845,-16.143364572626734
2023-03-21,DAI,11729,774374525.0574574,2625,3471,41603966.731042065,53970134.4020816,543763039.7717937,2023,-12366167.671039537,9.36990494164752,20.467566198315154,7.873217054862741,8.15248607578024,17.543706098833336,17.803941403431434,20.114024123108166,-16.33047496891055
2023-03-22,DAI,10500,1122234410.604,2961,3401,134424171.8138404,226133443.12363604,863877780.0118394,2023,-91709271.30979565,9.259225769705994,20.838587545223763,7.993619994827744,8.132118772955806,18.716510827126783,19.23663584370727,20.576941859600097,-18.334134047815997
2023-03-23,DAI,8808,339806787.58211666,2740,2931,12361302.528795935,23872974.76254141,143225614.064686,2023,-11511672.233745474,9.083529205109796,19.6438877451724,7.916078096302786,7.983440063006542,16.33008146792775,16.98825765592161,18.77993167264443,-16.25887214230853
2023-03-24,DAI,8645,643275481.037475,2988,2832,20614026.040842827,60930482.00645413,459141843.81199515,2023,-40316455.96561131,9.064852065227576,20.282083622857584,8.002694162283937,7.949091499830517,16.841482326348792,17.925244149428675,19.94486975037635,-17.512270304989634
2023-03-25,DAI,6876,182505963.7581576,2046,2272,4067299.947073485,5661289.37969223,105375259.70219252,2023,-1593989.4326187456,8.835937789319836,19.022293414059067,7.624130585661289,7.728855823852543,15.218490179465068,15.549162406473135,18.473038448325394,-14.281751136193046
2023-03-26,DAI,9216,234000245.76512095,2362,2510,6148267.561797001,13297221.253654663,108831304.11162256,2023,-7148953.691857661,9.128804883993665,19.27083272787322,7.767687277186908,7.828436359157585,15.631681065477222,16.40306571827046,18.5053095818049,-15.782476707039391
2023-03-27,DAI,13524,769945720.7840234,3089,3730,28900892.27660043,116387742.91341943,572333861.5959952,2023,-87486850.63681899,9.512295103714683,20.461830579137803,8.035926369891792,8.224431573221159,17.17938306182991,18.572437794877892,20.16523305493869,-18.28699907302884
2023-03-28,DAI,12305,360928782.9099843,3173,3524,23245123.359476365,51505913.26819271,171859019.39285213,2023,-28260789.908716343,9.417842227300435,19.704191222348406,8.062747901086354,8.16763571524637,16.96160596303772,17.75720719919942,18.962185049803153,-17.156985921690897
2023-03-29,DAI,8482,468093824.5122517,2406,2788,6826416.084060873,21326574.248484217,278975485.9131982,2023,-14500158.164423343,9.045819439807735,19.964179315651904,7.786136437783072,7.933438387627489,15.736310508847119,16.875464517241493,19.446634475399506,-16.48967018418734
2023-03-30,DAI,7311,2183960433.443424,2251,2518,403872361.70472217,411515574.66179264,2057545874.9128215,2023,-7643212.95707047,8.897272113133987,21.504405778567637,7.719573989259581,7.831617276352611,19.816609452108594,19.835357428305027,21.44477978718689,-15.849328747693002
2023-03-31,DAI,8074,2158320866.673613,2625,2661,303402502.6829899,302531053.72092074,2022797858.2272751,2023,871448.9620691538,8.996528148090857,21.492596380251985,7.873217054862741,7.8868329989550565,19.53057087693098,19.527694490400417,21.427747468848043,13.677913726423697
2023-04-01,DAI,6620,176911252.38718843,1999,2439,13731025.060358167,12807689.781998392,88695157.19506432,2023,923335.2783597745,8.798001694924846,18.991158771505734,7.600902459542082,7.799753318287247,16.435168506223444,16.36555639079998,18.300715859488506,13.735748779049647
2023-04-02,DAI,5898,1169100088.449473,1930,2056,231924900.51269713,220722334.14640176,1061916937.1246902,2023,11202566.366295367,8.682538124003075,20.879500135488442,7.565793282428515,7.6290038896529575,19.261924176852002,19.212416067494768,20.78334154401877,16.231653539129855
2023-04-03,DAI,7571,877387584.6319829,2378,2494,98318784.82816824,116213450.8079382,705701883.2884399,2023,-17894665.97976996,8.932212512329214,20.592459397555924,7.774435510302958,7.822044008185619,18.403725673961183,18.57093915994989,20.374703446065894,-16.70001329232874
2023-04-04,DAI,6945,1463317116.173931,2238,2254,253518138.77840644,253026528.5478959,1301202694.4694111,2023,491610.23051053286,8.845921233304018,21.103971693646074,7.713784616598755,7.720905251936779,19.350945935746676,19.349004901067488,20.986554824087154,13.105443501227018
2023-04-05,DAI,6137,1797267942.8815544,2163,2206,318775941.21691847,327310302.111774,1662353066.4245372,2023,-8534360.894855559,8.722254235179681,21.30953353985495,7.679713639966372,7.699389406256737,19.579999038472334,19.606419218083115,21.23149994609198,-15.959611148071362
2023-04-06,DAI,5830,1423227918.844576,2112,2032,270183830.5130384,268894298.0232398,1288067268.2211967,2023,1289532.4897986054,8.670943791222156,21.076193311777057,7.655864017616056,7.617267813628347,19.414613142740063,19.409828919910737,20.976408690920966,14.06979107511682
2023-04-07,DAI,5402,309519738.2093146,1874,1828,60789303.334351145,63552315.15545677,189162383.78083044,2023,-2763011.8211056218,8.594709633844065,19.550532425791285,7.536363938404511,7.511524648390866,17.922924415908003,17.967374001126885,19.058116382875696,-14.831832244179123
2023-04-08,DAI,4798,1342170329.391381,1639,1651,230001219.42865208,234324276.07977888,1226201983.990994,2023,-4323056.651126802,8.476162841858246,21.01755379023725,7.402451520818244,7.409741954080923,19.25359517308492,19.272216513474294,20.927187412106584,-15.279473499468041
2023-04-09,DAI,4424,2175014392.9658637,1566,1558,407686018.5231388,415456893.5322418,2052590452.2788873,2023,-7770875.009103,8.39502555744203,21.5003011193805,7.356918242356021,7.351799869057777,19.826007876112833,19.844889423273326,21.442368468126823,-15.865893458473172
2023-04-10,DAI,6050,470300875.4445766,2029,2083,67196902.37277403,80763225.15752679,322284822.5419671,2023,-13566322.784752756,8.707978826622321,19.968883210499712,7.615791072035833,7.642044402873258,18.023137723669336,18.20703229807917,19.590946257690543,-16.423101087574178
2023-04-11,DAI,6875,1806219323.9838111,2174,2251,329831075.21538085,341633772.46854866,1527740272.16961,2023,-11802697.253167808,8.83579236650274,21.314501726972885,7.684783943522785,7.719573989259581,19.614091191107832,19.649249883459174,21.147055534950653,-16.283838728818612
2023-04-12,DAI,9051,2741025872.1959496,3200,2726,494700668.339959,517838085.6851602,2359695266.3750973,2023,-23137417.345201194,9.110741006753427,21.731598093549746,8.071218539969863,7.910957382845589,20.019463429218973,20.06517317739546,21.581798323653107,-16.956961706746963
2023-04-13,DAI,7106,1985790489.0897207,2130,2237,328091440.19906986,340472253.10338825,1685818667.3674064,2023,-12380812.904318392,8.868835492826895,21.409282903595567,7.664346632098617,7.71333788887187,19.608802911638843,19.645844194487406,21.2455171393585,-16.33165856654262
2023-04-14,DAI,8756,587522465.4495254,2431,2575,103731695.6415665,99869386.76718897,373164855.6940576,2023,3862308.874377534,9.077608659522225,20.19142504401658,7.796469243086058,7.853993087224244,18.457318283599,18.41937376790303,19.737530855016978,15.166775975514497
2023-04-15,DAI,5369,493673187.93937486,1757,1773,42114303.39981413,28664393.69995144,368124476.1187137,2023,13449909.699862689,8.58858318750291,20.017384295372786,7.471932078245122,7.480992162869525,17.55589801291027,17.171166307756,19.723931691978525,16.41448302457467
2023-04-16,DAI,5061,288594284.53532296,1662,1617,31837452.09516635,43328718.20962725,179706060.16355762,2023,-11491266.114460897,8.529516941105069,19.480532403468104,7.416378479192928,7.388946097618437,17.27615392501133,17.58432623430454,19.00683308053142,-16.257097923506183
2023-04-17,DAI,6229,1120861585.0025427,2339,1848,65602944.58222589,198217660.55890948,957435043.9241741,2023,-132614715.97668359,8.737131611781498,20.83736349973099,7.757906208351747,7.522400231387125,17.999131155074323,19.104876285672713,20.679768438518664,-18.702958617315147
2023-04-18,DAI,5197,1593512392.787,1837,1760,295921849.45740825,314076706.37595654,1380667789.0953407,2023,-18154856.918548286,8.556029215201436,21.189206469505255,7.516433302915632,7.473637108496206,19.505605958704283,19.56514780504457,21.045833124937026,-16.71444873677672
2023-04-19,DAI,5397,518128940.1689445,1735,1687,78345279.05352621,84539231.49521391,338471663.1841441,2023,-6193952.441687703,8.59378379357795,20.06573469042359,7.459338895220296,7.431299675155903,18.176636283133266,18.252726274462393,19.639950936869287,-15.63908412280762
2023-04-20,DAI,6018,485008089.2885933,1849,1767,71334750.21626441,77879087.48053287,280008650.9638978,2023,-6544337.264268458,8.70267641154777,19.99967612977004,7.52294091807237,7.477604243197589,18.082894160983994,18.170668034246376,19.450331060527198,-15.69411084667887
2023-04-21,DAI,6658,900815125.6932629,2068,1967,86357090.12966202,130002914.8196022,687459029.9812088,2023,-43645824.689940184,8.803724602110622,20.61881060771899,7.634820677745543,7.584773077612199,18.274001479968813,18.683067437549877,20.348512794429308,-17.591618204289517
2023-04-22,DAI,4116,543664198.0327467,1541,1434,71374411.65099767,98434578.42361613,434501527.48337513,2023,-27060166.772618458,8.322880021769905,20.11384233303394,7.340835554123275,7.268920128193722,18.083449996848763,18.40490271719669,19.889710020461866,-17.11357338071055
2023-04-23,DAI,3575,112394200.9558272,1372,1314,12114766.917557068,14048407.200222896,45585970.4,2023,-1933640.2826658282,8.182000136293405,18.537522910070475,7.224753405767971,7.181591944611865,16.309935755429965,16.458019651967824,17.63511058241542,-14.474915458301664
2023-04-24,DAI,4574,233276763.66237336,1664,1633,34570884.88210837,23629800.012370806,107115343.5616556,2023,10941084.869737562,8.428361977709622,19.267736137785672,7.417580402414544,7.3987862754199485,17.358522437317475,16.97801922815306,18.489416798373423,16.208035606864062
2023-04-25,DAI,6058,313824382.50952387,1986,2283,22339807.505743396,23866082.92689962,154325780.28082955,2023,-1526275.4211562239,8.70930004894499,19.56434409922632,7.594381242551817,7.7336835707759,16.921880779757643,16.98796892649399,18.85457638879957,-14.238341615416084
2023-04-26,DAI,8004,718930023.3788245,2143,2563,109043697.98602048,105329543.37657946,463308363.1013921,2023,3714154.609441012,8.987821625430815,20.39327458741476,7.670428522190693,7.849323818040561,18.507259267979855,18.472604511127678,19.95390340354011,15.12766191808952
2023-04-27,DAI,7212,1471887435.8906581,2000,2390,235549267.6686842,245514155.67921212,1228377696.7120883,2023,-9964888.010527909,8.883640232503673,21.109811384825527,7.601402334583733,7.779466967458324,19.277430658323862,19.318865168217414,20.92896019080775,-16.11457837363704
2023-04-28,DAI,5815,623999540.135194,1786,2155,30298069.23138023,80667203.6525233,493090116.48229504,2023,-50369134.42114306,8.668368019213355,20.251660190973165,7.488293515159428,7.6760099320288875,17.226594579718057,18.20584266467677,20.016202509383895,-17.73488915301512
2023-04-29,DAI,5007,258929476.2606472,1488,1737,22224327.466910176,21588675.25035868,160494513.9249964,2023,635652.2165514976,8.518791912779934,19.372066294017618,7.305860032684009,7.460490305825338,16.916698123695614,16.887679487519957,18.89377032502823,13.362408436621106
2023-04-30,DAI,4934,158328820.767273,1517,1672,11728903.616322435,8440766.790414609,64699559.299634814,2023,3288136.8259078264,8.504107951867582,18.880184578823407,7.325148957955575,7.422373700986824,16.27756683317647,15.948583832862852,17.98526496346094,15.005831952134857
2022-04-01,PAX,191,68182571.76860961,94,104,22439753.74,0.0,53140042.8539709,2022,22439753.74,5.2574953720277815,18.03769955890796,4.553876891600541,4.653960350157523,16.926344708969022,0.0,17.7884413235491,16.926344708969022
2022-04-02,PAX,167,11382782.41583275,82,95,0.0,0.0,3421325.73487291,2022,0.0,5.123963979403259,16.247612545141603,4.418840607796598,4.564348191467836,0.0,0.0,15.045538967985147,0.0
2022-04-03,PAX,145,7336792.922759847,89,86,0.0,0.0,2127646.12945765,2022,0.0,4.983606621708336,15.808412509903533,4.499809670330265,4.465908118654584,0.0,0.0,14.570527293070295,0.0
2022-04-04,PAX,242,26011049.84286306,124,142,1462595.69,0.0,14054392.94317474,2022,1462595.69,5.493061443340548,17.074032038102875,4.8283137373023015,4.962844630259907,14.195723968723305,0.0,16.45844564102129,14.195723968723305
2022-04-05,PAX,270,116261521.377317,162,139,15946891.48,0.0,95493084.40172,2022,15946891.48,5.602118820879701,18.571352714744183,5.093750200806762,4.941642422609304,16.5847745393734,0.0,18.374564398659178,16.5847745393734
2022-04-06,PAX,402,94103612.78419717,163,166,1614272.12,7626301.16,66096957.06948783,2022,-6012029.04,5.998936561946683,18.359907007475986,5.099866427824199,5.117993812416755,14.29439533282691,15.847113640959313,18.00663328363418,-15.609273026515838
2022-04-07,PAX,225,27952933.80394101,124,112,1856031.99,0.0,11662705.74,2022,1856031.99,5.420534999272286,17.146032753982976,4.8283137373023015,4.727387818712341,14.433951966954796,0.0,16.27190685088308,14.433951966954796
2022-04-08,PAX,313,62945374.51655944,141,142,0.0,5383365.14,36317264.46152993,2022,-5383365.14,5.749392985908253,17.95777785295324,4.955827057601261,4.962844630259907,0.0,15.498824413063907,17.407803818706807,-15.498824413063907
2022-04-09,PAX,149,15184223.48885045,106,92,35680.77,0.0,6960000.0,2022,35680.77,5.0106352940962555,16.535767584288575,4.672828834461906,4.532599493153256,10.482395193086846,0.0,15.755690175988754,10.482395193086846
2022-04-10,PAX,157,5733937.369775262,94,76,0.0,0.0,0.0,2022,0.0,5.062595033026967,15.561913177159678,4.553876891600541,4.343805421853684,0.0,0.0,0.0,0.0
2022-04-11,PAX,365,36609069.73290677,135,148,2185361.05,0.0,13899372.18,2022,2185361.05,5.902633333401366,17.41580660189819,4.912654885736052,5.003946305945459,14.597292070725944,0.0,16.447354302120083,14.597292070725944
2022-04-12,PAX,274,68426906.47031224,145,139,3326366.83,0.0,50814805.31384976,2022,3326366.83,5.616771097666572,18.041276689306443,4.983606621708336,4.941642422609304,15.017391524923198,0.0,17.743698332952718,15.017391524923198
2022-04-13,PAX,252,81340284.61808929,127,122,3556736.85,0.01,64465920.43293055,2022,3556736.8400000003,5.53338948872752,18.214151969847187,4.852030263919617,4.812184355372417,15.084354348467654,0.009950330853168083,17.981647292262977,15.08435434565609
2022-04-14,PAX,234,37494748.96053864,141,113,1567979.82,0.0,21838947.72873823,2022,1567979.82,5.459585514144159,17.439711480087276,4.955827057601261,4.736198448394496,14.26529924767482,0.0,16.899205572551413,14.26529924767482
2022-04-15,PAX,168,51952510.52330539,106,100,272400.0,0.0,43985705.46950475,2022,272400.0,5.1298987149230735,17.765840619351618,4.672828834461906,4.61512051684126,12.51503052432271,0.0,17.599375286140578,12.51503052432271
2022-04-16,PAX,106,8485290.662422331,74,65,0.0,0.0,6080916.0363929,2022,0.0,4.672828834461906,15.95384482994565,4.31748811353631,4.189654742026425,0.0,0.0,15.620666070922992,0.0
2022-04-17,PAX,138,1963514.566210632,74,69,0.0,0.0,0.0,2022,0.0,4.9344739331306915,14.490247080756212,4.31748811353631,4.248495242049359,0.0,0.0,0.0,0.0
2022-04-18,PAX,278,50811318.13027538,143,132,3169414.1,0.0,34036267.84601862,2022,3169414.1,5.631211781821365,17.743629705253678,4.969813299576001,4.890349128221754,14.969057617788197,0.0,17.34293724479272,14.969057617788197
2022-04-19,PAX,333,38076485.11174432,247,122,1205794.13,0.0,24054520.59,2022,1205794.13,5.811140992976701,17.4551074871524,5.5134287461649825,4.812184355372417,14.00264976621688,0.0,16.995833544744983,14.00264976621688
2022-04-20,PAX,209,106068955.1720876,114,113,6867388.67,0.0,87895404.31478806,2022,6867388.67,5.3471075307174685,18.479599970498825,4.74493212836325,4.736198448394496,15.742294631296486,0.0,18.291658089557544,15.742294631296486
2022-04-21,PAX,229,29120799.854732,108,108,965312.97,0.0,11962458.18573284,2022,965312.97,5.438079308923196,17.18696328279412,4.6913478822291435,4.6913478822291435,13.780208684916799,0.0,16.297283902886562,13.780208684916799
2022-04-22,PAX,249,59321629.50954664,133,135,1823377.76,9520019.56,36418421.18000001,2022,-7696641.800000001,5.521460917862246,17.89848456153101,4.897839799950911,4.912654885736052,14.416201799496486,16.068907566429083,17.410585308425766,-15.856294791748276
2022-04-23,PAX,92,1936672.545588892,66,61,0.0,0.0,0.0,2022,0.0,4.532599493153256,14.476482392092864,4.204692619390966,4.127134385045092,0.0,0.0,0.0,0.0
2022-04-24,PAX,128,10097983.44266094,69,68,0.0,0.0,2392795.75390872,2022,0.0,4.859812404361672,16.127846401764135,4.248495242049359,4.23410650459726,0.0,0.0,14.687973429689098,0.0
2022-04-25,PAX,306,54448923.94148849,129,142,4194875.78,0.0,24865548.89747,2022,4194875.78,5.726847747587197,17.81277366319036,4.867534450455582,4.962844630259907,15.249374524388877,0.0,17.028993865207973,15.249374524388877
2022-04-26,PAX,292,35473441.1064078,157,133,1701808.39,0.0,14792462.41,2022,1701808.39,5.680172609017068,17.3842948647933,5.062595033026967,4.897839799950911,14.347202590069527,0.0,16.50962837997914,14.347202590069527
2022-04-27,PAX,305,68211717.62709408,140,141,278551.4,0.0,41581567.37110979,2022,278551.4,5.723585101952381,18.038126935429805,4.948759890378168,4.955827057601261,12.537361471459231,0.0,17.543167559045692,12.537361471459231
2022-04-28,PAX,345,87628825.90391855,178,126,0.0,5525476.34,61876631.29981244,2022,-5525476.34,5.846438775057725,18.288620576019213,5.187385805840755,4.844187086458591,0.0,15.524880198016229,17.940653159108194,-15.524880198016229
2022-04-29,PAX,272,120066095.2449625,149,142,203832.96,0.0,98330107.55648,2022,203832.96,5.60947179518496,18.603552951151908,5.0106352940962555,4.962844630259907,12.225061019843723,0.0,18.403840830757357,12.225061019843723
2022-04-30,PAX,151,13413082.43588914,80,87,0.0,0.0,2616364.0,2022,0.0,5.0238805208462765,16.411741164388935,4.394449154672439,4.477336814478207,0.0,0.0,14.777296507820264,0.0
2022-05-01,PAX,156,39473850.71005216,72,74,0.0,0.0,29328417.51585085,2022,0.0,5.056245805348308,17.491149028640507,4.290459441148391,4.31748811353631,0.0,0.0,17.19406751914021,0.0
2022-05-02,PAX,257,31620039.72198034,131,135,1515615.72,0.0,17375932.36,2022,1515615.72,5.552959584921617,17.269301677599938,4.882801922586371,4.912654885736052,14.23133299000028,0.0,16.67059666653349,14.23133299000028
2022-05-03,PAX,250,60127031.71939829,133,141,0.0,8055021.4,37292671.93685862,2022,-8055021.4,5.5254529391317835,17.911970094041553,4.897839799950911,4.955827057601261,0.0,15.901806355470786,17.434307429308813,-15.901806355470786
2022-05-04,PAX,280,111219866.426247,135,125,2923364.59,17522106.91,87953763.52858952,2022,-14598742.32,5.638354669333745,18.52701958772736,4.912654885736052,4.836281906951478,14.888246109826905,16.678973950733027,18.292321831285705,-16.496446009001385
2022-05-05,PAX,291,98331422.21352534,137,139,1001320.8,8508671.41,69293270.4812468,2022,-7507350.61,5.676753802268282,18.403854200500117,4.927253685157205,4.941642422609304,13.816831485155689,15.956596484854478,18.053858366823636,-15.831393313076516
2022-05-06,PAX,306,69885530.79165734,134,130,1449416.4,0.0,44240606.26537562,2022,1449416.4,5.726847747587197,18.06236920139723,4.90527477843843,4.875197323201151,14.186672240552832,0.0,17.605153641697516,14.186672240552832
2022-05-07,PAX,177,47577131.84214116,94,85,0.0,0.0,37738911.05300239,2022,0.0,5.181783550292085,17.677862801295383,4.553876891600541,4.454347296253507,0.0,0.0,17.44620227006474,0.0
2022-05-08,PAX,255,35166221.6607368,113,101,0.0,8774620.29,18409126.04,2022,-8774620.29,5.545177444479562,17.37559659637154,4.736198448394496,4.624972813284271,0.0,15.987374168550119,16.728357134377237,-15.987374168550119
2022-05-09,PAX,603,51266046.49052898,192,189,1776251.53,0.0,12113020.38,2022,1776251.53,6.403574197934815,17.75253924873682,5.262690188904886,5.247024072160486,14.390016382741482,0.0,16.3097915790432,14.390016382741482
2022-05-10,PAX,704,146765411.1276534,235,213,2286887.42,10296845.59,100651487.7928965,2022,-8009958.17,6.558197802812269,18.804346034174326,5.4638318050256105,5.365976015021851,14.642702683008409,16.147348250013774,18.427174501723055,-15.896196221653273
2022-05-11,PAX,843,113350051.513565,215,266,2192425.65,0.01,44370370.62828615,2022,2192425.64,6.738152494595957,18.54599139820456,5.375278407684165,5.58724865840025,14.600519547708755,0.009950330853168083,17.608082498985695,14.600519543147598
2022-05-12,PAX,1279,557194410.8063211,319,369,1477039.85,9695839.18,459107664.3507724,2022,-8218799.33,7.154615356913663,20.138424770757037,5.768320995793772,5.91350300563827,14.205551218544734,16.08720750406958,19.944795305553104,-15.921934811125842
2022-05-13,PAX,686,138924103.7571602,255,219,49964.1,27037981.82,93727540.0810484,2022,-26988017.72,6.532334292222349,18.749438333036508,5.545177444479562,5.393627546352362,10.819080040694868,17.11275320650426,18.355902632313132,-17.11090357437083
2022-05-14,PAX,403,15129406.98716822,135,130,689194.93,0.0,0.0,2022,689194.93,6.0014148779611505,16.532150956589764,4.912654885736052,4.875197323201151,13.443280878220913,0.0,0.0,13.443280878220913
2022-05-15,PAX,463,11011494.1514127,195,147,0.0,0.0,1860000.0,2022,0.0,6.139884552226255,16.214450298880656,5.278114659230517,4.997212273764115,0.0,0.0,14.436087583323648,0.0
2022-05-16,PAX,565,38262243.17019343,181,183,2343403.5,0.0,18699407.8,2022,2343403.5,6.338594078203183,17.45997417603752,5.204006687076795,5.214935757608986,14.667115344501111,0.0,16.74400246635179,14.667115344501111
2022-05-17,PAX,470,115086080.7823375,196,163,6458316.74,0.0,77407334.68845086,2022,6458316.74,6.154858094016418,18.56119094355097,5.2832037287379885,5.099866427824199,15.680879430081047,0.0,18.164592110405536,15.680879430081047
2022-05-18,PAX,423,36625424.28483509,154,162,1660119.03,0.0,13426000.91206514,2022,1660119.03,6.049733455231958,17.41625323710672,5.043425116919247,5.093750200806762,14.3224004649476,0.0,16.412703825895925,14.3224004649476
2022-05-19,PAX,546,68920255.057041,269,150,3680148.13,0.0,42645154.16857043,2022,3680148.13,6.304448802421981,18.04846068489628,5.598421958998375,5.017279836814924,15.118463833780542,0.0,17.56842423033983,15.118463833780542
2022-05-20,PAX,366,51318679.4987069,131,133,0.0,8581826.69,20720862.460211,2022,-8581826.69,5.905361848054571,17.75356538613228,4.882801922586371,4.897839799950911,0.0,15.96515746626166,16.846651647277376,-15.96515746626166
2022-05-21,PAX,171,2935358.504948569,87,79,0.0,0.0,0.0,2022,0.0,5.147494476813453,14.892340492652403,4.477336814478207,4.382026634673881,0.0,0.0,0.0,0.0
2022-05-22,PAX,235,3688588.012574854,121,82,0.0,0.0,0.0,2022,0.0,5.4638318050256105,15.120754561474266,4.804021044733257,4.418840607796598,0.0,0.0,0.0,0.0
2022-05-23,PAX,489,45057801.1152064,255,135,2219938.44,0.0,24628742.44875862,2022,2219938.44,6.194405391104672,17.62345671493024,5.545177444479562,4.912654885736052,14.612990474197096,0.0,17.01942475169253,14.612990474197096
2022-05-24,PAX,322,26807717.7716116,153,138,1267958.23,0.0,7310235.529999999,2022,1267958.23,5.777652323222656,17.10420041787916,5.0369526024136295,4.9344739331306915,14.052919260465544,0.0,15.804786188247627,14.052919260465544
2022-05-25,PAX,293,37837429.14682463,118,113,3146235.54,0.0,22484119.94196411,2022,3146235.54,5.683579767338681,17.44880938617429,4.77912349311153,4.736198448394496,14.961717547313652,0.0,16.928319882113122,14.961717547313652
2022-05-26,PAX,442,47955764.03808552,162,158,1159128.38,0.0,21052796.96,2022,1159128.38,6.093569770045136,17.68578958226656,5.093750200806762,5.0689042022202315,13.963179746807779,0.0,16.862544028974586,13.963179746807779
2022-05-27,PAX,440,30822047.82579953,134,137,235757.36,0.0,9777122.57,2022,235757.36,6.089044875446846,17.24374086279792,4.90527477843843,4.927253685157205,12.37056266116071,0.0,16.09555588525421,12.37056266116071
2022-05-28,PAX,249,5548193.97455807,120,110,0.0,0.0,0.0,2022,0.0,5.521460917862246,15.528983203014576,4.795790545596741,4.709530201312334,0.0,0.0,0.0,0.0
2022-05-29,PAX,200,4286592.698063537,84,85,0.0,0.0,0.0,2022,0.0,5.303304908059076,15.271002965736077,4.442651256490317,4.454347296253507,0.0,0.0,0.0,0.0
2022-05-30,PAX,330,17485054.8030925,134,132,0.0,0.0,0.0,2022,0.0,5.802118375377063,16.67685711995822,4.90527477843843,4.890349128221754,0.0,0.0,0.0,0.0
2022-05-31,PAX,346,62268182.06673334,148,155,3925960.75,0.0,36718889.53190794,2022,3925960.75,5.849324779946859,17.946961148114497,5.003946305945459,5.049856007249537,15.18312191103038,0.0,17.418801908987444,15.18312191103038
2022-06-01,PAX,352,62615957.07513291,151,145,2868709.93,0.0,38921404.75475075,2022,2868709.93,5.8664680569332965,17.95253072491141,5.0238805208462765,4.983606621708336,14.869373333526138,0.0,17.477054933713838,14.869373333526138
2022-06-02,PAX,256,38813211.00751686,114,117,2177854.77,0.0,25313891.73291282,2022,2177854.77,5.54907608489522,17.474271262288855,4.74493212836325,4.770684624465665,14.593851358978366,0.0,17.046863922864574,14.593851358978366
2022-06-03,PAX,297,123485515.4873622,152,115,0.0,23524168.34,109073424.249,2022,-23524168.34,5.697093486505405,18.631634431749035,5.030437921392435,4.7535901911063645,0.0,16.973538933141754,18.507531839546786,-16.973538933141754
2022-06-04,PAX,124,2662362.334021996,68,67,0.0,0.0,0.0,2022,0.0,4.8283137373023015,14.794724757737601,4.23410650459726,4.219507705176107,0.0,0.0,0.0,0.0
2022-06-05,PAX,117,3386968.227621666,71,67,0.0,0.0,0.0,2022,0.0,4.770684624465665,15.035446046320686,4.276666119016055,4.219507705176107,0.0,0.0,0.0,0.0
2022-06-06,PAX,249,48817259.71083582,123,111,419001.38,5756727.76,25324507.0,2022,-5337726.38,5.521460917862246,17.70359451137608,4.820281565605037,4.718498871295094,12.945631879079073,15.565879947731265,17.04728318046707,-15.490310536080028
2022-06-07,PAX,373,56074389.84159077,134,123,760321.23,2530013.6,35688763.09,2022,-1769692.37,5.924255797414532,17.84218977503184,4.90527477843843,4.820281565605037,13.541497609247596,14.74373563143804,17.390346465839006,-14.386316852254565
2022-06-08,PAX,291,33555277.46805412,111,107,118209.56,0.0,17173445.0594412,2022,118209.56,5.676753802268282,17.328704740394283,4.718498871295094,4.68213122712422,11.680222720065068,0.0,16.658874915090976,11.680222720065068
2022-06-09,PAX,205,50704817.32976183,102,106,0.0,443646.05,35551446.42799557,2022,-443646.05,5.327876168789581,17.741531500135746,4.634728988229636,4.672828834461906,0.0,13.0027845928556,17.386491428658818,-13.0027845928556
2022-06-10,PAX,257,32692776.46013502,102,105,364705.92,4345454.45,14524789.91,2022,-3980748.5300000003,5.552959584921617,17.30266473869275,4.634728988229636,4.663439094112067,12.806849351116346,15.284641132822289,16.491367465417916,-15.196980683650462
2022-06-11,PAX,410,19646578.79178231,143,141,0.01,0.0,5357036.73351326,2022,0.01,6.018593214496234,16.793413824732124,4.969813299576001,4.955827057601261,0.009950330853168083,0.0,15.493921718615265,0.009950330853168083
2022-06-12,PAX,488,12188301.62790999,110,121,0.0,0.0,0.0,2022,0.0,6.192362489474872,16.31598724876881,4.709530201312334,4.804021044733257,0.0,0.0,0.0,0.0
2022-06-13,PAX,1347,174782409.3773301,262,280,592782.07,20268954.83,111614318.5241986,2022,-19676172.759999998,7.206377291472252,18.979052388990482,5.572154032177765,5.638354669333745,13.29258379317697,16.82460100402783,18.530559910829048,-16.7949190079216
2022-06-14,PAX,1444,120019811.3237679,487,258,34694.38,10294565.61,70321442.19507875,2022,-10259871.229999999,7.275864600546533,18.603167389816434,6.1903154058531475,5.556828061699537,10.454361815860498,16.147126800423386,18.06858733438257,-16.143750944412982
2022-06-15,PAX,1433,136685027.9752357,268,271,60233.55,5458597.109999999,57450567.54673719,2022,-5398363.56,7.2682230211595655,18.733189778324626,5.594711379601839,5.605802066295998,11.006001386933443,15.51270255834326,17.866435458584956,-15.501606606404117
2022-06-16,PAX,882,55388957.69822475,212,192,209559.12,6143919.91,23783764.12487665,2022,-5934360.79,6.78332520060396,17.829890830378247,5.3612921657094255,5.262690188904886,12.252765946150356,15.630973681005436,16.984513768269764,-15.59627004696662
2022-06-17,PAX,672,30026199.11090188,191,174,975889.83,0.0,5899966.560000001,2022,975889.83,6.511745329644728,17.2175808955196,5.2574953720277815,5.1647859739235145,13.791106004630851,0.0,15.590457410555748,13.791106004630851
2022-06-18,PAX,847,31774916.0412304,205,177,0.0,0.0,2000000.0,2022,0.0,6.742880635791903,17.274187764217512,5.327876168789581,5.181783550292085,0.0,0.0,14.508658238524095,0.0
2022-06-19,PAX,553,47652032.4374607,147,138,369991.65,0.0,36445630.58018635,2022,369991.65,6.317164686747284,17.67943586160224,4.997212273764115,4.9344739331306915,12.821238419558233,0.0,17.411332162328257,12.821238419558233
2022-06-20,PAX,505,12547907.37942035,139,127,0.0,0.0,0.0,2022,0.0,6.226536669287466,16.345064546657852,4.941642422609304,4.852030263919617,0.0,0.0,0.0,0.0
2022-06-21,PAX,495,54265349.77640001,177,180,1414260.97,12429829.55,31564487.09916521,2022,-11015568.58,6.206575926724928,17.809396473978467,5.181783550292085,5.198497031265826,14.16211837701968,16.335609831052864,17.267543252296594,-16.214820246368753
2022-06-22,PAX,430,39846155.9708176,172,152,0.0,4483972.72,23014635.73,2022,-4483972.72,6.066108090103747,17.50053652118042,5.153291594497779,5.030437921392435,0.0,15.316020202318477,16.951640951055033,-15.316020202318477
2022-06-23,PAX,368,35932615.485514,155,127,1234350.97,0.01,21002392.95,2022,1234350.96,5.910796644040527,17.397155978189343,5.049856007249537,4.852030263919617,14.026056669682387,0.009950330853168083,16.86014698680951,14.026056661580968
2022-06-24,PAX,361,22243851.68994152,126,125,670683.2,0.0,3834418.34426419,2022,670683.2,5.8916442118257715,16.917576244805044,4.844187086458591,4.836281906951478,13.416053664333084,0.0,15.159528571740816,13.416053664333084
2022-06-25,PAX,202,2765282.914019363,71,61,0.0,0.0,0.0,2022,0.0,5.313205979041787,14.832653869048524,4.276666119016055,4.127134385045092,0.0,0.0,0.0,0.0
2022-06-26,PAX,202,8174320.026301945,70,68,0.0,0.0,1051046.0,2022,0.0,5.313205979041787,15.916508216411732,4.2626798770413155,4.23410650459726,0.0,0.0,13.865297368174147,0.0
2022-06-27,PAX,307,27880452.53284283,125,132,443659.95,0.01,3920486.18222376,2022,443659.94,5.730099782973574,17.143436411042895,4.836281906951478,4.890349128221754,13.002815923577291,0.009950330853168083,15.18172648522391,13.002815901037556
2022-06-28,PAX,324,31168195.49917506,122,132,116650.72,0.0,11382287.62,2022,116650.72,5.783825182329737,17.254908789921178,4.812184355372417,4.890349128221754,11.666948022304437,0.0,16.247569075405856,11.666948022304437
2022-06-29,PAX,384,89928315.36336398,172,158,0.0,15123828.45,70384831.06663242,2022,-15123828.45,5.953243334287785,18.31452342608044,5.153291594497779,5.0689042022202315,0.0,16.531782167150748,18.06948834431584,-16.531782167150748
2022-06-30,PAX,402,21129250.14804827,143,156,99966.11,2521581.88,2521581.88,2022,-2421615.77,5.998936561946683,16.86616894873934,4.969813299576001,5.056245805348308,11.512596510870761,14.740397389282547,14.740397389282547,-14.699945961839106
2022-07-01,PAX,463,10035148.55729007,165,184,354845.68,0.0,0.0,2022,354845.68,6.139884552226255,16.121604443668044,5.111987788356544,5.220355825078324,12.779441087843418,0.0,0.0,12.779441087843418
2022-07-02,PAX,325,12068793.64255387,157,124,0.0,0.0,1500480.0,2022,0.0,5.786897381366708,16.30613372417264,5.062595033026967,4.8283137373023015,0.0,0.0,14.221296281336539,0.0
2022-07-03,PAX,314,11571050.89147543,149,120,0.0,0.0,3990558.65244221,2022,0.0,5.752572638825633,16.26401701046301,5.0106352940962555,4.795790545596741,0.0,0.0,15.19944204279998,0.0
2022-07-04,PAX,373,8746325.287999706,118,148,0.0,0.0,1028039.69882451,2022,0.0,5.924255797414532,15.984144317370898,4.77912349311153,5.003946305945459,0.0,0.0,13.843165314509788,0.0
2022-07-05,PAX,478,27889558.02929342,177,170,76644.51999999999,5022220.37,13158849.71698906,2022,-4945575.850000001,6.171700597410915,17.143762948409957,5.181783550292085,5.14166355650266,11.246946435103254,15.42938289777596,16.39260514851204,-15.414004169420531
2022-07-06,PAX,367,24337592.70566693,144,127,150520.87,0.0,7625833.51939049,2022,150520.87,5.908082938168931,17.00753277891371,4.976733742420574,4.852030263919617,11.921863668228394,0.0,15.84705231963503,11.921863668228394
2022-07-07,PAX,201,13526384.9475219,92,95,71530.36,0.0,5676933.46,2022,71530.36,5.308267697401205,16.420152850461378,4.532599493153256,4.564348191467836,11.177891233923223,0.0,15.551921937256205,11.177891233923223
2022-07-08,PAX,378,15878469.88203483,134,129,28581.56,0.0,6000000.0,2022,28581.56,5.937536205082426,16.580474717083586,4.90527477843843,4.867534450455582,10.260552020600487,0.0,15.607270193858982,10.260552020600487
2022-07-09,PAX,189,5964453.890865989,78,78,0.0,0.0,0.0,2022,0.0,5.247024072160486,15.601328224739163,4.3694478524670215,4.3694478524670215,0.0,0.0,0.0,0.0
2022-07-10,PAX,192,5827137.498104019,89,88,0.0,0.0,0.0,2022,0.0,5.262690188904886,15.57803661418049,4.499809670330265,4.48863636973214,0.0,0.0,0.0,0.0
2022-07-11,PAX,322,52542372.41125124,156,122,0.0,4845793.6,38547682.71096964,2022,-4845793.6,5.777652323222656,17.777130514616896,5.056245805348308,4.812184355372417,0.0,15.393621793987764,17.46740657084986,-15.393621793987764
2022-07-12,PAX,261,33427043.2938315,102,108,0.0,4565083.91,24961623.984758,2022,-4565083.91,5.568344503761097,17.32487583970528,4.634728988229636,4.6913478822291435,0.0,15.333947672057283,17.032850202902367,-15.333947672057283
2022-07-13,PAX,307,7883617.923655469,104,105,21925.39,0.01,0.0,2022,21925.38,5.730099782973574,15.880297610680094,4.653960350157523,4.663439094112067,9.995446213178367,0.009950330853168083,0.0,9.995445757106836
2022-07-14,PAX,297,7991172.118250853,100,115,108202.05,0.0,0.0,2022,108202.05,5.697093486505405,15.893848130275465,4.61512051684126,4.7535901911063645,11.59176483353697,0.0,0.0,11.59176483353697
2022-07-15,PAX,346,16599232.45209826,132,126,26840.93,0.0,3708125.5347507,2022,26840.93,5.849324779946859,16.62486707467611,4.890349128221754,4.844187086458591,10.197720496100986,0.0,15.126037329883568,10.197720496100986
2022-07-16,PAX,308,20010221.08849362,83,89,0.0,0.0,12050745.4127053,2022,0.0,5.733341276897746,16.811753805373566,4.430816798843313,4.499809670330265,0.0,0.0,16.30463715894565,0.0
2022-07-17,PAX,352,10819317.56206657,140,100,0.0,0.0,2996091.84261989,2022,0.0,5.8664680569332965,16.19684384992303,4.948759890378168,4.61512051684126,0.0,0.0,14.912819611997543,0.0
2022-07-18,PAX,453,27155172.01958181,143,139,0.01,4750984.62,9366426.4928399,2022,-4750984.61,6.118097198041348,17.117078120985997,4.969813299576001,4.941642422609304,0.009950330853168083,15.373862653433264,16.0526423107376,-15.373862651328437
2022-07-19,PAX,512,23200642.65145938,169,131,178885.56,0.0,9134792.96194206,2022,178885.56,6.240275845170769,16.959690579849077,5.135798437050262,4.882801922586371,12.094507140906142,0.0,16.027601192744267,12.094507140906142
2022-07-20,PAX,356,98047485.7577992,107,101,40115605.53,0.0,85915421.07544792,2022,40115605.53,5.877735781779639,18.400962478027218,4.68213122712422,4.624972813284271,17.50727600683622,0.0,18.268873906060545,17.50727600683622
2022-07-21,PAX,313,12502819.97937626,86,84,0.0,4411220.48,5411304.380000001,2022,-4411220.48,5.749392985908253,16.341464855161103,4.465908118654584,4.442651256490317,0.0,15.2996621886631,15.504000911920192,-15.2996621886631
2022-07-22,PAX,305,34048350.81409229,107,108,48748.04,0.0,26467174.32999999,2022,48748.04,5.723585101952381,17.343292184515768,4.68213122712422,4.6913478822291435,10.794440783924404,0.0,17.091415856382202,10.794440783924404
2022-07-23,PAX,276,4611895.142928704,79,74,0.0,0.0,0.0,2022,0.0,5.6240175061873385,15.344149641238241,4.382026634673881,4.31748811353631,0.0,0.0,0.0,0.0
2022-07-24,PAX,292,4937813.141338862,79,74,0.0,0.0,0.0,2022,0.0,5.680172609017068,15.412433309729922,4.382026634673881,4.31748811353631,0.0,0.0,0.0,0.0
2022-07-25,PAX,426,26111271.25513867,120,108,7221.37,0.0,15648700.02,2022,7221.37,6.056784013228625,17.077877666226566,4.795790545596741,4.6913478822291435,8.884938432870682,0.0,16.565898469588653,8.884938432870682
2022-07-26,PAX,317,8958476.18199925,107,99,180809.49,0.0,1345699.0,2022,180809.49,5.762051382780177,16.00811081314057,4.68213122712422,4.605170185988092,12.105204745168628,0.0,14.112424881729632,12.105204745168628
2022-07-27,PAX,289,12530038.23084892,102,106,65492.07,0.0,1344600.0,2022,65492.07,5.66988092298052,16.343639457820974,4.634728988229636,4.672828834461906,11.08969961449925,0.0,14.1116078727324,11.08969961449925
2022-07-28,PAX,369,14836573.62290505,127,115,28980.62,0.0,3745362.80296362,2022,28980.62,5.91350300563827,16.512605948501385,4.852030263919617,4.7535901911063645,10.27441711493341,0.0,15.136029313863816,10.27441711493341
2022-07-29,PAX,340,14744428.80107598,108,97,0.0,4348953.66,7791853.66,2022,-4348953.66,5.831882477283517,16.506375928820916,4.6913478822291435,4.584967478670572,0.0,15.285446066140285,15.868589471666484,-15.285446066140285
2022-07-30,PAX,229,7242198.846782075,78,74,0.0,0.0,0.0,2022,0.0,5.438079308923196,15.795435564450596,4.3694478524670215,4.31748811353631,0.0,0.0,0.0,0.0
2022-07-31,PAX,193,4539382.102165549,69,68,0.0,0.0,0.0,2022,0.0,5.267858159063328,15.328301680204653,4.248495242049359,4.23410650459726,0.0,0.0,0.0,0.0
2022-08-01,PAX,272,8676479.720428597,108,103,52429.66,0.0,0.0,2022,52429.66,5.60947179518496,15.976126557465461,4.6913478822291435,4.6443908991413725,10.867246813700202,0.0,0.0,10.867246813700202
2022-08-02,PAX,348,4810320.016543487,102,109,28507.37,0.0,0.0,2022,28507.37,5.855071922202427,15.3862743792611,4.634728988229636,4.700480365792417,10.257953007350501,0.0,0.0,10.257953007350501
2022-08-03,PAX,269,4498330.402747818,116,110,53416.55,0.0,0.0,2022,53416.55,5.598421958998375,15.319217086588083,4.762173934797756,4.709530201312334,10.885894622639544,0.0,0.0,10.885894622639544
2022-08-04,PAX,253,6772103.639031737,96,93,20471.05,0.0,0.0,2022,20471.05,5.537334267018537,15.728322473833408,4.574710978503383,4.543294782270004,9.92681582019694,0.0,0.0,9.92681582019694
2022-08-05,PAX,288,8464234.27908931,105,95,32663.65,0.0,0.0,2022,32663.65,5.666426688112432,15.951360230317844,4.663439094112067,4.564348191467836,10.394048732385057,0.0,0.0,10.394048732385057
2022-08-06,PAX,160,1966259.966187501,65,66,0.0,0.0,0.0,2022,0.0,5.081404364984463,14.491644310548226,4.189654742026425,4.204692619390966,0.0,0.0,0.0,0.0
2022-08-07,PAX,130,1347417.159846142,54,50,0.0,0.0,0.0,2022,0.0,4.875197323201151,14.113700845112799,4.007333185232471,3.9318256327243257,0.0,0.0,0.0,0.0
2022-08-08,PAX,279,16924097.26478967,108,102,95.61,4238145.57,5884719.77990125,2022,-4238049.96,5.634789603169249,16.644249097044288,4.6913478822291435,4.634728988229636,4.570682255529419,15.259636601922113,15.587869851484855,-15.259614042277965
2022-08-09,PAX,297,15326363.09235215,125,116,0.0,0.0,4577667.0132066,2022,0.0,5.697093486505405,16.545085046745516,4.836281906951478,4.762173934797756,0.0,0.0,15.336700258998478,0.0
2022-08-10,PAX,275,8494380.431655342,98,90,0.01,0.01,1000025.0,2022,0.0,5.62040086571715,15.954915494857863,4.59511985013459,4.51085950651685,0.009950330853168083,0.009950330853168083,13.81553655762628,0.0
2022-08-11,PAX,349,22068272.83807924,121,120,0.0,4399506.76,11880589.30593815,2022,-4399506.76,5.857933154483459,16.90965156212832,4.804021044733257,4.795790545596741,0.0,15.297003219902997,16.290416559716345,-15.297003219902997
2022-08-12,PAX,266,23232098.36952737,117,115,0.01,0.0,7750552.35545655,2022,0.01,5.58724865840025,16.961045473867113,4.770684624465665,4.7535901911063645,0.009950330853168083,0.0,15.863274799484692,0.009950330853168083
2022-08-13,PAX,228,3164882.882166075,97,87,0.0,0.0,0.0,2022,0.0,5.43372200355424,14.967626924788203,4.584967478670572,4.477336814478207,0.0,0.0,0.0,0.0
2022-08-14,PAX,265,2175749.628901471,78,74,0.0,0.01,0.0,2022,-0.01,5.583496308781699,14.592884279702147,4.3694478524670215,4.31748811353631,0.0,0.009950330853168083,0.0,-0.009950330853168083
2022-08-15,PAX,348,17521683.58026014,121,100,0.0,4455701.66,7745272.43904,2022,-4455701.66,5.855071922202427,16.67894979069156,4.804021044733257,4.61512051684126,0.0,15.309695330355662,15.862593336444236,-15.309695330355662
2022-08-16,PAX,195,3212424.662317847,71,71,16813.24,0.0,0.0,2022,16813.24,5.278114659230517,14.982536867783352,4.276666119016055,4.276666119016055,9.729981425412808,0.0,0.0,9.729981425412808
2022-08-17,PAX,295,119238316.7720193,137,101,0.0,6403781.41,111802420.0,2022,-6403781.41,5.69035945432406,18.596634718757983,4.927253685157205,4.624972813284271,0.0,15.672399375319756,18.53224377319142,-15.672399375319756
2022-08-18,PAX,205,47306185.48398264,86,89,0.0,43000000.0,42999999.99,2022,-43000000.0,5.327876168789581,17.67215163738278,4.465908118654584,4.499809670330265,0.0,17.57671069691365,17.576710696681094,-17.57671069691365
2022-08-19,PAX,343,110491899.5275506,115,121,39999900.01000001,0.01,101600538.2990381,2022,39999900.000000015,5.840641657373398,18.520452777842415,4.7535901911063645,4.804021044733257,17.504387537325147,0.009950330853168083,18.436559401155968,17.504387537075146
2022-08-20,PAX,284,200129529.8378373,93,87,0.0,0.0,196437069.541407,2022,0.0,5.652489180268651,19.11447536906403,4.543294782270004,4.477336814478207,0.0,0.0,19.09585268628439,0.0
2022-08-21,PAX,267,2748114.987169391,77,70,0.0,0.0,0.0,2022,0.0,5.5909869805108565,14.826426139282773,4.356708826689592,4.2626798770413155,0.0,0.0,0.0,0.0
2022-08-22,PAX,266,44880727.92078891,84,93,0.03,0.01,40334744.372919,2022,0.019999999999999997,5.58724865840025,17.619519060597376,4.442651256490317,4.543294782270004,0.0295588022415444,0.009950330853168083,17.51272382352602,0.01980262729617971
2022-08-23,PAX,299,129174621.9108346,92,91,30000000.01,0.02,120000000.01,2022,29999999.990000002,5.703782474656201,18.676675712921607,4.532599493153256,4.5217885770490405,17.216707973293097,0.019802627296179712,18.603002309162985,17.21670797262643
2022-08-24,PAX,232,125870906.2267368,92,85,30000000.01,0.0,120000000.01,2022,30000000.01,5.4510384535657,18.650767393890373,4.532599493153256,4.454347296253507,17.216707973293097,0.0,18.603002309162985,17.216707973293097
2022-08-25,PAX,210,162671562.1211411,93,93,40000000.0,0.01,160000000.0,2022,39999999.99,5.351858133476067,18.907243775850837,4.543294782270004,4.543294782270004,17.50439003707821,0.009950330853168083,18.8906843794481,17.50439003682821
2022-08-26,PAX,305,58310830.68039491,98,93,13000000.01,0.01,52000000.0,2022,13000000.0,5.723585101952381,17.881298426180052,4.59511985013459,4.543294782270004,16.380459993118116,0.009950330853168083,17.76675429577647,16.380459992348886
2022-08-27,PAX,331,4123271.547746154,95,92,0.0,0.0,0.0,2022,0.0,5.805134968916488,15.23215771373567,4.564348191467836,4.532599493153256,0.0,0.0,0.0,0.0
2022-08-28,PAX,214,2863978.090141173,82,74,0.0,0.0,0.0,2022,0.0,5.3706380281276624,14.86772250610766,4.418840607796598,4.31748811353631,0.0,0.0,0.0,0.0
2022-08-29,PAX,263,41753735.42188846,113,83,10000000.99,4251361.47,34435006.24,2022,5748639.5200000005,5.575949103146316,17.54729950039174,4.736198448394496,4.430816798843313,16.1180958499583,15.262750070701905,17.35458425721211,15.564473953514899
2022-08-30,PAX,256,21797255.13849415,84,83,20658.6,0.0,17599980.0,2022,20658.6,5.54907608489522,16.897294654630937,4.442651256490317,4.430816798843313,9.93593538140198,0.0,16.683408380462343,9.93593538140198
2022-08-31,PAX,279,7273310.835634662,82,86,135570.08,0.0,2767839.00550854,2022,135570.08,5.634789603169249,15.799722294009461,4.418840607796598,4.465908118654584,11.817251357405944,0.0,14.833577792570999,11.817251357405944
2022-09-01,PAX,274,4831700.787489073,108,95,25973.57,0.0,0.0,2022,25973.57,5.616771097666572,15.390709300526927,4.6913478822291435,4.564348191467836,10.164873261451191,0.0,0.0,10.164873261451191
2022-09-02,PAX,267,7167585.461202632,93,87,40363.56,0.0,2524076.3202909,2022,40363.56,5.5909869805108565,15.785079539618092,4.543294782270004,4.477336814478207,10.605707451237064,0.0,14.741386136203703,10.605707451237064
2022-09-03,PAX,230,1391666.949856627,129,86,0.0,0.0,0.0,2022,0.0,5.442417710521793,14.146013549651224,4.867534450455582,4.465908118654584,0.0,0.0,0.0,0.0
2022-09-04,PAX,128,798296.4878931337,69,62,0.0,0.0,0.0,2022,0.0,4.859812404361672,13.590236598808362,4.248495242049359,4.143134726391533,0.0,0.0,0.0,0.0
2022-09-05,PAX,237,8263492.023610501,109,111,0.0,0.0,4566415.4802909,2022,0.0,5.472270673671475,15.927357940321178,4.700480365792417,4.718498871295094,0.0,0.0,15.334239315291713,0.0
2022-09-06,PAX,387,13786133.22120251,162,126,216491.97,4176234.39,4176234.39,2022,-3959742.42,5.961005339623274,16.43917387843159,5.093750200806762,4.844187086458591,12.285313354765844,15.244920774293197,15.244920774293197,-15.191689788202218
2022-09-07,PAX,250,8686802.331965301,104,98,322645.72,0.0,0.0,2022,322645.72,5.5254529391317835,15.97731557363564,4.653960350157523,4.59511985013459,12.684313257497964,0.0,0.0,12.684313257497964
2022-09-08,PAX,277,8070396.993869118,125,64,303662.1300000001,0.0,1800000.0,2022,303662.1300000001,5.627621113690637,15.903713356733785,4.836281906951478,4.174387269895637,12.623674240963902,0.0,14.403297778421795,12.623674240963902
2022-09-09,PAX,219,5016576.738085522,100,111,42949.11,0.0,1800000.0,2022,42949.11,5.393627546352362,15.42825853370646,4.61512051684126,4.718498871295094,10.6677944885267,0.0,14.403297778421795,10.6677944885267
2022-09-10,PAX,165,7724975.635111636,76,62,0.0,0.0,0.0,2022,0.0,5.111987788356544,15.859969356162491,4.343805421853684,4.143134726391533,0.0,0.0,0.0,0.0
2022-09-11,PAX,169,3047797.461063822,74,73,0.0,0.0,0.0,2022,0.0,5.135798437050262,14.929930071904318,4.31748811353631,4.30406509320417,0.0,0.0,0.0,0.0
2022-09-12,PAX,255,12409674.60308856,97,87,861907.15,0.0,0.0,2022,861907.15,5.545177444479562,16.333987016878503,4.584967478670572,4.477336814478207,13.666903989444132,0.0,0.0,13.666903989444132
2022-09-13,PAX,376,15611376.17589911,130,119,194010.57,0.0,3800000.0,2022,194010.57,5.932245187448011,16.56351051255265,4.875197323201151,4.787491742782046,12.175673075442377,0.0,15.150511887854474,12.175673075442377
2022-09-14,PAX,259,20050530.16143832,86,81,3253703.52,0.0,11351671.62951034,2022,3253703.52,5.560681631015528,16.81376620320826,4.465908118654584,4.406719247264253,14.995304757475205,0.0,16.24487565927285,14.995304757475205
2022-09-15,PAX,335,16685587.3685533,107,93,0.01,0.0,5947579.14,2022,0.01,5.817111159963204,16.630055932869418,4.68213122712422,4.543294782270004,0.009950330853168083,0.0,15.598494995637616,0.009950330853168083
2022-09-16,PAX,283,5823629.259808862,92,74,0.01,0.0,0.0,2022,0.01,5.648974238161206,15.577434381233621,4.532599493153256,4.31748811353631,0.009950330853168083,0.0,0.0,0.009950330853168083
2022-09-17,PAX,204,1186580.032173938,73,65,0.0,0.0,0.0,2022,0.0,5.3230099791384085,13.986586647657797,4.30406509320417,4.189654742026425,0.0,0.0,0.0,0.0
2022-09-18,PAX,222,1908740.183546074,61,52,0.0,0.0,0.0,2022,0.0,5.407171771460119,14.461954516536963,4.127134385045092,3.970291913552122,0.0,0.0,0.0,0.0
2022-09-19,PAX,409,12299775.76678591,124,114,1217199.14,0.0,0.0,2022,1217199.14,6.016157159698354,16.325091671136153,4.8283137373023015,4.74493212836325,14.01206381202302,0.0,0.0,14.01206381202302
2022-09-20,PAX,270,38795046.69493857,86,73,11801688.11,0.0,30104991.08602495,2022,11801688.11,5.602118820879701,17.473803159718855,4.465908118654584,4.30406509320417,16.283753224106892,0.0,17.22020156600156,16.283753224106892
2022-09-21,PAX,441,43817296.92812296,165,96,0.0,9168743.12,33168845.33907812,2022,-9168743.12,6.091309882077698,17.59553922724822,5.111987788356544,4.574710978503383,0.0,16.03131087956443,17.317121630067504,-16.03131087956443
2022-09-22,PAX,401,14445994.58682536,125,110,768538.25,0.0,4366447.24827916,2022,768538.25,5.996452088619021,16.485927812098307,4.836281906951478,4.709530201312334,13.552246914176424,0.0,15.289460478774199,13.552246914176424
2022-09-23,PAX,440,22652121.9616171,119,118,1789568.42,0.0,5260537.2682567,2022,1789568.42,6.089044875446846,16.935764134490746,4.787491742782046,4.77912349311153,14.397485601394717,0.0,15.475743911846488,14.397485601394717
2022-09-24,PAX,162,2264176.81391055,48,49,0.0,0.0,0.0,2022,0.0,5.093750200806762,14.632722254934269,3.8918202981106265,3.912023005428146,0.0,0.0,0.0,0.0
2022-09-25,PAX,191,1767759.32360654,65,64,0.0,0.0,0.0,2022,0.0,5.2574953720277815,14.385223949419192,4.189654742026425,4.174387269895637,0.0,0.0,0.0,0.0
2022-09-26,PAX,313,26979284.60917015,90,94,715829.3899999999,0.01,10482264.04700226,2022,715829.3799999999,5.749392985908253,17.11057992985997,4.51085950651685,4.553876891600541,13.481198532406127,0.009950330853168083,16.1651953439435,13.481198518436337
2022-09-27,PAX,230,72190653.21000522,86,78,0.0,15643049.04,66207887.82508363,2022,-15643049.04,5.442417710521793,18.094821152409857,4.465908118654584,4.3694478524670215,0.0,16.565537289413687,18.00831018034952,-16.565537289413687
2022-09-28,PAX,319,136804452.6385454,103,100,0.0,21144627.79,122282277.1350836,2022,-21144627.79,5.768320995793772,18.734063118460114,4.6443908991413725,4.61512051684126,0.0,16.866896473284164,18.621842685293274,-16.866896473284164
2022-09-29,PAX,280,33084789.27931952,101,88,1668168.1,12572810.58,25909146.7456,2022,-10904642.48,5.638354669333745,17.314584226563397,4.624972813284271,4.48863636973214,14.327237235659219,16.34704722938174,17.070106659121972,-16.204699263823457
2022-09-30,PAX,259,48188657.70106705,93,93,5901.6,9994280.08,41883404.08,2022,-9988378.48,5.560681631015528,17.690634254675867,4.543294782270004,4.543294782270004,8.683148210789895,16.117523595365714,17.550400246296633,-16.116932923252374
2022-10-01,PAX,160,1523959.191528384,80,85,0.0,0.0,0.0,2022,0.0,5.081404364984463,14.2368228938432,4.394449154672439,4.454347296253507,0.0,0.0,0.0,0.0
2022-10-02,PAX,178,1242537.373235369,63,56,0.0,0.0,0.0,2022,0.0,5.187385805840755,14.032666920367669,4.1588830833596715,4.04305126783455,0.0,0.0,0.0,0.0
2022-10-03,PAX,267,50493584.61211565,98,96,895831.4400000001,0.0,39798604.67681795,2022,895831.4400000001,5.5909869805108565,17.737356868596304,4.59511985013459,4.574710978503383,13.705508665540146,0.0,17.499342436395207,13.705508665540146
2022-10-04,PAX,252,82000739.08053306,132,97,157215.79,0.0,79182595.0,2022,157215.79,5.53338948872752,18.222238830560155,4.890349128221754,4.584967478670572,11.965380959889599,0.0,18.187267085161892,11.965380959889599
2022-10-05,PAX,176,12098859.6847968,84,83,352.07,0.0,8938355.4914797,2022,352.07,5.176149732573829,16.308621847852542,4.442651256490317,4.430816798843313,5.866666337557681,0.0,16.005862292607393,5.866666337557681
2022-10-06,PAX,281,10690448.61413418,130,117,99.17,0.0,2396349.39111111,2022,99.17,5.641907070938114,16.184861341437077,4.875197323201151,4.770684624465665,4.606868742623673,0.0,14.689457467555124,4.606868742623673
2022-10-07,PAX,158,52312109.82740974,84,79,0.0,14955541.1,49048484.40641875,2022,-14955541.1,5.0689042022202315,17.772738466805837,4.442651256490317,4.382026634673881,0.0,16.520592498135453,17.708319864934545,-16.520592498135453
2022-10-08,PAX,99,6343985.126570457,68,59,0.0,0.0,0.0,2022,0.0,4.605170185988092,15.663017855436053,4.23410650459726,4.0943445622221,0.0,0.0,0.0,0.0
2022-10-09,PAX,88,4631567.757380794,70,46,0.0,0.0,2101476.0,2022,0.0,4.48863636973214,15.348406193162655,4.2626798770413155,3.8501476017100584,0.0,0.0,14.558150988804009,0.0
2022-10-10,PAX,99,5691529.031272961,50,47,408670.12,0.0,0.0,2022,408670.12,4.605170185988092,15.554489668246351,3.9318256327243257,3.871201010907891,12.920666003977564,0.0,0.0,12.920666003977564
2022-10-11,PAX,123,5493142.076120569,60,59,0.0,0.0,3899997.0,2022,0.0,4.820281565605037,15.51901115897636,4.110873864173311,4.0943445622221,0.0,0.0,15.176486598279231,0.0
2022-10-12,PAX,105,34451777.12392547,62,54,15010100.58,0.0,33082027.59184676,2022,15010100.58,4.663439094112067,17.355071168719686,4.143134726391533,4.007333185232471,16.524233971075088,0.0,17.314500750055945,16.524233971075088
2022-10-13,PAX,269,84214164.72401033,111,92,0.0,20074976.89,73956195.1781808,2022,-20074976.89,5.598421958998375,18.248873704064458,4.718498871295094,4.532599493153256,0.0,16.81498471642663,18.118983532362602,-16.81498471642663
2022-10-14,PAX,214,6351215.156601884,108,98,948496.66,0.0,2134533.0,2022,948496.66,5.3706380281276624,15.664156873255829,4.6913478822291435,4.59511985013459,13.76263460130092,0.0,14.573758913842235,13.76263460130092
2022-10-15,PAX,106,741547.379153373,65,56,0.0,0.0,0.0,2022,0.0,4.672828834461906,13.51649568341271,4.189654742026425,4.04305126783455,0.0,0.0,0.0,0.0
2022-10-16,PAX,142,2850616.603826331,76,68,998.86,0.0,2115700.0,2022,998.86,4.962844630259907,14.863046231865066,4.343805421853684,4.23410650459726,6.907615269181222,0.0,14.564896757628102,6.907615269181222
2022-10-17,PAX,167,10915445.75682662,90,84,99699.57,0.0,3000000.0,2022,99699.57,5.123963979403259,16.205689477666947,4.51085950651685,4.442651256490317,11.509926673085042,0.0,14.914123179965662,11.509926673085042
2022-10-18,PAX,163,2805316.473680346,88,78,100568.64,0.0,0.0,2022,100568.64,5.099866427824199,14.847027271882125,4.48863636973214,4.3694478524670215,11.518605701835819,0.0,0.0,11.518605701835819
2022-10-19,PAX,144,2256849.998025781,83,83,50049.14,0.0,1000139.0,2022,50049.14,4.976733742420574,14.62948103590919,4.430816798843313,4.430816798843313,10.820780581942252,0.0,13.81565054816519,10.820780581942252
2022-10-20,PAX,147,8994749.075469363,90,87,0.0,1853499.87,4954231.85037434,2022,-1853499.87,4.997212273764115,16.012151640152457,4.51085950651685,4.477336814478207,0.0,14.432586770955064,15.415752890424708,-14.432586770955064
2022-10-21,PAX,132,5539152.375759644,79,67,34882.96,0.01,0.0,2022,34882.95,4.890349128221754,15.527352226785268,4.382026634673881,4.219507705176107,10.459782403688726,0.009950330853168083,0.0,10.459782117023982
2022-10-22,PAX,96,529390.9409385863,61,56,0.0,0.0,0.0,2022,0.0,4.574710978503383,13.179484345649419,4.127134385045092,4.04305126783455,0.0,0.0,0.0,0.0
2022-10-23,PAX,110,547489.2939700813,61,51,0.0,0.0,0.0,2022,0.0,4.709530201312334,13.213100012607125,4.127134385045092,3.9512437185814275,0.0,0.0,0.0,0.0
2022-10-24,PAX,132,1753790.61131405,59,53,50187.16,0.0,0.0,2022,50187.16,4.890349128221754,14.37729063716739,4.0943445622221,3.9889840465642745,10.82353442128758,0.0,0.0,10.82353442128758
2022-10-25,PAX,226,6377496.948711369,85,79,195110.38,0.01,0.0,2022,195110.37,5.424950017481403,15.66828640735342,4.454347296253507,4.382026634673881,12.18132585397215,0.009950330853168083,0.0,12.181325802719371
2022-10-26,PAX,283,6116316.643279621,97,95,2744.76,0.0,0.0,2022,2744.76,5.648974238161206,15.626470781124496,4.584967478670572,4.564348191467836,7.917813182653993,0.0,0.0,7.917813182653993
2022-10-27,PAX,231,6037665.678366091,107,86,95091.01,0.0,0.0,2022,95091.01,5.44673737166631,15.613528183744684,4.68213122712422,4.465908118654584,11.462600228179475,0.0,0.0,11.462600228179475
2022-10-28,PAX,172,2900441.145754386,69,68,50940.86,0.0,0.0,2022,50940.86,5.153291594497779,14.880373747388477,4.248495242049359,4.23410650459726,10.838440261412192,0.0,0.0,10.838440261412192
2022-10-29,PAX,210,2075644.497873563,71,61,0.0,0.0,0.0,2022,0.0,5.351858133476067,14.545782746583114,4.276666119016055,4.127134385045092,0.0,0.0,0.0,0.0
2022-10-30,PAX,194,4038784.055930138,108,61,0.0,0.0,0.0,2022,0.0,5.272999558563747,15.211454475979217,4.6913478822291435,4.127134385045092,0.0,0.0,0.0,0.0
2022-10-31,PAX,206,7964001.107714161,80,79,1466568.39,0.01,2031778.79697206,2022,1466568.38,5.332718793265369,15.890442208821408,4.394449154672439,4.382026634673881,14.19843648302078,0.009950330853168083,14.524422714176453,14.198436476202145
2022-11-01,PAX,32,61576333.40410995,11,12,0.0,0.0,61000000.0,2022,0.0,3.4965075614664802,17.93578817293557,2.4849066497880004,2.5649493574615367,0.0,0.0,17.926384438531027,0.0
2023-02-01,PAX,171,143539354.47522333,89,92,0.0,62768998.78,135848102.9212331,2023,-62768998.78,5.147494476813453,18.782119809745886,4.499809670330265,4.532599493153256,0.0,17.954971875484585,18.727047936589674,-17.954971875484585
2023-02-02,PAX,182,30152132.90363612,115,96,8785202.88,0.0,28399463.221851,2023,8785202.88,5.209486152841421,17.221766254872954,4.7535901911063645,4.574710978503383,15.988579487074507,0.0,17.161880837525697,15.988579487074507
2023-02-03,PAX,111,85282090.18225506,64,67,18011504.02,16940834.75,83878252.42805728,2023,1070669.2699999996,4.718498871295094,18.26147503944907,4.174387269895637,4.219507705176107,16.70652127945749,16.645237581862588,18.24487694151198,13.883795430879374
2023-02-04,PAX,152,16277490.82642516,82,84,0.0,0.0,15871874.14,2023,0.0,5.030437921392435,16.605293841953582,4.418840607796598,4.442651256490317,0.0,0.0,16.58005924179238,0.0
2023-02-05,PAX,78,26663550.64928483,56,55,0.0,12142319.66,22205447.9960554,2023,-12142319.66,4.3694478524670215,17.09880808399504,4.04305126783455,4.02535169073515,0.0,16.312207483482094,16.915848266997283,-16.312207483482094
2023-02-06,PAX,148,172880488.3068107,95,94,0.0,0.0,169486591.6097394,2023,0.0,5.003946305945459,18.9681111004852,4.564348191467836,4.553876891600541,0.0,0.0,18.948284382008683,0.0
2023-02-07,PAX,90,39189082.272969745,59,56,25000000.0,9277704.87,38741702.86,2023,15722295.13,4.51085950651685,17.48390877804128,4.0943445622221,4.04305126783455,17.034386422832473,16.043124861915906,17.472427196906768,16.570590398548354
2023-02-08,PAX,92,45967101.059589855,70,58,36000000.0,0.0,43911144.052272566,2023,36000000.0,4.532599493153256,17.643436525977826,4.2626798770413155,4.07753744390572,17.399029524198163,0.0,17.59767871945302,17.399029524198163
2023-02-09,PAX,237,136096401.57217595,159,93,5191152.01,99000000.0,128838040.05341972,2023,-93808847.99,5.472270673671475,18.72887403503265,5.075173815233827,4.543294782270004,15.462466390391139,18.410630418199872,18.674066677820996,-18.356769748439397
2023-02-10,PAX,256,107694136.05805232,146,117,46000000.0,8000000.0,98706329.82656768,2023,38000000.0,5.54907608489522,18.49480570292944,4.990432586778736,4.770684624465665,17.6441519761925,15.894952224644102,18.40765964445984,17.453096744006448
2023-02-11,PAX,105,48416904.02779217,67,61,0.0,0.0,42048405.383067146,2023,0.0,4.663439094112067,17.695359588137418,4.219507705176107,4.127134385045092,0.0,0.0,17.55433204552161,0.0
2023-02-12,PAX,102,2468593.134284134,72,63,0.0,0.0,0.0,2023,0.0,4.634728988229636,14.719159370158597,4.290459441148391,4.1588830833596715,0.0,0.0,0.0,0.0
2023-02-13,PAX,718,250114386.4248522,274,241,4113.31,30000000.0,192341700.9627258,2023,-29995886.69,6.577861357721047,19.337428920881983,5.616771097666572,5.488937726156687,8.32222641982908,17.216707972959764,19.07478404592905,-17.216570853230518
2023-02-14,PAX,378,266389378.55707368,168,169,0.0,82339437.41,228790199.29344705,2023,-82339437.41,5.937536205082426,19.400469629308315,5.1298987149230735,5.135798437050262,0.0,18.226360753903858,19.248315985667364,-18.226360753903858
2023-02-15,PAX,403,136457173.2917087,181,158,10765997.86,10268369.64,111041585.0623284,2023,497628.2199999988,6.0014148779611505,18.73152138190946,5.204006687076795,5.0689042022202315,16.191903472214126,16.14457891693253,18.52541533832328,13.117610540547995
2023-02-16,PAX,383,252624806.78371456,144,148,52000000.0,72273343.63,204720171.61503997,2023,-20273343.629999995,5.950642552587727,19.347415972811824,4.976733742420574,5.003946305945459,17.76675429577647,18.095965941834066,19.137154592991692,-16.82481750876325
2023-02-17,PAX,329,133427268.95454758,144,136,0.0,32292906.96,94670650.67000002,2023,-32292906.96,5.799092654460526,18.709067093002258,4.976733742420574,4.919980925828125,0.0,17.29035819628249,18.36591460167703,-17.29035819628249
2023-02-18,PAX,143,30078099.481003966,79,79,0.0,7017400.0,18516718.02,2023,-7017400.0,4.969813299576001,17.219307906149144,4.382026634673881,4.382026634673881,0.0,15.763903479530489,16.734184612740542,-15.763903479530489
2023-02-19,PAX,143,26773872.2289734,88,76,0.0,0.0,11642202.38,2023,0.0,4.969813299576001,17.10293709046107,4.48863636973214,4.343805421853684,0.0,0.0,16.270147276168185,0.0
2023-02-20,PAX,200,76519102.67409624,100,98,0.0,15690023.85,62647236.25274873,2023,-15690023.85,5.303304908059076,18.153050988851625,4.61512051684126,4.59511985013459,0.0,16.568535708519306,17.95303014021347,-16.568535708519306
2023-02-21,PAX,237,75415287.53438757,124,129,0.0,5522996.51,58962480.122799166,2023,-5522996.51,5.472270673671475,18.138520578132056,4.8283137373023015,4.867534450455582,0.0,15.52443129804129,17.892411886418557,-15.52443129804129
2023-02-22,PAX,308,314316330.85157,138,143,125000000.0,129787319.37,279588394.09249264,2023,-4787319.370000005,5.733341276897746,19.565910463038115,4.9344739331306915,4.969813299576001,18.643824303266577,18.6814076715613,19.4488290620709,-15.381481391140492
2023-02-23,PAX,222,155179897.78745222,98,100,15959997.35,0.0,122648673.9151593,2023,15959997.35,5.407171771460119,18.86009563920311,4.59511985013459,4.61512051684126,16.585596046602472,0.0,18.624834524820432,16.585596046602472
2023-02-24,PAX,211,152925435.44433737,113,102,50454113.83,28000000.0,137401361.10895115,2023,22454113.83,5.356586274672012,18.845461017065208,4.736198448394496,4.634728988229636,17.736574863975015,17.147715103853763,18.73841685116009,16.926984443998652
2023-02-25,PAX,76,4003321.6757269767,59,50,0.0,0.0,3246932.38,2023,0.0,4.343805421853684,15.20263524320141,4.0943445622221,3.9318256327243257,0.0,0.0,14.99322153347382,0.0
2023-02-26,PAX,66,49202456.4883814,53,50,3947033.22,0.0,45208186.91176163,2023,3947033.22,4.204692619390966,17.711454129165972,3.9889840465642745,3.9318256327243257,15.188475024483257,0.0,17.626788776887356,15.188475024483257
2023-02-27,PAX,213,130474350.87497264,121,121,49300000.0,55562442.5,118965126.26,2023,-6262442.5,5.365976015021851,18.686687228054492,4.804021044733257,4.804021044733257,17.713434659296894,17.833018054364988,18.594340959893486,-15.65008100237847
2023-02-28,PAX,191,116976205.27624533,110,104,47000000.0,19680456.23,107733570.22497468,2023,27319543.77,5.2574953720277815,18.577481106920235,4.709530201312334,4.653960350157523,17.665658180950928,16.7951366825502,18.495171804093278,17.123112929643703
2023-03-01,PAX,250,270236255.18442976,115,113,77881997.95,76915657.48,253557262.0926603,2023,966340.4699999988,5.5254529391317835,19.41480715725858,4.7535901911063645,4.736198448394496,18.170705405190755,18.15822003507426,19.3511002453981,13.78127253934511
2023-03-02,PAX,220,265043141.31217283,128,122,57173481.0,48623540.38,254238879.54417944,2023,8549940.619999997,5.3981627015177525,19.395403171877835,4.859812404361672,4.812184355372417,17.86160074745507,17.69961836212648,19.35378485759706,15.961435012819456
2023-03-03,PAX,174,265682316.5870746,109,107,128596461.86,110140140.89,259520172.8171236,2023,18456320.97,5.1647859739235145,19.39781185822219,4.700480365792417,4.68213122712422,18.672189864412854,18.517264130067254,19.374344998654983,16.73091752395881
2023-03-04,PAX,79,81184451.48994495,59,50,4633895.81,0.0,75576472.2,2023,4633895.81,4.382026634673881,18.212234315000135,4.0943445622221,3.9318256327243257,15.348908715707532,0.0,18.14065559165846,15.348908715707532
2023-03-05,PAX,103,30597488.425962485,75,64,9188963.28,0.0,27173872.83,2023,9188963.28,4.6443908991413725,17.236428518653554,4.330733340286331,4.174387269895637,16.033513787218965,0.0,17.117766548714485,16.033513787218965
2023-03-06,PAX,193,28943195.9915692,102,88,0.0,3151330.59,9668159.01181479,2023,-3151330.59,5.267858159063328,17.180845742712773,4.634728988229636,4.48863636973214,0.0,14.963335648462063,16.084348571332058,-14.963335648462063
2023-03-07,PAX,185,521997257.5913816,97,96,71000000.0,85670062.91,509014078.40665656,2023,-14670062.909999996,5.225746673713202,20.073172894092473,4.584967478670572,4.574710978503383,18.078190449090098,18.26601400994205,20.047986235049052,-16.50131950661956
2023-03-08,PAX,118,150441702.2313507,77,77,30000000.0,80009991.46,147444463.76283062,2023,-50009991.45999999,4.77912349311153,18.829086213167773,4.356708826689592,4.356708826689592,17.216707972959764,18.197662090588082,18.808962152763925,-17.72773339262523
2023-03-09,PAX,146,171486169.4014156,81,90,80000000.0,81222520.0,164763654.11698896,2023,-1222520.0,4.990432586778736,18.960013182259964,4.406719247264253,4.51085950651685,18.197537205138154,18.21270311889364,18.92002261177861,-14.016425678097736
2023-03-10,PAX,826,549724871.8821013,181,288,157634172.99,70000000.0,463626244.6016198,2023,87634172.99000001,6.717804695023691,20.12492847991001,5.204006687076795,5.666426688112432,18.87578755191972,18.064005814299346,19.954589280428,18.28868159387302
2023-03-11,PAX,8004,2492398063.342328,953,1194,0.0,0.0,1827026137.4211333,2023,0.0,8.987821625430815,21.636511162010034,6.860663671448287,7.085901464365611,0.0,0.0,21.325955420983856,0.0
2023-03-12,PAX,1794,411867245.7028735,354,372,46000000.0,31335218.97,302351777.703733,2023,14664781.030000001,7.492760300922379,19.836211638650234,5.872117789475416,5.921578419643816,17.6441519761925,17.26025326156202,19.52710172759569,16.50095939700331
2023-03-13,PAX,1125,570865003.14783,405,387,2.0,1.0,455015704.3357083,2023,1.0,7.026426808699636,20.162663319612317,6.0063531596017325,5.961005339623274,1.0986122886681098,0.6931471805599453,19.935842493540857,0.6931471805599453
2023-03-14,PAX,460,158833843.31267914,222,196,0.0,7000000.0,115578631.28795916,2023,-7000000.0,6.133398042996649,18.883369209464025,5.407171771460119,5.2832037287379885,0.0,15.76142084987672,18.565461655317538,-15.76142084987672
2023-03-15,PAX,387,146282884.41711405,198,176,0.0,5000000.0,121397471.68335512,2023,-5000000.0,5.961005339623274,18.801052876352486,5.293304824724492,5.176149732573829,0.0,15.424948670398354,18.614580618278698,-15.424948670398354
2023-03-16,PAX,336,214489583.23809427,129,146,0.0,21857151.74,170745563.07796997,2023,-21857151.74,5.820082930352362,19.183771736822788,4.867534450455582,4.990432586778736,0.0,16.900038782458157,18.955685077032147,-16.900038782458157
2023-03-17,PAX,354,175405796.83908847,190,156,0.0,0.0,149726210.03668615,2023,0.0,5.872117789475416,18.982612692310948,5.25227342804663,5.056245805348308,0.0,0.0,18.824318924488743,0.0
2023-03-18,PAX,214,40105138.42802153,120,101,0.0,0.0,26682703.47037116,2023,0.0,5.3706380281276624,17.507015049351647,4.795790545596741,4.624972813284271,0.0,0.0,17.099526140829855,0.0
2023-03-19,PAX,177,56151322.51136091,99,88,0.0,0.0,47888622.28448867,2023,0.0,5.181783550292085,17.843560809865785,4.605170185988092,4.48863636973214,0.0,0.0,17.684388524452846,0.0
2023-03-20,PAX,281,171054983.2107671,152,142,0.0,50000000.0,148877649.0,2023,-50000000.0,5.641907070938114,18.957495607874595,5.030437921392435,4.962844630259907,0.0,17.72753358339242,18.818635385649245,-17.72753358339242
2023-03-21,PAX,407,93519214.61137374,185,171,0.0,0.0,56896159.78343552,2023,0.0,6.0112671744041615,18.353677487703838,5.225746673713202,5.147494476813453,0.0,0.0,17.85673842376981,0.0
2023-03-22,PAX,269,134405981.51279345,151,135,0.0,0.0,116424377.65699255,2023,0.0,5.598421958998375,18.71637549780666,5.0238805208462765,4.912654885736052,0.0,0.0,18.57275250996636,0.0
2023-03-23,PAX,238,33843719.41189582,133,114,0.0,0.0,15416562.01511299,2023,0.0,5.476463551931511,17.337264027909075,4.897839799950911,4.74493212836325,0.0,0.0,16.550953009887973,0.0
2023-03-24,PAX,218,99368424.35326345,120,120,15000000.0,0.0,77452674.8084151,2023,15000000.0,5.389071729816501,18.41434496878294,4.795790545596741,4.795790545596741,16.52356082573315,0.0,18.16517767308013,16.52356082573315
2023-03-25,PAX,126,17520816.471283413,79,72,0.0,0.0,15104672.143126292,2023,0.0,4.844187086458591,16.678900301703838,4.382026634673881,4.290459441148391,0.0,0.0,16.530514733583434,0.0
2023-03-26,PAX,109,10573315.248709893,77,63,0.0,0.0,3137798.0,2023,0.0,4.700480365792417,16.173844050239616,4.356708826689592,4.1588830833596715,0.0,0.0,14.959032156686314,0.0
2023-03-27,PAX,275,34766388.5105619,146,141,0.0,15000000.0,20446549.75,2023,-15000000.0,5.62040086571715,17.36416165937932,4.990432586778736,4.955827057601261,0.0,16.52356082573315,16.833324758745462,-16.52356082573315
2023-03-28,PAX,185,49629610.07416318,94,88,0.0,0.0,36830130.000002354,2023,0.0,5.225746673713202,17.72009821102603,4.553876891600541,4.48863636973214,0.0,0.0,17.42182684529796,0.0
2023-03-29,PAX,247,11865928.759577783,171,112,0.0,0.0,0.0,2023,0.0,5.5134287461649825,16.289181806313948,5.147494476813453,4.727387818712341,0.0,0.0,0.0,0.0
2023-03-30,PAX,285,20163655.965476766,162,137,0.0,0.0,11684808.33023449,2023,0.0,5.655991810819852,16.81939238181404,5.093750200806762,4.927253685157205,0.0,0.0,16.273800208340962,0.0
2023-03-31,PAX,167,32914473.147063613,101,85,0.0,0.0,27598943.19999999,2023,0.0,5.123963979403259,17.3094230626685,4.624972813284271,4.454347296253507,0.0,0.0,17.1332880763325,0.0
2023-04-01,PAX,125,11671346.610726424,85,82,0.0,0.0,8673597.66,2023,0.0,4.836281906951478,16.272647474093393,4.454347296253507,4.418840607796598,0.0,0.0,15.975794332996408,0.0
2023-04-02,PAX,171,100628638.70342532,83,76,0.0,0.0,67000049.24251803,2023,0.0,5.147494476813453,18.426947464014564,4.430816798843313,4.343805421853684,0.0,0.0,18.020203927243287,0.0
2023-04-03,PAX,158,22173010.263109118,89,79,0.0,0.0,0.0,2023,0.0,5.0689042022202315,16.914386398400058,4.499809670330265,4.382026634673881,0.0,0.0,0.0,0.0
2023-04-04,PAX,255,156751136.0119534,102,90,0.0,0.0,104306797.96864048,2023,0.0,5.545177444479562,18.87016999111577,4.634728988229636,4.51085950651685,0.0,0.0,18.462847104506466,0.0
2023-04-05,PAX,177,49420557.80821152,104,93,0.0,0.0,40999869.67302321,2023,0.0,5.181783550292085,17.71587706579006,4.653960350157523,4.543294782270004,0.0,0.0,17.5290794703471,0.0
2023-04-06,PAX,137,242993619.06025204,77,68,40886376.12,0.0,233393969.39267945,2023,40886376.12,4.927253685157205,19.308545746064073,4.356708826689592,4.23410650459726,17.526307487779704,0.0,19.268238443689885,17.526307487779704
2023-04-07,PAX,176,271085939.4123941,82,68,44741943.49,0.0,230238212.36240172,2023,44741943.49,5.176149732573829,19.41794645186398,4.418840607796598,4.23410650459726,17.616421975084496,0.0,19.254625041180944,17.616421975084496
2023-04-08,PAX,74,15908403.308684448,49,50,0.0,0.0,1243562.5303439174,2023,0.0,4.31748811353631,16.58235810041826,3.912023005428146,3.9318256327243257,0.0,0.0,14.033491630863386,0.0
2023-04-09,PAX,108,42217114.67230419,51,52,0.0,0.0,10025741.0,2023,0.0,4.6913478822291435,17.558336281430776,3.9512437185814275,3.970291913552122,0.0,0.0,16.12066654338053,0.0
2023-04-10,PAX,187,256364954.4502828,100,89,42148783.5,0.0,235914319.89751008,2023,42148783.5,5.236441962829949,19.362112594458267,4.61512051684126,4.499809670330265,17.556716404511157,0.0,19.278979250027902,17.556716404511157
2023-04-11,PAX,485,452412183.46901447,125,126,44433122.68,0.0,299989785.5343654,2023,44433122.68,6.186208623900494,19.930104234798936,4.836281906951478,4.844187086458591,17.6094957780901,0.0,19.519258987155485,17.6094957780901
2023-04-12,PAX,584,430475822.67814344,112,123,0.0,0.0,241963328.6027369,2023,0.0,6.371611847231857,19.8804017215516,4.727387818712341,4.820281565605037,0.0,0.0,19.30429674207184,0.0
2023-04-13,PAX,425,540934000.501251,129,128,48109394.27,0.0,482028016.55289,2023,48109394.27,6.054439346269371,20.108807835840754,4.867534450455582,4.859812404361672,17.688988043860615,0.0,19.993512798028615,17.688988043860615
2023-04-14,PAX,312,372007108.58763045,125,117,35591048.49,0.0,348476613.52068126,2023,35591048.49,5.746203190540153,19.734423523849497,4.836281906951478,4.770684624465665,17.387604745391023,0.0,19.669081682672818,17.387604745391023
2023-04-15,PAX,210,80999694.59227309,81,86,0.0,0.0,51615624.1316759,2023,0.0,5.351858133476067,18.209955954509567,4.406719247264253,4.465908118654584,0.0,0.0,17.75933499724268,0.0
2023-04-16,PAX,138,81892509.89249235,79,64,0.0,0.0,66949699.448535,2023,0.0,4.9344739331306915,18.220918102548104,4.382026634673881,4.174387269895637,0.0,0.0,18.01945215583506,0.0
2023-04-17,PAX,269,217980753.75856897,126,118,0.0,17690719.21,175227054.1168993,2023,-17690719.21,5.598421958998375,19.199917335932376,4.844187086458591,4.77912349311153,0.0,16.68855077813933,18.981593148727594,-16.68855077813933
2023-04-18,PAX,246,304494962.9599708,90,82,35465223.28,0.0,246868897.19179988,2023,35465223.28,5.5093883366279774,19.53416510625815,4.51085950651685,4.418840607796598,17.38406317657972,0.0,19.324367977129096,17.38406317657972
2023-04-19,PAX,143,286439827.3611447,93,79,35265720.38,0.0,271605370.1895471,2023,35265720.38,4.969813299576001,19.473039048888843,4.543294782270004,4.382026634673881,17.378421984391377,0.0,19.41986072955617,17.378421984391377
2023-04-20,PAX,306,285340415.54064715,119,122,1512236.24,0.0,225871092.46909168,2023,1512236.24,5.726847747587197,19.469193469454485,4.787491742782046,4.812184355372417,14.229100728175256,0.0,19.23547501162624,14.229100728175256
2023-04-21,PAX,218,148384780.31915793,117,113,0.0,20009050.0,121278266.45120288,2023,-20009050.0,5.389071729816501,18.815319331681067,4.770684624465665,4.736198448394496,0.0,16.8116952791484,18.613598194228615,-16.8116952791484
2023-04-22,PAX,165,75261895.69453323,67,68,0.0,0.0,52707439.393,2023,0.0,5.111987788356544,18.13648454470588,4.219507705176107,4.23410650459726,0.0,0.0,17.78026718747397,0.0
2023-04-23,PAX,108,45684009.07958547,54,55,0.0,0.0,28849452.8,2023,0.0,4.6913478822291435,17.637258905789714,4.007333185232471,4.02535169073515,0.0,0.0,17.17760161833015,0.0
2023-04-24,PAX,143,34893178.27916662,92,82,0.0,0.0,12706642.84,2023,0.0,4.969813299576001,17.367801931945497,4.532599493153256,4.418840607796598,0.0,0.0,16.357635551648233,0.0
2023-04-25,PAX,145,41430840.73559879,82,90,0.0,6950000.25,34997989.358113356,2023,-6950000.25,4.983606621708336,17.53953613090244,4.418840607796598,4.51085950651685,0.0,15.754252397397075,17.370801199465575,-15.754252397397075
2023-04-26,PAX,215,68440274.70850135,97,94,0.0,0.0,26983835.557982434,2023,0.0,5.375278407684165,18.041472035450365,4.584967478670572,4.553876891600541,0.0,0.0,17.11074859870789,0.0
2023-04-27,PAX,187,98413997.07865871,86,86,0.0,0.0,75788290.82838872,2023,0.0,5.236441962829949,18.404693608801868,4.465908118654584,4.465908118654584,0.0,0.0,18.14345437731531,0.0
2023-04-28,PAX,144,149086623.24797964,88,54,0.0,0.0,136116964.32,2023,0.0,4.976733742420574,18.820038065771016,4.48863636973214,4.007333185232471,0.0,0.0,18.729025113196244,0.0
2023-04-29,PAX,61,16176767.736730477,44,44,0.0,0.0,12000000.0,2023,0.0,4.127134385045092,16.599086742402665,3.8066624897703196,3.8066624897703196,0.0,0.0,16.300417291085605,0.0
2023-04-30,PAX,107,11093676.998672208,61,60,0.0,0.0,2642623.0,2023,0.0,4.68213122712422,16.221885954358367,4.127134385045092,4.110873864173311,0.0,0.0,14.787282920885744,0.0
2022-04-01,USDC,37419,5998725801.233363,13531,15036,431244905.45,235008682.59,4511156793.534426,2022,196236222.85999998,10.529960599828081,22.514812917327113,9.512812529900598,9.61826910952232,19.882186715109658,19.275133022872552,22.22981945303384,19.094829715271153
2022-04-02,USDC,54685,4982640292.461202,19548,18771,73576676.72999999,115683690.56,3020781331.863064,2022,-42107013.83000001,10.90936301415237,22.329225766897405,9.88067941321012,9.840121676914308,18.11383865481397,18.566370227691284,21.828781354362153,-17.555724907812913
2022-04-03,USDC,45927,3259890771.758495,16159,16126,51416937.63000001,56114449.47000001,1738190965.177897,2022,-4697511.840000004,10.734830231847473,21.904959526474908,9.690294332075087,9.688250164980516,17.755478221467996,17.8429039214593,21.2761107347259,-15.362543743634836
2022-04-04,USDC,57800,10264949409.0298,19938,22394,796752344.7,901121243.52,8040451275.078668,2022,-104368898.81999993,10.96476135554887,23.0520009590106,9.900432891806899,10.0165929986414,20.496054455342733,20.61915037313421,22.807751047427626,-18.463442294589004
2022-04-05,USDC,52471,8797780241.18772,18968,20344,264517379.78,522932458.1700001,6823730553.075857,2022,-258415078.39000008,10.868034972973572,22.89776528140546,9.850561346726723,9.92059046043579,19.393417518937348,20.07496287252341,22.643672161314594,-19.370077684942476
2022-04-06,USDC,61287,10374848069.38794,20357,22080,345314143.0700001,707722272.41,7696006137.302137,2022,-362408129.33999985,11.023339344196657,23.06265025913792,9.921229234012285,10.00247278922055,19.659965123206806,20.377562305505393,22.76396734790593,-19.70828156659447
2022-04-07,USDC,56374,8366196223.846239,20395,20400,407775814.8099999,439886612.72,6171337594.221146,2022,-32110797.910000145,10.93978107680498,22.847465164729154,9.923094082175046,9.923339198238729,19.826228110299972,19.90202755557633,22.54318144151741,-17.284702946167275
2022-04-08,USDC,53093,9646926125.901194,18035,19890,442356545.7700001,497750017.05,7550487128.397885,2022,-55393471.27999991,10.879819206495405,22.9899051654815,9.800125039540974,9.89802264710506,19.907626781761543,20.025608537171763,22.74487791857604,-17.829972315894278
2022-04-09,USDC,41918,3748368440.225214,15507,15425,69777750.52,37303290.1,2500378407.775326,2022,32474460.419999994,10.643494463748558,22.044586499913006,9.64911129879082,9.643809676493944,18.06082577079045,17.43459211396569,21.639707920876397,17.295964535933837
2022-04-10,USDC,41178,3086140630.909083,14683,15168,53924192.01,40510989.35999999,1910595107.785385,2022,13413202.650000006,10.625683696654097,21.850187160785246,9.594513744616725,9.627009150591672,17.803089785083476,17.517083862177007,21.37068060575576,16.411750126800353
2022-04-11,USDC,67303,13181737575.22476,21813,23602,637488873.87,838393514.9700001,10327876970.69761,2022,-200904641.10000014,11.116974949230649,23.30209819164283,9.990307244488688,10.069129101578879,20.273047383660266,20.54699813768674,23.05811257830687,-19.11834093603887
2022-04-12,USDC,61250,9898496301.296837,23371,21141,378753441.1899999,471538734.3800001,7602269322.361477,2022,-92785293.19000024,11.022735454804309,23.01564869389382,10.059294003674328,9.959016862328609,19.752396003036985,19.971511810173446,22.75171263484717,-18.345798717418912
2022-04-13,USDC,52816,9834356632.39802,18479,19277,440243133.9900001,699291935.4900001,7790700738.399768,2022,-259048801.5,10.874588387570203,23.009147870623107,9.824444345195674,9.866719828343914,19.902837711783462,20.365578861776783,22.77619664649333,-19.372527028554668
2022-04-14,USDC,50458,7979065013.947918,18255,18831,314440164.91,515584921.1000001,6104729095.668038,2022,-201144756.19000006,10.828916404321308,22.800087075497025,9.812249072101856,9.843312829500057,19.566304364526125,20.06081258519597,22.532329569514374,-19.119535391839435
2022-04-15,USDC,47650,5559401016.076345,18083,18242,201732235.66,318493988.51,4095114275.890478,2022,-116761752.85,10.771658895221004,22.438756208663865,9.802782848414497,9.811536723788219,19.122451814943112,19.57911416155824,22.133060460306627,-18.575646124820587
2022-04-16,USDC,38770,2505069922.283743,14742,14606,16713292.65,19752408.09,1623793844.76949,2022,-3039115.4399999995,10.565427823471362,21.64158248458019,9.59852367284982,9.589256144850811,16.63171498767168,16.79878602111305,21.20803112836788,-14.927077386400194
2022-04-17,USDC,46774,6191039411.157195,13335,14231,37783691.18,195705655.83,4902953767.875925,2022,-157921964.65,10.75310415114229,22.546368827503816,9.49822242443063,9.563248229345671,17.447388143690265,19.092122337569393,22.31310367042072,-18.877611580697106
2022-04-18,USDC,59532,9517040710.71028,19301,20475,542365783.0699999,620229407.26,7507826174.262158,2022,-77863624.19000006,10.994286059636607,22.976349787815664,9.867963996467081,9.927008747577474,20.111451210133865,20.245599980887945,22.73921180346635,-18.17046945942744
2022-04-19,USDC,56886,8266135139.034962,19219,20453,426762958.69,297015353.7700001,6471177310.706083,2022,129747604.9199999,10.94882212300919,22.835432901805643,9.863706682524283,9.925933741365958,19.871739287519837,19.50929439499289,22.590623893620656,18.68110162835642
2022-04-20,USDC,52212,10872091249.22455,17471,18684,339984363.61,625176717.8300002,9041754980.790949,2022,-285192354.22000015,10.863086785010477,23.109464906900627,9.768354878544631,9.835476341919584,19.644410188075895,20.253544917862392,22.925119127662573,-19.468674441166193
2022-04-21,USDC,57480,7815567347.251887,17466,18965,374176013.13,471158159.66,5804054312.292686,2022,-96982146.53000003,10.95920973739723,22.779383395529884,9.768068665428393,9.850403181443673,19.74023687068516,19.97070439319292,22.481822529831646,-18.390037473446625
2022-04-22,USDC,51139,7376626298.023513,17151,17904,294747433.7399999,284067482.7,5557480791.229701,2022,10679951.039999902,10.842322248845178,22.721582229984243,9.749870063870528,9.792835282432533,19.5016293941717,19.46472238656061,22.438410747607666,16.18387890084953
2022-04-23,USDC,44407,2593968388.475665,14103,14867,18806858.22,57309442.20000002,1659180192.909277,2022,-38502583.98000002,10.701174912369996,21.676454736750863,9.554213724077707,9.606966531417143,16.749732213385485,17.8639759708988,21.229589458235502,-17.46623593934173
2022-04-24,USDC,38575,2703208391.499632,12873,13813,23353855.84,78984479.92000002,1765325208.015837,2022,-55630624.08000001,10.560385600420952,21.717705198013142,9.462965052612562,9.533437849648918,16.966272703599866,18.184761947083004,21.291600764758822,-17.834244418371593
2022-04-25,USDC,55915,10775480395.95872,18984,20343,754856424.19,787045494.13,8861190695.48275,2022,-32189069.939999938,10.931605843591019,23.10053905634689,9.851404472665903,9.920541307101956,20.442038123818325,20.483796613008174,22.904946982656064,-17.28713754110017
2022-04-26,USDC,54181,9187179720.776724,18482,20511,280680031.4299999,421411911.86,7350197020.121756,2022,-140731880.43000013,10.900104028948183,22.941074840662957,9.82460666968268,9.928765359720396,19.452725903889185,19.859121328654762,22.71799295540669,-18.76236708795892
2022-04-27,USDC,51701,6765714589.01147,18731,19445,202694918.35,189903754.2,4933288834.658995,2022,12791164.150000006,10.853251744467823,22.635133723443204,9.837988570303432,9.875396672369602,19.127212546233903,19.06202795020522,22.31927170920884,16.364265267920274
2022-04-28,USDC,57432,9478413181.70992,19179,20855,410745498.27,472831730.3299999,7449315241.980778,2022,-62086232.05999994,10.958374330000542,22.972282753412685,9.86162334843743,9.945396955613338,19.833484357475303,19.974250135446276,22.731387951419702,-17.944034832471804
2022-04-29,USDC,63707,8498288383.151302,20665,22868,319608524.15,437923825.1200001,6469130301.228701,2022,-118315300.97000015,11.062065422371672,22.863130613595278,9.9362451167743,10.037537560656384,19.582607445937434,19.89755554024807,22.590307516366646,-18.588863669442606
2022-04-30,USDC,59538,7713238903.044147,18255,20105,34925600.13,116502309.61,5814562266.976839,2022,-81576709.47999999,10.99438683899708,22.76620402762371,9.812249072101856,9.908773556965365,17.368730674984945,18.57342166433558,22.483631343725392,-18.21705436841261
2022-05-01,USDC,45845,4679283949.081134,15178,17192,97076626.81,155412922.48,3075113135.353832,2022,-58336295.66999999,10.733043232875621,22.266410933050533,9.627668172626858,9.752257603219848,18.39101120202241,18.86159615511696,21.846607529838263,-17.88173504198654
2022-05-02,USDC,55592,10940858904.10629,19536,24291,845070790.6000001,843403113.8799998,9069998076.023098,2022,1667676.7200003862,10.925812573032118,23.115770141380054,9.880065382591635,10.097902357017466,20.554930958853767,20.552955592511555,22.92823788905834,14.326942629803685
2022-05-03,USDC,50573,8499873861.345836,18715,21249,308874555.53,600479803.6200002,6762240823.227838,2022,-291605248.0900003,10.831192889225537,22.863317160608553,9.837134051986107,9.964112174352563,19.548445786513216,20.213239567977897,22.634620154946916,-19.490911558931277
2022-05-04,USDC,56570,10318243818.56179,20848,20982,412542976.95,659397682.4200001,8268922713.709871,2022,-246854705.4700001,10.943251765395033,23.057179409995758,9.945061264446057,9.951467865054695,19.837850947281414,20.306837375432252,22.835770073253826,-19.324310488600414
2022-05-05,USDC,88202,10553926209.68988,47679,22584,329234876.32,240153903.21,8269574296.018979,2022,89080973.10999998,11.387396255021875,23.079763780308884,10.772267301739232,10.025041248088705,19.612281966841852,19.296790543323763,22.835848869085027,18.305056335520415
2022-05-06,USDC,61536,11161804293.76081,22501,21622,339856369.5700001,611829677.0599998,8840478098.480833,2022,-271973307.4899997,11.027393898906492,23.135763455989334,10.021359473131017,9.981512841973895,19.64403364682178,20.231964497919375,22.90260679578517,-19.421214488893682
2022-05-07,USDC,50648,7207145298.36163,17967,18805,33310836.7,40698850.01000001,5591480957.278973,2022,-7388013.310000014,10.832674766145303,22.698338773551537,9.796347676978224,9.841931246837023,17.321393358457666,17.521710419301797,22.444510018950364,-15.815369557224136
2022-05-08,USDC,72455,13253023967.68254,27725,22030,275966316.06,188070121.77,10684649410.91525,2022,87896194.28999999,11.190734760054784,23.30749158739101,10.23012588009832,10.000205831412565,19.4357893765963,19.052325444706902,23.09207391394059,18.29166707719073
2022-05-09,USDC,104090,24811201686.13767,28057,33771,947123128.31,1188489308.63,19220545937.86531,2022,-241366180.32000017,11.55302079553417,23.93456106907319,10.242029075278717,10.42738733578939,20.66893966308914,20.89594884988183,23.679245644812795,-19.301825762861686
2022-05-10,USDC,102587,19950207453.41426,29941,30482,806940214.3499999,867371131.3100002,14416825016.01144,2022,-60430916.96000028,11.538476245814234,23.716505378945723,10.307017456009781,10.324924430153992,20.508760140900133,20.580977508099252,23.39166176543481,-17.91701141869068
2022-05-11,USDC,132938,32081278478.01114,31713,40260,1358999292.52,854058788.9500003,24051445977.00496,2022,504940503.5699997,11.797645655376819,24.191538471987627,10.364513502749514,10.60313853743474,21.03001445226245,20.5655105900743,23.903460955516387,20.039951167566496
2022-05-12,USDC,156080,43021261068.66314,42926,51254,2164186538.72,1337212566.88,33554591808.96019,2022,826973971.8399997,11.958130382247253,24.484960273923612,10.667256277574845,10.844568453217502,21.495310395564875,21.013853111119953,24.236439555677382,20.53328378071521
2022-05-13,USDC,104250,24265804932.4871,34910,34759,1665446542.26,1267295909.110001,20055928587.13413,2022,398150633.1499989,11.554556731941181,23.912333991867737,10.460557244776187,10.456222579379329,21.233359118571347,20.96015126280018,23.721790637172518,19.802340969407886
2022-05-14,USDC,75986,12061060884.42696,25401,25454,412679290.15,626781403.21,9898824274.02258,2022,-214102113.06000006,11.23831755200572,23.213247991659056,10.142583190064265,10.144667466336436,19.838181314520263,20.256108400185365,23.015681826935687,-19.18196362768211
2022-05-15,USDC,68803,8005581731.0346,24021,22166,95071205.58,25374383.18,6321986952.288151,2022,69696822.4,11.139017161766281,22.80340485183957,10.086725356114435,10.006359975456757,18.370136711745157,17.04925072626326,22.567299387037636,18.059665299369353
2022-05-16,USDC,79274,21009495385.03456,25601,27730,1805757992.59,1608947182.62,18599073846.93716,2022,196810809.97000003,11.280678099406549,23.768240333715486,10.150425752416055,10.230306199986291,21.31424628162778,21.19884587882435,23.64637762330419,19.097753474864273
2022-05-17,USDC,66686,13200386642.76114,23077,24235,542760896.5600001,351644595.8300001,11114416920.43229,2022,191116300.72999996,11.107765310359019,23.303511957303783,10.046635061754612,10.09559441006488,20.112179444936583,19.678131555407592,23.13150892427602,19.068392710281838
2022-05-18,USDC,74025,15753789968.53164,27806,24236,1234127390.07,1101753856.03,13553521120.92822,2022,132373534.03999996,11.212171661828226,23.480346806256716,10.233043066543942,10.095635670147818,20.933629991355776,20.820169162501664,23.329912211910912,18.701138295082398
2022-05-19,USDC,68987,18110576335.89088,23019,23116,1155843676.48,895909630.3599999,15766055828.00559,2022,259934046.12000012,11.141687855411291,23.61976193257008,10.044118682275874,10.048323556581577,20.868096370959165,20.613350107995565,23.481125100679318,19.375938491878337
2022-05-20,USDC,60284,15687056126.85487,21358,21593,850794255.8700001,677968021.19,13626750421.61833,2022,172826234.68000007,11.006838595551411,23.47610175879938,9.969228475498804,9.980170777307086,20.561680890997238,20.334610679880868,23.33530064062881,18.967797229661553
2022-05-21,USDC,44922,7400822926.372703,16077,16137,136860868.23,29617384.77999998,6474131688.310307,2022,107243483.45000002,10.712705192018595,22.72485703737528,9.685207156887905,9.688932018408451,18.734475414703294,17.203872104299858,22.59108033350251,18.49061236287803
2022-05-22,USDC,48008,5214745191.335298,17165,16201,98905837.45,41378342.87,4170538461.440542,2022,57527494.580000006,10.7791437723141,22.37475606367529,9.750685962278165,9.692889970390437,18.40967882872311,17.538268207006126,22.15131099210444,17.867773575474043
2022-05-23,USDC,69513,17792086041.06083,22048,23501,1244000981.19,1056464828.56,15897277553.94785,2022,187536152.6300001,11.149283450115723,23.602019591000012,10.00102252837266,10.064840802893887,20.94159862080489,20.778194104887476,23.489413708553016,19.049482204147477
2022-05-24,USDC,60540,13506004417.81391,20756,21287,562314708.79,464920242.41,11842827157.15986,2022,97394466.37999994,11.011076100443914,23.326400195273145,9.94063881816692,9.965898812657525,20.147572232959387,19.957376429292083,23.194988218148794,18.394279963919324
2022-05-25,USDC,53565,11848408610.87136,18883,19401,581457803.44,568992818.2000003,10300707561.53918,2022,12464985.239999771,10.888669817429331,23.19545940115241,9.846070281666178,9.873131432521228,20.181048963988342,20.159378371975823,23.055478425214734,16.338434171048274
2022-05-26,USDC,65899,13611105079.5863,19804,22307,453705866.35,658509137.8700001,11056375713.87318,2022,-204803271.5200001,11.095893720490599,23.33415184653591,9.893689710056018,10.012700637509445,19.93295967677451,20.305488957365657,23.12627308628806,-19.137560430103527
2022-05-27,USDC,72937,13221019631.84086,21696,23770,836340511.4200001,516318166.55,10744895443.76399,2022,320022344.87000006,11.197365044189649,23.30507379644724,9.984929281123371,10.076221629305257,20.54454639962734,20.062233737202906,23.097696636399217,19.583901382163738
2022-05-28,USDC,51203,5531468298.390032,17616,17902,164400000.0,26905562.61,4379399824.755556,2022,137494437.39,10.843572932976,22.43371913249812,9.77661962392714,9.792723575551273,18.917813046669078,17.10784364883715,22.200177525862628,18.739094026180126
2022-05-29,USDC,45217,2947202292.096649,15679,15997,15000000.0,8768553.15,2049652385.070043,2022,6231446.85,10.719250516636261,21.804122182084352,9.660141293904399,9.680218993408767,16.52356082573315,15.986682487587043,21.440936047947776,15.645119263441986
2022-05-30,USDC,61295,13579415617.24044,20037,21920,756414758.4800001,750869020.1900003,11676012251.77623,2022,5545738.289999843,11.023469866940431,23.331820925620875,9.905385749819208,9.995200360459327,20.444100407355666,20.436741788645765,23.18080233933617,15.528540495398005
2022-05-31,USDC,62649,9647260778.040567,21438,25505,365963239.0600002,171412273.56,7760923739.425313,2022,194550965.50000018,11.045318960324215,22.989939854908013,9.972966972305931,10.146668997586845,19.718043449326974,18.959582175099417,22.772367202771594,19.08620472525708
2022-06-01,USDC,64933,9633070636.428087,21862,25690,370201845.3500001,314109511.04,7714824858.739518,2022,56092334.31000006,11.081126648410208,22.988467873553738,9.992550989276888,10.15389601499835,19.729558945530457,19.56525224752694,22.766409621238726,17.842509735668617
2022-06-02,USDC,53130,9698680062.239162,19535,21227,245213130.46,324952123.16,8026222844.528133,2022,-79738992.70000002,10.880515841025813,22.99525563724185,9.880014196350485,9.963076343947785,19.317638314670667,19.599188419165863,22.805979873858977,-18.19426928007362
2022-06-03,USDC,53393,6564966726.364482,18306,20249,335007082.72,355152886.1999999,5105494593.685564,2022,-20145803.4799999,10.885453659084916,22.605013276503175,9.815038779351015,9.915910072534686,19.629662234998616,19.688058922897785,22.35358316823549,-16.818506610285276
2022-06-04,USDC,41000,3690128004.243454,13685,14984,4319392.140000001,26623460.76999999,2857523800.042358,2022,-22304068.629999988,10.62135173563291,22.028926984165043,9.524128691512443,9.614804979750764,15.278625473500645,17.097303406428175,21.77322128292221,-16.920279714399065
2022-06-05,USDC,39912,4273274910.45362,13562,14394,151185145.69,122643970.62,3455579985.360229,2022,28541175.069999993,10.594457364348266,22.175646328410668,9.515100775962715,9.574636203046277,18.83401578070697,18.62479617638051,21.96325614877817,17.166858376942503
2022-06-06,USDC,54461,8901337872.362127,19232,21109,351769682.09,682619331.5299997,7323436787.758138,2022,-330849649.43999976,10.905258489754683,22.909467425236834,9.864382832655368,9.957502140842367,19.678487210005144,20.341447915937376,22.714345561396815,-19.617174601870477
2022-06-07,USDC,60938,9513820234.699917,19871,22964,358008211.13,294317961.9,7546024363.178818,2022,63690249.23000002,11.017628642821865,22.97601134006493,9.897066984733206,10.041726596759894,19.696066483012498,19.500171247358747,22.74428668723747,17.969542051214066
2022-06-08,USDC,44814,6753984442.755946,16500,17747,291561098.1299999,334178404.7999999,5194442957.428954,2022,-42617306.67000002,10.710298183791462,22.633398455643285,9.711176264112805,9.7840281124988,19.490760144295574,19.62718555743592,22.370855229266997,-17.567771012062206
2022-06-09,USDC,47093,8740647808.73786,17183,19090,481327263.04,458373534.28,7397922956.8009,2022,22953728.76000005,10.759900883354868,22.891250143974403,9.751733997308591,9.856972298794659,19.99205797933426,19.94319498888843,22.72446511637989,16.94899099804201
2022-06-10,USDC,62571,9166546083.660343,24325,21854,370311736.1299999,279665908.89,7298956914.095108,2022,90645827.23999989,11.04407317268166,22.93882639846362,10.099301016178382,9.992185007297415,19.729855741654816,19.449106269764478,22.71099728654811,18.32247047358768
2022-06-11,USDC,69068,7753661871.883812,20179,23402,84986501.0,16393656.01,5743554270.926459,2022,68592844.99,11.14286128391248,22.771431068445764,9.9124472939076,10.060619498256424,18.258003001844536,16.61240505029759,22.471344066782788,18.043698801397905
2022-06-12,USDC,79325,11485549566.99948,20907,23922,172693747.0,8482562.68,9288267474.212584,2022,164211184.32,11.281321222738152,23.164355522878612,9.947887139832812,10.082595618260582,18.967030340956114,15.953523282833093,22.952017878861522,18.916663872759976
2022-06-13,USDC,142687,38723548854.69781,37446,45903,1946554730.2,2182005627.199999,32772250044.68437,2022,-235450896.9999988,11.868415707427204,24.379713749485823,10.530681878927565,10.734307538221145,21.389326842369297,21.503510303730682,24.2128479590542,-19.277012948619802
2022-06-14,USDC,107162,25309374126.78777,31823,34038,499182662.69,600842894.75,21012087320.26316,2022,-101660232.06,11.582106318787394,23.954440682939605,10.367976001093753,10.435262205052501,20.028482646231357,20.21384405358521,23.768363695810148,-18.437146762524176
2022-06-15,USDC,113102,29778960690.19864,32047,35766,1216678229.24,987533026.7200004,25140346336.60791,2022,229145202.51999962,11.636054186951364,24.117067964036476,10.374990057905599,10.484780959571744,20.919390220134385,20.71072049997266,23.947739816370337,19.24986643708349
2022-06-16,USDC,84506,18580419917.67425,25980,27803,959364929.9499998,591002445.1000001,15812042696.09215,2022,368362484.84999967,11.344589650150889,23.645374170651216,10.165120780630861,10.232935174220376,20.681782093258047,20.1973307142789,23.48403768267395,19.724578027220122
2022-06-17,USDC,80978,16972196774.78095,34379,24712,883614821.52,624361560.3199999,14683419512.78828,2022,259253261.20000005,11.301945140781825,23.55484235836145,10.44523027893684,10.115084699949966,20.599531804516662,20.252240183724048,23.409984769913752,19.373315988215573
2022-06-18,USDC,100786,20447437079.52265,31083,29122,289246647.03,19615744.86,17230694780.21223,2022,269630902.16999996,11.520764658048316,23.741123385445434,10.344448496329132,10.279283518982245,19.482790335483447,16.79184316188374,23.56995821059736,19.41256455643485
2022-06-19,USDC,79520,13945328011.34725,25111,21911,434199927.89,17088727.19,11667238569.58446,2022,417111200.7,11.283776416704102,23.358410379609914,10.131101098521789,9.994789710942914,19.889015651635997,16.65392963394927,23.18005062890207,19.84886341495616
2022-06-20,USDC,73751,14835407374.17777,22112,23984,531874928.53,666995991.4000001,12687951186.24185,2022,-135121062.87000012,11.20846339247843,23.420282550721858,10.003920949857399,10.085183913936165,20.091918924798367,20.318294595466046,23.26391865467213,-18.721681703952658
2022-06-21,USDC,69091,11469773066.98108,23274,23352,318141994.11,215966461.95,9524734939.526957,2022,102175532.16000003,11.143194228813176,23.162980983060326,10.055135102145268,10.058480734501627,19.57800836658475,19.190633689473348,22.977157929805777,18.44220280550719
2022-06-22,USDC,64145,10557592299.06103,20849,22185,305188415.16,241264848.47,8925173325.560808,2022,63923566.69000003,11.068917014241554,23.080111087339983,9.945109227226947,10.007216738298604,19.53643990173946,19.301405848496366,22.912141584766488,17.973198672789604
2022-06-23,USDC,58992,11943377339.22395,21857,19877,173658706.65,383937175.4299999,10423830931.80766,2022,-210278468.77999988,10.985174071781296,23.203442764228953,9.992322266236618,9.89736887152795,18.972602480728703,19.76598949412069,23.067360457605158,-19.163943256829885
2022-06-24,USDC,63498,12617937486.89209,22250,21565,427713707.91,332032891.85,10859679113.53929,2022,95680816.06,11.058779436725285,23.25838524868178,10.010142230404668,9.978873279442018,19.87396462531381,19.620744596822572,23.10832260355151,18.376528387636824
2022-06-25,USDC,49291,4198998997.259109,16482,16399,89734153.78,12513409.64,3192641460.595504,2022,77220744.14,10.805517075058013,22.1581120000819,9.710084825731355,9.70503661381229,18.3123620213339,16.34231147837897,21.88411445549085,18.162178698326457
2022-06-26,USDC,44854,4553911929.169696,14757,14989,5439242.0,8036281.89,3601836010.079243,2022,-2597039.8899999997,10.711190343993383,22.239252465395623,9.599540587618312,9.615138591096644,15.509150454737487,15.89947720713459,22.004709555478673,-14.769883235611422
2022-06-27,USDC,57822,9160111543.49908,22299,21178,246851279.47,433144560.2999999,7782599150.941554,2022,-186293280.8299999,10.965141899385193,22.938124192905367,10.01234195744821,9.960765403687601,19.324296609894905,19.886582090063218,22.775156200570425,-19.042832773891007
2022-06-28,USDC,65878,9229054990.424255,24435,22199,260257860.92,337646157.88,7560405670.292259,2022,-77388296.96000001,11.095575005062832,22.945622495758446,10.103812733769658,10.00784756786037,19.377183474109696,19.63750903788014,22.746190685922038,-18.164346137982438
2022-06-29,USDC,65909,11848110253.09223,21694,23115,247687819.54,182368203.3399999,10077034721.85699,2022,65319616.20000008,11.096045454046765,23.195434219582,9.98483709823245,10.04828029743767,19.3276797230448,19.0215383020979,23.033524881992136,17.9948029656697
2022-06-30,USDC,74728,10608796397.46362,24627,26147,297802181.74,245478963.8,8568300203.143027,2022,52323217.94,11.221623515328044,23.08494934284186,10.111639286031101,10.17152798473262,19.511940007737355,19.31872181843212,22.87133520730987,17.77295078730326
2022-07-01,USDC,82616,14277889414.45289,30514,28364,350507204.4000001,408540402.0300001,12169558859.97709,2022,-58033197.629999995,11.321970749470877,23.381977982896036,10.325973644978596,10.252911269760668,19.67489182171692,19.828101373199665,23.222203495217965,-17.876525794930338
2022-07-02,USDC,66767,9921133830.22352,22004,23214,55122953.65000001,9789935.549999995,8749341000.77007,2022,45333018.10000002,11.108979202831334,23.0179330492141,9.999024979245192,10.052553900454022,17.825076787188046,16.096865533382523,22.892244220396265,17.629546223390545
2022-07-03,USDC,53288,8421983409.150246,18480,17246,32802000.0,12292191.29,7466188879.441613,2022,20509808.71,10.883485209867995,22.854111196861155,9.824498456285756,9.7553934942914,17.306000077591136,16.324474845618127,22.733650515865328,16.83641385209231
2022-07-04,USDC,66004,15114812377.12741,23783,22657,963713776.0,846132164.6099995,13613144667.58549,2022,117581611.39000046,11.09748577571486,23.43894105214197,10.076768364677934,10.028268269433434,20.68630489666205,20.556186129494076,23.33430168265788,18.582643223975847
2022-07-05,USDC,67697,12452458310.94045,22584,23213,193058023.26,289426854.3500001,10618595276.65063,2022,-96368831.0900001,11.122811916366501,23.24518389513983,10.025041248088705,10.052510823928568,19.078501345519054,19.483413164504555,23.085872572603908,-18.383693388733594
2022-07-06,USDC,65650,10461091412.26204,23104,21655,294394268.05,529624229.2100002,8600850214.901257,2022,-235229961.1600002,11.092108111907391,23.07092863175203,10.047804323304367,9.983037831294137,19.5004304780874,20.087678313447586,22.875126897633415,-19.27607415601137
2022-07-07,USDC,64663,11645646920.53816,21868,22689,297062342.61,495968435.6700003,10000741313.90153,2022,-198906093.0600003,11.076959911413681,23.17819829232818,9.992825387888324,10.029679577773887,19.509452585883494,20.022022846918393,23.025925058683008,-19.108343382168318
2022-07-08,USDC,65669,12447265506.08607,20763,21401,358075778.54,722197028.6600002,10753611146.12056,2022,-364121250.1200002,11.092397479185019,23.244766797748117,9.94097599694712,9.971239654586947,19.696255196657784,20.397808553894162,23.098507455773746,-19.712997477605565
2022-07-09,USDC,50179,9280411460.067623,16574,15654,25097548.13,39109577.96,8491317563.140493,2022,-14012029.830000002,10.823371819920414,22.951171721238715,9.715650815054063,9.658545633760506,17.038280755111398,17.481877981140638,22.862310015351483,-16.455426863554017
2022-07-10,USDC,50544,9227669711.52708,15520,15799,85922762.69,43917883.55,8382567905.363028,2022,42004879.14,10.830619307588158,22.94547238473691,9.649949224651184,9.667765219015058,18.268959354059476,17.597832188021926,22.849420137239697,17.55329636330719
2022-07-11,USDC,59894,13820785592.0638,20118,20025,746332673.4199998,707858754.6000003,12450887067.75602,2022,38473918.819999576,11.000348308165432,23.349439498320397,9.909419921189237,9.904786708267748,20.43068200302718,20.377755134015562,23.245057707821424,17.4654911624413
2022-07-12,USDC,64670,12245391694.67326,21779,21611,130324786.73,278128958.3100002,10758262791.00457,2022,-147804171.58000016,11.077068157441543,23.228415515052344,9.988747396486952,9.981003994963956,18.6855402598429,19.4435954465048,23.09893992808831,-18.811398797338338
2022-07-13,USDC,64158,11773882697.54784,21191,20175,323015114.94,292823234.23,10092180272.05078,2022,30191880.70999998,11.06911965638402,23.189149584749995,9.961379030951905,9.9122490582047,19.593209678667762,19.495079692196683,23.035026730531474,17.223083628657516
2022-07-14,USDC,61071,10057017157.0681,19897,20012,93099013.04,219767261.89,8349506727.763588,2022,-126668248.84999998,11.01980877498501,23.03153645248944,9.898374503149306,9.904137341377625,18.349174151858243,19.208079648395206,22.845468299664645,-18.657082020754277
2022-07-15,USDC,64932,12621088426.48398,20336,21672,291213912.8800001,693887716.9800003,10755103166.43523,2022,-402673804.10000014,11.08111124803906,23.258634936575348,9.920197166099076,9.983822525188403,19.48956865432664,20.35782071572754,23.098646192129184,-19.81363737553114
2022-07-16,USDC,62975,6364763403.751555,18092,18537,5190317.28,18635446.19,4840204502.656754,2022,-13445128.91,11.050508980411925,22.57404289697686,9.803280402119096,9.827577958435779,15.462305578887936,16.740576087924442,22.30022280960397,-16.414127509966423
2022-07-17,USDC,54400,6543302280.353647,15672,16589,3713384.85,22750141.0,5113290766.795603,2022,-19036756.15,10.904137815028022,22.601707810965035,9.659694765654068,9.71655538318449,15.1274546464242,16.940081945099994,22.355109019762086,-16.761882255069676
2022-07-18,USDC,102915,14180486663.91091,27260,29555,666660065.26,684717455.7099998,11555219302.59085,2022,-18057390.44999981,11.54166840050244,23.375132677977035,10.213212388363457,10.294042047908539,20.317790828179234,20.34451683918034,23.170403059600474,-16.709065657536435
2022-07-19,USDC,91765,11038299178.34301,26079,27042,167712927.65,230565968.43,8492320698.16523,2022,-62853040.78,11.426997137634165,23.124636806084805,10.16892401604059,10.205183470748327,18.937764317739564,19.25604758088483,22.862428144931297,-17.956309889283666
2022-07-20,USDC,90254,20696609037.29756,24613,25891,411931513.8600001,344239621.32,18417992371.29462,2022,67691892.54000008,11.410394276322561,23.753235709223663,10.111070665732282,10.1616893196654,19.836367667428757,19.65684854935249,23.636593870101436,18.030476989797183
2022-07-21,USDC,80825,13442038160.27209,22813,23542,292805191.16,155348458.47,11590981281.14161,2022,137456732.69000003,11.300053974926623,23.321652809448054,10.035129661587844,10.06658381534495,19.49501807268109,18.86118127724306,23.173493156990325,18.738819761481047
2022-07-22,USDC,77529,12414397979.89095,22039,23937,264415195.55,234820690.3500001,10716077927.26523,2022,29594505.1999999,11.258420237213004,23.242122763461445,10.00061426326685,10.083222433433315,19.39303113989529,19.27433276533201,23.095011060743545,17.20309930071687
2022-07-23,USDC,61986,11511258620.354,17075,17847,77079417.22,358015.5100000001,10359653801.33214,2022,76721401.71,11.034679964622491,23.16659140394986,9.745429247877853,9.789646736112369,18.16034685373935,12.788334381637902,23.06118465645609,18.15569127187075
2022-07-24,USDC,60032,7546726355.391461,17265,17307,12850051.98,659131.93,6411009924.891289,2022,12190920.05,11.002649690009672,22.744379710997833,9.756494528795468,9.758924101344775,16.3688584922542,13.398680507862238,22.581282650209776,16.316202056437394
2022-07-25,USDC,77077,13148190424.69333,22286,23208,363045754.84,402274665.3100001,11354304772.26762,2022,-39228910.47000015,11.25257317512369,23.299549975887597,10.011758827819916,10.052295413463094,19.710039433431604,19.812645662801966,23.152862784144936,-17.48492457041357
2022-07-26,USDC,78822,10143406716.60577,25471,23094,294143168.9,268574141.25,8412938404.564009,2022,25569027.649999976,11.274960111430412,23.040089746890466,10.14533508864411,10.047371422864705,19.499577179219333,19.40863756880425,22.85303664414798,17.056892358669394
2022-07-27,USDC,84403,12396628570.26172,24048,23501,211875504.18,225064089.33,10403595095.65319,2022,-13188585.150000006,11.343370072825948,23.240690383174396,10.087848694627853,10.064840802893887,19.17150942042653,19.23189576551891,23.065417265729852,-16.394862327894298
2022-07-28,USDC,95020,13954015958.0521,27035,28455,285693368.62,246651523.12,11549013947.52244,2022,39041845.5,11.461853198785724,23.359033186152935,10.204924590220244,10.256114313628292,19.47042965944133,19.323487064907315,23.169865897847483,17.48014461603411
2022-07-29,USDC,88637,14974606142.84875,25740,26076,231395286.87,286398055.9099999,12901925530.23242,2022,-55002769.0399999,11.392315938549663,23.429621679690445,10.155840330434325,10.168808978749206,19.259638008946933,19.472893208495627,23.280642403161988,-17.82289410629214
2022-07-30,USDC,79091,8196492247.112875,21399,21890,2953748.83,97459570.86,6971526453.881678,2022,-94505822.03,11.27836701084072,22.826972125074573,9.971146201009942,9.99383087243373,14.898586049929296,18.39494820238825,22.665100041310886,-18.364172009930655
2022-07-31,USDC,67432,7971285790.24592,18608,20050,46799029.26,69652032.26,6948233162.362034,2022,-22853003.000000007,11.118889791321777,22.7991116456255,9.831400613641227,9.906034306802704,17.66137303973302,18.059022450298094,22.661753243104464,-16.944593132746732
2022-08-01,USDC,112411,15671449556.89915,56873,27011,445339375.75,573516512.5799999,13904191952.83513,2022,-128177136.82999992,11.629925972308953,23.4751063943263,10.948593573681096,10.204036490694733,19.914347193847085,20.167297288504503,23.355456211029725,-18.668923754488507
2022-08-02,USDC,82743,15487043033.36302,25964,25637,145483351.39,120211432.24,13524593509.37534,2022,25271919.14999999,11.32350678305764,23.463269578017663,10.164504756278419,10.15183090487208,18.795572221466173,18.604762694011125,23.327775606541564,17.045204461835766
2022-08-03,USDC,77941,12442775871.84963,24800,25040,129101331.76,207372218.02,10826957044.94334,2022,-78270886.26,11.263720239328158,23.244406040269528,10.118639253920785,10.128269760518846,18.67610817923376,19.15002589599316,23.10530488395811,-18.175686281605362
2022-08-04,USDC,71502,9442241933.195908,22430,23466,116238918.24,225612308.8199999,7972296015.915304,2022,-109373390.57999991,11.177494685843843,22.968459281936042,10.018199209668024,10.063350457922596,18.571158279523065,19.234328640904536,22.79923837068426,-18.510278196979637
2022-08-05,USDC,75275,11450469487.75338,22939,24270,318038641.1099999,225336807.3999999,9795435396.34513,2022,92701833.71000001,11.228916637884744,23.16129656949062,10.040637390683361,10.097037501003259,19.577683449431152,19.233106767113703,23.005182338334595,18.34489882224961
2022-08-06,USDC,63016,7473616895.539822,19393,19066,8333780.2,12316341.61,6631220546.6593,2022,-3982561.409999999,11.051159810242904,22.73464490853966,9.872719018864492,9.855714371064444,15.935827836720208,16.326437605924763,22.615054718870415,-15.197435991704442
2022-08-07,USDC,57200,5843581643.8988,17821,17989,11492715.39,8164099.9,5059743661.823049,2022,3328615.49,10.954326659732555,22.48860974115719,9.788188928172666,9.79757132694458,16.257224035286654,15.915257161973177,22.344581659441413,15.01806730715722
2022-08-08,USDC,84071,20817630839.53512,26049,27152,274402283.1,314577507.7200001,19068599600.44535,2022,-40175224.620000064,11.339428853545433,23.759066101176877,10.167773047181512,10.20924281649528,19.430105777760954,19.566741054360836,23.671308819223864,-17.50876108550239
2022-08-09,USDC,75079,11634303073.95839,24188,24458,149559156.7,292396984.02,9919682428.51242,2022,-142837827.32,11.226309490700444,23.17722373289147,10.093653263353131,10.10475352533102,18.82320257620389,19.493622974637628,23.01778674457677,-18.777220476990514
2022-08-10,USDC,75565,12485039423.2169,23520,24803,162996392.07,182827986.18,10544024772.14609,2022,-19831594.110000014,11.23276172555657,23.247796918399786,10.065648918115544,10.118760209469768,18.90923863012129,19.024056308000524,23.07882516420552,-16.802786936494403
2022-08-11,USDC,76521,14741836832.92312,23556,25088,110190599.05,216386711.59,12740156212.24932,2022,-106196112.54,11.245333560170282,23.413955331542308,10.067178295192607,10.130184782049636,18.517722152043106,19.192577700971935,23.26802474865178,-18.480798070433924
2022-08-12,USDC,66955,9867975719.330322,20689,22330,218431270.37,208387187.7399999,8299806941.197954,2022,10044082.630000114,11.111790966222511,23.012560575165654,9.93740577073959,10.013731126634887,19.201981975513757,19.15490839157766,22.839498091502296,16.12249432558896
2022-08-13,USDC,72039,12713865283.99904,20093,21708,77440689.11999999,106866077.3,11312691967.50727,2022,-29425388.180000007,11.184976799289892,23.26595898960451,9.90817654202226,9.985482200088756,18.16502291256644,18.48708700384199,23.149191115420276,-17.197368437191376
2022-08-14,USDC,72665,10126115055.02662,18811,21253,24566722.11,172416178.86,8915433445.164463,2022,-147849456.75,11.193628878749106,23.038383572865545,9.842250243064939,9.96430039193264,17.01690336604648,18.965421762486223,22.911049706952234,-18.811705136687554
2022-08-15,USDC,78930,13257863631.51392,22941,24410,384504025.03,485605920.6200001,11407806823.15631,2022,-101101895.59000015,11.276329332076138,23.30785669503719,10.040724570841213,10.102789129364767,19.7674648176744,20.000907992075078,23.1575637671086,-18.43163944335975
2022-08-16,USDC,74284,10101825311.85471,23127,25210,270113355.13,252722804.35,8694909038.501692,2022,17390550.78,11.215664326071453,23.035981968510022,10.048799283696182,10.135035686194149,19.414352266374056,19.34780381502169,22.88600352345604,16.67143761555682
2022-08-17,USDC,74887,28962504275.55714,22331,23503,189547373.56,477762665.83,27217662479.70524,2022,-288215292.27,11.22374894305158,24.08926787436332,10.01377590643025,10.064925898413659,19.06014954892064,19.98462465424443,24.027131955416323,-19.479218304903213
2022-08-18,USDC,64854,10316059112.29218,20462,21245,116890599.28,454882883.9699999,8980763297.996534,2022,-337992284.68999994,11.079909287774774,23.056967655202307,9.926373656322829,9.963923921339958,18.576749014997237,19.935550548112943,22.91835071553649,-19.63853362978447
2022-08-19,USDC,95195,20513292655.44901,25119,27333,165899199.01,556518846.17,18326994219.66483,2022,-390619647.15999997,11.463693203090003,23.744338935221695,10.131419620582134,10.215886627524746,18.926890933027288,20.137211595437925,23.6316409039367,-19.783244877650684
2022-08-20,USDC,71847,19776436618.89571,18845,20140,4351359.8,25274238.26,18446457586.32646,2022,-20922878.46,11.182308055350786,23.707756996249394,9.844055968766702,9.910512817472881,15.285999181730727,17.04529622390152,23.638138188311544,-16.85635382918067
2022-08-21,USDC,64168,15698000971.73516,18219,16826,313652714.78,598083056.9699999,14518159957.00609,2022,-284430342.18999994,11.069275507017089,23.476799214616577,9.810275170813949,9.730740018176446,19.563796931101773,20.209240195196596,23.398666113657587,-19.46599894215014
2022-08-22,USDC,72347,14868913907.09095,21025,21818,330507468.23,525778747.6799998,13281657323.23159,2022,-195271279.4499998,11.189243088277406,23.422538555617898,9.953515046135776,9.99053642882265,19.616139816788845,20.080391052326487,23.309649771719428,-19.089900331526056
2022-08-23,USDC,70236,17883536430.44221,20508,20566,388511597.25,303664667.0700001,16141575573.24685,2022,84846930.17999989,11.15963051669072,23.60714637412792,9.928619093173733,9.931443128549459,19.77783358125171,19.531434584986716,23.504664114246,18.256359381400582
2022-08-24,USDC,65162,7407834579.168499,20261,19903,94366888.1,194763859.04,5966202004.690701,2022,-100396970.94,11.084647102171804,22.725804004150113,9.916502489613622,9.898675995538905,18.362700818528868,19.08729840855249,22.509376381951284,-18.424642604806923
2022-08-25,USDC,64713,8350356793.058266,19934,20308,17929307.19,167586047.04,7125909252.069584,2022,-149656739.85,11.077732840389075,22.84557010472362,9.900232259815455,9.91881941653311,16.701947260899402,18.937007496962426,22.687003169424997,-18.823854835351433
2022-08-26,USDC,80401,13163406530.92007,21277,22919,476082521.75,366831803.5700001,11391033812.69531,2022,109250718.17999989,11.294794330479554,23.300706584355527,9.96542895407631,10.039765170828677,19.9811017642912,19.720414002793753,23.156092375316923,18.5091559748016
2022-08-27,USDC,70374,11445726702.09443,20237,19949,55518977.84,17074029.28,10294336727.15896,2022,38444948.56,11.161593365441991,23.16088228358155,9.915317304289704,9.90098442231801,17.83223548134238,16.653069170007534,23.05485974875126,17.464737894443395
2022-08-28,USDC,64883,9253999786.147802,17314,17478,5019060.98,25177272.05,8237737559.337139,2022,-20158211.07,11.080356339170006,22.948321704430118,9.759328456836522,9.768755439335086,15.428753617634342,17.041452282463215,22.831991575246867,-16.819122310230547
2022-08-29,USDC,76164,36610586858.86199,22580,22950,317366411.26,235414883.6699999,35058689828.13673,2022,81951527.5900001,11.240657318570802,24.323603293992743,10.024864123702642,10.041116787524166,19.575567538970013,19.276859982184803,24.280289346349825,18.221638515695226
2022-08-30,USDC,74697,15724136696.15811,21968,23668,283628679.4,146830331.99,14097021377.02766,2022,136798347.40999997,11.221208597000771,23.47846273800411,9.99738764772918,10.07192145404481,19.463176477269204,18.80478828079734,23.369229362228882,18.73401849005353
2022-08-31,USDC,75723,9536711643.364212,23030,24071,274513967.38,286139348.8399999,7810580539.461186,2022,-11625381.459999919,11.2348504301298,22.978414571620448,10.044596413496008,10.088804618309881,19.430512704249416,19.47198948732542,22.778745131001028,-16.268701408681448
2022-09-01,USDC,111409,8704636122.230219,33331,34019,216809373.55,473351487.27,7144461760.40777,2022,-256542113.71999997,11.620972369053362,22.887121608400317,10.414273175502098,10.434703865949853,19.1945290671392,19.975348774655917,22.689603314687062,-19.362803399038924
2022-09-02,USDC,76295,12002303446.34203,25182,25167,381521035.19,463786470.5,10467276693.10492,2022,-82265435.31,11.242375791258748,23.20836442225878,10.133924442677802,10.13332862529806,19.759676547902536,19.95493481353752,23.071519722370393,-18.22546160550243
2022-09-03,USDC,57239,12297681146.26522,17542,16758,44300242.22,9040405.44,11590561614.15371,2022,35259836.78,10.955008233670387,23.2326765569392,9.772410288929185,9.726690706384874,17.606500725293746,16.017214691534672,23.173456949996698,17.378255134242757
2022-09-04,USDC,58315,6003811517.44091,15928,17038,42829032.9,17610896.43,5275043754.04494,2022,25218136.47,10.973631777224712,22.51566035756013,9.675896626294639,9.74326011321524,17.57272679271796,16.684028440559477,22.38625281106939,17.04307403446542
2022-09-05,USDC,66635,11734203647.65928,21549,21374,677516442.66,677545200.79,10548837415.41132,2022,-28758.12999999523,11.107000251029607,23.185773802733195,9.978131095531895,9.969977293804961,20.333944381508463,20.333986827001773,23.07928149329974,-10.26671056102956
2022-09-06,USDC,82674,10928973991.32518,25000,24587,114960870.32,274438775.55,9136620477.129606,2022,-159477905.23000002,11.322672537849993,23.114683263944197,10.12667110305036,10.1100137980269,18.560102379038263,19.430238757789855,22.93555640328612,-18.88741595166037
2022-09-07,USDC,74968,13410285125.31277,24104,23145,399207351.86,268896177.1200001,11588830546.64281,2022,130311174.73999989,11.224829973739347,23.319287796229677,10.090174566839723,10.049577258408023,19.804991521219932,19.409835908122098,23.173307587364413,18.685435807718708
2022-09-08,USDC,66968,8188907264.573151,21434,20707,419509569.85,415033540.87,6665279721.658066,2022,4476028.980000019,11.111985104733481,22.826046302902807,9.972780379032077,9.938275378021793,19.854596898509968,19.84386989871204,22.620177758587346,15.314247046336119
2022-09-09,USDC,70321,9932363020.102114,22601,22356,305927932.27,253185019.17,8283376525.861116,2022,52742913.099999994,11.160839973365304,23.019064254579035,10.025793676920095,10.014894750110258,19.53886011998976,19.34963108443834,22.83751651531774,17.780939991439567
2022-09-10,USDC,61031,6819073030.053874,17313,18031,45575680.0,87578835.51999997,5843902077.11047,2022,-42003155.519999966,11.019153595770065,22.64298938036362,9.75927070177572,9.799903236279558,17.634884820819998,18.28804993448107,22.488664574724336,-17.553255328661724
2022-09-11,USDC,59061,16711569901.34646,16715,17246,10522295.6,87374385.03999999,15862950794.64706,2022,-76852089.44,10.9863430185918,23.53936712501182,9.724121623567806,9.7553934942914,16.16900704943291,18.28571273176967,23.48725208853643,-18.157393229140407
2022-09-12,USDC,65412,13963393256.25174,20361,21275,677228702.9599999,818093736.8000004,12347198858.42953,2022,-140865033.8400005,11.088476294450217,23.35970497474762,9.921425697667141,9.965334955862208,20.333519593562432,20.522487481889176,23.23669506129278,-18.763312790217938
2022-09-13,USDC,84209,14807999443.30521,23779,24813,305683602.04,340276504.07,12808212272.547,2022,-34592902.02999997,11.341068958024039,23.418433374690945,10.076600170244772,10.119163289002817,19.538061148000217,19.645269095271594,23.2733523860159,-17.359159104249162
2022-09-14,USDC,78365,23380468017.06832,25137,23003,393366036.09,779357821.9,21443089486.32578,2022,-385991785.81,11.269145438805577,23.87516681067143,10.132135924484782,10.043423392833645,19.790251128443575,20.4739808345727,23.78866826199,-19.77132664950843
2022-09-15,USDC,85745,29624035191.8622,26729,25362,536656833.52,824079898.9800003,27460012347.24099,2022,-287423065.4600003,11.35914471670985,24.111851868541834,10.193541809132965,10.141046698084647,20.10086940633666,20.529778049167994,24.035996686967163,-19.47646578747003
2022-09-16,USDC,76840,13349217851.41274,22934,22884,355643501.11,469319808.8700001,11891232541.43843,2022,-113676307.76000011,11.24949363085299,23.314723632242085,10.040419407031273,10.038236953087743,19.68943938851436,19.96679499140157,23.199067204382395,-18.548865570782596
2022-09-17,USDC,61856,7257937736.049702,18301,17195,1305170.3,23187167.64,6483886928.150249,2022,-21881997.34,11.032580548457824,22.70536156717331,9.814765622475324,9.752432077616172,14.081844854492333,16.959109607771598,22.59258600222705,-16.90117486315743
2022-09-18,USDC,74445,7197483475.269884,20562,18725,6217406.57,30696715.91000001,6273946066.179277,2022,-24479309.34000001,11.21782930933501,22.696997284688315,9.931248623321519,9.837668211498835,15.642863588445456,17.23966626579648,22.5596713504362,-17.01333884282593
2022-09-19,USDC,91055,28021426235.32702,26623,25505,69579803.45,160509429.24,26402023749.15844,2022,-90929625.79,11.419229980842905,24.056235277213947,10.189568343620936,10.146668997586845,18.05798491725009,18.893863254197722,23.99670650136364,-18.32559643332768
2022-09-20,USDC,84698,13399572942.70119,24919,24503,793620643.05,515775482.16,12086094088.24265,2022,277845160.8899999,11.346859074195008,23.318488673522378,10.123425972901389,10.10659164851261,20.492116126764444,20.061182118602908,23.215321379833355,19.442574544869895
2022-09-21,USDC,83995,13112432527.29433,24656,23789,175796336.93,376978222.6299999,11459741306.45124,2022,-201181885.69999987,11.33852445764401,23.29682666505363,10.11281611481661,10.077020603297003,18.98483671211101,19.74769798148934,23.162105974457386,-19.119719965795294
2022-09-22,USDC,82203,28014671116.43802,23129,22323,234039034.16,298370936.7500001,26470737143.62397,2022,-64331902.59000012,11.316959241660811,24.055994178377993,10.048885755225484,10.013417611908324,19.270998476332657,19.51384802795162,23.99930570110231,-17.97956623396446
2022-09-23,USDC,86908,11257479569.5683,22587,25252,171763444.98,341940038.1700001,9812572218.000912,2022,-170176593.1900001,11.372616873209516,23.144298595398695,10.025174070792728,10.136700239527121,18.961628774095537,19.65014595559149,23.006930279926035,-18.952347245199174
2022-09-24,USDC,67945,7808158895.963809,18133,17261,105950675.94,5886064.719999998,7093974692.752946,2022,100064611.22,11.126468551032737,22.778435036383406,9.805543908206001,9.756262832779603,18.478484231898378,15.588098373190626,22.682511626016733,18.421326657505286
2022-09-25,USDC,65783,6642029553.010335,16483,17116,10882.03,108365297.74,5962507573.320807,2022,-108354415.71,11.094131926650732,22.61668340945601,9.710145492458707,9.747827400695664,9.294959974285113,18.501018473395007,22.508756963486405,-18.500918048475324
2022-09-26,USDC,81361,9979548545.51952,22459,21212,168068374.93,466483470.8,8629039303.335598,2022,-298415095.87,11.306663612524535,23.023803690426927,10.019491228292434,9.96236948027235,18.939881454149003,19.960733147398926,22.878399015374203,-19.51399601774199
2022-09-27,USDC,81606,9933290630.563065,26006,23098,66931322.14,169703491.97,8424802567.257231,2022,-102772169.83,11.30967032158666,23.01915764294449,10.16612101153675,10.047544605529554,18.01917762389382,18.94956331319828,22.854445878875506,-18.448025162565866
2022-09-28,USDC,77251,9586434970.827509,22263,21041,175399932.86,499019112.1299998,8004187218.56095,2022,-323619179.2699998,11.25482808439249,22.98361491239272,10.010726303205727,9.954275719368233,18.98257926082133,20.028154955847988,22.803230644144083,-19.595078012931058
2022-09-29,USDC,74942,10391783207.93692,23503,21933,144407698.67,426324866.9,9002810877.944897,2022,-281917168.23,11.22448310357204,23.064281254755397,10.064925898413659,9.995793223320154,18.788151104815846,19.8707122143057,22.920802685403697,-19.457123859621667
2022-09-30,USDC,74199,11742713097.25974,23672,22729,725942803.2,943570110.7,10302213446.33914,2022,-217627307.5,11.214519429155471,23.186498723306443,10.072090437189145,10.03144091684659,20.402981787591933,20.665181230239885,23.055624606894693,-19.198294563693093
2022-10-01,USDC,64238,6477519284.220804,19126,18872,1277395.28,8057206.63,5816338292.749261,2022,-6779811.35,11.070365781874326,22.591603447659065,9.858856228390534,9.84548760823814,14.060334407940049,15.902077606565058,22.483936741536475,-15.729459982542412
2022-10-02,USDC,63589,18376986110.60255,18432,17350,94640187.92,5495941.13,17698091840.50026,2022,89144246.79,11.060211504261453,23.634364963910517,9.821897815496174,9.761405420601672,18.365592773828524,15.519520583352904,23.5967226651498,18.30576637736504
2022-10-03,USDC,64562,14553272873.48576,21943,21814,799313563.44,933706448.85,13373026766.14115,2022,-134392885.40999997,11.075396770265694,23.401081745095944,9.99624903261744,9.99035308555771,20.49926387285135,20.654672653270072,23.31650558741595,-18.716278056155538
2022-10-04,USDC,70265,11344439555.88391,21737,22152,205877215.1,216239117.38,10116409912.91465,2022,-10361902.280000001,11.160043319270192,23.15199355394776,9.986817160123133,10.005728206482676,19.14279051070287,19.19189538288013,23.03742468627704,-16.153646492207923
2022-10-05,USDC,64898,14576872651.55941,19156,20644,181662069.44,232382833.42,13423067825.11254,2022,-50720763.97999999,11.08058749425298,23.402702044810198,9.860423463065102,9.935228438320191,19.017658763309075,19.263896717993774,23.320240543416315,-17.741845950392754
2022-10-06,USDC,66237,16586213659.86518,20943,20293,558269341.42,529794523.9300001,15232554795.01769,2022,28474817.48999983,11.101009595366602,23.531837684893244,9.949607488149681,9.918080554839028,20.14035209639599,20.087999800528383,23.44670073739,17.164530692913722
2022-10-07,USDC,61594,13546540343.52641,18575,19776,423649161.5900001,289639345.38,12480177586.64142,2022,134009816.2100001,11.028335977396074,23.32939702654391,9.829625703937673,9.892274925322026,19.864416223951537,19.484147073818903,23.24740742956541,18.713423617992795
2022-10-08,USDC,49138,4296293024.280955,13887,14504,18015112.5,44775914.41,3840429254.01017,2022,-26760801.909999996,10.802408295847755,22.181018400691137,9.538780436900131,9.582248696555505,16.706721602449786,17.617180950369843,22.06884998245745,-17.1024487968848
2022-10-09,USDC,40912,2158303605.607032,11689,13112,6487473.19,10811022.07,1737451340.569952,2022,-4323548.88,10.619203139938547,21.492588382768453,9.366489054466115,9.481359383531425,15.685383828028328,16.196076826210287,21.275685130159253,-15.279587354265303
2022-10-10,USDC,55757,5736518037.146729,17413,17569,236905236.25,289370086.45,4783549398.573479,2022,-52464850.19999999,10.928776176785394,22.47011824965015,9.765029759388561,9.773948181181144,19.283170776313945,19.483217006245983,22.288448660106308,-17.775654002393626
2022-10-11,USDC,62385,8592533408.071018,18557,19841,167887939.74,225964200.74,7591051705.888241,2022,-58076261.0,11.04109617021092,22.87415945484725,9.828656241913125,9.895556182209848,18.938807295406356,19.235887145309523,22.750235983562142,-17.87726756690552
2022-10-12,USDC,58601,6217215633.488638,17536,18509,122531083.6,171541722.73,5191612311.667252,2022,-49010639.129999995,10.978524104675532,22.550587996285262,9.772068213669293,9.826066405567543,18.62387530759624,18.960337082036165,22.37031014342682,-17.707547978012432
2022-10-13,USDC,71266,14809914839.61019,20276,20908,763261953.76,867890559.2499998,13416045993.40763,2022,-104628605.48999977,11.17418866616251,23.418562715081983,9.917242517768464,9.947934967271424,20.453111852424172,20.581576182014246,23.3197172897864,-18.465927556813025
2022-10-14,USDC,59530,10825643343.23799,17032,19709,314762595.7,491968670.71,9500003582.33342,2022,-177206075.01,10.99425246425933,23.105183540407374,9.742907917860578,9.888881400146765,19.567329251374638,20.01392559704304,22.974558012745828,-18.992823884542887
2022-10-15,USDC,42316,2976652784.284779,12643,14197,3310928.84,9853194.75,2514080836.442138,2022,-6542265.91,10.652944175550665,21.814065279757664,9.444938073335509,9.560856388599332,15.012739626332054,16.103306402152835,21.64517310150687,-15.693794285697901
2022-10-16,USDC,45716,2965213176.854348,12369,12938,5555801.060000001,11450244.51,2481584617.498775,2022,-5894443.449999998,10.73022549895797,21.810214764907457,9.423029465386534,9.468001285315953,15.530353355871846,16.253521729656047,21.632163152147953,-15.589520846630554
2022-10-17,USDC,71237,12382468460.08219,20427,20863,543156170.52,629681605.0400001,11211108204.67138,2022,-86525434.5200001,11.173781662893846,23.239547475367676,9.924661787767535,9.94578046472638,20.11290744523921,20.260724862360583,23.14017092781256,-18.275948980931553
2022-10-18,USDC,60095,8207079227.532118,17902,19005,329791286.31,384887954.0599999,6931195694.975025,2022,-55096667.74999988,11.003698562567935,22.828262939322475,9.792723575551273,9.85250999777126,19.61397054963893,19.768462824077645,22.6592981743668,-17.824599814037754
2022-10-19,USDC,55342,8497522860.763296,16746,18143,353788214.71,559742851.8200003,7500657503.279602,2022,-205954637.1100003,10.921305462207695,22.863040529941436,9.725974416734479,9.806095206527479,19.68420903136249,20.14298804483996,22.738256520883407,-19.143166499156024
2022-10-20,USDC,54781,8828810173.184172,16856,18186,359447393.89,787708167.0400002,7899026201.619867,2022,-428260773.1500002,10.91111695182567,22.901286094372423,9.732521279780308,9.808462332127018,19.700078395878673,20.484638234100558,22.790005323330416,-19.87524285340428
2022-10-21,USDC,54272,7475208618.923149,17187,18428,498895355.8299999,586675436.98,6336699968.481281,2022,-87780081.1500001,10.90178214468937,22.73485786485353,9.751966744894887,9.821680789832037,20.027906925972964,20.189982308318868,22.569623960337886,-18.29034517808631
2022-10-22,USDC,43059,5028007957.191382,13358,14159,93416783.68,47939672.18999999,4482439905.459549,2022,45477111.49000002,10.670349770918355,22.3382897104479,9.499945593989812,9.558176367247711,18.352581594548262,17.685453969884282,22.22343335709816,17.632719735165267
2022-10-23,USDC,48682,4478156341.172621,14231,15543,94102123.45,86018479.44000003,3813386435.044248,2022,8083644.009999976,10.793085172154122,22.22247726790624,9.563248229345671,9.651429991057276,18.359891180815108,18.270072719969694,22.061783459669073,15.90535344387446
2022-10-24,USDC,63222,11408797417.33084,22558,20286,358466928.23,485577667.5500003,10269514853.81344,2022,-127110739.32000029,11.054423437981287,23.157650598099277,10.023889378388423,9.91773556580133,19.697346966133814,20.000849809316858,23.05244562070715,-18.66056923550061
2022-10-25,USDC,71725,13866602095.19302,20721,23102,559965790.26,467038186.5700002,12105375625.20467,2022,92927603.68999982,11.180608582892493,23.352749059010137,9.938951216811697,10.04771775820736,20.143386252791867,19.961921584388516,23.216915457520393,18.34733130377897
2022-10-26,USDC,82173,14038741639.09865,25417,23630,538039945.1599998,489795871.72,11978891871.55184,2022,48244073.43999982,11.316594229307174,23.365086604753756,10.143212863442015,10.070314688371434,20.10344336473774,20.00949927598706,23.20641192723796,17.691783568673877
2022-10-27,USDC,77925,14416738742.07359,25442,22392,788352735.3299999,742080926.7299999,12797982500.88155,2022,46271808.600000024,11.263514937405299,23.391655781163248,10.14419593502981,10.016503689004832,20.48545618260007,20.424968862205844,23.272553378408606,17.650043469692662
2022-10-28,USDC,70273,15970764115.37282,22345,22258,689250657.1899999,753973785.47,14449532804.5337,2022,-64723128.28000009,11.160157165862033,23.494025645015103,10.014402613107283,10.010501700190611,20.35111556280425,20.44086815941297,23.39392791918519,-17.985629180596316
2022-10-29,USDC,71825,11291636395.67564,18407,19396,54323850.95,85109462.04999998,9946130315.086056,2022,-30785611.09999998,11.182001806479425,23.14732814673736,9.820540631715202,9.872873693918292,17.810473950887605,18.259448786538872,23.02044939951448,-17.242557999189714
2022-10-30,USDC,64500,9266668067.43485,18842,17811,37196231.34,50304114.93000001,8330241309.464749,2022,-13107883.590000004,11.07443600653965,22.94968972024483,9.843896771122491,9.787627666441592,17.431718032931293,17.733597459356464,22.84315826154888,-16.388724484215242
2022-10-31,USDC,83065,18586386712.11683,24393,26021,1095792018.2,1377567376.27,16795731961.11953,2022,-281775358.06999993,11.327390751512937,23.64569525255384,10.102092479403183,10.166697613063421,20.814743243961214,21.043585010513848,23.544390641205652,-19.456620712406217
2022-11-01,USDC,13754,3515875752.100413,4784,5129,99716560.62,7984448.81,3253833483.441619,2022,91732111.81,9.529157673358675,21.980554478573968,8.473241303887054,8.542860938164814,18.417842335680206,15.893006434314314,21.903099671859103,18.334383070143293
2023-02-01,USDC,102978,8831994481.206793,28769,40997,249402774.03,322084789.34,6997159623.232696,2023,-72682015.30999997,11.542280362929562,22.90164670173082,10.267088456545594,10.621278564008833,19.334579717972687,19.59032539288226,22.66877013568887,-18.101604543402427
2023-02-02,USDC,117902,11263321607.643272,30540,44939,259117549.89,125138612.06,9168690044.944878,2023,133978937.82999998,11.677617531494358,23.144817408043018,10.326825322178923,10.71308354573932,19.372792381138655,18.644932585366153,22.939060260877937,18.71319317265178
2023-02-03,USDC,91308,21174738679.673405,25836,37183,1632125332.16,1959020856.21,19360222096.542786,2023,-326895524.04999995,11.422004637847426,23.776074736472058,10.159562852085312,10.523633840211582,21.213148887818978,21.395710622717885,23.686486390709554,-19.605151182552103
2023-02-04,USDC,84269,5609122151.669972,21917,34577,48033187.84,11973016.46,4591483624.93174,2023,36060171.38,11.341781208766399,22.447660065211934,9.995063496023338,10.450972920664721,17.68740276410836,16.298166130979048,22.247469038841775,17.400699556094075
2023-02-05,USDC,78076,6213111140.029011,20905,30423,74786064.1,15236216.92,5139186851.119738,2023,59549847.17999999,11.265450798217678,22.54992759633232,9.947791478092652,10.322987049608095,18.130142130135006,16.539185909445003,22.360160703921842,17.90232430430809
2023-02-06,USDC,95523,8261622384.280743,24586,40024,212452472.43,409453981.92,6530898576.101919,2023,-197001509.49,11.467132803796552,22.834886819875358,10.109973126954195,10.597259537864915,19.174228866867303,19.83033508112125,22.599810378287142,-19.098721954134795
2023-02-07,USDC,115118,7906249277.10689,28238,48556,237010663.51,283288443.59,5921265369.352364,2023,-46277780.07999998,11.653721654935612,22.79091933156756,10.24845928021533,10.790493644582789,19.283615696019517,19.461976175370207,22.501816007994073,-17.650172513591492
2023-02-08,USDC,117121,9629662322.207891,26031,47069,207101232.82,440935195.68,7905857044.582854,2023,-233833962.86,11.670971405552068,22.988113997054203,10.16708182945882,10.759391134395187,19.148718283953087,19.904408476309598,22.79086971989457,-19.270121865314017
2023-02-09,USDC,116147,11466932698.817043,26671,45924,544602163.99,563193697.7,9183383968.108747,2023,-18591533.71000004,11.66262051893709,23.162733312953964,10.191369604990575,10.734764910083326,20.115566113572456,20.149134174357734,22.940661597739563,-16.73821691196519
2023-02-10,USDC,127277,41630617876.58583,28398,48022,4594818845.29,4690352873.93,39669931626.659424,2023,-95534028.64000034,11.754128949500405,24.45210174016628,10.25410921226176,10.779435341793006,22.24819516788333,22.268773656431367,24.40385934794355,-18.374993073288937
2023-02-11,USDC,90424,6439560626.365271,21876,32826,63591051.08,115359509.74,5517016709.136901,2023,-51768458.66,11.412276056820298,22.585726149170803,9.993191135617908,10.39900662648473,17.96798332784647,18.563563990333805,22.431103100076943,-17.76229163491023
2023-02-12,USDC,95682,5954440509.48153,19233,31226,45437692.8,128146885.02,5056212025.979864,2023,-82709192.22,11.468795923207967,22.507403082439996,9.864434825272427,10.349038384183578,17.631852578448367,18.668687710986333,22.343883428627645,-18.230841317298186
2023-02-13,USDC,112423,16658995735.602152,25538,42593,583652070.36,786623924.08,13350598121.804844,2023,-202971853.72000003,11.630032716780581,23.536216191952363,10.147961974552167,10.65946867726744,20.18481559503292,20.483260833314333,23.31482702399539,-19.128577880694213
2023-02-14,USDC,108536,25157272727.274307,32562,37353,2581608493.54,2481590190.18,22585623685.865864,2023,100018303.36000013,11.594846407655536,23.948412865775847,10.390931953464207,10.528195279873552,21.671678489113408,21.632165397759458,23.840579420764268,18.42086377080193
2023-02-15,USDC,109795,14831889825.8288,27235,38363,864808195.75,529170738.53,12525883105.262505,2023,335637457.22,11.606379377521488,23.42004541766983,10.212294906602857,10.554874798847841,20.578018302447408,20.086821696782998,23.25106298891783,19.63154214200218
2023-02-16,USDC,115080,11384118334.679155,28120,41199,365022465.95,144449563.36,8679147593.270964,2023,220572902.58999997,11.653391507234959,23.15548509259202,10.24427190716996,10.626193535337618,19.71546946294011,18.788440969018733,22.884189157371395,19.211738826731686
2023-02-17,USDC,102982,10738572409.493748,25157,33428,431347712.12,141582375.43,8679990355.900194,2023,289765336.69,11.542319205046073,23.097107994519295,10.132931216398818,10.417179065715164,19.88242508179204,18.76839227123796,22.884286254661856,19.484581973002324
2023-02-18,USDC,150571,7930264374.672837,20558,25380,61696210.0,86660815.68,6950041843.451197,2023,-24964605.680000007,11.922196654087344,22.793952210709936,9.931054080253933,10.141756141595407,17.93773307694132,18.277512398187323,22.66201351728933,-17.03296964693594
2023-02-19,USDC,76441,5237733370.862823,20356,21437,45908766.0,1705574.42,4053076592.403065,2023,44203191.58,11.244287562323809,22.379154679075565,9.921180112067047,9.972920327251465,17.64216665897083,14.349413101498973,22.12274208236691,17.604307574756184
2023-02-20,USDC,82243,6679773572.983258,25928,27529,188017637.63,107614457.48,5226241470.937897,2023,80403180.14999999,11.317445717638492,22.622349927810188,10.163117312420749,10.223031598136654,19.052046338893167,18.49406556915549,22.376958208859097,18.202564299908747
2023-02-21,USDC,92910,10497638557.39169,26497,30745,358531576.18,160351264.36,8536998210.968397,2023,198180311.82,11.439397324681515,23.07441616961548,10.184824537428069,10.333515183472544,19.697527295519713,18.89287737531022,22.8676752855296,19.104687845057803
2023-02-22,USDC,116656,10411100626.237816,26416,31743,286304926.02,445405627.51,8431407982.63162,2023,-159100701.49,11.666993284221787,23.066138441865164,10.181763021288337,10.3654590100846,19.47256797921122,19.914495949685694,22.85522961561066,-18.885047908697388
2023-02-23,USDC,151545,11098107436.402245,24741,30202,314732297.17,182818264.46,9386530172.926853,2023,131914032.71000001,11.928644488208228,23.130040429592796,10.116257483422777,10.315696536177638,19.567232988385786,19.024003132452126,22.962541538332466,18.69766100861615
2023-02-24,USDC,77484,10352155072.566814,22896,27191,512293547.66,194350460.12,8582387850.230279,2023,317943087.54,11.257839648221434,23.060460554651375,10.038761176593697,10.210678091375952,20.05440835593535,19.085173587886395,22.872978016066007,19.577382957872626
2023-02-25,USDC,61026,7078789734.738341,17967,20535,95046933.99,11747215.19,6248384131.867268,2023,83299718.8,11.019071668177626,22.680368788760017,9.796347676978224,9.929934722550977,18.369881380087364,16.279126850484467,22.555588728526583,18.237955743385914
2023-02-26,USDC,57971,4854885616.33119,17310,19131,120707935.36,28358449.49,4033297532.390906,2023,92349485.87,10.967715414342408,22.303251378645157,9.75909741657673,9.859117604800188,18.608884436681617,17.160435620970514,22.11785012482282,18.341090708232418
2023-02-27,USDC,77638,10946422233.699663,23286,27471,266807433.21,262204522.86,9374734453.536425,2023,4602910.349999994,11.259825157241215,23.116278503261793,10.055650543933236,10.220922583137257,19.40203773597286,19.384635382615667,22.961284083552282,15.34219956343512
2023-02-28,USDC,80063,8508174373.730769,25434,29085,156192747.15,191309941.98,6942390790.193003,2023,-35117194.82999998,11.290581593826584,22.86429322945881,10.143881457256866,10.278012237737656,18.866601367595564,19.069405408909233,22.660912046548763,-17.374201478156134
2023-03-01,USDC,88265,10347082911.340816,24777,31586,431142524.79,258803706.56,8664277797.47749,2023,172338818.23000002,11.388110261478268,23.059970472713964,10.117711441675684,10.360500922524869,19.881949279691064,19.371580446454402,22.88247440966726,18.964972976354026
2023-03-02,USDC,84375,13105176545.56176,24248,30309,874135496.96,242937037.71,11343427866.128244,2023,631198459.25,11.34303827995645,23.296273145325944,10.096130658401954,10.319232970051848,20.58874595359444,19.308312867773783,23.15190437062018,20.263130888091823
2023-03-03,USDC,86515,16291503740.775105,26639,29841,1444736234.61,980853933.88,14398081425.433426,2023,463882300.7299999,11.368084646913193,23.513909566028975,10.190169124654325,10.303672076200368,21.091192605939064,20.703934112335755,23.390360800376435,19.955141417948717
2023-03-04,USDC,55371,6787165256.703571,16720,19586,307356500.33,72427325.22,6064409693.0587,2023,234929175.10999998,10.921829329807625,22.638299203524916,9.724420693462669,9.882621359854744,19.543518873948624,18.09809422012356,22.525703044689436,19.274794648429562
2023-03-05,USDC,52426,4112225376.334928,16301,18694,217385706.12,17325318.41,3325467927.777514,2023,200060387.71,10.867177004780158,22.137230173260445,9.699043078654404,9.836011387411213,19.197183785871896,16.66767953923393,21.92487623161203,19.114129822486532
2023-03-06,USDC,66298,9027928828.5106,22455,25372,321320810.93,544335232.76,7720403100.360653,2023,-223014421.82999998,11.101930093103945,22.92358881256431,10.019313118041719,10.141440895503818,19.587950596124653,20.115075853552636,22.767132414822086,-19.22274700370068
2023-03-07,USDC,75105,10502037777.684164,22952,27465,287109585.39,545024042.55,8931548353.889572,2023,-257914457.15999997,11.22665572803628,23.074835149440332,10.041203925899962,10.220704155090226,19.4753745349553,20.116340468259914,22.912855604810407,-19.368138530389164
2023-03-08,USDC,71431,7671310029.23466,21895,26369,167356676.48,112271633.58,6275891574.205276,2023,55085042.89999999,11.176501227197052,22.76075323698937,9.994059250720515,10.179982279347332,18.935637886110307,18.53643180169479,22.559981395569377,17.824388801706153
2023-03-09,USDC,89657,10569332424.466074,26755,31075,262228133.36,247250995.82,8544541486.543208,2023,14977137.540000021,11.403757710969447,23.081222477356846,10.194514026238298,10.344191096070311,19.384725424681683,19.325914560086876,22.868558493507084,16.522035499115365
2023-03-10,USDC,149817,33095909131.213425,46012,44526,1032813977.7,1909259654.74,27538387002.91493,2023,-876445677.04,11.917176503060213,24.222675520519612,10.73667924424057,10.703851025734117,20.75555293216499,21.369981389067107,24.038846759320165,-20.591385284409537
2023-03-11,USDC,320819,53310535587.0407,95632,73442,56756528.07,1359450549.79,33726507176.752937,2023,-1302694021.72,12.678635497170832,24.699399814401794,11.468273227760243,11.20426487413325,17.85428125739971,21.03034644828959,24.241549928264128,-20.98770028227928
2023-03-12,USDC,121486,18967596110.007626,34077,28600,19017298.23,182645408.79,13115674223.610086,2023,-163628110.56,11.707562540153498,23.66599789230523,10.436407293775185,10.261196961231647,16.76085960867942,19.02305717970992,23.297073857606474,-18.913106798423
2023-03-13,USDC,122791,31475611118.178425,34634,33818,502393134.44,1745714463.49,26398280508.996212,2023,-1243321329.05,11.718247145993244,24.172478832706712,10.452620010456705,10.42877805371264,20.034893509489883,21.280429744042888,23.996564712780376,-20.941052127772142
2023-03-14,USDC,95033,23614046752.03274,27623,27923,57478327.85,1004568918.83,20163009428.000057,2023,-947090590.98,11.461990001290475,23.88510757331557,10.226440239069829,10.237241813090293,17.86691854516164,20.72782435094577,23.727115546240988,-20.66890530864472
2023-03-15,USDC,79534,21470845339.89355,21107,25505,69742515.49,846769013.68,18794894027.247105,2023,-777026498.1899999,11.28395245533246,23.789961821182334,9.957407394525559,10.146668997586845,18.060320682443766,20.55693850548324,23.656851075651744,-20.47098501224201
2023-03-16,USDC,74589,16445690241.817587,20887,27178,191530465.71,741906498.4,14475346613.017075,2023,-550376032.6899999,11.219761728949209,23.52332928851399,9.946930110378965,10.210199895269655,19.070557449022076,20.42473378160123,23.39571280581944,-20.12611230019423
2023-03-17,USDC,77101,16939176218.716703,20940,24465,38011233.33,646132408.79,14351674915.62992,2023,-608121175.4599999,11.2528844995522,23.55289489569134,9.949464238776152,10.105039677606861,17.453392314260846,20.286515009458828,23.38713249126983,-20.225884723460318
2023-03-18,USDC,68582,9220833152.200628,16926,20618,6050230.47,22149238.46,7476341685.823634,2023,-16099007.990000002,11.13579996959208,22.944731234120066,9.736665259189097,9.933968259789715,15.61560708877928,16.91331371797428,22.735009429992854,-16.594268274644055
2023-03-19,USDC,61622,5987969019.68246,17242,18274,230.98,23220300.11,4700158929.63094,2023,-23220069.13,11.028790456457282,22.513018129923687,9.755161543000131,9.81328928461798,5.4466511610537305,16.960537501850197,22.27086216011857,-16.96052755447063
2023-03-20,USDC,74910,16762372570.368847,21476,24088,8855434.58,738569596.03,14514838962.03362,2023,-729714161.4499999,11.224056021205383,23.54240248351898,9.974737874064294,10.089510583746897,15.99654201827724,20.420225896565032,23.398437339840868,-20.408163457140077
2023-03-21,USDC,76121,10742486563.737843,22384,24244,54435788.31,195625564.76,8773567507.245283,2023,-141189776.45,11.240092595368653,23.097472422948258,10.016146370675067,10.095965689539453,17.812532387238218,19.091713011318408,22.895009346048496,-18.76561548273969
2023-03-22,USDC,79531,15806815292.9306,21814,24899,17941368.81,508076911.97,13440376180.201744,2023,-490135543.16,11.283914735377971,23.483707031692777,9.99035308555771,10.1226230824528,16.702619766752488,20.046143397566656,23.32152916132246,-20.01019253155118
2023-03-23,USDC,80837,13218575315.137035,23023,27377,46058603.43,540589359.02,10888225548.76742,2023,-494530755.59,11.300202430983903,23.304888898250763,10.044292429127148,10.217495050155458,17.64542515293991,20.10817050981493,23.11094781752622,-20.019119904443727
2023-03-24,USDC,75865,14316547948.073313,20806,25941,112018398.4,606492283.77,12526902669.540724,2023,-494473885.37,11.236723905181373,23.384681904409224,9.943044747534582,10.163618555900618,18.534173696123972,20.223202565360626,23.251144382203822,-20.019004899482994
2023-03-25,USDC,60911,7302656467.988868,16521,20071,117.84,5000117.84,6484087510.291093,2023,-5000000.0,11.01718547862228,22.71150401876675,9.712448105122451,9.907081088046258,4.7777780505944065,15.42497223811592,22.592616937226463,-15.424948670398354
2023-03-26,USDC,68917,3985749117.148998,16479,19452,0.0,34764583.16,3142637099.843882,2023,-34764583.16,11.140672671068161,22.105991116000766,9.709902803463462,9.875756578797818,0.0,17.36410972998823,21.86832812543051,-17.36410972998823
2023-03-27,USDC,84833,10949629901.473192,21144,27869,297026387.11,721011243.03,9312479172.186852,2023,-423984855.91999996,11.348451684819896,23.11657149377683,9.959158749906589,10.235306120475993,19.509331541675365,20.396165290176164,22.954621184213277,-19.86520829774712
2023-03-28,USDC,82025,9285882031.520292,25629,26557,66001577.0,210490494.85,7781320388.094607,2023,-144488917.85,11.314791549160047,22.95176102266421,10.151518819358117,10.187086299550273,18.00518920879579,19.164951059711107,22.774991876558538,-18.788713376417057
2023-03-29,USDC,68863,6371813501.731876,21273,23702,28741450.44,71993750.57,5057020815.221518,2023,-43252300.129999995,11.139888824081401,22.575149960319166,9.96524094881161,10.073356901390843,17.173850939775576,18.0920898894644,22.34404337535406,-17.58256099524473
2023-03-30,USDC,66174,7829400479.58043,19818,23567,97686074.96,486559708.72,6497741098.070501,2023,-388873633.76000005,11.100058027095303,22.781151777042044,9.894396352524348,10.067645138702412,18.39726958853492,20.002870185296636,22.59472043022789,-19.778765002433385
2023-03-31,USDC,71671,9122422598.04708,24387,27039,22486385.32,335187483.85,7760755890.40066,2023,-312701098.53000003,11.179855434277414,22.93400124161812,10.101846487027707,10.205072530156901,16.928420631612106,19.630200589508835,22.77234557508327,-19.56075833866749
2023-04-01,USDC,57458,3184915150.515806,16935,20344,0.0,12000.0,2470406302.654791,2023,-12000.0,10.95882692897077,21.88169148558925,9.737196812814702,9.92059046043579,0.0,9.392745258631441,21.62764846946521,-9.392745258631441
2023-04-02,USDC,51016,3500297168.08985,15005,18289,0.0,18123135.54,2823520961.514562,2023,-18123135.54,10.839914189496584,21.97611370729176,9.616205400105674,9.814109741384911,0.0,16.712699941833332,21.76125051135085,-16.712699941833332
2023-04-03,USDC,66144,7356327833.798379,20230,25291,274785996.93,170979483.79,5696746726.447564,2023,103806513.14000002,11.09960458089648,22.718826709688116,9.914971360477415,10.138243419178504,19.431503163338885,18.957054135281414,22.463161099276775,18.458039283374344
2023-04-04,USDC,60705,7082454865.543357,19122,22491,72799501.83,45937784.54,5551367039.008747,2023,26861717.29,11.013797818950048,22.680886417116817,9.858647078062974,10.020914969412093,18.103219683885353,17.642798550754748,22.43731004788965,17.106212719090678
2023-04-05,USDC,60705,5550708710.863529,18634,22520,18232858.6,47921648.41,4179248314.186029,2023,-29688789.809999995,11.013797818950048,22.4371914523836,9.832796811913358,10.022203486241112,16.718735996668105,17.685077931254234,22.153397238409056,-17.206280118729698
2023-04-06,USDC,59068,4464773696.917762,18230,23159,170730654.5,67962116.02,3325546804.838577,2023,102768538.48,10.986461531090773,22.219484366433367,9.810878720803466,10.050181931686932,18.955597758635584,18.034461005253984,21.924899950417117,18.447989827959937
2023-04-07,USDC,57968,3058816749.777604,16994,22916,18169172.79,93171681.94,2247538249.096896,2023,-75002509.15,10.96766366388311,21.841293995377228,9.740674462130217,10.039634272209469,16.715236968232293,18.349954402373914,21.53310134311824,-18.133032139607188
2023-04-08,USDC,45127,2941000963.833544,13262,16302,299800.0,0.0,2423288347.727566,2023,299800.0,10.717258175419811,21.802015824581304,9.492733482494353,9.699104418939655,12.61087420020211,0.0,21.608391276540388,12.61087420020211
2023-04-09,USDC,41605,3890977068.732754,12952,13865,46912384.55,25211717.99,3191172734.343555,2023,21700666.56,10.635999666618329,22.08192613777617,9.469082700530256,9.537195079502435,17.663792282774157,17.042819483670108,21.88365431481866,16.892853581171153
2023-04-10,USDC,56043,6694641727.816278,18987,21517,157489112.12,330037823.53,5498856789.120819,2023,-172548711.40999997,10.933892375491123,22.6245733014114,9.851562479671209,9.976645073153854,18.874866890793236,19.614717825644334,22.427806051238043,-18.966190145353526
2023-04-11,USDC,64297,7107767459.486304,21529,25930,148725283.21,141377608.32,5567429162.986084,2023,7347674.8900000155,11.071283805542897,22.684454031521657,9.97720259035841,10.163194443157385,18.817611432013052,18.766944948958795,22.44019923388708,15.809894615743362
2023-04-12,USDC,59719,11678717031.199928,19531,21047,54863333.45,344481748.07,10114855770.020805,2023,-289618414.62,10.997422251653127,23.181033965179726,9.87980942518155,9.95456082272013,17.820355822705746,19.65755166898848,23.037271048544124,-19.484074806302154
2023-04-13,USDC,55421,8194827202.827652,17217,20277,50013030.54,159458006.88,6498880365.001871,2023,-109444976.34,10.922731905820665,22.826768963358905,9.7537106272179,9.917291833512525,17.727794160234115,18.887291172047004,22.5948957476267,-18.510932490884738
2023-04-14,USDC,70595,8319287401.225596,20782,24109,92839496.66,205338395.89,6388731692.986158,2023,-112498899.22999999,11.164728764652457,22.8418424393405,9.941890623819074,10.090381971175217,18.346382728541567,19.140169892704197,22.577801602691245,-18.53845400382763
2023-04-15,USDC,47472,3534999699.560953,14663,16288,0.0,0.0,2666428927.00236,2023,0.0,10.767916407357609,21.985979051588,9.593150789519541,9.698245312357605,0.0,0.0,21.704005933984746,0.0
2023-04-16,USDC,44749,2968015804.58772,14053,15022,0.0,9525142.28,2097903441.036078,2023,-9525142.28,10.708846723703001,21.811159487570155,9.550662331752143,9.617337639062423,0.0,16.069445521383585,21.464204322046363,-16.069445521383585
2023-04-17,USDC,56668,6461378437.225302,18390,20878,72335209.91,279204944.44,4999691604.800169,2023,-206869734.53,10.94498260298715,22.589108512508766,9.81961669349898,9.946499148129375,18.096821579780844,19.447456641589604,22.33264206863833,-19.147599856182683
2023-04-18,USDC,51999,5587373043.596302,16897,18775,55965335.34,303147719.020022,4158141530.606899,2023,-247182383.68002197,10.858998997563564,22.44377507530292,9.73495055071279,9.84033473753086,17.840243063115018,19.529730769490584,22.148334064188436,-19.325637021623717
2023-04-19,USDC,53714,5804133634.517495,16705,18445,109074765.750001,224389840.770001,4324972967.652514,2023,-115315075.02,10.891447571100644,22.48183619643063,9.723523215315852,9.822602823795664,18.507544138534815,19.22889546218354,22.187671727288183,-18.563178731418432
2023-04-20,USDC,52201,6354547175.932651,16872,18784,60676369.840002,277371483.100001,4842739931.701165,2023,-216695113.25999898,10.862876087313007,22.572436484435826,9.733469990198337,9.84081395800807,17.92106490248203,19.44086826351705,22.30074649929754,-19.194001920151816
2023-04-21,USDC,65063,8204296002.52622,24108,20098,66276296.34,268549431.94,6400119948.476847,2023,-202273135.6,11.083126679846611,22.827923756896475,10.0903404937493,9.908425341565751,18.00934288505151,19.40854556275142,22.579582569242163,-19.125129503404647
2023-04-22,USDC,38439,2712839208.903841,13497,13656,29450594.31,59814618.92,2133698991.845787,2023,-30364024.610000003,10.556853863084228,21.721261602336778,9.510296805303351,9.522007489678424,17.198224682119026,17.90676066930799,21.481122926852592,-17.228769097551453
2023-04-23,USDC,34765,1875308105.921559,11392,12137,14495185.6,1067462.06,1241237967.404607,2023,13427723.54,10.456395176681486,21.352038806560625,9.340754410698116,9.4040963063958,16.489327193659655,13.88079541927072,20.939375080148466,16.412832123019996
2023-04-24,USDC,45314,4768346662.523093,15508,17236,121180413.980001,187342476.150001,3666150855.221816,2023,-66162062.16999999,10.721393382488882,22.285265470342303,9.649175779559453,9.75481351515439,18.612791025967752,19.048448928407925,22.022408135605065,-18.007617792746082
2023-04-25,USDC,49643,5244946198.266663,16876,18003,87632146.763892,142005609.646441,4101547625.219084,2023,-54373462.88254902,10.812632816249412,22.380530821214258,9.733707027236484,9.798349234412823,18.28865847219068,18.771377126379626,22.1346302092424,-17.81138679653819
2023-04-26,USDC,56628,6895415661.576951,17529,19324,104440391.417103,51422729.642012,5236719764.981466,2023,53017661.77509101,10.944276500467035,22.65412263101233,9.77166897791528,9.869154873455622,18.46412705913306,17.75559086305969,22.378961140401767,17.786135675905026
2023-04-27,USDC,49544,6378566346.339467,17006,17872,129125130.058976,345006407.496473,4861748710.960363,2023,-215881277.43749702,10.810636626493,22.576209198603575,9.741380302992413,9.791046473190379,18.67629250038111,19.65907355017521,22.304664027415896,-19.190239177679288
2023-04-28,USDC,45644,5032185829.288806,15912,18360,113521015.800054,199724022.959376,3952800436.655528,2023,-86203007.15932201,10.72864935099918,22.3391202853703,9.674891664210184,9.817984128922188,18.547498547788404,19.1124470913978,22.09769013621619,-18.27221563246495
2023-04-29,USDC,35726,2520290893.001229,12367,12887,14709537.190755,2248.880791,2007120167.041519,2023,14707288.309964001,10.483661984436106,21.647640165935208,9.422867770827203,9.464051924856811,16.50400669784654,7.718632512017104,21.419966779428357,16.50385380027148
2023-04-30,USDC,41075,1560338878.472554,12508,13822,569115.917504,3000001.0,892793973.376318,2023,-2430885.082496,10.623179288318186,21.168168865047868,9.434203664214742,9.534089150464357,13.251841170917965,14.914123513298827,20.609866400438076,-14.703766391853097
2022-04-01,USDT,50507,3112888114.395489,18556,28651,0.0,0.0,2076278646.969203,2022,0.0,10.829887018558571,21.85881678667277,9.828602355344339,10.262978527734342,0.0,0.0,21.453843016734794,0.0
2022-04-02,USDT,78012,3006959536.862744,32320,37193,0.0,0.231868,1476349573.440867,2022,-0.231868,11.26463075845105,21.824195284880474,10.383472452750441,10.523902736929974,0.0,0.20853171651397923,21.112838374134828,-0.20853171651397923
2022-04-03,USDT,69720,1999257870.358864,29495,32805,0.0,140.493422,764719821.1662674,2022,-140.493422,11.152256842617728,21.41604188432439,10.29200993991398,10.398366704472432,0.0,4.9522532283702,20.455020079172243,-4.9522532283702
2022-04-04,USDT,87405,3938266307.630257,35626,42872,0.0,0.0,1960284504.480466,2022,0.0,11.378319209172915,22.09400644022735,10.480859056346018,10.665997536149904,0.0,0.0,21.396355455512126,0.0
2022-04-05,USDT,82287,4252513624.24151,33512,41927,0.0,0.0,2499929064.487091,2022,0.0,11.317980568014697,22.1707760862836,10.419688702238957,10.643709140482002,0.0,0.0,21.639528194612858,0.0
2022-04-06,USDT,93526,7107451508.376934,36549,45631,0.0,0.0,4868827796.742014,2022,0.0,11.446005443644207,22.684409579007756,10.506436465177925,10.728364503773967,0.0,0.0,22.306119046452746,0.0
2022-04-07,USDT,86155,4404610291.820578,35741,43010,0.0,0.0,2439935657.019937,2022,0.0,11.363914885497246,22.205917623140685,10.484081746856743,10.669211175914377,0.0,0.0,21.615237506239875,0.0
2022-04-08,USDT,86638,4941294055.8286,34625,43842,0.0,0.0,2983473122.004887,2022,0.0,11.369505339595335,22.32089308866567,10.452360123939021,10.68837034993756,0.0,0.0,21.816353936340462,0.0
2022-04-09,USDT,69969,2296916181.904731,29898,33904,0.0,0.0,1132049264.561691,2022,0.0,11.155821857739943,21.554833270176864,10.305580314003434,10.431317775117943,0.0,0.0,20.847295336594613,0.0
2022-04-10,USDT,61489,2173551328.55669,26068,30534,0.0,0.0,1202815051.681126,2022,0.0,11.026629838947516,21.499628224197398,10.168502147925643,10.326628845657234,0.0,0.0,20.907930523700312,0.0
2022-04-11,USDT,95061,6443201532.296041,38297,44666,0.0,0.0,4005956613.318291,2022,0.0,11.462284589290249,22.586291386032638,10.553152954484112,10.70699025292366,0.0,0.0,22.111048243956226,0.0
2022-04-12,USDT,89337,5635901576.718128,37131,42740,0.0,0.0,3513622723.749887,2022,0.0,11.400182208266456,22.452422967685955,10.522234410519824,10.662913925885341,0.0,0.0,21.97991345747274,0.0
2022-04-13,USDT,78267,4665392562.794513,31586,39421,0.0,0.0,2777322398.980691,2022,0.0,11.26789411389799,22.263437818572225,10.360500922524869,10.582079315086874,0.0,0.0,21.744753135032465,0.0
2022-04-14,USDT,75559,4026783866.27935,30646,38370,0.0,0.0,2418884667.960837,2022,0.0,11.232682321615446,22.11623384647382,10.330290057291649,10.555057244929015,0.0,0.0,21.606572390282206,0.0
2022-04-15,USDT,80587,3557174183.044291,33115,39501,0.0,0.0,2074032844.833062,2022,0.0,11.2971050340358,21.99223229808242,10.407771828258696,10.584106582518803,0.0,0.0,21.452760783577748,0.0
2022-04-16,USDT,65011,1804101109.209479,26723,31396,0.0,0.0,897186264.923771,2022,0.0,11.082327147223067,21.313328304804184,10.193317317045368,10.3544676259307,0.0,0.0,20.614774052784483,0.0
2022-04-17,USDT,58787,2497282782.496502,22915,28837,0.0,0.0,1567171628.22261,2022,0.0,10.981693031426575,21.638469091129586,10.039590635528468,10.269449240866592,0.0,0.0,21.172538321586572,0.0
2022-04-18,USDT,82796,4625951257.146544,32305,40622,0.0,0.0,2726949024.69911,2022,0.0,11.324147107832902,22.254947864199185,10.383008250473704,10.612089687650935,0.0,0.0,21.72644924818892,0.0
2022-04-19,USDT,82784,4461775352.478719,32661,42431,0.0,0.0,2740766091.047211,2022,0.0,11.324002164541712,22.218812585091094,10.393967601636689,10.655658073545535,0.0,0.0,21.731503313904483,0.0
2022-04-20,USDT,79492,4967344727.845653,30724,40520,0.0,0.0,3142274405.802373,2022,0.0,11.283424246451302,22.32615127449773,10.332831934434235,10.609575637228874,0.0,0.0,21.86821270804031,0.0
2022-04-21,USDT,81891,4988383016.113142,31752,41040,0.0,0.0,3013842913.598601,2022,0.0,11.31315658497247,22.330377649529314,10.365742488046086,10.62232684601953,0.0,0.0,21.82648181721207,0.0
2022-04-22,USDT,80028,5103261530.288324,32408,39750,0.0,0.0,3333185979.916774,2022,0.0,11.290144347968768,22.3531456882124,10.386191440985094,10.590390276998745,0.0,0.0,21.92719443457028,0.0
2022-04-23,USDT,61759,2285441542.701072,24804,30853,0.0,0.0,1352084441.393186,2022,0.0,11.031011184698658,21.549825078380348,10.11880052473515,10.337021680571885,0.0,0.0,21.024913270008213,0.0
2022-04-24,USDT,58388,2611866084.345519,24385,28902,0.0,0.0,1731085638.947688,2022,0.0,10.974882794910684,21.683330778036158,10.10176447612021,10.271700674941403,0.0,0.0,21.27201458617877,0.0
2022-04-25,USDT,85294,6303633015.277559,33635,42889,0.0,0.0,4378681375.483639,2022,0.0,11.35387111511462,22.564391973384488,10.423352200952788,10.666393977510927,0.0,0.0,22.20001346041109,0.0
2022-04-26,USDT,88384,5147253171.033444,35362,44205,0.0,0.0,3247241257.489537,2022,0.0,11.389457550969983,22.36172904467883,10.473421354781692,10.696615805459388,0.0,0.0,21.901071629274693,0.0
2022-04-27,USDT,82619,4077801944.995638,33568,41244,0.0,0.0,2313257671.01925,2022,0.0,11.322007060950755,22.128823941464073,10.421358301028755,10.627285172294831,0.0,0.0,21.56192261564222,0.0
2022-04-28,USDT,87458,5191358117.760185,34551,42674,0.0,1998.0,3200651976.293446,2022,-1998.0,11.378925391103238,22.370261179807247,10.450220714640537,10.661368547662642,0.0,7.6004023345004,21.88662036890353,-7.6004023345004
2022-04-29,USDT,97096,4411336441.591974,35884,47572,0.0,0.0,2509285843.460539,2022,0.0,11.483465757818603,22.20744352870213,10.488074659864171,10.770020652394722,0.0,0.0,21.64326402548613,0.0
2022-04-30,USDT,84136,3064232216.055103,33389,37374,0.0,0.0,1559205890.574826,2022,0.0,11.340201701647915,21.84306287480903,10.4160117329377,10.528757310692988,0.0,0.0,21.167442484738753,0.0
2022-05-01,USDT,65267,2907909099.728441,27956,31417,0.0,0.0,1652282525.718369,2022,0.0,11.086257149210962,21.790700137782654,10.238422894453764,10.355136256059884,0.0,0.0,21.22542351843873,0.0
2022-05-02,USDT,75902,3630319872.701935,30808,39267,0.0,0.0,2030578493.872603,2022,0.0,11.237211488294301,22.012586600817993,10.335562134069491,10.578165216812412,0.0,0.0,21.431586562246707,0.0
2022-05-03,USDT,75973,3349234457.54226,30565,39253,0.0,0.0,1901932238.950155,2022,0.0,11.238146455473956,21.93199763683062,10.327643559087782,10.577808628846025,0.0,0.0,21.366136174751592,0.0
2022-05-04,USDT,85358,4490344587.350073,34357,42254,0.0,1.0,2742714710.888041,2022,-1.0,11.354621170817978,22.225195281490755,10.44459016718639,10.651477968978583,0.0,0.6931471805599453,21.732214037619045,-0.6931471805599453
2022-05-05,USDT,90140,5470882066.917267,34657,45594,0.0,0.0,3490260210.404985,2022,0.0,11.409130390037108,22.422705695940763,10.45328385820019,10.727553340367766,0.0,0.0,21.973242129523182,0.0
2022-05-06,USDT,88768,5990490142.560654,33747,44102,0.0,0.0,3974307523.419556,2022,0.0,11.393792768931887,22.513439072697853,10.426676435285517,10.694283086332076,0.0,0.0,22.10311636218359,0.0
2022-05-07,USDT,74468,4265123422.493322,31405,34645,0.0,0.0,2873580090.08457,2022,0.0,11.2181382103884,22.17373695615676,10.354754236444899,10.452937557838887,0.0,0.0,21.778824507834265,0.0
2022-05-08,USDT,77732,6368436336.914026,32359,34361,0.0,0.0,4412070974.674962,2022,0.0,11.261035156616504,22.57461980354215,10.384678371172429,10.444706581621912,0.0,0.0,22.20761002516996,0.0
2022-05-09,USDT,118582,11442785751.7208,41429,54731,0.0,0.0,7578802944.060484,2022,0.0,11.683368416317284,23.16062530310757,10.631760535071448,10.9102038264997,0.0,0.0,22.74862110131433,0.0
2022-05-10,USDT,136210,13164085990.88366,52572,56012,0.0,0.0,7806566428.092255,2022,0.0,11.821960433019314,23.300758200358317,10.869957958953366,10.933339085633445,0.0,0.0,22.77823106636872,0.0
2022-05-11,USDT,151978,21947849664.74499,47146,68035,0.0,0.0,15926775646.99121,2022,0.0,11.931497632388995,23.811935006554574,10.761025659314114,11.127792255833983,0.0,0.0,23.49126753284769,0.0
2022-05-12,USDT,182813,33198197194.59672,70931,73292,0.0,0.0,25121919408.50329,2022,0.0,12.116224521502856,24.225761410057036,11.16947695061237,11.202220385360908,0.0,0.0,23.94700658524133,0.0
2022-05-13,USDT,139982,15565306085.6571,58150,62931,0.0,0.0,12242697558.27349,2022,0.0,11.849276265646967,23.468310305706513,10.970798354703502,11.049810057360315,0.0,0.0,23.228195478578073,0.0
2022-05-14,USDT,111441,10100019118.98875,43243,53134,0.0,0.0,8381103741.005973,2022,0.0,11.621259555169887,23.035803153860027,10.674613774412663,10.880591123806795,0.0,0.0,22.84924545422377,0.0
2022-05-15,USDT,86681,2637147097.28206,37446,38003,0.0,0.0,1414564505.210942,2022,0.0,11.370001528757436,21.692963525197143,10.530681878927565,10.545446696326641,0.0,0.0,21.07008755120864,0.0
2022-05-16,USDT,101300,7454439039.297956,43518,45089,0.0,0.0,5446883747.347,2022,0.0,11.525851561856362,22.73207553622842,10.68095290332465,10.71641577141513,0.0,0.0,22.418309492793597,0.0
2022-05-17,USDT,101547,8509765876.748537,50750,41468,0.0,0.0,6565306316.995313,2022,0.0,11.528286872082928,22.864480267725344,10.834686601143401,10.632701439132466,0.0,0.0,22.605065002865565,0.0
2022-05-18,USDT,103307,5419658422.824064,51997,40893,0.0,0.0,3633107102.820384,2022,0.0,11.545470096445955,22.41329862897736,10.858960535285439,10.618738632003,0.0,0.0,22.01335407057129,0.0
2022-05-19,USDT,85354,5989928425.246672,34721,39615,0.0,0.0,4106325850.569681,2022,0.0,11.354574308814854,22.5133453001287,10.455128770801894,10.586988356044268,0.0,0.0,22.135794512250555,0.0
2022-05-20,USDT,82202,5853140343.695683,34196,38755,0.0,916.0,4094553463.324418,2022,-916.0,11.316947076728662,22.490244165217753,10.439893199904889,10.565040861504896,0.0,6.821107472256465,22.13292350418468,-6.821107472256465
2022-05-21,USDT,62400,2486348973.862811,28237,28722,0.0,0.0,1563801019.65881,2022,0.0,11.041336579870135,21.634081196234145,10.248423867569471,10.265453474531439,0.0,0.0,21.170385246333083,0.0
2022-05-22,USDT,57515,1555539407.593909,25127,27351,0.0,0.0,812919156.1564298,2022,0.0,10.959818448947631,21.165088208981945,10.131738041218483,10.216544931319138,0.0,0.0,20.51614222487586,0.0
2022-05-23,USDT,81731,4695135955.418922,34612,38491,0.0,0.0,3085546538.464127,2022,0.0,11.311200881029318,22.26979290689108,10.451984613023129,10.558205706476292,0.0,0.0,21.849994638892838,0.0
2022-05-24,USDT,79529,4219813910.625978,35506,36858,0.0,0.0,2686557812.750016,2022,0.0,11.283889587951181,22.163056867250944,10.477485139124067,10.514855101175929,0.0,0.0,21.711526588002105,0.0
2022-05-25,USDT,81265,3423017330.64632,38870,36045,0.0,0.0,1877886751.248217,2022,0.0,11.305483003882102,21.953788259773,10.56800375029692,10.49255117955275,0.0,0.0,21.35341291359698,0.0
2022-05-26,USDT,83592,4873405055.669798,34623,38877,0.0,0.0,2993712496.014853,2022,0.0,11.333715063509652,22.307058720002534,10.452302362206153,10.568183816922058,0.0,0.0,21.819780091951873,0.0
2022-05-27,USDT,81218,4831560919.424363,31053,39490,0.0,0.0,3017474242.013381,2022,0.0,11.304904488926127,22.298435424332602,10.343482903541116,10.583828076826626,0.0,0.0,21.827685975029897,0.0
2022-05-28,USDT,69230,1674036763.303675,28612,33645,0.0,0.0,730547536.727984,2022,0.0,11.14520401817269,21.23850377072216,10.261616438987998,10.423649457279106,0.0,0.0,20.409304862640692,0.0
2022-05-29,USDT,59627,1199619778.45261,26127,27860,0.0,5381.41,468534889.324257,2022,-5381.41,10.99588054139032,20.905270493076497,10.170762815210246,10.234983140444118,0.0,8.590891508244102,19.965121129280185,-8.590891508244102
2022-05-30,USDT,79411,4230464799.743158,30250,40047,0.0,0.0,2625304269.102946,2022,0.0,11.282404769316969,22.165577705940393,10.31728452076383,10.597834013671555,0.0,0.0,21.688462638692844,0.0
2022-05-31,USDT,79649,4933083244.973457,31403,41927,0.0,0.0,3217572419.711498,2022,0.0,11.285397315338194,22.319230034379657,10.354690552318147,10.643709140482002,0.0,0.0,21.89189300556089,0.0
2022-06-01,USDT,80610,4574247137.586743,30802,41381,0.0,0.0,2929572239.142164,2022,0.0,11.297390395609458,22.243707962260686,10.335367366815744,10.630601282659347,0.0,0.0,21.798122256191814,0.0
2022-06-02,USDT,70494,3612744297.719172,28184,36710,0.0,0.0,2033400905.749872,2022,0.0,11.163297064299462,22.007733514041455,10.246545200515675,10.510831716653778,0.0,0.0,21.432975551733175,0.0
2022-06-03,USDT,64913,3119209526.22111,25148,34637,0.0,0.0,1835089335.460889,2022,0.0,11.080818595915629,21.86084545000768,10.132573413305968,10.45270662428899,0.0,0.0,21.330359001987713,0.0
2022-06-04,USDT,50742,1800547424.55561,21226,26334,0.0,0.0,986088788.3172373,2022,0.0,10.834528956356191,21.311356580920474,9.963029235244443,10.17865413191749,0.0,0.0,20.709256958530133,0.0
2022-06-05,USDT,48539,2452425747.300496,20197,25054,0.0,0.0,1632933035.307923,2022,0.0,10.790143479280593,21.62034347302314,9.913338868586502,10.128828687393826,0.0,0.0,21.21364364354644,0.0
2022-06-06,USDT,71364,3922777164.845779,28234,37217,0.0,0.0,2463741946.054638,2022,0.0,11.17556283206387,22.090065700583928,10.248317622106937,10.524547794201172,0.0,0.0,21.624947147853415,0.0
2022-06-07,USDT,74794,5321853558.627734,28809,37356,0.0,0.0,3439338201.386352,2022,0.0,11.22250631680856,22.39508749308195,10.268477828078574,10.528275589332711,0.0,0.0,21.958544906796508,0.0
2022-06-08,USDT,66435,3731079965.521669,25824,34785,0.0,0.0,2105242680.601431,2022,0.0,11.10399435721889,22.039963563955393,10.159098293987839,10.456970285968099,0.0,0.0,21.467696585607285,0.0
2022-06-09,USDT,66093,3235133278.826311,26814,35042,0.0,0.0,1848819976.687553,2022,0.0,11.098833250161546,21.897335963378676,10.196716711417025,10.464331157823805,0.0,0.0,21.33781342262523,0.0
2022-06-10,USDT,88452,3460626975.020763,41216,38170,0.0,0.0,1851556278.53928,2022,0.0,11.390226616480243,21.964715616542467,10.626606071592057,10.549831343981374,0.0,0.0,21.33929235458256,0.0
2022-06-11,USDT,71592,2740756855.727555,30642,31262,0.0,0.0,1383411381.097795,2022,0.0,11.178752582806263,21.731499944286316,10.33015953028869,10.350190568660537,0.0,0.0,21.047818301722902,0.0
2022-06-12,USDT,71976,3145774158.280899,28916,30736,0.0,0.0,1802083466.15657,2022,0.0,11.184101902520503,21.869325852381714,10.272184936452078,10.33322241961703,0.0,0.0,21.312209314236643,0.0
2022-06-13,USDT,121853,14007811907.59788,42964,52560,0.0,0.0,10072379356.25285,2022,0.0,11.710578885761164,23.36288100441248,10.668141109747323,10.869729678852693,0.0,0.0,23.033062797519758,0.0
2022-06-14,USDT,104772,13519474449.94594,39293,46593,0.0,0.0,10520410418.56682,2022,0.0,11.559551384088058,23.32739703483424,10.578827114446108,10.749227056459247,0.0,0.0,23.076583056761784,0.0
2022-06-15,USDT,114057,11146167187.66255,46434,47058,0.0,0.0,8159752154.263612,2022,0.0,11.6444623699259,23.134361525861266,10.745808764210109,10.759157412586816,0.0,0.0,22.822479632331696,0.0
2022-06-16,USDT,88104,8761204700.537853,34306,40334,0.0,0.0,6577431733.234087,2022,0.0,11.386284564002832,22.893599255445892,10.44310469396486,10.604974857371074,0.0,0.0,22.606910192145136,0.0
2022-06-17,USDT,92064,7058874500.102858,42913,37842,0.0,0.0,4949024269.467746,2022,0.0,11.43025012830132,22.67755145663574,10.666953392005027,10.54120130120716,0.0,0.0,22.32245627701966,0.0
2022-06-18,USDT,97963,5665993328.219482,43300,36811,0.0,0.0,3610064520.22189,2022,0.0,11.492355343225519,22.45774806101897,10.675931008412125,10.513579157958748,0.0,0.0,22.006991482046132,0.0
2022-06-19,USDT,80627,4377592433.822947,33570,31000,0.0,0.0,2708262231.760847,2022,0.0,11.29760126270815,22.19976473779465,10.42141787803205,10.34177474101152,0.0,0.0,21.719573023630428,0.0
2022-06-20,USDT,84881,9845370074.834929,33292,38037,0.0,0.0,7921565817.878381,2022,0.0,11.34901733568699,23.010267138563094,10.413102443661062,10.546340939041606,0.0,0.0,22.792854727635643,0.0
2022-06-21,USDT,84066,6016023398.869717,32518,38586,0.0,0.0,4228049071.479987,2022,0.0,11.339369378944044,22.517692313192388,10.389579812881443,10.560670711162487,0.0,0.0,22.165006511433873,0.0
2022-06-22,USDT,87495,5877787391.206545,39321,36866,0.0,0.0,4094441597.899971,2022,0.0,11.379348357015061,22.49444623419823,10.579539437667437,10.515072120952707,0.0,0.0,22.132896183268354,0.0
2022-06-23,USDT,78192,4446871628.37994,31719,35431,0.0,0.0,2863527842.261721,2022,0.0,11.266935408460283,22.21546668126721,10.364702675748784,10.475370645603034,0.0,0.0,21.775320213257714,0.0
2022-06-24,USDT,79558,4888378822.255561,32671,37733,0.0,96.0,3295035561.098266,2022,-96.0,11.2842541637587,22.310126556478714,10.394273720964392,10.538316823771558,0.0,4.574710978503383,21.9156827975887,-4.574710978503383
2022-06-25,USDT,58718,1812435767.108793,24479,27208,0.0,0.0,929723629.6236516,2022,0.0,10.980518633170634,21.31793750578035,10.105611736626262,10.211303079907536,0.0,0.0,20.650397928574996,0.0
2022-06-26,USDT,52809,1658059750.18894,20845,25298,0.0,0.0,890532294.4781551,2022,0.0,10.874455845700979,21.228913931121703,9.944917362299268,10.138520148242751,0.0,0.0,20.607329926715938,0.0
2022-06-27,USDT,75218,3496816243.765295,32995,34976,0.0,0.0,2116784412.797966,2022,0.0,11.228159137599345,21.975118747111516,10.404141620980623,10.462445981601402,0.0,0.0,21.47316398820166,0.0
2022-06-28,USDT,78302,4318849242.22279,33525,36817,0.0,0.0,2680360761.528536,2022,0.0,11.26834119542117,22.18625482483366,10.420076536191223,10.513742135006508,0.0,0.0,21.70921723529346,0.0
2022-06-29,USDT,78580,4905222236.371167,32555,36822,0.0,0.0,3241596879.711338,2022,0.0,11.271885218915926,22.3135662372699,10.390716962446932,10.513877928925865,0.0,0.0,21.899331909749954,0.0
2022-06-30,USDT,85232,4260784425.567747,32755,41038,0.0,0.0,2500712556.545033,2022,0.0,11.353143961770513,22.172719117968384,10.39684143039008,10.62227811307605,0.0,0.0,21.639841551227235,0.0
2022-07-01,USDT,100425,3732656859.648167,44366,43859,0.0,0.0,2051253693.332077,2022,0.0,11.517176416857767,22.040386112120334,10.700251228834878,10.688758021971879,0.0,0.0,21.44171700138198,0.0
2022-07-02,USDT,74820,2117102166.520882,32615,33036,0.0,0.0,1199150099.256363,2022,0.0,11.222853873223139,21.473314088454657,10.392558244499089,10.405383424480956,0.0,0.0,20.904878893026634,0.0
2022-07-03,USDT,65055,1305857861.540205,28488,27513,0.0,0.0,633317101.682982,2022,0.0,11.083003716428074,20.990126027681917,10.257273326840833,10.22245024502094,0.0,0.0,20.26648180677965,0.0
2022-07-04,USDT,90039,3161983099.646219,40798,38565,0.0,0.0,1693840726.850426,2022,0.0,11.408009295020669,21.874465231205246,10.616412850287961,10.56012633827955,0.0,0.0,21.250264407416218,0.0
2022-07-05,USDT,98323,3651845316.151727,45418,40681,0.0,0.0,2099220326.321683,2022,0.0,11.496023426894872,22.018498443128145,10.72368579868446,10.613541013162433,0.0,0.0,21.464831840033053,0.0
2022-07-06,USDT,101675,3654991440.538539,51730,38310,0.0,0.0,2096171287.903072,2022,0.0,11.529546565986465,22.01935958856909,10.853812493953187,10.55349234019923,0.0,0.0,21.463378321871062,0.0
2022-07-07,USDT,89737,3706780816.72132,40190,39104,0.0,0.0,2245548209.577569,2022,0.0,11.404649592675874,22.033429632774386,10.601398368945096,10.574005615035713,0.0,0.0,21.532215520124684,0.0
2022-07-08,USDT,88130,3051408444.947857,38206,38530,0.0,0.0,1563484443.265591,2022,0.0,11.386579622903268,21.838869106532268,10.550774023880454,10.559218391085642,0.0,0.0,21.170182785510207,0.0
2022-07-09,USDT,69544,1325827536.944119,33463,28596,0.0,49.67,638602908.5167626,2022,-49.67,11.14972930404123,21.00530265836904,10.418225513122035,10.261057096201172,0.0,3.9253340194878183,20.27479339432096,-3.9253340194878183
2022-07-10,USDT,66549,1561752786.010094,31520,25795,0.0,0.0,831658884.8939587,2022,0.0,11.105708823823258,21.169074608879402,10.358409269356885,10.157974720130268,0.0,0.0,20.538932921799493,0.0
2022-07-11,USDT,83936,2701720660.029987,37705,35649,0.0,0.0,1425681510.004399,2022,0.0,11.337821796434746,21.7171546888418,10.537574511966529,10.481504425842441,0.0,0.0,21.07791578967677,0.0
2022-07-12,USDT,85398,3405597297.598695,36708,37446,0.0,0.0,1874440125.127935,2022,0.0,11.35508967010623,21.94868617925459,10.510777235585936,10.530681878927565,0.0,0.0,21.351575852380673,0.0
2022-07-13,USDT,82586,3921293221.379392,33541,37326,0.0,0.0,2378574157.118709,2022,0.0,11.32160756213486,22.089687340010745,10.420553663891573,10.527472204361002,0.0,0.0,21.589767051874308,0.0
2022-07-14,USDT,82687,3289308522.142427,32216,38272,0.0,0.0,1744857063.292128,2022,0.0,11.322829767702219,21.913943204297112,10.380249542526327,10.552499965731496,0.0,0.0,21.27993847766542,0.0
2022-07-15,USDT,85678,3617744830.224415,35873,38248,0.0,0.0,2106658870.237778,2022,0.0,11.35836303371832,22.009116693854775,10.48776807810896,10.551872695122077,0.0,0.0,21.468369056068408,0.0
2022-07-16,USDT,73945,2311177227.449325,31038,30709,0.0,0.0,1269866214.567224,2022,0.0,11.211090376074239,21.5610228543719,10.342999757283348,10.332343613434867,0.0,0.0,20.962177389794995,0.0
2022-07-17,USDT,61268,1790621839.644273,23795,27381,0.0,0.0,931611850.7164918,2022,0.0,11.023029284385268,21.30582879347868,10.077272778307796,10.2176411421937,0.0,0.0,20.652426817787582,0.0
2022-07-18,USDT,91585,3996348295.7902,33819,41640,0.0,0.0,2103203022.647279,2022,0.0,11.425033700553291,22.108646855293298,10.428807622452572,10.636840537810377,0.0,0.0,21.466727269020257,0.0
2022-07-19,USDT,92722,4528518123.817106,35584,42185,0.0,0.0,2513337127.533641,2022,0.0,11.437371832969067,22.23366059815994,10.479679479733372,10.649843691427217,0.0,0.0,21.644877240323673,0.0
2022-07-20,USDT,93386,4001900178.818499,37621,41358,0.0,0.0,2259121932.194282,2022,0.0,11.44450742823412,22.110035130222794,10.535344264652966,10.630045330940309,0.0,0.0,21.538242049599887,0.0
2022-07-21,USDT,87228,3812172399.359744,34275,39636,0.0,0.0,2235181495.817715,2022,0.0,11.376292123415663,22.061465047413446,10.442200679789009,10.587518304449791,0.0,0.0,21.527588268344715,0.0
2022-07-22,USDT,94077,3870185492.216146,40546,40603,0.0,0.0,2431098074.560009,2022,0.0,11.451879504403088,22.07656827390305,10.61021707406934,10.611621862904322,0.0,0.0,21.611608875177023,0.0
2022-07-23,USDT,79170,1813083568.429318,31947,31377,0.0,0.0,964337453.146436,2022,0.0,11.279365349132823,21.31829486221241,10.37186486003728,10.3538622893929,0.0,0.0,20.686951847487958,0.0
2022-07-24,USDT,68914,1456214583.109389,27445,30079,0.0,0.0,661173624.5715182,2022,0.0,11.140629140128539,21.09910615505767,10.219975716829579,10.311615778063777,0.0,0.0,20.309527034385255,0.0
2022-07-25,USDT,92948,3361450338.771876,37331,41936,0.0,0.0,1733912914.150667,2022,0.0,11.43980623461942,21.935638366529634,10.527606146685637,10.643923771139239,0.0,0.0,21.2736464921005,0.0
2022-07-26,USDT,126813,3795540798.301936,71998,42431,0.0,0.0,2153696659.511382,2022,0.0,11.750476724985154,22.057092740751266,11.184407509012852,10.655658073545535,0.0,0.0,21.490451579631543,0.0
2022-07-27,USDT,120584,3617819620.119129,64756,41174,0.0,0.0,1921629077.746029,2022,0.0,11.70011017743017,22.0091373667118,11.078397081826632,10.62558655504584,0.0,0.0,21.376439141745244,0.0
2022-07-28,USDT,98479,3980881636.149713,38488,42945,0.0,0.0,2165004949.91193,2022,0.0,11.497608760858336,22.104769148583305,10.55812776516606,10.667698791527078,0.0,0.0,21.495688485193597,0.0
2022-07-29,USDT,99362,3204598879.243045,39884,42695,0.0,0.0,1710050466.062612,2022,0.0,11.506535089948214,21.88785276511624,10.59375559234523,10.66186051801378,0.0,0.0,21.259788719927595,0.0
2022-07-30,USDT,83082,1769220025.944507,30884,38021,0.0,0.0,930267936.885936,2022,0.0,11.327595387111819,21.293804623668574,10.33802590813,10.545920218551572,0.0,0.0,20.650983207870922,0.0
2022-07-31,USDT,80205,1437753499.092682,36268,32757,0.0,0.0,768199851.2931229,2022,0.0,11.292353604023836,21.08634766297888,10.498718660901549,10.396902486042325,0.0,0.0,20.459560481599468,0.0
2022-08-01,USDT,108790,3467973452.652123,52680,45051,0.0,0.0,1989946245.118677,2022,0.0,11.597183889394207,21.96683624117916,10.872010138213119,10.715572657167588,0.0,0.0,21.411373463317318,0.0
2022-08-02,USDT,131782,3016838091.56884,74028,42950,0.0,0.0,1340727512.406657,2022,0.0,11.788911909423438,21.8274751306415,11.212212187308628,10.667815210028436,0.0,0.0,21.016478224033975,0.0
2022-08-03,USDT,133882,2766817710.077269,74188,47663,0.0,0.0,1391162649.858653,2022,0.0,11.804721563200886,21.740963655955913,11.214371170187217,10.771931674953063,0.0,0.0,21.05340567393512,0.0
2022-08-04,USDT,103382,2600700253.379594,49909,42318,0.0,0.0,1338187066.63638,2022,0.0,11.546195817481623,21.679046574318946,10.817976662463655,10.652991436763397,0.0,0.0,21.014581600267174,0.0
2022-08-05,USDT,98947,2833167961.374682,44792,41641,0.0,0.0,1505395148.297038,2022,0.0,11.502349738598044,21.7646613438505,10.709807156194774,10.63686455231514,0.0,0.0,21.132321258357468,0.0
2022-08-06,USDT,86409,1183289622.61487,42677,34532,0.0,1.0,515324814.3122289,2022,-1.0,11.366858688835444,20.891564213293158,10.66143884396157,10.449670667583172,0.0,0.6931471805599453,20.060307969158597,-0.6931471805599453
2022-08-07,USDT,84368,1265169091.697406,47656,29060,0.0,0.0,721376994.1897948,2022,0.0,11.342955314535205,20.958471620309368,10.771784802805005,10.277152348094495,0.0,0.0,20.39667243680658,0.0
2022-08-08,USDT,95635,2985924680.422575,39609,43304,0.0,0.0,1535659541.30039,2022,0.0,11.468304597192825,21.817175311841254,10.586836890615963,10.676023380765145,0.0,0.0,21.15222579495524,0.0
2022-08-09,USDT,90885,3006578390.257511,36388,41785,0.0,0.0,1548181589.370539,2022,0.0,11.41736125290244,21.824068522029645,10.502021810151676,10.640316634182197,0.0,0.0,21.160346911675,0.0
2022-08-10,USDT,92261,3870770137.93499,36225,43042,0.0,0.0,2195101022.888387,2022,0.0,11.432387634743748,22.07671932649855,10.497532372052861,10.669954895008782,0.0,0.0,21.509493906964966,0.0
2022-08-11,USDT,92378,3836490554.423606,35465,43993,0.0,0.0,2176936410.945158,2022,0.0,11.433654959072143,22.067823867810063,10.476329770052425,10.691808539965669,0.0,0.0,21.50118440974382,0.0
2022-08-12,USDT,95813,2726402930.744923,39302,44619,0.0,0.0,1274276757.594271,2022,0.0,11.470164091068922,21.726248969915932,10.57905613082178,10.705937467986523,0.0,0.0,20.965644606449338,0.0
2022-08-13,USDT,83331,1974879938.415247,35932,34621,0.0,0.0,1039672755.993223,2022,0.0,11.330587908048273,21.403773443282205,10.48941137230805,10.452244597136675,0.0,0.0,20.76217184384759,0.0
2022-08-14,USDT,77838,1336308747.450413,33846,32030,0.0,0.0,595809327.2860928,2022,0.0,11.262397869912,21.013176984501104,10.429605648120413,10.374459462846412,0.0,0.0,20.205431254861562,0.0
2022-08-15,USDT,94391,3412654329.539642,39113,41885,0.0,0.0,1900025774.736453,2022,0.0,11.455211602779755,21.95075622150143,10.574235738152595,10.642706921198457,0.0,0.0,21.365133289203868,0.0
2022-08-16,USDT,91536,3424999028.559711,38079,41869,0.0,0.0,2051300506.371054,2022,0.0,11.424498541112156,21.95436702532033,10.5474444889053,10.64232485901319,0.0,0.0,21.441739822793558,0.0
2022-08-17,USDT,96983,3413396725.45281,41420,41405,0.0,0.0,1883273301.272743,2022,0.0,11.482301295426419,21.950973739920173,10.631543277584262,10.631181076848657,0.0,0.0,21.356277218029206,0.0
2022-08-18,USDT,91717,2806859349.144571,40104,39760,0.0,14.0,1423147909.145507,2022,-14.0,11.426473931239112,21.755332026246602,10.599256293801025,10.590641811359664,0.0,2.70805020110221,21.076137093129997,-2.70805020110221
2022-08-19,USDT,106868,4486025574.294771,40803,45542,0.0,0.0,2688812090.765357,2022,0.0,11.579359064312255,22.224232974163883,10.61653539480241,10.726412213600824,0.0,0.0,21.712365331451252,0.0
2022-08-20,USDT,80708,2687885740.488798,33203,32702,0.0,0.0,1736497312.795744,2022,0.0,11.298605372203252,21.712020751817263,10.410425629574926,10.395222095796468,0.0,0.0,21.27513588324006,0.0
2022-08-21,USDT,76219,2042508037.077539,33025,29522,0.0,0.0,1229313394.627779,2022,0.0,11.241379174427852,21.437444320101967,10.405050409022934,10.292924899567096,0.0,0.0,20.92972163553401,0.0
2022-08-22,USDT,89413,3246485138.917496,34077,40661,0.0,0.0,1643323394.48357,2022,0.0,11.401032548453749,21.900838752639903,10.436407293775185,10.613049274364167,0.0,0.0,21.219986488941533,0.0
2022-08-23,USDT,91987,3161521915.271271,35883,40301,0.0,0.0,1607801545.323336,2022,0.0,11.429413412741212,21.874319367677177,10.488046792679175,10.60415637449492,0.0,0.0,21.19813358362116,0.0
2022-08-24,USDT,87124,3141284850.984782,34801,38710,0.0,0.0,1733176112.812576,2022,0.0,11.375099148062825,21.867897741701963,10.457430135375523,10.563879076356082,0.0,0.0,21.273221466182196,0.0
2022-08-25,USDT,85812,4108226697.445189,34531,39356,0.0,0.0,2778335756.860716,2022,0.0,11.359925789150308,22.13625731211649,10.449641709355413,10.58042912874914,0.0,0.0,21.745117937136005,0.0
2022-08-26,USDT,93681,3403937363.793218,35016,42172,0.0,0.0,1889415752.354763,2022,0.0,11.447661347317831,21.94819864701622,10.463588936836263,10.649535484831526,0.0,0.0,21.359533493019796,0.0
2022-08-27,USDT,77096,2175809011.26789,29806,33609,0.0,0.0,1382770442.998923,2022,0.0,11.25281964828855,21.50066639199061,10.302498544237826,10.422578920719152,0.0,0.0,21.04735489175882,0.0
2022-08-28,USDT,66348,2107603910.721888,26878,28824,0.0,0.0,1440861098.85781,2022,0.0,11.102683968056724,21.46881755230541,10.199100591564108,10.268998345137259,0.0,0.0,21.088506757824298,0.0
2022-08-29,USDT,91138,4195318974.174751,35207,42506,0.0,0.0,2807109031.035978,2022,0.0,11.420141092626892,22.15723521096532,10.469028608490927,10.657424047232336,0.0,0.0,21.755420976477374,0.0
2022-08-30,USDT,94565,2923261612.325617,36055,44362,0.0,0.0,1389694684.862941,2022,0.0,11.457053282403596,21.7959658207214,10.492828564370484,10.700161067671738,0.0,0.0,21.052349909504002,0.0
2022-08-31,USDT,94833,3135295926.549254,36303,44582,0.0,0.0,1581940476.377423,2022,0.0,11.45988327373268,21.865989401328942,10.499683207019624,10.705107899426679,0.0,0.0,21.181918080664584,0.0
2022-09-01,USDT,100221,2852168309.875617,41452,46008,0.0,0.0,1360408723.733381,2022,0.0,11.515143004411183,21.771345352790668,10.632315534301455,10.736592308507754,0.0,0.0,21.0310510244356,0.0
2022-09-02,USDT,92019,2858644403.562792,36514,43073,0.0,0.0,1466030874.754097,2022,0.0,11.429761223709459,21.773613364993444,10.50547841405421,10.670674845804538,0.0,0.0,21.10582450141289,0.0
2022-09-03,USDT,73463,1312029782.258313,32290,31834,0.0,0.0,641282560.6851971,2022,0.0,11.204550769293357,20.994841227864853,10.382543832613134,10.368321592451126,0.0,0.0,20.278980731616517,0.0
2022-09-04,USDT,62155,1867483369.82232,24464,29408,0.0,0.0,1294183765.598523,2022,0.0,11.037402632906625,21.347857570418785,10.104998803723223,10.289056028929835,0.0,0.0,20.981146037314925,0.0
2022-09-05,USDT,89952,2396598006.315846,36487,43289,0.0,0.0,1206667491.046074,2022,0.0,11.407042590684664,21.597316071749376,10.504738718391536,10.675676940436027,0.0,0.0,20.911128258131832,0.0
2022-09-06,USDT,99948,3862908104.336919,38403,46102,0.0,0.0,2339115725.196403,2022,0.0,11.512415334875994,22.07468613192848,10.555916899817515,10.738633302789303,0.0,0.0,21.57303880010793,0.0
2022-09-07,USDT,98403,3701056371.928217,38104,45330,0.0,0.03,2091422763.731124,2022,-0.03,11.496836732620643,22.031884122044268,10.548100786100218,10.721746404137187,0.0,0.0295588022415444,21.461110419994032,-0.0295588022415444
2022-09-08,USDT,91782,3559764777.818672,36166,43646,0.0,0.0,2145850723.823881,2022,0.0,11.427182374274503,21.992960306261867,10.495902379841931,10.683889830383498,0.0,0.0,21.486801919007608,0.0
2022-09-09,USDT,97450,3157954022.335242,37925,46281,0.0,0.0,1624622543.624597,2022,0.0,11.487104966555709,21.873190193882,10.543392171700354,10.742508395585617,0.0,0.0,21.208541345515865,0.0
2022-09-10,USDT,74422,1581353808.105959,30352,33463,0.0,0.0,846256102.335149,2022,0.0,11.217520312832272,21.18154715831272,10.320650638390102,10.418225513122035,0.0,0.0,20.55633259437763,0.0
2022-09-11,USDT,71113,1478422228.724286,27198,32602,0.0,0.0,763739425.8554568,2022,0.0,11.172039502174462,21.114241295078127,10.210935486902368,10.392159587660679,0.0,0.0,20.453737224629812,0.0
2022-09-12,USDT,90704,2827669986.52369,34622,43535,0.0,118.620206,1361662356.400074,2022,-118.620206,11.415367761375423,21.762718883519227,10.452273480088515,10.681343461023028,0.0,4.784321773734975,21.031972111885192,-4.784321773734975
2022-09-13,USDT,102095,4228299918.95961,38329,48080,0.0,0.0,2415115235.638573,2022,0.0,11.533668826108128,22.165065839042022,10.553988158374601,10.780642367661684,0.0,0.0,21.605012839947133,0.0
2022-09-14,USDT,99373,4222471788.093705,39730,45036,0.0,0.0,2534161464.102972,2022,0.0,11.50664578901292,22.163686525533016,10.589887018388692,10.71523965313516,0.0,0.0,21.65312863627194,0.0
2022-09-15,USDT,90387,4301794178.764188,33457,42083,0.0,0.0,2904206301.007771,2022,0.0,11.411866794206256,22.18229802372884,10.418046199891226,10.647422899928179,0.0,0.0,21.78942597202198,0.0
2022-09-16,USDT,98957,2961693972.839458,40851,44099,0.0,0.0,1689053414.65454,2022,0.0,11.502450796676207,21.809027230047068,10.61771105869799,10.694215061434937,0.0,0.0,21.247434099881552,0.0
2022-09-17,USDT,77578,1127381567.93796,29994,33998,0.0,0.0,492765944.3338709,2022,0.0,11.2590520509908,20.843163585188208,10.308785980087194,10.434086391401058,0.0,0.0,20.015544863359622,0.0
2022-09-18,USDT,78184,1385630770.734601,30099,33201,0.0,0.0,782616856.160792,2022,0.0,11.266833092277611,21.049421303763864,10.312280450736967,10.410365394054022,0.0,0.0,20.478153807453396,0.0
2022-09-19,USDT,106126,3246806246.909507,41237,46648,0.0,0.0,1796350162.206594,2022,0.0,11.572391769136894,21.90093765717786,10.62711544034966,10.750406769818508,0.0,0.0,21.30902275620039,0.0
2022-09-20,USDT,96682,3975655047.395772,37055,44396,0.0,0.0,2569770647.370574,2022,0.0,11.479192864538723,22.10345536352524,10.520185560932667,10.700927178569957,0.0,0.0,21.667082489992094,0.0
2022-09-21,USDT,104904,3083457964.9311,41696,45051,0.0,0.0,1517632816.222339,2022,0.0,11.5608104576908,21.84931752036877,10.638184462752868,10.715572657167588,0.0,0.0,21.140417600772953,0.0
2022-09-22,USDT,104016,3293386107.839646,43604,44060,0.0,0.0,1836818515.7818,2022,0.0,11.55230962630359,21.91518208486099,10.682927101661086,10.693330316421973,0.0,0.0,21.33130084503925,0.0
2022-09-23,USDT,103446,2840757665.516768,41125,44430,0.0,0.001,1494651935.473577,2022,-0.001,11.546814683236521,21.767336637523783,10.624395803881464,10.701692702991545,0.0,0.0009995003330835331,21.125159198270325,-0.0009995003330835331
2022-09-24,USDT,80712,2531654170.170471,34221,33601,0.0,0.0,1844471610.683165,2022,0.0,11.298654931742854,21.65213874863399,10.440623991091917,10.422340867989348,0.0,0.0,21.335458684090028,0.0
2022-09-25,USDT,76111,2249239428.227717,32905,32085,0.0,0.0,1677902708.988264,2022,0.0,11.239961218672063,21.53385796456288,10.401410290946595,10.376175076911021,0.0,0.0,21.240810463565758,0.0
2022-09-26,USDT,119257,3002755588.952745,59487,44841,0.0,0.001101,1622386668.942206,2022,-0.001101,11.689044492454304,21.822796234008244,10.99352989052117,10.710900479224417,0.0,0.0011003943440107324,21.20716415506888,-0.0011003943440107324
2022-09-27,USDT,178243,3546835257.081283,114792,47753,0.0,0.0,1941833235.529009,2022,0.0,12.090908677120952,21.989321566235333,11.650885785398758,10.773818112033904,0.0,0.0,21.386898331104135,0.0
2022-09-28,USDT,127133,3241597088.369546,65638,46083,0.0,0.0,1758480546.668922,2022,0.0,11.752996927305087,21.89933197411891,11.091925310474938,10.738221097157945,0.0,0.0,21.287715947928543,0.0
2022-09-29,USDT,110070,3534379678.558731,48589,46340,0.0,0.0,2086611770.851212,2022,0.0,11.608880891103814,21.985803641280963,10.79117302739995,10.743782377382361,0.0,0.0,21.458807425624716,0.0
2022-09-30,USDT,119423,3252596861.663112,55516,49073,0.0,0.0,1822215509.390387,2022,0.0,11.690435464766962,21.90271954889538,10.924444559138633,10.80108464196303,0.0,0.0,21.323318911111212,0.0
2022-10-01,USDT,98955,1616712271.860715,47221,38781,0.0,0.0,972095552.4275876,2022,0.0,11.502430585877576,21.203660462846734,10.762615164676909,10.565711500442564,0.0,0.0,20.694964663588458,0.0
2022-10-02,USDT,88529,1557120862.356996,33296,38201,0.0,0.0,913868714.2617416,2022,0.0,11.391096756605094,21.16610435257681,10.413222581820088,10.550643149245081,0.0,0.0,20.63319748153235,0.0
2022-10-03,USDT,119082,3151653396.685351,54147,50705,0.0,0.0,1892599836.938214,2022,0.0,11.687576007959835,21.87119304023243,10.899476317305677,10.833799525772537,0.0,0.0,21.361217296409222,0.0
2022-10-04,USDT,120001,3068420083.175927,48216,53678,0.0,0.0,1656852051.255253,2022,0.0,11.695263688291963,21.844428635516174,10.783466934951127,10.89077714255997,0.0,0.0,21.22818528489596,0.0
2022-10-05,USDT,105971,2806713239.455486,36859,51891,0.0,0.0,1483203832.408154,2022,0.0,11.570930187256803,21.755279970381373,10.514882231223813,10.856919914690904,0.0,0.0,21.11747033732495,0.0
2022-10-06,USDT,113658,4087542501.689427,42404,55778,0.0,0.0,2616651398.553785,2022,0.0,11.640958016642427,22.131209771327203,10.6550215587958,10.929152733448172,0.0,0.0,21.685161245490164,0.0
2022-10-07,USDT,112565,3010899804.509223,39791,56269,0.0,0.0,1678470929.858161,2022,0.0,11.631294995271666,21.825504809741307,10.591421166043187,10.937916812427325,0.0,0.0,21.24114905571081,0.0
2022-10-08,USDT,101501,1960112785.946114,51439,42154,0.0,0.0,1327305308.895929,2022,0.0,11.527833781703347,21.396267852893487,10.8481713589115,10.649108580356776,0.0,0.0,21.006416641112747,0.0
2022-10-09,USDT,72477,1195045466.057777,32478,34962,0.0,0.0,587974854.8285462,2022,0.0,11.19103834651716,20.90145006935318,10.388349005624308,10.462045638444781,0.0,0.0,20.19219474275222,0.0
2022-10-10,USDT,86816,2545792008.412621,34122,45959,0.0,3.862538,1396133830.211359,2022,-3.862538,11.3715577340064,21.657707640662327,10.437726922711134,10.735526731962691,0.0,1.581560523824054,21.0569727043215,-1.581560523824054
2022-10-11,USDT,102193,3804090333.873539,41537,50688,0.0,0.0,2477890139.557292,2022,0.0,11.534628246613462,22.059342728685536,10.63436394990608,10.833464203514847,0.0,0.0,21.630673285255046,0.0
2022-10-12,USDT,96784,2603978417.53154,38939,49430,0.0,0.0,1357611049.048567,2022,0.0,11.480247302579645,21.68030627344408,10.56977727892619,10.808333036725541,0.0,0.0,21.028992411250524,0.0
2022-10-13,USDT,115891,4189463423.315061,42459,60243,0.0,47.297312,2633978011.07243,2022,-47.297312,11.660414001923936,22.155838501657286,10.656317735257247,11.00615826133174,0.0,3.877375906935974,21.691761092500094,-3.877375906935974
2022-10-14,USDT,125047,3616388690.241853,43319,73293,0.0,7344.3916,2253028104.46857,2022,-7344.3916,11.736452942575307,22.008741765746457,10.676369701114927,11.202234029135594,0.0,8.901828402367169,21.53554097300516,-8.901828402367169
2022-10-15,USDT,89960,1878757723.997235,40797,42063,0.0,0.0,1292383079.376198,2022,0.0,11.407131522063048,21.35387661079798,10.61638833958291,10.646947546969663,0.0,0.0,20.979753700198,0.0
2022-10-16,USDT,73438,1023232840.096664,29367,36128,0.0,0.0,467881199.8963661,2022,0.0,11.204210408643931,20.746232904172647,10.28766092517667,10.494851145928589,0.0,0.0,19.963724977419485,0.0
2022-10-17,USDT,99945,3408352332.048725,38754,49416,0.0,0.0,2094962116.975533,2022,0.0,11.512385319117719,21.949494824680254,10.565015058715613,10.808049773531675,0.0,0.0,21.462801308045112,0.0
2022-10-18,USDT,99992,3408363968.900903,39697,50369,0.0,0.0,1888657452.715406,2022,0.0,11.512855462520115,21.94949823889075,10.589056087572523,10.827151038739697,0.0,0.0,21.35913207165606,0.0
2022-10-19,USDT,97889,3197179987.653636,39713,49614,0.0,13.0,1803148507.361984,2022,-13.0,11.491599678255476,21.885535004674168,10.589459049346978,10.812048486348342,0.0,2.6390573296152584,21.312800145142187,-2.6390573296152584
2022-10-20,USDT,141977,2905764806.824139,50078,90166,0.0,0.0,1581359071.369377,2022,0.0,11.863427395003106,21.78996246551714,10.821357037523498,11.4094187854514,0.0,0.0,21.181550486634713,0.0
2022-10-21,USDT,121204,3821494687.471882,52695,61440,0.0,0.0,2376106921.962414,2022,0.0,11.705238605891836,22.063907462739635,10.872294830320529,11.025832643730768,0.0,0.0,21.58872923868109,0.0
2022-10-22,USDT,75335,1494634672.618267,31799,37244,0.0,0.0,826699688.6056801,2022,0.0,11.2297133871899,21.125147648454224,10.367221568768269,10.525272986610377,0.0,0.0,20.532952054760973,0.0
2022-10-23,USDT,74498,1519422236.086666,31340,35362,0.0,0.0,873089711.6725533,2022,0.0,11.218540981458773,21.141595992365726,10.352682423505618,10.473421354781692,0.0,0.0,20.587548872181046,0.0
2022-10-24,USDT,104696,3364940388.687387,47584,48712,0.0,0.0,1992124011.847973,2022,0.0,11.558825743152985,21.93667608508304,10.770272864506444,10.793701213900164,0.0,0.0,21.412467249616796,0.0
2022-10-25,USDT,107299,4536386130.360518,41685,51601,0.0,0.0,2777348489.322302,2022,0.0,11.58338392861879,22.235396525710165,10.637920620001616,10.85131571040844,0.0,0.0,21.744762529051346,0.0
2022-10-26,USDT,111516,3888616961.224526,42594,53141,0.0,603.895065,2072859297.680287,2022,-603.895065,11.621932324628208,22.081319394655402,10.659492154476942,10.880722855037638,0.0,6.405054996706304,21.452194794811604,-6.405054996706304
2022-10-27,USDT,109392,3526421678.185731,44259,50094,0.0,394.82496,1960705521.0064,2022,-394.82496,11.602702181548095,21.9835495051459,10.697836613605041,10.821676481693363,0.0,5.980972093332734,21.396570205626052,-5.980972093332734
2022-10-28,USDT,105810,3638052064.277935,42144,50848,0.0,2044.255642,2157724405.300657,2022,-2044.255642,11.56940976275611,22.014714228451187,10.648871332431582,10.83661573559995,0.0,7.623278068976973,21.492319987703304,-7.623278068976973
2022-10-29,USDT,98626,2752263619.814479,39109,42983,0.0,0.360639,1706385063.321366,2022,-0.360639,11.499100336776529,21.735689544876827,10.57413346774956,10.668583232408658,0.0,0.30795444234280694,21.257642972341294,-0.30795444234280694
2022-10-30,USDT,91602,2110997933.544192,36941,40107,0.0,0.0,1356138899.288641,2022,0.0,11.42521930121762,21.470426627386818,10.517104394139265,10.599331094643816,0.0,0.0,21.027907455059808,0.0
2022-10-31,USDT,115293,5555764598.186907,49248,52578,0.0,3.714066,3930189543.527296,2022,-3.714066,11.6552406667418,22.438101892184072,10.804644341825567,10.87007207946475,0.0,1.5505508052644648,22.09195349182416,-1.5505508052644648
2022-11-01,USDT,17828,827013760.0697067,8160,9198,0.0,0.0,618206859.148756,2022,0.0,9.788581624034771,20.533331892595243,9.007121989469242,9.126850061477157,0.0,0.0,20.242333684573797,0.0
2023-02-01,USDT,180297,3983577706.594191,58462,100975,0.0,0.0,2052948346.044241,2023,0.0,12.10236631650648,22.105446173960864,10.976149354488483,11.52263814382402,0.0,0.0,21.44254281492205,0.0
2023-02-02,USDT,180576,5114191323.831899,59268,99759,0.0,0.0,2933400403.329014,2023,0.0,12.103912558588018,22.355285125088983,10.989841682697591,11.510522580353918,0.0,0.0,21.799428134613223,0.0
2023-02-03,USDT,156330,4355852957.087343,51852,87368,0.0,0.0,2545259749.325405,2023,0.0,11.959730833275788,22.19478628526908,10.856168071193151,11.377895807650354,0.0,0.0,21.657498544737052,0.0
2023-02-04,USDT,139185,2118114622.154422,46251,78862,0.0,0.0,1126875041.428071,2023,0.0,11.843566447111836,21.473792201242205,10.741859985248853,11.27546744880796,0.0,0.0,20.842714189572945,0.0
2023-02-05,USDT,134223,2113812620.945542,47479,71279,0.0,0.0,1104711294.375039,2023,0.0,11.807265325086076,21.471759083732564,10.768063848723605,11.17437106214469,0.0,0.0,20.822849866625063,0.0
2023-02-06,USDT,181510,4669898242.240864,53393,106921,0.0,0.0,2768580018.012936,2023,0.0,12.109071536911175,22.264403118933906,10.885453659084916,11.579854875652169,0.0,0.0,21.741600397191554,0.0
2023-02-07,USDT,217166,7195353521.135663,62331,123722,0.0,0.0,5196409477.099782,2023,0.0,12.288421921797166,22.69670131049643,11.040230216565504,11.72580047480764,0.0,0.0,22.371233739058436,0.0
2023-02-08,USDT,222194,4321826891.938078,57506,126149,0.0,0.0,2430631589.932655,2023,0.0,12.311310653684263,22.186944041692673,10.95966195850627,11.745226954069203,0.0,0.0,21.611416974491142,0.0
2023-02-09,USDT,225265,4814925190.832528,57735,118660,0.0,0.0,2695126753.782304,2023,0.0,12.325037205134377,22.294986345592427,10.963636174752109,11.684025967216867,0.0,0.0,21.714711073515737,0.0
2023-02-10,USDT,293550,4700342014.588894,57178,123495,0.0,0.0,2751329235.129878,2023,0.0,12.589806668061218,22.270901112289103,10.953941977090986,11.723964045861678,0.0,0.0,21.735349990437438,0.0
2023-02-11,USDT,225738,2135924708.79639,47548,88865,0.0,0.0,1125973251.973028,2023,0.0,12.327134743624727,21.482165509200463,10.769516037258176,11.394884896155027,0.0,0.0,20.841913612361378,0.0
2023-02-12,USDT,212493,1690343456.045088,40981,83323,0.0,0.0,890438896.407648,2023,0.0,12.266669031653867,21.248197574253936,10.620888224896778,11.330491901903805,0.0,0.0,20.607225042289997,0.0
2023-02-13,USDT,222887,9385223944.508228,75474,103501,0.0,0.0,6256659335.465994,2023,0.0,12.314424682123954,22.962402368768196,11.23155675457504,11.54734621517236,0.0,0.0,22.556912227293612,0.0
2023-02-14,USDT,222976,6298485064.87884,91980,94915,0.0,0.0,3651299131.208966,2023,0.0,12.31482390610961,22.56357497569386,11.429337312963495,11.460747568911648,0.0,0.0,22.018348867846548,0.0
2023-02-15,USDT,199552,5174698231.270692,65645,92896,0.0,3.0,2843967911.907795,2023,-3.0,12.203835144189982,22.3670468617929,11.092031948704845,11.439246631492562,0.0,1.3862943611198906,21.768466066442535,-1.3862943611198906
2023-02-16,USDT,209132,6348451724.683389,71744,96332,0.0,0.0,3709503672.712358,2023,0.0,12.250725692189832,22.571476797394393,11.180873444782508,11.47556621821286,0.0,0.0,22.0341639239458,0.0
2023-02-17,USDT,219823,4848437930.002867,60439,89329,0.0,0.0,2709528413.420727,2023,0.0,12.30058250516373,22.30192241393628,11.009406416386676,11.400092656695884,0.0,0.0,21.720040439876417,0.0
2023-02-18,USDT,406902,2447944451.329348,45358,66810,0.0,412.0,1316259305.417422,2023,-412.0,12.916330106781476,21.61851451029711,10.72236389230324,11.109623016626696,0.0,6.023447592961033,20.998059691790065,-6.023447592961033
2023-02-19,USDT,110291,1592773507.494654,42156,52138,0.0,0.0,636916611.386076,2023,0.0,11.61088667314611,21.188742678540947,10.649156023188173,10.861668508170467,0.0,0.0,20.272149298195146,0.0
2023-02-20,USDT,143954,2909574958.396887,55458,71133,0.0,0.0,1146921207.73083,2023,0.0,11.877256029719838,21.791272845398783,10.923399287993865,11.17232070120899,0.0,0.0,20.860346979387007,0.0
2023-02-21,USDT,181453,3793240917.066921,65848,79219,0.0,0.0,1892119906.519025,2023,0.0,12.108757457038633,22.05648661413145,11.095119521027264,11.279984071175909,0.0,0.0,21.360963681635056,0.0
2023-02-22,USDT,249204,4261715312.745895,66427,85939,0.0,0.0,2285585715.900737,2023,0.0,12.42603112989961,22.17293757199249,11.103873933326645,11.361404657328986,0.0,0.0,21.549888159692927,0.0
2023-02-23,USDT,371584,3550248847.212846,61698,85908,0.0,0.0,1700334925.944995,2023,0.0,12.825532919122162,21.990283536065103,11.030023002306708,11.361043875475891,0.0,0.0,21.254091084453506,0.0
2023-02-24,USDT,146814,4384701817.571363,52675,68969,0.0,0.0,2510464667.625051,2023,0.0,11.89692856977906,22.20138746013263,10.871915222830111,11.141426906425338,0.0,0.0,21.643733699898476,0.0
2023-02-25,USDT,113083,1577346784.889705,43106,52162,0.0,0.0,613731348.089376,2023,0.0,11.635886184369035,21.17901002302864,10.671440675897315,10.862128710284015,0.0,0.0,20.235067848162185,0.0
2023-02-26,USDT,108421,1465135710.566368,39284,50212,0.0,0.0,684161641.678514,2023,0.0,11.593786299425226,21.105213711006485,10.578598045609922,10.824029236297822,0.0,0.0,20.34370476737315,0.0
2023-02-27,USDT,149366,3553125626.247962,53336,71784,0.0,0.0,1789001908.903263,2023,0.0,11.914161643748356,21.991093511437327,10.884385553184682,11.181430819561795,0.0,0.0,21.304923709053902,0.0
2023-02-28,USDT,155283,3836270564.90653,55246,76861,0.0,0.0,1892901858.257719,2023,0.0,11.95301097742868,22.06776652482397,10.91956931926324,11.249766885117783,0.0,0.0,21.361376863803088,0.0
2023-03-01,USDT,149588,3971101635.854015,53394,74318,0.0,0.0,2061730765.999739,2023,0.0,11.91564681240733,22.102309383543613,10.885472387605645,11.216121918068886,0.0,0.0,21.446811645151016,0.0
2023-03-02,USDT,147529,4730074887.779245,53117,71934,0.0,0.0,2816625555.749156,2023,0.0,11.901786823911612,22.277206872047802,10.880271132839104,11.183518212471133,0.0,0.0,21.758805394303888,0.0
2023-03-03,USDT,159454,6177394748.824792,60066,75434,0.0,0.0,3976923795.223049,2023,0.0,11.97951702973897,22.54416245801695,11.003215884862435,11.231026637274175,0.0,0.0,22.103774441867706,0.0
2023-03-04,USDT,110108,8279526656.138612,41451,50854,0.0,0.0,7396021717.564393,2023,0.0,11.609226063239133,22.83705163669724,10.632291410304108,10.836733725059696,0.0,0.0,22.724208086995425,0.0
2023-03-05,USDT,102916,1825383585.950758,37232,48683,0.0,0.0,1028421795.306317,2023,0.0,11.541678117117366,21.325055986525722,10.52495074379763,10.793105712994448,0.0,0.0,20.75129122751717,0.0
2023-03-06,USDT,144534,4669407486.976759,52631,68255,0.0,0.0,2617523978.569912,2023,0.0,11.881276971738291,22.264298024341507,10.871079578765833,11.131020621271077,0.0,0.0,21.685494661916252,0.0
2023-03-07,USDT,149184,5217044480.156406,52882,70599,0.0,0.0,3004106368.205342,2023,0.0,11.912942425504665,22.37519688714476,10.87583720514026,11.164785423481334,0.0,0.0,21.823245979410938,0.0
2023-03-08,USDT,144658,3936766647.817855,53662,66496,0.0,0.0,2084646342.197307,2023,0.0,11.882134527618422,22.09362557583259,10.890479029983002,11.104912112844378,0.0,0.0,21.457865058240515,0.0
2023-03-09,USDT,170285,4707624682.863793,63296,77002,0.0,0.0,2311647883.248671,2023,0.0,12.04523465540306,22.272449304361245,11.055593213644238,11.25159966111582,0.0,0.0,21.56122647695744,0.0
2023-03-10,USDT,202397,9910989804.596708,67252,92007,0.0,0.0,5395933942.37505,2023,0.0,12.2179913349237,23.01691005977563,11.116216906134532,11.429630808772417,0.0,0.0,22.408911533440683,0.0
2023-03-11,USDT,262745,26383148522.50504,62155,85306,0.0,0.0,11784516477.905888,2023,0.0,12.478943065026742,23.995991329786285,11.037402632906625,11.35401179341874,0.0,0.0,23.19005234397401,0.0
2023-03-12,USDT,180054,11066935750.565876,54797,67039,0.0,0.0,5531208950.420397,2023,0.0,12.10101763875531,23.127227738805672,10.911408975919734,11.113044735155965,0.0,0.0,22.433672245480846,0.0
2023-03-13,USDT,243361,12520779086.43534,73991,100940,0.0,20.06,6674391068.578139,2023,-20.06,12.4023053257368,23.250655428113255,11.211712258234096,11.522291466720553,0.0,3.0473755067058295,22.621543811540057,-3.0473755067058295
2023-03-14,USDT,221437,10105319537.528198,79827,93415,0.0,0.0,6055260468.667482,2023,0.0,12.307897919578748,23.03632780912571,11.287629599087875,11.44481791575555,0.0,0.0,22.524193230312374,0.0
2023-03-15,USDT,194579,8565040169.509378,67690,85607,0.0,0.0,5150123256.539839,2023,0.0,12.17859866852942,22.87095465878848,11.122708510624436,11.357534015706838,0.0,0.0,22.362286484838535,0.0
2023-03-16,USDT,189076,8409966598.330975,62913,88913,0.0,0.0,5517600463.591159,2023,0.0,12.149909618481322,22.852683339381286,11.049523993438969,11.395424889418234,0.0,0.0,22.431208904283025,0.0
2023-03-17,USDT,201054,9033861216.188778,78773,83197,0.0,0.0,5826274267.350094,2023,0.0,12.211333781451644,22.924245711783733,11.274338272162165,11.328978588058833,0.0,0.0,22.48564357098906,0.0
2023-03-18,USDT,154199,4123145258.450606,57592,64168,0.0,0.0,2295207048.882742,2023,0.0,11.946005740111366,22.139882121544765,10.961156311521107,11.069275507017089,0.0,0.0,21.554088894203367,0.0
2023-03-19,USDT,129507,2704696110.908798,48377,54766,0.0,0.0,1148567237.574938,2023,0.0,11.771497934275443,21.71825539983179,10.786800443913076,10.910843101765995,0.0,0.0,20.861781123068425,0.0
2023-03-20,USDT,194619,7669507290.059577,79245,78699,0.0,0.0,4714038480.012062,2023,0.0,12.17880421837598,22.760518211808428,11.280312217279594,11.273398434405495,0.0,0.0,22.27381080456069,0.0
2023-03-21,USDT,178805,6532573214.748703,62304,82958,0.0,0.0,3929746497.583599,2023,0.0,12.094056698205506,22.600066763217963,11.039796958376968,11.326101788828831,0.0,0.0,22.091840756569894,0.0
2023-03-22,USDT,177403,6886342266.469678,59822,83249,0.0,0.0,3913318127.848948,2023,0.0,12.086184896517734,22.652805905458994,10.999145481377802,11.32960340784269,0.0,0.0,22.087651477368052,0.0
2023-03-23,USDT,184238,6912744806.900169,66239,84904,0.0,0.5,4071084857.63173,2023,-0.5,12.123989106776841,22.656632618415525,11.101039789059142,11.349288263380402,0.0,0.4054651081081644,22.12717535091513,-0.4054651081081644
2023-03-24,USDT,167138,7301994555.628174,57071,77051,0.0,0.0,4910080091.014586,2023,0.0,12.026581080529272,22.711413374716443,10.952068907598672,11.252235797582049,0.0,0.0,22.314556090639066,0.0
2023-03-25,USDT,124236,2843644818.253024,43897,56324,0.0,0.0,1657667070.11182,2023,0.0,11.72994631071841,21.768352453343212,10.6896240399389,10.938893765300445,0.0,0.0,21.22867707199548,0.0
2023-03-26,USDT,117557,2542830264.473976,41390,52049,0.0,0.0,1426817086.513687,2023,0.0,11.674687107798821,21.656543575375853,10.630818744876143,10.859960074043116,0.0,0.0,21.078711987487253,0.0
2023-03-27,USDT,168670,6314915702.426507,54076,79417,0.0,0.0,3813398606.534948,2023,0.0,12.035705350971071,22.566180244033724,10.89816423580536,11.282480321794496,0.0,0.0,22.061786651444017,0.0
2023-03-28,USDT,166558,5069585233.224221,55046,79354,0.0,0.0,2598901882.342994,2023,0.0,12.023104879988313,22.346524843357738,10.915942644753063,11.281686735941658,0.0,0.0,21.678354840197496,0.0
2023-03-29,USDT,153743,5160025805.343834,59560,71071,0.0,0.0,2897207671.848834,2023,0.0,11.943044160517049,22.3642074176568,10.994756276448804,11.171448726694154,0.0,0.0,21.787013238648925,0.0
2023-03-30,USDT,150961,5583540616.804974,57598,70526,0.0,0.0,3355801461.315135,2023,0.0,11.924783428497332,22.44308893143725,10.961260485422166,11.163750894206132,0.0,0.0,21.93395646477731,0.0
2023-03-31,USDT,170772,4935621841.535187,70275,76275,0.0,0.0,2695145488.832279,2023,0.0,12.048090468215413,22.319744508486433,11.160185625484944,11.242113619954518,0.0,0.0,21.714718024945693,0.0
2023-04-01,USDT,118785,2415812501.51256,44304,57040,0.0,0.0,1306718238.33739,2023,0.0,11.685078833848555,21.605301507431506,10.698852816481402,10.951525586491304,0.0,0.0,20.990784670182453,0.0
2023-04-02,USDT,108913,2024258227.621587,39160,53426,0.0,0.0,992900817.554773,2023,0.0,11.598313858968517,21.428469163544634,10.575436632579894,10.886071515144115,0.0,0.0,20.716141336411553,0.0
2023-04-03,USDT,148197,5359401952.61292,55073,71151,0.0,0.0,2838231996.473109,2023,0.0,11.906304496476409,22.402118229985593,10.916433014447145,11.172573712750477,0.0,0.0,21.76644715916245,0.0
2023-04-04,USDT,141681,5257712283.508494,54997,67912,0.0,0.0,2871474933.295408,2023,0.0,11.861340388675545,22.38296184218837,10.915052099917071,11.125982753247548,0.0,0.0,21.77809164909781,0.0
2023-04-05,USDT,135635,4950380096.186125,51631,64514,0.0,0.0,2759929263.104754,2023,0.0,11.81773010597873,22.322730197889342,10.851896914291743,11.074653033885946,0.0,0.0,21.73847088739949,0.0
2023-04-06,USDT,129868,4152215783.708973,51017,60742,0.0,5.0,2180130730.937735,2023,-5.0,11.77428152906679,22.146907952728558,10.839933790613847,11.014407128226281,0.0,1.791759469228055,21.50265068072813,-1.791759469228055
2023-04-07,USDT,118640,2686737981.450182,47387,55602,0.0,0.0,1184233131.625463,2023,0.0,11.68385740563671,21.71159364878084,10.76612431107465,10.925992435617589,0.0,0.0,20.892361256580752,0.0
2023-04-08,USDT,94331,2096657225.165394,36721,43352,0.0,0.0,1116229374.330546,2023,0.0,11.454575753581757,21.463610116356694,10.511131309482133,10.67713118396644,0.0,0.0,20.833222213236734,0.0
2023-04-09,USDT,90474,1607510809.370777,36669,41346,0.0,0.0,725644990.97756,2023,0.0,11.412828848431943,21.197952739011928,10.50971426106537,10.62975514642929,0.0,0.0,20.40257146142716,0.0
2023-04-10,USDT,129153,3934927017.577397,50454,61416,0.0,0.0,1999121178.789564,2023,0.0,11.768760769782661,22.093158171903607,10.828837128898629,11.025441948777157,0.0,0.0,21.415973510832227,0.0
2023-04-11,USDT,141295,5004423390.191897,55524,66905,0.0,0.0,2620091069.266378,2023,0.0,11.858612259708583,22.333588036521746,10.924588648762628,11.111043928193418,0.0,0.0,21.68647491375897,0.0
2023-04-12,USDT,138303,4504876875.721683,52469,63553,0.0,0.0,2328167717.953958,2023,0.0,11.837209439866557,22.228426397271786,10.867996856680758,11.059645217201709,0.0,0.0,21.56834740844475,0.0
2023-04-13,USDT,134489,4711711671.209272,51584,62978,0.0,0.0,2552637146.229966,2023,0.0,11.809245125817595,22.273317091315118,10.850986211534476,11.050556616472432,0.0,0.0,21.660392837110088,0.0
2023-04-14,USDT,148336,5113862292.326797,55327,68127,0.0,45.5,2669873173.988105,2023,-45.5,11.90724199127588,22.355220786062713,10.921034388483017,11.129143567693205,0.0,3.8394523125933104,21.705296808225953,-3.8394523125933104
2023-04-15,USDT,111081,2545324105.98727,45034,49600,0.0,0.0,1395214688.011903,2023,0.0,11.618023946300058,21.65752382932667,10.715195244217844,10.811766273800105,0.0,0.0,21.056314139311777,0.0
2023-04-16,USDT,96476,1774131683.53528,37471,44576,0.0,0.0,798230390.327222,2023,0.0,11.477059916950205,21.296576948369328,10.531349266397443,10.704973309924457,0.0,0.0,20.49790782468147,0.0
2023-04-17,USDT,131414,4434754608.957185,50454,61973,0.0,0.0,2350329945.906905,2023,0.0,11.786115533768573,22.212738120840577,10.828837128898629,11.034470221234688,0.0,0.0,21.577821558186017,0.0
2023-04-18,USDT,126897,4489124476.727712,50072,59958,0.0,0.0,2454611069.276999,2023,0.0,11.75113889313699,22.224923525862245,10.821237219646527,11.001416274292268,0.0,0.0,21.62123416213014,0.0
2023-04-19,USDT,128430,4601318734.463618,47584,59697,0.0,0.0,2441475530.702179,2023,0.0,11.763147074119543,22.24960878097866,10.770272864506444,10.997053797982007,0.0,0.0,21.61586841958582,0.0
2023-04-20,USDT,132534,5858520332.065976,52115,61607,0.0,0.0,3698372141.885056,2023,0.0,11.794602040470092,22.491162905761346,10.861227282322822,11.028547011219086,0.0,0.0,22.03115859840277,0.0
2023-04-21,USDT,136709,4717655878.083264,58250,59777,0.0,0.0,2393158351.214812,2023,0.0,11.825617172926037,22.274577877392034,10.972516538662564,10.99839297927291,0.0,0.0,21.595879816777668,0.0
2023-04-22,USDT,93458,1669248983.518092,36253,43585,0.0,1150.745712,677867728.737063,2023,-1150.745712,11.445278116432569,21.235639652355857,10.498304999022864,10.682491276855757,0.0,7.049034080778925,20.33446273798897,-7.049034080778925
2023-04-23,USDT,85188,2767602569.161091,33596,39304,0.0,0.0,1900582959.57403,2023,0.0,11.352627596501033,21.741247284249106,10.422192056250804,10.579107016227857,0.0,0.0,21.365426497413512,0.0
2023-04-24,USDT,116704,3778147709.413308,47904,55269,0.0,0.0,1893630139.047264,2023,0.0,11.667404662258287,22.052499702776874,10.776975162084973,10.919985544827309,0.0,0.0,21.361761532834624,0.0
2023-04-25,USDT,124094,3922786915.490934,49661,58749,0.0,8.18003,1978640124.056381,2023,-8.18003,11.728802680292393,22.090068186229335,10.81299533211345,10.981046432006405,0.0,2.2170304726009156,21.405675640166812,-2.2170304726009156
2023-04-26,USDT,125933,4821792586.607224,47797,59846,0.0,0.0,2424020028.846685,2023,0.0,11.743513239173671,22.29641160201155,10.774739076600005,10.999546584416521,0.0,0.0,21.60869316825741,0.0
2023-04-27,USDT,120001,4427073711.905164,46953,57484,0.0,0.0,2250160581.01654,2023,0.0,11.695263688291963,22.21100464131568,10.756923678025453,10.959279323187841,0.0,0.0,21.534267420401168,0.0
2023-04-28,USDT,118400,3448768850.973917,46555,57526,0.0,200.0,1593437676.413437,2023,-200.0,11.681832447342321,21.961283149801645,10.748411168061867,10.960009681791586,0.0,5.303304908059076,21.18915958055381,-5.303304908059076
2023-04-29,USDT,89231,1934844998.53045,35071,41308,0.0,0.0,1027653600.08539,2023,0.0,11.398994998629336,21.383293056617855,10.465158370307687,10.628835672884062,0.0,0.0,20.750543983269566,0.0
2023-04-30,USDT,90750,1614804588.772983,34464,42120,0.0,0.0,646796952.034677,2023,0.0,11.415874771350133,21.202479789255705,10.447699595319753,10.64830170765649,0.0,0.0,20.28754297482539,0.0
2022-04-01,UST,1510,363326573.5157531,482,599,8505897.354732001,44373078.59430572,254193329.2907065,2022,-35867181.23957372,7.32052696227274,19.71081264209611,6.180016653652572,6.396929655216146,15.956270404892669,17.60814352807535,19.35360567833727,-17.39533329162984
2022-04-02,UST,2306,257970395.8512759,829,885,11422294.300967,33139690.34447256,168721937.2328394,2022,-21717396.04350556,7.7437032581737535,19.368355395416124,6.721425700790643,6.786716950605081,16.251077731573236,17.316242256234123,18.943762581935328,-16.89362420438922
2022-04-03,UST,1757,4889970333.672863,661,707,722094415.1673533,672463554.0524175,4816009514.662098,2022,49630861.114935756,7.471932078245122,22.310452073885724,6.495265555937008,6.56244409369372,20.3976664586223,20.326458474741155,22.29521152079444,17.720123418255707
2022-04-04,UST,2465,343197641.5736709,768,891,27092120.51292,41397080.12545039,198790127.7202611,2022,-14304959.612530388,7.81035268372429,19.653817056596655,6.645090969505644,6.79346613258001,17.114753524502504,17.53872093209383,19.10776019662929,-16.476116931056783
2022-04-05,UST,2384,227510610.2169661,781,891,15753642.990762,36875324.67923163,121738751.3727188,2022,-21121681.688469626,7.776954403322442,19.24270743797948,6.661854740545311,6.79346613258001,16.572582260968105,17.423053204564418,18.617387932683787,-16.86581068637814
2022-04-06,UST,2533,270769612.1017973,867,951,16495257.339473,34774244.29610891,139189002.7233354,2022,-18278986.956635907,7.837554360881084,19.416778881117565,6.7661917146603505,6.858565034791365,16.6185835242059,17.36438759305399,18.75134330650382,-16.721262759035124
2022-04-07,UST,2238,392771137.7250296,792,817,83763256.01887402,32317161.83260406,308683977.894821,2022,51446094.186269954,7.713784616598755,19.788737655994165,6.675823221634848,6.706862336602747,18.243505008905146,17.29110900411928,19.54782858950177,17.756045122053543
2022-04-08,UST,1939,205889227.7990614,704,817,15204805.333989,28834817.23505486,120323524.0789698,2022,-13630011.901065862,7.570443252057374,19.142848857851906,6.558197802812269,6.706862336602747,16.537122142017353,17.177094181389617,18.605694715267973,-16.42778475019214
2022-04-09,UST,2008,198339391.4309064,775,772,12312187.05616699,39617882.63874248,116543451.2322839,2022,-27305695.582575485,7.605392364814935,19.105490224446946,6.654152520183219,6.650279048587422,16.326100228601796,17.494791181319894,18.573774741964705,-17.122605904415867
2022-04-10,UST,1701,141748404.4411725,660,687,7950503.447124001,20578739.87059788,62702255.76201367,2022,-12628236.42347388,7.43955930913332,18.769564251416607,6.493753839851686,6.5337888379333435,15.88874593708592,16.83976910431178,17.95390799796999,-16.351445929835343
2022-04-11,UST,2652,435614197.108632,898,980,76771555.89934897,29039830.50507974,286003602.6721237,2022,47731725.394269235,7.88344635413774,19.892267542864328,6.80128303447162,6.8885724595653635,18.156344776647277,17.18417894573736,19.471514968956924,17.681106858331507
2022-04-12,UST,2183,211571574.599196,826,882,12414095.912161,23618735.05132249,112888872.51276,2022,-11204639.13916149,7.688913336864796,19.17007391810857,6.717804695023691,6.78332520060396,16.33434323260812,16.977550855503313,18.541914472560606,-16.231838548606962
2022-04-13,UST,1790,219656913.2989777,698,744,17654858.93338801,19857144.54953208,112996423.8245429,2022,-2202285.6161440685,7.490529402060711,19.207577406602102,6.54965074223381,6.61338421837956,16.686521653775234,16.80407447762759,18.542866737455242,-14.605006749531093
2022-04-14,UST,1571,140691170.042463,586,629,5891607.52593,16475586.44265003,63520109.94741227,2022,-10583978.916720029,7.360103972989152,18.76207776988449,6.375024819828097,6.4457198193855785,15.589039612729685,16.61739029432718,17.966867121554845,-16.174852087261904
2022-04-15,UST,1497,126057214.8925631,565,635,2678634.603223999,13625898.47820012,46456899.18825618,2022,-10947263.87497612,7.311886164077165,18.65224645623152,6.338594078203183,6.455198563340122,14.80081811957534,16.427482913083203,17.654035563068952,-16.208600199918585
2022-04-16,UST,1176,40745941.01691204,488,506,1206551.467633,3144134.013574745,16755645.2351001,2022,-1937582.545941745,7.0707241072602764,17.52286681028542,6.192362489474872,6.2285110035911835,14.00327765057204,14.961049374858163,16.634245848096423,-14.47695215976604
2022-04-17,UST,1162,45901764.08198627,470,500,1324471.728123,3965757.70110729,17059545.69153552,2022,-2641285.97298429,7.0587581525186645,17.642014129236635,6.154858094016418,6.2166061010848646,14.096524997163668,15.193207744331787,16.652220528252478,-14.786776846104742
2022-04-18,UST,1938,246741037.6210958,646,738,4597509.115165999,8815781.158967678,162358775.6530511,2022,-4218272.043801678,7.569927655242652,19.323849917973362,6.472346294500901,6.6052979209482015,15.341025435603054,15.99205410033357,18.905319115126165,-15.254936370927586
2022-04-19,UST,1705,3740804602.918713,611,669,547686216.5301499,506434201.4840482,3672388710.625475,2022,41252015.04610175,7.441906728051625,22.042566559972315,6.416732282512326,6.507277712385012,20.121213085168836,20.042904966963818,22.02410816238787,17.535210543395568
2022-04-20,UST,1473,82956114.53354906,523,577,2618309.430583,12636937.79317006,35356737.95706289,2022,-10018628.362587059,7.295735072749282,18.233822297423206,6.261491684321042,6.359573868672378,14.778039793893438,16.352134733267036,17.380999567415852,-16.119956854103393
2022-04-21,UST,1645,176917701.6164693,568,625,4780777.616003999,28734573.17418709,111861726.3777181,2022,-23953795.558183093,7.406103381237015,18.991195225442993,6.343880434126331,6.439350371100098,15.380113981579846,17.173611630749868,18.53277408955672,-16.991637389432864
2022-04-22,UST,1425,174149280.1578975,498,594,1309772.608858,15918493.10460291,119333381.1925866,2022,-14608720.49574491,7.262628600974241,18.97542342704969,6.212606095751519,6.38856140554563,14.085364862576991,16.582992142487047,18.597431665131865,-16.49712927105073
2022-04-23,UST,1122,72548626.18061982,450,484,3216706.434343,3657054.557646116,33554583.67072412,2022,-440348.12330311583,7.023758954738443,18.09976761472564,6.111467339502679,6.184148890937483,14.98386885845576,15.112168889153422,17.32868406393042,-12.995323153322383
2022-04-24,UST,1067,83378634.30072074,425,483,2403760.068949,7633130.089745109,39620273.8540764,2022,-5229370.020796109,6.97354301952014,18.238902663057274,6.054439346269371,6.182084906716632,14.692545180741503,15.848008684712148,17.494851536466456,-15.469801565098733
2022-04-25,UST,1775,84817606.39308377,550,642,5830283.202166,12798427.99685767,39962047.94785734,2022,-6968144.794691669,7.4821189235521155,18.256013713561504,6.311734809152915,6.466144724237619,15.578576305365964,16.36483298673684,17.503440785401516,-15.756859720758797
2022-04-26,UST,1798,139482020.0630615,635,670,4220980.006011999,8584366.204577183,67756579.55688986,2022,-4363386.198565184,7.4949862339505335,18.753446269651413,6.455198563340122,6.508769136971682,15.255578124875809,15.965453340170969,18.031432142998266,-15.288759194114697
2022-04-27,UST,1497,98748354.97481576,546,623,6647196.245497,8215037.044462316,36314568.67979138,2022,-1567840.7989653153,7.311886164077165,18.408085313250623,6.304448802421981,6.436150368369428,15.709705856947368,15.921476940539838,17.40772958729755,-14.265210581285379
2022-04-28,UST,1650,193560073.9523839,610,665,10295297.005448,12498701.00087944,127592841.3052612,2022,-2203403.99543144,7.409136443920128,19.081098487120066,6.415096959171596,6.501289670540389,16.147197844644605,16.341135356951145,18.664354832515237,-14.605514447032414
2022-04-29,UST,1510,63373101.78812,545,637,2727601.93941,4442267.848743482,5820547.46720006,2022,-1714665.9093334815,7.32052696227274,17.96455008314539,6.302618975744905,6.45833828334479,14.818933737282402,15.306675805860614,15.576905053617992,-14.354729397755666
2022-04-30,UST,1470,113466154.2405788,556,570,9050225.523985002,8239609.462949241,50628705.48600183,2022,810616.0610357616,7.293697720601438,18.54701515870478,6.322565239927284,6.3473892096560105,16.018300345637442,15.92446362685428,17.740029295249233,13.605551040371285
2022-05-01,UST,1115,113695523.0863117,435,469,12477633.188112,14926564.01469887,45315346.02192639,2022,-2448930.8265868705,7.017506142941256,18.549034591950402,6.077642243349034,6.152732694704104,16.339448334674966,16.51865307035195,17.629156319434113,-14.71116249830179
2022-05-02,UST,1438,140117137.1364964,506,583,9701159.448707998,20504900.01311199,52310297.90883681,2022,-10803740.564403992,7.271703706887368,18.757989331709418,6.2285110035911835,6.369900982828227,16.087756070205472,16.83617448934539,17.772703829512018,-16.195403073246087
2022-05-03,UST,1626,191166704.0566728,541,616,11451263.998942,21042131.29878411,82570914.6018426,2022,-9590867.29984211,7.394493107219038,19.068656406685133,6.295266001439646,6.424869023905388,16.25361076211897,16.86203728569797,18.22916806512761,-16.076321984975948
2022-05-04,UST,1648,138493433.3580793,567,603,6986208.901489999,13983552.95800067,59467869.63868582,2022,-6997344.05651067,7.407924322559599,18.74633347711117,6.342121418721152,6.403574197934815,15.759448749916723,16.453392479772685,17.900946735403362,-15.761041357434298
2022-05-05,UST,1404,161469457.7538367,540,570,2862618.873188001,8279991.319516403,98402673.12224582,2022,-5417372.446328402,7.247792581767846,18.899826572860093,6.293419278846481,6.3473892096560105,14.867247803064055,15.929352598766375,18.404578537692302,-15.505121651958913
2022-05-06,UST,1482,111218838.3456597,510,617,6974943.672047999,9004094.817112448,56791125.62007274,2022,-2029151.145064449,7.301822342137932,18.527010344007127,6.236369590203704,6.42648845745769,15.757834953317374,16.013190122568357,17.854890650009942,-14.523128601242854
2022-05-07,UST,2430,520334440.5952023,834,815,82414890.05915399,10750076.07312649,367234118.4323919,2022,71664813.9860275,7.796057974316123,20.06998231971683,6.727431724850855,6.704414354964107,18.227276695289703,16.190423482105405,19.72151013023822,18.087510459685767
2022-05-08,UST,3116,955177174.104896,914,890,80405264.15498,118644386.9333603,692343671.4575181,2022,-38239122.77838029,8.044626279767337,20.677407404907665,6.818924065275521,6.792344427470809,18.202590219007252,18.59164124038783,20.355593026798157,-17.459369732139667
2022-05-09,UST,7929,1950736613.831015,1581,1791,412557857.7175679,64079235.21594746,1195635789.254201,2022,348478622.5016205,8.978408314628894,21.39147288938744,7.366445148327599,7.491087593534876,19.837887017460737,17.975630941426555,20.901943922899417,19.669087447694242
2022-05-10,UST,17760,3815003085.974693,2708,3286,323937188.5723371,284322258.3817042,2275756720.896382,2022,39614930.19063288,9.784760321267326,22.062207310850184,7.904334842085095,8.097730573664219,19.596060195618815,19.46561886895449,21.54557845905129,17.494716655427627
2022-05-11,UST,18864,2391867784.571224,3279,3455,136586750.394197,362036137.7778672,1196296759.80205,2022,-225449387.3836702,9.84506363239841,21.59534039791653,8.09559870137819,8.147867129923947,18.73247051206784,19.70725459568536,20.90249658945716,-19.233606249958626
2022-05-12,UST,12135,786557766.9003365,2566,3314,31153153.667651,99230428.85175812,362135833.4501251,2022,-68077275.18410712,9.403931521028369,20.48317672709825,7.8504931808711405,8.106212902619962,17.254426071509766,18.412955277754044,19.70752993269528,-18.036154032382406
2022-05-13,UST,7475,414424078.7305825,1719,1622,29033252.068654,3068881.962731819,101333439.1302951,2022,25964370.10592218,8.919453168575453,19.842400354679345,7.450079569807499,7.392031567514591,17.183952388580902,14.93682419756412,18.433927024619216,17.07223581412849
2022-05-14,UST,3473,309482841.9215224,748,1056,28789028.39860599,303205.720951,219742569.0861489,2022,28485822.677654993,8.153061946801051,19.550413213726905,6.618738983517219,6.963189985870238,17.175504948876814,12.62217009922961,19.20796728320096,17.164917106667964
2022-05-15,UST,3345,185672912.0597283,733,877,39733562.579109,1656678.312884,105677919.4324965,2022,38076884.266224995,8.11552088154677,19.039497151708137,6.598509028614515,6.777646593635117,17.497706818686858,14.320325742907157,18.475906540018194,17.4551179700627
2022-05-16,UST,3053,176797493.8117962,601,742,16538662.915321,10662574.17121852,87301864.24570751,2022,5876088.74410248,8.024207485778577,18.99051553845089,6.400257445308821,6.610696044717759,16.621211465295872,16.182250520812886,18.284882386511793,15.586402089151527
2022-05-17,UST,1191,35701478.20648218,360,397,2911097.125878,8971466.636996001,15269191.95225741,2022,-6060369.511118,7.083387847625295,17.390702680246733,5.8888779583328805,5.986452005284438,14.884040930808897,16.009559836815864,16.54134782394856,-15.617281496625012
2022-05-18,UST,1393,35456968.93554572,353,573,4066551.650816001,919033.83290509,11427792.153034,2022,3147517.817910911,7.2399325913204695,17.38383040474904,5.869296913133774,6.352629396319567,15.21830618395775,13.73107930367185,16.251558942154468,14.962125023567728
2022-05-19,UST,1031,57425942.60091655,328,397,2470115.908545,19294571.47296401,35882896.235389,2022,-16824455.564419013,6.939253946041508,17.86600673828805,5.796057750765372,5.986452005284438,14.719776038878802,16.77533439530822,17.39577133981547,-16.638344133681844
2022-05-20,UST,870,121758695.6203074,270,336,2181893.207687,1060160.194389,101601707.393381,2022,1121733.0132979997,6.769641976852503,18.617551747522224,5.602118820879701,5.820082930352362,14.595703960096644,13.873931524705055,18.43657090786277,13.930386272163686
2022-05-21,UST,826,198806551.9702577,274,320,2478953.692655,47085968.854619,185386670.7266946,2022,-44607015.161964,6.717804695023691,19.107842814270544,5.616771097666572,5.771441123130016,14.723347534390046,17.66748563466721,19.03795431922759,-17.613401717666413
2022-05-22,UST,760,15024361.15011954,208,290,287040.5427860001,1641089.009081,1145570.0,2022,-1354048.466295,6.634633357861686,16.525183584913332,5.342334251964811,5.673323267171493,12.567382232649997,14.310871218708781,13.951413760622298,-14.11861026523976
2022-05-23,UST,1079,73885853.47363098,294,389,1719083.072809,4497025.406366,54193771.2763534,2022,-2777942.333557,6.984716320118266,18.118031953166458,5.68697535633982,5.966146739123692,14.357302191144015,15.318926937731602,17.808076557157754,-14.837221403800761
2022-05-24,UST,1297,52059332.35451379,697,353,982871.149962,2438268.741048,26739319.46768536,2022,-1455397.5910859997,7.168579897264035,17.76789465211858,6.548219102762372,5.869296913133774,13.798234329594331,14.706799223201774,17.101645716737956,-14.190790366835014
2022-05-25,UST,1830,193600199.9497842,544,810,728727.748255,3047431.644113,167276649.6565489,2022,-2318703.895858,7.5126175446745105,19.081305770769973,6.300785794663244,6.698268054115413,13.499056854307385,14.929810038079529,18.935159590505847,-14.656519353227614
2022-05-26,UST,7755,538437390.5559404,3236,2644,94974630.552259,56932672.37416698,377241621.9553237,2022,38041958.17809202,8.956222016362542,20.1041817832814,8.082402253926244,7.8804263442924,18.369120377612266,17.857379958794812,19.748396449813196,17.454200297419643
2022-05-27,UST,2602,274744732.8110386,572,924,10356001.725161,14205861.631794,145121173.4599931,2022,-3849859.906633001,7.864419904994565,19.43135298386154,6.35088571671474,6.829793737512425,16.15307688300156,16.469165298761617,18.793079637324766,-15.163547577464056
2022-05-28,UST,2302,51370010.77577687,482,853,3094808.357194,1030521.779447,11654197.24,2022,2064286.577747,7.741967899820685,17.754565131677936,6.180016653652572,6.74993119378857,14.945236865174257,13.845576784305598,16.27117703700899,14.540295726181805
2022-05-29,UST,940,13949734.11584674,262,394,800981.6283039999,428255.444241,0.0,2022,372726.1840629999,6.846943139585379,16.45097107794003,5.572154032177765,5.978885764901122,13.593594538304707,12.967477463921368,0.0,12.828602020996382
2022-05-30,UST,1107,283997137.3129678,283,483,409516.4113909999,70525763.101384,266045992.7905188,2022,-70116246.689993,7.010311867307229,19.464474719711923,5.648974238161206,6.182084906716632,12.92273470003071,18.07148864926913,19.39917976078585,-18.065665103892826
2022-05-31,UST,894,32065907.88691337,235,354,4254558.552206,4391877.768324998,10844575.13079174,2022,-137319.2161189979,6.796823718274855,17.283303995303363,5.4638318050256105,5.872117789475416,15.263501801636707,15.295267658950147,16.199175617181627,-11.830070821405213
2022-06-01,UST,511,15246000.22784416,159,219,850612.666262,520120.1611690001,4048580.0,2022,330492.5050929999,6.238324625039508,16.539827812065848,5.075173815233827,5.393627546352362,13.653713328286758,13.161817065664879,15.213877007318313,12.70834228631981
2022-06-02,UST,405,12886034.61095423,132,197,280513.0218550001,123320.94186,1385467.53021368,2022,157192.0799950001,6.0063531596017325,16.371654772215184,4.890349128221754,5.288267030694535,12.54437899148337,11.722553628389248,14.141548929359711,11.965230137620278
2022-06-03,UST,327,5169291.445702249,113,168,470348.1900000001,516069.3310809999,0.0,2022,-45721.141080999805,5.793013608384144,15.458246379420919,4.736198448394496,5.1298987149230735,13.061230655276791,13.153998335720198,0.0,-10.730337947105328
2022-06-04,UST,239,5886897.460406587,89,141,627494.855,280919.372824,1041454.983859,2022,346575.48217599996,5.480638923341991,15.58823983975677,4.499809670330265,4.955827057601261,13.34949234438857,12.545826537425715,13.856130276532769,12.755858801035966
2022-06-05,UST,271,6484178.395123531,85,127,178199.521182,120425.696845,0.0,2022,57773.824337,5.605802066295998,15.684875828809,4.454347296253507,4.852030263919617,12.09066471871715,11.698796521870399,0.0,10.96430839467063
2022-06-06,UST,210,6587433.562810161,86,105,319679.188466,99532.251003,0.0,2022,220146.937463,5.351858133476067,15.700674538243163,4.465908118654584,4.663439094112067,12.675076363987948,11.508247048255345,0.0,12.302055042359635
2022-06-07,UST,203,6797141.390272964,74,106,549690.0833689999,160648.340096,0.0,2022,389041.7432729999,5.318119993844216,15.732012845097573,4.31748811353631,4.672828834461906,13.217111732813061,11.98697925682315,0.0,12.87144449644341
2022-06-08,UST,301,30400077.12067736,127,124,1047912.044781,553130.511241,10227521.24473462,2022,494781.53354,5.71042701737487,17.229955736132272,4.852030263919617,4.8283137373023015,13.8623111678835,13.223351066410187,16.140592903775712,13.111873618836988
2022-06-09,UST,176,6437704.518967342,67,101,274513.110363,158441.444446,0.0,2022,116071.665917,5.176149732573829,15.677682748721008,4.219507705176107,4.624972813284271,12.522757942483084,11.973146679829412,0.0,11.661971704281896
2022-06-10,UST,185,11670418.94821295,64,91,1200040.331126,297147.852566,1499890.0,2022,902892.47856,5.225746673713202,16.272567988894885,4.174387269895637,4.5217885770490405,13.997866556770095,12.601988479323444,14.220902996765421,13.713359861498414
2022-06-11,UST,182,6512405.419390528,69,93,335088.2868780001,51.0,0.0,2022,335037.2868780001,5.209486152841421,15.689219595557107,4.248495242049359,4.543294782270004,12.722152303288958,3.9512437185814275,0.0,12.722000093464752
2022-06-12,UST,223,17501492.83494161,82,107,689422.2977189999,46560.096033,1419671.0,2022,642862.2016859999,5.4116460518550396,16.67779679724728,4.418840607796598,4.68213122712422,13.443610726690293,10.748520622355915,14.165936416980594,13.37368723048571
2022-06-13,UST,152,7668178.127491132,65,81,222867.909,0.0,0.0,2022,222867.909,5.030437921392435,15.85258974326751,4.189654742026425,4.406719247264253,12.314339025571577,0.0,0.0,12.314339025571577
2022-06-14,UST,147,6186766.388779417,61,72,437619.630093,129360.349139,0.0,2022,308259.280954,4.997212273764115,15.637923277035608,4.127134385045092,4.290459441148391,12.989107672701255,11.770364923533338,0.0,12.638699773119228
2022-06-15,UST,149,8380690.209968858,48,77,527335.013511,1482140.271098,4104329.12669616,2022,-954805.257587,5.0106352940962555,15.941440952346547,3.8918202981106265,4.356708826689592,13.175593221140089,14.208998404922596,15.22755310282571,-13.769263727244985
2022-06-16,UST,135,5186051.645807659,48,72,307415.780687,13286.99,0.0,2022,294128.79068700003,4.912654885736052,15.46148339655403,3.8918202981106265,4.290459441148391,12.63595969768909,9.494615898734148,0.0,12.591776413825619
2022-06-17,UST,114,3839029.042026393,49,61,86365.021224,15162.124516,0.0,2022,71202.896708,4.74493212836325,15.160730299434576,3.912023005428146,4.127134385045092,11.36634960456972,9.626621740598654,0.0,11.17330282494743
2022-06-18,UST,150,9411719.497154426,54,68,786548.300883,2055.663797,1911404.06747515,2022,784492.6370860001,5.017279836814924,16.05746633195351,4.007333185232471,4.23410650459726,13.575410683410386,7.628840432930512,14.463349166995776,13.572793740333294
2022-06-19,UST,213,8450010.870625705,76,94,456690.107919,314850.658087,2444750.341,2022,141839.44983199995,5.365976015021851,15.949678404140146,4.343805421853684,4.553876891600541,13.031762528694511,12.659856880179026,14.709453974696714,11.86245811214746
2022-06-20,UST,181,5879465.672461025,70,95,149271.121176,51537.34509,0.0,2022,97733.77608599998,5.204006687076795,15.586976613798727,4.2626798770413155,4.564348191467836,11.913526235856594,10.850081374455298,0.0,11.490012722352626
2022-06-21,UST,127,2752899.350197058,54,65,201846.832436,55480.582485,0.0,2022,146366.249951,4.852030263919617,14.828165586665069,4.007333185232471,4.189654742026425,12.215269387734452,10.92380639754397,0.0,11.893874152963715
2022-06-22,UST,121,3792198.514636957,49,64,105843.589435,28150.393336,0.0,2022,77693.196099,4.804021044733257,15.148456755592399,3.912023005428146,4.174387269895637,11.569727159857425,10.245352129181274,0.0,11.260535837285266
2022-06-23,UST,158,3848324.610232628,60,66,168175.327885,144344.695404,0.0,2022,23830.632481000008,5.0689042022202315,15.163148705231652,4.110873864173311,4.204692619390966,12.032768278715169,11.87996636409916,0.0,10.078769073033861
2022-06-24,UST,306,9184983.291454962,126,136,448454.500271,0.0,0.0,2022,448454.500271,5.726847747587197,16.033080566390918,4.844187086458591,4.919980925828125,13.013564736541733,0.0,0.0,13.013564736541733
2022-06-25,UST,201,5275411.424485006,60,82,205655.205617,32674.002109,0.0,2022,172981.203508,5.308267697401205,15.478567419006632,4.110873864173311,4.418840607796598,12.233961148826928,10.39436560303718,0.0,12.060943998292492
2022-06-26,UST,294,10149160.73262592,91,128,175074.75,1239.942929,0.0,2022,173834.807071,5.68697535633982,16.132901672122873,4.5217885770490405,4.859812404361672,12.07297401639288,7.1236267962341575,0.0,12.065866495167503
2022-06-27,UST,803,14147490.24689386,153,270,102357.366698,67081.955141,0.0,2022,35275.411557,6.6895992691789665,16.46504786929524,5.0369526024136295,5.602118820879701,11.536235333698588,11.113685268947119,0.0,10.470969791710624
2022-06-28,UST,1903,76201605.1194143,304,510,289187.45886,2853810.205628,31427958.23181853,2022,-2564622.746768,7.55171221535131,18.148893098117345,5.720311776607412,6.236369590203704,12.574833861347338,14.864165924034783,17.263208476084014,-14.757322338407473
2022-06-29,UST,4872,122195185.7670085,646,1176,714692.859322,3183563.304511,57762058.57514307,2022,-2468870.445189,8.491465042843506,18.621130215767348,6.472346294500901,7.0707241072602764,13.479609561205299,14.973511977547606,17.87184270937752,-14.719271699409584
2022-06-30,UST,1707,47744509.05771337,290,446,391474.112911,1957352.025129,25897242.10761041,2022,-1565877.912218,7.443078374348516,17.681374645667823,5.673323267171493,6.102558594613569,12.87767722383815,14.487103621080081,17.069647077282625,-14.263957829566298
2022-07-01,UST,1290,16691075.82294501,208,287,244425.851257,511658.143041,1646709.37120322,2022,-267232.291784,7.1631723908466425,16.630384812606785,5.342334251964811,5.662960480135946,12.406671366271752,13.14541394607282,14.314290141360313,-12.495877307883315
2022-07-02,UST,1426,11632896.56132969,277,380,241988.449298,408145.772845,0.0,2022,-166157.32354700004,7.2633296174768365,16.269347638891457,5.627621113690637,5.942799375126701,12.396649406246256,12.919382126061523,0.0,-12.02069636910935
2022-07-03,UST,753,7327004.87404248,187,245,0.0,99458.3108,0.0,2022,-99458.3108,6.625392368007956,15.807077514839948,5.236441962829949,5.5053315359323625,0.0,11.507503902825858,0.0,-11.507503902825858
2022-07-04,UST,1050,13653635.89563869,219,314,106791.03451,547955.458188,3712095.56909524,2022,-441164.423678,6.957497370876951,16.42951648334754,5.393627546352362,5.752572638825633,11.578638619487062,13.213951106912054,15.127107387931094,-12.997175194473625
2022-07-05,UST,543,5476117.710532182,152,196,56482.51,236521.377029,0.0,2022,-180038.867029,6.298949246855942,15.515907143484975,5.030437921392435,5.2832037287379885,10.941704016128499,12.373798099896948,0.0,-12.100933588842944
2022-07-06,UST,476,7520844.920648245,130,172,1095554.076364,77098.290979,0.0,2022,1018455.785385,6.1675164908883415,15.833189179047464,4.875197323201151,5.153291594497779,13.90677171184656,11.252849363387217,0.0,13.833799084082658
2022-07-07,UST,552,7383975.060988016,141,163,10297.84,505375.315233,0.0,2022,-495077.47523299995,6.315358001522335,15.814822813148195,4.955827057601261,5.099866427824199,9.239786546516243,13.133058609428927,0.0,-13.112471564809594
2022-07-08,UST,343,3926051.21242865,106,124,1266.238008,105333.132169,1834814.393,2022,-104066.894161,5.840641657373398,15.183144952871388,4.672828834461906,4.8283137373023015,7.144595014297228,11.564892787755094,14.422454431140205,-11.552798793594853
2022-07-09,UST,400,4101706.937801769,112,132,10619.37,153767.979519,0.0,2022,-143148.609519,5.993961427306569,15.226914015128814,4.727387818712341,4.890349128221754,9.270529134113705,11.943206622076193,0.0,-11.87164558274748
2022-07-10,UST,504,5226821.28489061,135,146,42136.818268,296402.158738,0.0,2022,-254265.34047000002,6.22455842927536,15.46931405767008,4.912654885736052,4.990432586778736,10.648700912595963,12.599475829358079,0.0,-12.446137581147491
2022-07-11,UST,304,7389288.568784518,106,103,16113.87,360290.376507,1000084.50751831,2022,-344176.506507,5.720311776607412,15.81554215417391,4.672828834461906,4.6443908991413725,9.687497727198695,12.794668362247704,13.815596061827025,-12.748912810557346
2022-07-12,UST,465,6381800.258653023,135,126,134720.145,382687.703135,0.0,2022,-247967.55813500003,6.144185634125646,15.668960944416137,4.912654885736052,4.844187086458591,11.8109623285493,12.854977152125217,0.0,-12.42105723539593
2022-07-13,UST,321,5111474.901531708,105,102,73935.99,239119.529842,0.0,2022,-165183.539842,5.7745515455444085,15.446998746609099,4.663439094112067,4.634728988229636,11.210968522979286,12.384723012754963,0.0,-12.014818551198188
2022-07-14,UST,337,4961945.87903096,98,109,167872.963,0.0,0.0,2022,167872.963,5.823045895483019,15.417308737620544,4.59511985013459,4.700480365792417,12.03096875659127,0.0,0.0,12.03096875659127
2022-07-15,UST,776,13480225.97494972,170,169,88092.82,347623.6382789999,0.0,2022,-259530.81827899988,6.655440350367647,16.41673450121096,5.14166355650266,5.135798437050262,11.386157661904225,12.758878550986282,0.0,-12.466634587863531
2022-07-16,UST,497,5376669.018159647,118,154,55958.985,195429.230328,0.0,2022,-139470.245328,6.210600077024653,15.497579784773382,4.77912349311153,5.043425116919247,10.932392160730775,12.18295871659376,0.0,-11.84561373231553
2022-07-17,UST,261,3534292.498672101,84,96,0.0,267583.533838,0.0,2022,-267583.533838,5.568344503761097,15.078023978405424,4.442651256490317,4.574710978503383,0.0,12.497190809743845,0.0,-12.497190809743845
2022-07-18,UST,260,3414249.772254852,81,100,0.0,234206.20674,0.0,2022,-234206.20674,5.564520407322694,15.043468633726441,4.406719247264253,4.61512051684126,0.0,12.363961501405875,0.0,-12.363961501405875
2022-07-19,UST,234,4676612.274768334,74,91,0.0,89486.70474999999,2333469.76836441,2022,-89486.70474999999,5.459585514144159,15.358084746688556,4.31748811353631,4.5217885770490405,0.0,11.401856517730877,14.662867317344503,-11.401856517730877
2022-07-20,UST,451,6060507.533578835,111,125,579559.5808379999,132931.213065,0.0,2022,446628.3677729999,6.113682179832232,15.617304270956861,4.718498871295094,4.836281906951478,13.270025476139278,11.797594601071818,0.0,13.009484374786428
2022-07-21,UST,328,5222399.946803558,94,111,251298.45,294945.955023,0.0,2022,-43647.505023000005,5.796057750765372,15.46846780560849,4.553876891600541,4.718498871295094,12.434400534910107,12.594550805672219,0.0,-10.683924311494518
2022-07-22,UST,310,3679601.535992496,101,108,78355.2663,205360.25461,0.0,2022,-127004.98831,5.739792912179234,15.118315297788211,4.624972813284271,4.6913478822291435,11.269021222888561,12.232525924846579,0.0,-11.75198951637635
2022-07-23,UST,376,3075041.202651428,102,134,52555.39200000001,60752.675717,0.0,2022,-8197.283716999991,5.932245187448011,14.938829183568064,4.634728988229636,4.90527477843843,10.869642005444605,11.014582865002033,0.0,-9.011680108540576
2022-07-24,UST,365,4791091.317375075,90,136,18660.33,44700.723473,0.0,2022,-26040.393472999996,5.902633333401366,15.382268984595306,4.51085950651685,4.919980925828125,9.83420874731688,10.707767336301332,0.0,-10.167442607678765
2022-07-25,UST,320,3880770.940667408,80,129,331436.232,104444.159336,0.0,2022,226992.07266400004,5.771441123130016,15.171544645591037,4.394449154672439,4.867534450455582,12.711193725280253,11.556417421592926,0.0,12.33267477909921
2022-07-26,UST,344,99570393.4022074,100,141,370561.069,244595.486677,93057103.91580592,2022,125965.58232300001,5.84354441703136,18.41637543341103,4.61512051684126,4.955827057601261,12.822776237352404,12.40736513858749,18.348723894030165,11.743771931097932
2022-07-27,UST,538,8594834.042395836,119,164,454332.603913,165993.52177,0.0,2022,288339.08214300004,6.289715570908998,15.96667200433985,4.787491742782046,5.10594547390058,13.026587017563575,12.01971006540858,0.0,12.571895903248285
2022-07-28,UST,379,11300446.91085606,106,125,956582.462,569881.121087,0.0,2022,386701.34091300005,5.940171252720432,16.240352921025853,4.672828834461906,4.836281906951478,13.771123321766115,13.253184813313082,0.0,12.86541053114055
2022-07-29,UST,282,9044343.268078396,89,119,128646.229,170931.174994,0.0,2022,-42284.945993999994,5.645446897643238,16.01765017756422,4.499809670330265,4.787491742782046,11.764829278418457,12.049022119341364,0.0,-10.65221006382371
2022-07-30,UST,394,9663323.294878596,107,121,234483.381,210916.593735,0.0,2022,23566.78726499999,5.978885764901122,16.0838482768942,4.68213122712422,4.804021044733257,12.365144259106513,12.259222785154334,0.0,10.067636112227525
2022-07-31,UST,330,4510553.180691691,81,104,262847.8209,252837.740684,0.0,2022,10010.080216000002,5.802118375377063,15.321930582132103,4.406719247264253,4.653960350157523,12.479334320409114,12.440507175890396,0.0,9.211447780173318
2022-08-01,UST,272,4461823.375717815,79,84,500129.3700000001,184740.55151,0.0,2022,315388.8184900001,5.60947179518496,15.311068293208464,4.382026634673881,4.442651256490317,13.122624083417563,12.126713108454954,0.0,12.661564671728135
2022-08-02,UST,178,3543738.290417108,68,65,95455.3491,35387.78961,0.0,2022,60067.55949000001,5.187385805840755,15.080693024349113,4.23410650459726,4.189654742026425,11.466424344490154,10.474150371285283,0.0,11.003241847033946
2022-08-03,UST,259,6607321.464416845,78,88,358041.6,90291.212728,0.0,2022,267750.38727199996,5.560681631015528,15.703689056301553,4.3694478524670215,4.48863636973214,12.788407252716972,11.410806497901225,0.0,12.497814169517861
2022-08-04,UST,360,14478303.23783176,100,108,383126.49,149.0,0.0,2022,382977.49,5.8888779583328805,16.488161827416878,4.61512051684126,4.6913478822291435,12.856123084835833,5.0106352940962555,0.0,12.85573410470575
2022-08-05,UST,295,15054888.97417999,96,97,114286.9225,76701.738174,0.0,2022,37585.184326,5.69035945432406,16.527213411613545,4.574710978503383,4.584967478670572,11.646476179283086,11.24769268650952,0.0,10.534391823717755
2022-08-06,UST,242,3692138.124656669,71,85,175836.987,81963.27366600001,0.0,2022,93873.71333399999,5.493061443340548,15.121716556629647,4.276666119016055,4.454347296253507,12.077318321664732,11.314038744307233,0.0,11.449716335362705
2022-08-07,UST,247,5861257.164692097,88,64,252182.565,24773.5,0.0,2022,227409.065,5.5134287461649825,15.58387484237999,4.48863636973214,4.174387269895637,12.437912533855028,10.117570177359825,0.0,12.334510120532794
2022-08-08,UST,402,15854633.0827943,98,115,614593.249445,341247.629801,0.0,2022,273345.61964399996,5.998936561946683,16.578972386709662,4.59511985013459,4.7535901911063645,13.328717572053232,12.74036661023808,0.0,12.518495937844632
2022-08-09,UST,215,2495602.149616604,75,74,6193.8,96981.966524,0.0,2022,-90788.166524,5.375278407684165,14.730041001285853,4.330733340286331,4.31748811353631,8.73146550944202,11.482290639220174,0.0,-11.416295246061521
2022-08-10,UST,191,3185466.117722497,59,71,13056.550345,0.0,0.0,2022,13056.550345,5.2574953720277815,14.97410949799992,4.0943445622221,4.276666119016055,9.477121815941542,0.0,0.0,9.477121815941542
2022-08-11,UST,136,1308987.985640811,59,64,20209.77,32498.267683,0.0,2022,-12288.497682999998,4.919980925828125,14.084765630525705,4.0943445622221,4.174387269895637,9.913970909622401,10.388972835233192,0.0,-9.416500329715033
2022-08-12,UST,345,29490905.89595279,71,90,219334.69106,1574237.948887,17719960.242154,2022,-1354903.257827,5.846438775057725,17.199592532978922,4.276666119016055,4.51085950651685,12.298358671095247,14.269282506403847,16.69020231590146,-14.119241351369256
2022-08-13,UST,305,5881323.377510141,65,70,684414.9,152371.220984,0.0,2022,532043.679016,5.723585101952381,15.587292528783811,4.189654742026425,4.2626798770413155,13.43632105275837,11.934081628612336,0.0,13.18448274791018
2022-08-14,UST,401,8458974.907003717,92,129,397167.435,842718.51039,0.0,2022,-445551.07538999995,5.996452088619021,15.950738673073527,4.532599493153256,4.867534450455582,12.892115739213873,13.644389453729293,0.0,-13.007069411070642
2022-08-15,UST,222,4374079.117079527,64,82,1016962.414189,0.0,0.0,2022,1016962.414189,5.407171771460119,15.29120679671309,4.174387269895637,4.418840607796598,13.832331700134837,0.0,0.0,13.832331700134837
2022-08-16,UST,238,10245916.96899623,79,85,58151.79,145455.092279,5003651.08015359,2022,-87303.302279,5.476463551931511,16.142389937300127,4.382026634673881,4.454347296253507,10.970829136159551,11.88762954877322,15.425678619805126,-11.37715502215979
2022-08-17,UST,267,7418790.286831292,73,93,869961.8685,19052.0,0.0,2022,850909.8685,5.5909869805108565,15.81952670252514,4.30406509320417,4.543294782270004,13.676205809834897,9.854979848471084,0.0,13.654062664702368
2022-08-18,UST,310,9942421.843243388,101,113,630854.514,40082.427401,0.0,2022,590772.0865989999,5.739792912179234,16.1123212957365,4.624972813284271,4.736198448394496,13.354832135905784,10.598718246099638,0.0,13.2891872744362
2022-08-19,UST,155,2635714.915216779,54,75,2.0,0.0,0.0,2022,2.0,5.049856007249537,14.784665397634734,4.007333185232471,4.330733340286331,1.0986122886681098,0.0,0.0,1.0986122886681098
2022-08-20,UST,215,2286985.428556423,68,66,89550.36,75287.619589,0.0,2022,14262.740411000006,5.375278407684165,14.642745538818716,4.23410650459726,4.204692619390966,11.402567594419878,11.22908426808982,0.0,9.565475960485058
2022-08-21,UST,192,2692405.748740659,58,70,165899.142764,52143.9447,0.0,2022,113755.198064,5.262690188904886,14.805946053704716,4.07753744390572,4.2626798770413155,12.019141336720661,10.861782518050388,0.0,11.641812823803479
2022-08-22,UST,87,590011.2995455577,35,42,0.0,62569.316105,0.0,2022,-62569.316105,4.477336814478207,13.287898662352,3.58351893845611,3.7612001156935624,0.0,11.044046261001384,0.0,-11.044046261001384
2022-08-23,UST,300,6794519.173720475,88,108,20779.2,303068.6735959999,0.0,2022,-282289.4735959999,5.707110264748875,15.731626988463379,4.48863636973214,4.6913478822291435,9.941755889245979,12.621718003919394,0.0,-12.550691867997369
2022-08-24,UST,299,8648249.488413112,85,97,0.0,54576.8497,0.0,2022,-54576.8497,5.703782474656201,15.97286760277684,4.454347296253507,4.584967478670572,0.0,10.907383396271142,0.0,-10.907383396271142
2022-08-25,UST,385,11439446.33682712,100,124,0.0,2465210.623727,3624880.49666469,2022,-2465210.623727,5.955837369464831,16.252578233031066,4.61512051684126,4.8283137373023015,0.0,14.717788213184454,15.103332155161306,-14.717788213184454
2022-08-26,UST,405,16599437.76067994,107,115,123421.313814,969637.069874,5646519.028593739,2022,-846215.75606,6.0063531596017325,16.62487944315762,4.68213122712422,4.7535901911063645,11.723367199179474,13.784678157010308,15.546549989220726,-13.648530818608336
2022-08-27,UST,271,4543301.568965974,70,103,0.0,8857.335658,0.0,2022,-8857.335658,5.605802066295998,15.329164743660911,4.2626798770413155,4.6443908991413725,0.0,9.089114176969098,0.0,-9.089114176969098
2022-08-28,UST,175,2512060.613683968,49,65,9.0,2173.173668,0.0,2022,-2164.173668,5.170483995038151,14.73661433400986,3.912023005428146,4.189654742026425,2.302585092994046,7.684403948575228,0.0,-7.680255853385727
2022-08-29,UST,167,2530412.078182651,56,68,76224.238074,26000.0,0.0,2022,50224.23807399999,5.123963979403259,14.743893119385232,4.04305126783455,4.23410650459726,11.24144789515758,10.165890277802454,0.0,10.824272929821229
2022-08-30,UST,233,3295954.472877048,58,90,119879.001,856.214552,0.0,2022,119022.786448,5.455321115357702,15.008206660477603,4.07753744390572,4.51085950651685,11.694246529772274,6.753688239656914,0.0,11.687078638236745
2022-08-31,UST,359,7727291.890650538,93,136,2.22,26569.00319,3500000.0,2022,-26566.78319,5.886104031450156,15.86026915103112,4.543294782270004,4.919980925828125,1.169381359556317,10.18753815881407,15.068273812173887,-10.18745460245418
2022-09-01,UST,961,15632740.72673049,175,284,0.0,296074.584991,2335723.95897438,2022,-296074.584991,6.8690144506657065,16.564878101392505,5.170483995038151,5.652489180268651,0.0,12.59837005540806,14.663832875833261,-12.59837005540806
2022-09-02,UST,627,8090265.183963188,125,171,28874.483851,346737.979787,0.0,2022,-317863.49593599996,6.4425401664681985,15.906172191331853,4.836281906951478,5.147494476813453,10.27074820442829,12.756327556235844,0.0,-12.669380457541392
2022-09-03,UST,329,2894289.207125869,92,134,32572.350871,165922.71785,0.0,2022,-133350.36697899998,5.799092654460526,14.878250460042265,4.532599493153256,4.90527477843843,10.39124977510907,12.019283430697845,0.0,-11.800742780618735
2022-09-04,UST,312,2145175.709394241,79,113,40059.0,15883.547356,0.0,2022,24175.452644,5.746203190540153,14.57873248895302,4.382026634673881,4.736198448394496,10.59813360921981,9.673102051239393,0.0,10.093134407202902
2022-09-05,UST,714,6616862.228329102,146,212,0.0,269604.153065,0.0,2022,-269604.153065,6.5722825426940075,15.705131983040376,4.990432586778736,5.3612921657094255,0.0,12.504713771580205,0.0,-12.504713771580205
2022-09-06,UST,1324,128038934.4736231,207,353,119880.0,1111861.573154004,114638825.0,2022,-991981.573154004,7.1891677384203225,18.667844959017184,5.337538079701318,5.869296913133774,11.694254863070816,13.921547160862211,18.55729710067809,-13.807460818727625
2022-09-07,UST,816,111863896.3950215,180,244,59940.0,544976.299896,104102513.930079,2022,-485036.29989599995,6.705639094860003,18.532793488472745,5.198497031265826,5.501258210544727,11.001116024081504,13.208499421210957,18.46088669208376,-13.09198107396449
2022-09-08,UST,1607,23778943.19963725,209,445,360459.18,573819.041152,9656690.90231172,2022,-213359.86115199997,7.382746449738912,16.984311049571673,5.3471075307174685,6.100318952020064,12.795136771908599,13.26007110898813,16.08316169436138,-12.270740194993232
2022-09-09,UST,1442,26177551.23356096,242,332,471528.0,1060088.283763,8889102.29557132,2022,-588560.283763,7.274479558773871,17.0804128165027,5.493061443340548,5.808142489980444,13.063735884996692,13.8738636925062,16.000336735762808,-13.285436335796849
2022-09-10,UST,1924,24081621.53565082,243,376,285838.999,1127244.430166,7871466.66712413,2022,-841405.431166,7.562681246721884,16.996959557183516,5.497168225293202,5.932245187448011,12.56318748919883,13.93528754230838,15.878755091840775,-13.64283009352033
2022-09-11,UST,942,4785536.20893511,183,213,161918.0,89385.037648,0.0,2022,72532.962352,6.849066282633458,15.381108845937387,5.214935757608986,5.365976015021851,11.994851489172838,11.400719770530479,0.0,11.191810177390565
2022-09-12,UST,626,5092411.138080377,133,169,340659.1,330910.939433,0.0,2022,9748.160566999984,6.440946540632921,15.44326217373453,4.897839799950911,5.135798437050262,12.738640484962344,12.70960757495415,0.0,9.184936464593136
2022-09-13,UST,814,9581862.95164574,133,172,868389.7409999999,748327.058356,0.0,2022,120062.68264399993,6.703188113240863,16.07538269799898,4.897839799950911,5.153291594497779,13.674397054792168,13.525596741498054,0.0,11.695777569698734
2022-09-14,UST,959,17395256.80185049,175,181,1056462.48,839045.019201,0.0,2022,217417.460799,6.866933284461882,16.671708186915414,5.170483995038151,5.204006687076795,13.8704375484744,13.64002083400592,0.0,12.289579166342811
2022-09-15,UST,415,5716445.054412544,96,122,565612.9199999999,289671.035951,0.0,2022,275941.8840489999,6.030685260261263,15.558857851098598,4.574710978503383,4.812184355372417,13.245667004294186,12.57650465148703,0.0,12.527949181432419
2022-09-16,UST,533,129038091.148192,113,155,30708.36,211662.992721,125068238.0,2022,-180954.632721,6.280395838960195,18.675618206707515,4.736198448394496,5.049856007249537,10.332322773100485,12.26275535631275,18.644370058310827,-12.106007157111991
2022-09-17,UST,553,5583339.208100148,126,151,596981.62,220643.30181,0.0,2022,376338.31819,6.317164686747284,15.535297758868001,4.844187086458591,5.0238805208462765,13.299643279723165,12.304307189800445,0.0,12.838246457410753
2022-09-18,UST,331,2347688.893120486,90,119,34775.19,149241.619386,0.0,2022,-114466.429386,5.805134968916488,14.668942378431122,4.51085950651685,4.787491742782046,10.456688236191775,11.913328578682007,0.0,-11.648045601999234
2022-09-19,UST,541,159225915.1229088,160,124,107782.11,133999912.220982,153896642.882,2022,-133892130.110982,6.295266001439646,18.88583460784251,5.081404364984463,4.8283137373023015,11.58787624614634,18.713349710310364,18.851791791436824,-18.712545042026285
2022-09-20,UST,456,3094707.27699217,96,123,164988.875,106.02431,0.0,2022,164882.85069,6.124683390894205,14.945204203436198,4.574710978503383,4.820281565605037,12.01363938736353,4.673056004918426,0.0,12.012996569791872
2022-09-21,UST,428,4552877.034095783,113,121,7002.0,308948.594481,0.0,2022,-301946.594481,6.061456918928017,15.331270125927317,4.736198448394496,4.804021044733257,8.854093907655518,12.640933417916651,0.0,-12.618008753090637
2022-09-22,UST,325,2006707.077463749,90,95,24.0,14.0,0.0,2022,10.0,5.786897381366708,14.512006165013805,4.51085950651685,4.564348191467836,3.2188758248682006,2.70805020110221,0.0,2.3978952727983707
2022-09-23,UST,359,3161189.729748082,85,89,27872.1,0.0,0.0,2022,27872.1,5.886104031450156,14.966459327798244,4.454347296253507,4.499809670330265,10.235417345004347,0.0,0.0,10.235417345004347
2022-09-24,UST,451,3660616.859635562,83,85,0.0,0.0,0.0,2022,0.0,6.113682179832232,15.113142505238129,4.430816798843313,4.454347296253507,0.0,0.0,0.0,0.0
2022-09-25,UST,348,4394567.767204862,88,102,637118.279117,36352.602419,0.0,2022,600765.676698,5.855071922202427,15.295879965335185,4.48863636973214,4.634728988229636,13.36471216838602,10.501048581737601,0.0,13.30596191301034
2022-09-26,UST,607,12571433.21944816,111,155,66233.7,98284.64,0.0,2022,-32050.940000000002,6.410174881966167,16.34693767266135,4.718498871295094,5.049856007249537,11.10095977378071,11.495633212045929,0.0,-10.375112990938142
2022-09-27,UST,329,2840803.75636538,81,106,344355.3,1000.0,0.0,2022,343355.3,5.799092654460526,14.85959793491452,4.406719247264253,4.672828834461906,12.74943215614453,6.90875477931522,0.0,12.746523962504341
2022-09-28,UST,301,57773181.61208175,75,97,536557.014664,123186.7303777773,52834519.7300144,2022,413370.2842862227,5.71042701737487,17.872035257326743,4.330733340286331,4.584967478670572,13.192929970647494,11.721464734032566,17.782675336746085,12.93210146151971
2022-09-29,UST,564,7855540.181503344,86,104,999001.3916,68802.090421,0.0,2022,930199.301179,6.336825731146441,15.876729723734426,4.465908118654584,4.653960350157523,13.81451245162182,11.139003941822494,0.0,13.743155219550838
2022-09-30,UST,372,2120710.291669063,68,97,2.0,4.40926,0.0,2022,-2.4092599999999997,5.921578419643816,14.567262105313882,4.23410650459726,4.584967478670572,1.0986122886681098,1.6881122997688158,0.0,-1.2264952589479552
2022-10-01,UST,334,4023715.222235299,92,111,499500.0,61976.50855300001,0.0,2022,437523.491447,5.814130531825066,15.207716466961672,4.532599493153256,4.718498871295094,13.121364879070743,11.034526832937795,0.0,12.988887963663245
2022-10-02,UST,498,4662837.847245811,100,150,43022.26302999999,14299.155041,0.0,2022,28723.10798899999,6.212606095751519,15.355135015306013,4.61512051684126,5.017279836814924,10.669496249085254,9.568025658217197,0.0,10.265492048762201
2022-10-03,UST,204,2690444.869652736,64,64,224325.45,317.214359,0.0,2022,224008.235641,5.3230099791384085,14.80521748864315,4.174387269895637,4.174387269895637,12.320857635981321,5.762725240592655,0.0,12.319442560527401
2022-10-04,UST,314,4648397.62672419,97,81,762225.9297540002,813.6608120000001,0.0,2022,761412.2689420001,5.752572638825633,15.352033336901028,4.584967478670572,4.406719247264253,13.543999598408876,6.702771845018175,0.0,13.542931549810469
2022-10-05,UST,263,5475857.298504155,75,84,1949947.784262,0.0,0.0,2022,1949947.784262,5.575949103146316,15.515859588230274,4.330733340286331,4.442651256490317,14.483313665713986,0.0,0.0,14.483313665713986
2022-10-06,UST,297,5804271.957794045,73,75,606006.042936,168131.3683487193,0.0,2022,437874.6745872807,5.697093486505405,15.574104921135035,4.30406509320417,4.330733340286331,13.314646886990516,12.032506854987366,0.0,12.989690301091878
2022-10-07,UST,310,2988436.592099687,73,72,200331.040695,3410.112178,0.0,2022,196920.928517,5.739792912179234,14.910261264344674,4.30406509320417,4.290459441148391,12.207731472390813,8.13479366900775,0.0,12.190562627227594
2022-10-08,UST,97,3288324.346825775,41,41,0.0,0.0,0.0,2022,0.0,4.584967478670572,15.005888980027533,3.7376696182833684,3.7376696182833684,0.0,0.0,0.0,0.0
2022-10-09,UST,257,5784790.514867282,54,73,0.0,85658.488567,0.0,2022,-85658.488567,5.552959584921617,15.570742879043864,4.007333185232471,4.30406509320417,0.0,11.358135280651888,0.0,-11.358135280651888
2022-10-10,UST,571,6786499.549294702,107,148,0.0,565726.693263404,0.0,2022,-565726.693263404,6.349138991379798,15.730445983659475,4.68213122712422,5.003946305945459,0.0,13.245868134107592,0.0,-13.245868134107592
2022-10-11,UST,1988,36227823.13828164,238,333,0.0,2419227.303418948,7583571.82316362,2022,-2419227.303418948,7.5953872788539725,17.405338004161386,5.476463551931511,5.811140992976701,0.0,14.698959164394179,15.841494995270974,-14.698959164394179
2022-10-12,UST,1017,17121219.89003655,166,197,9990.0,647488.920081,0.0,2022,-637498.920081,6.925595197110468,16.65582923980553,5.117993812416755,5.288267030694535,9.209439966733019,13.380858504992185,0.0,-13.365309430651573
2022-10-13,UST,576,3912014.705841605,107,155,1.0,54960.49105699999,0.0,2022,-54959.49105699999,6.3578422665081,15.179563324914472,4.68213122712422,5.049856007249537,0.6931471805599453,10.9143880563863,0.0,-10.914369861663449
2022-10-14,UST,436,3544392.472191968,98,130,206793.0,75965.93765,0.0,2022,130827.06235,6.07993319509559,15.08087760942917,4.59511985013459,4.875197323201151,12.239478407655858,11.238053493694013,0.0,11.781639238954217
2022-10-15,UST,329,13766202.07454716,78,98,738284.976,0.0,9553718.31397558,2022,738284.976,5.799092654460526,16.437727093723776,4.3694478524670215,4.59511985013459,13.512086529878363,0.0,16.07244109359903,13.512086529878363
2022-10-16,UST,267,2485380.450597447,68,87,115786.35775,1404.152853,0.0,2022,114382.20489699999,5.5909869805108565,14.725936706979212,4.23410650459726,4.477336814478207,11.65951066501786,7.247901368021226,0.0,11.647309536809232
2022-10-17,UST,207,2735778.972456444,65,79,316972.288558,51009.819302,0.0,2022,265962.469256,5.337538079701318,14.821927135066948,4.189654742026425,4.382026634673881,12.666572786085098,10.839793032383751,0.0,12.491114244708651
2022-10-18,UST,168,2489662.484754852,57,72,483069.423426,0.0,0.0,2022,483069.423426,5.1298987149230735,14.727658112622956,4.060443010546419,4.290459441148391,13.087917726200928,0.0,0.0,13.087917726200928
2022-10-19,UST,279,5962296.986631233,66,96,962751.049716,57494.272353,0.0,2022,905256.777363,5.634789603169249,15.600966532955923,4.204692619390966,4.574710978503383,13.77755118069696,10.959458003457371,0.0,13.715975018988939
2022-10-20,UST,346,5642158.522887615,75,94,387112.5473629999,46297.590006,0.0,2022,340814.95735699986,5.849324779946859,15.545777444318,4.330733340286331,4.553876891600541,12.866473333016131,10.742866786176485,0.0,12.739097896071758
2022-10-21,UST,179,4327110.150134906,52,68,1041042.678881,2504.761262,0.0,2022,1038537.9176190001,5.19295685089021,15.280410706451612,3.970291913552122,4.23410650459726,13.85573430529612,7.826347864357611,0.0,13.853325396433886
2022-10-22,UST,175,1272929.277553242,55,68,56459.508326,429.507477,0.0,2022,56030.000849000004,5.170483995038151,14.056832105853617,4.02535169073515,4.23410650459726,10.941296705061319,6.0649646918935,0.0,10.933660403134043
2022-10-23,UST,237,3200677.53766453,67,71,561551.8484820001,93805.536496,0.0,2022,467746.31198600004,5.472270673671475,14.978873388312177,4.219507705176107,4.276666119016055,13.238461168913265,11.448989818024819,0.0,13.055683497430353
2022-10-24,UST,216,5044219.036373616,66,67,1343217.239205,86000.0,0.0,2022,1257217.239205,5.37989735354046,15.433753598504376,4.204692619390966,4.219507705176107,14.110578963573019,11.362114203075018,0.0,14.04441209159939
2022-10-25,UST,154,1197603.797349592,40,47,0.0,0.0,0.0,2022,0.0,5.043425116919247,13.995834117882465,3.713572066704308,3.871201010907891,0.0,0.0,0.0,0.0
2022-10-26,UST,175,1284866.544701451,55,60,0.0,0.0,0.0,2022,0.0,5.170483995038151,14.066166192945204,4.02535169073515,4.110873864173311,0.0,0.0,0.0,0.0
2022-10-27,UST,212,4302711.199143066,56,59,60189.75,1253052.659798219,2212506.11171858,2022,-1192862.909798219,5.3612921657094255,15.274756125815166,4.04305126783455,4.0943445622221,11.005273965005802,14.041094058019674,14.609636870195137,-13.991867620640368
2022-10-28,UST,272,1922431.534986595,66,87,48245.059939,1005.0,0.0,2022,47240.059939,5.60947179518496,14.469101887411515,4.204692619390966,4.477336814478207,10.784069444137494,6.913737350659685,0.0,10.763018707379654
2022-10-29,UST,913,44565068.89376284,141,154,614398.226015,3710768.326055,11648457.060036,2022,-3096370.10004,6.81783057145415,17.612460923901224,4.955827057601261,5.043425116919247,13.328400201073595,15.126749778599839,16.27068437385452,-14.945741370862603
2022-10-30,UST,337,4778659.117122691,91,93,350286.42714,95379.490568,0.0,2022,254906.93657199998,5.823045895483019,15.379670754948005,4.5217885770490405,4.543294782270004,12.766509316848621,11.465629335139472,0.0,12.44865772590146
2022-10-31,UST,202,1782063.906723598,59,71,289536.062334,1.01e-16,0.0,2022,289536.062334,5.313205979041787,14.39328330987572,4.0943445622221,4.276666119016055,12.576038589680188,1.01e-16,0.0,12.576038589680188
2022-11-01,UST,48,389820.6615061148,17,23,0.0,0.0,0.0,2022,0.0,3.8918202981106265,12.873444635332826,2.8903717578961645,3.1780538303479458,0.0,0.0,0.0,0.0
2022-04-01,wLUNA,241,201051.4491795838,91,122,1391.59053,4298.690633,0.0,2022,-2907.100103,5.488937726156687,12.211321094193941,4.5217885770490405,4.812184355372417,7.2389209822555385,8.366298353279475,0.0,-7.975255261375935
2022-04-02,wLUNA,606,253076.9374002917,212,244,11010.101523,4195.657504999999,0.0,2022,6814.444018,6.408528791059498,12.441452773236664,5.3612921657094255,5.501258210544727,9.30665927221458,8.342043655286089,0.0,8.82694649505302
2022-04-03,wLUNA,514,350345.5631559634,199,225,1920.408409,43117.00321933997,0.0,2022,-41196.594810339964,6.244166900663736,12.766678124005919,5.298317366548036,5.420534999272286,7.560813742462366,10.671695896981431,0.0,-10.626135155243727
2022-04-04,wLUNA,498,305356.9812589561,166,217,5558.358884,1919.281169,0.0,2022,3639.0777150000004,6.212606095751519,12.629240076377334,5.117993812416755,5.384495062789089,8.623238071962984,7.560226896487717,0.0,8.199760310677599
2022-04-05,wLUNA,518,397812.8057104976,182,231,1109.554666,5539.768839999999,0.0,2022,-4430.214173999999,6.251903883165888,12.893739349954393,5.209486152841421,5.44673737166631,7.01261486859746,8.6198885498957,0.0,-8.396428905395851
2022-04-06,wLUNA,563,200071.3730551977,200,221,1665.810941,9208.804273770002,0.0,2022,-7542.993332770002,6.335054251498059,12.206434445348714,5.303304908059076,5.402677381872279,7.418667463601629,9.128023877532765,0.0,-8.92850694053374
2022-04-07,wLUNA,543,942843.4287585716,175,225,2710.164525,84076.045074,0.0,2022,-81365.880549,6.298949246855942,13.756656573200422,5.170483995038151,5.420534999272286,7.905133535595257,11.33948886071347,0.0,-11.306723596333002
2022-04-08,wLUNA,603,827319.786367911,199,258,7641.056491,3591.336397,0.0,2022,4049.7200940000002,6.403574197934815,13.625947790413111,5.298317366548036,5.556828061699537,8.941422020154347,8.186558076763099,0.0,8.306649945283517
2022-04-09,wLUNA,556,257267.5398770274,185,223,4769.321919,5123.350535,0.0,2022,-354.0286159999996,6.322565239927284,12.457875720592233,5.225746673713202,5.4116460518550396,8.470169069865115,8.541759071098284,0.0,-5.872198394677432
2022-04-10,wLUNA,454,154192.3077146433,172,199,3942.210154999999,33948.91096900001,0.0,2022,-30006.70081400001,6.12029741895095,11.94596233913482,5.153291594497779,5.298317366548036,8.27975043070739,10.432641510568088,0.0,-10.309209321504076
2022-04-11,wLUNA,545,327913.1082509889,195,235,1463.629556,3755.038125,0.0,2022,-2291.408569,6.302618975744905,12.700506987985182,5.278114659230517,5.4638318050256105,7.289357626677345,8.231119990702624,0.0,-7.737358320674435
2022-04-12,wLUNA,497,461040.9972100485,187,221,9789.633192,23525.60421928,0.0,2022,-13735.971027280002,6.210600077024653,13.041244418068128,5.236441962829949,5.402677381872279,9.189181410859007,10.065887154234025,0.0,-9.527846092222013
2022-04-13,wLUNA,447,703172.6554798009,169,227,804.3787759999999,6228.962662,0.0,2022,-5424.583886,6.104793232414985,13.463359160885394,5.135798437050262,5.429345628954441,6.691312695946961,8.737125618505113,0.0,-8.598880801372863
2022-04-14,wLUNA,462,253770.1370624926,135,199,371.5590110000001,5193.143888,0.0,2022,-4821.584876999999,6.137727054086234,12.444188104637428,4.912654885736052,5.298317366548036,5.920395444064629,8.555287094572904,0.0,-8.481065344832363
2022-04-15,wLUNA,349,274671.1844130069,120,166,1.570742,3050.198781000001,0.0,2022,-3048.628039000001,5.857933154483459,12.523333608904027,4.795790545596741,5.117993812416755,0.9441945731900054,8.02328983533113,0.0,-8.022774907738182
2022-04-16,wLUNA,337,148672.3039868533,128,165,7389.927925999999,3035.919036999999,0.0,2022,4354.008889000001,5.823045895483019,11.909506586988984,4.859812404361672,5.111987788356544,8.908008571147569,8.018598805816506,0.0,8.379081930386702
2022-04-17,wLUNA,324,148689.2443802191,110,150,13564.621339,2409.435735,0.0,2022,11155.185603999998,5.783825182329737,11.909620524245094,4.709530201312334,5.017279836814924,9.51529402861462,7.78756281304639,0.0,9.319749385754914
2022-04-18,wLUNA,509,374339.5383371246,144,208,13885.375962,4155.85837,0.0,2022,9729.517592,6.234410725718371,12.832921192428568,4.976733742420574,5.342334251964811,9.538663491842279,8.33251486842927,0.0,9.183022369243124
2022-04-19,wLUNA,689,423279.84356432,176,228,10389.355602,16259.212772,0.0,2022,-5869.857170000001,6.536691597591305,12.955791170498726,5.176149732573829,5.43372200355424,9.248633308916645,9.696476468625042,0.0,-8.677755927715111
2022-04-20,wLUNA,406,466040.0599736032,153,180,3768.429898,12011.234466,0.0,2022,-8242.804568,6.008813185442595,13.052029020757526,5.0369526024136295,5.198497031265826,8.2346790483174,9.393680948226741,0.0,-9.017217235761382
2022-04-21,wLUNA,380,278281.3691840817,136,186,3349.656698000001,11026.83786479,0.0,2022,-7677.18116679,5.942799375126701,12.536391593671315,4.919980925828125,5.231108616854587,8.116911634861621,9.308178069894696,0.0,-8.946137970852833
2022-04-22,wLUNA,382,488371.987608537,137,160,84.48767800000002,92924.74744099998,0.0,2022,-92840.25976299998,5.948034989180646,13.098834711762319,4.927253685157205,5.081404364984463,4.448372248597804,11.439556038619786,0.0,-11.438646429479855
2022-04-23,wLUNA,315,109336.4595131912,124,141,428.520308,2138.233348999999,0.0,2022,-1709.713040999999,5.755742213586912,11.602194337435975,4.8283137373023015,4.955827057601261,6.062669023193588,7.668202795698864,0.0,-7.444665545624373
2022-04-24,wLUNA,253,94918.7382744715,97,112,3022.262822,1233.820493,0.0,2022,1788.4423290000002,5.537334267018537,11.460786953218376,4.584967478670572,4.727387818712341,8.014091931787624,7.118680888700201,0.0,7.489659302248934
2022-04-25,wLUNA,499,800378.5995841083,196,228,975.078241,17375.60009999999,0.0,2022,-16400.52185899999,6.214608098422191,13.59284139359092,5.2832037287379885,5.43372200355424,6.88354274815907,9.762879758279107,0.0,-9.705129405787469
2022-04-26,wLUNA,363,137894.9115878092,151,166,1385.569033,606.16645164,0.0,2022,779.40258136,5.8971538676367405,11.834254415682786,5.0238805208462765,5.117993812416755,7.234587653214146,6.408802973632765,0.0,6.659809916483106
2022-04-27,wLUNA,318,179681.2240568175,132,145,1999.989321,49146.89445120999,0.0,2022,-47146.90513020999,5.765191102784844,12.098945147771987,4.890349128221754,4.983606621708336,7.601396997737909,10.802589285414756,0.0,-10.76104485717446
2022-04-28,wLUNA,278,90582.98484986144,106,115,194.361176,1449.811453,0.0,2022,-1255.450277,5.631211781821365,11.414032708744253,4.672828834461906,4.7535901911063645,5.274850030000296,7.279878301642821,0.0,-7.1360457835782665
2022-04-29,wLUNA,341,661263.7601813447,126,154,293758.010327,22810.93256999999,0.0,2022,270947.077757,5.834810737062605,13.401909583540826,4.844187086458591,5.043425116919247,12.590515017423701,10.035039036371657,0.0,12.509682486512553
2022-04-30,wLUNA,324,144895.8619201475,121,142,4297.885109000001,1347.995786,0.0,2022,2949.889323000001,5.783825182329737,11.883777471208473,4.804021044733257,4.962844630259907,8.366110991086824,7.207115732407472,0.0,7.989861869326024
2022-05-01,wLUNA,286,660650.9774026594,105,127,506.479295,252280.376021,0.0,2022,-251773.896726,5.659482215759621,13.400982470954752,4.663439094112067,4.852030263919617,6.2294559120541235,12.438300315103128,0.0,-12.436290700332565
2022-05-02,wLUNA,233,215260.6366252803,104,109,57.35714300000001,9179.990033,0.0,2022,-9122.63289,5.455321115357702,12.279609481805647,4.653960350157523,4.700480365792417,4.066581767692725,9.124890324531522,0.0,-9.11862334695254
2022-05-03,wLUNA,272,152711.8677293186,108,132,13936.883541,14835.59176,0.0,2022,-898.7082190000001,5.60947179518496,11.936314755693822,4.6913478822291435,4.890349128221754,9.542365846460616,9.604851824575956,0.0,-6.802070509648658
2022-05-04,wLUNA,304,439742.4120050211,126,143,99926.701875,103117.583141,0.0,2022,-3190.8812659999967,5.720311776607412,12.993946681259663,4.844187086458591,4.969813299576001,11.512202222243248,11.54363489761371,0.0,-8.068365760509439
2022-05-05,wLUNA,408,717804.45465485,222,155,279838.976156,3891.3744711,0.0,2022,275947.6016849,6.013715156042802,13.483953856795846,5.407171771460119,5.049856007249537,12.541973205046594,8.266774654273567,0.0,12.527969901577766
2022-05-06,wLUNA,316,778193.40371535,113,148,359.947264,340883.284165,0.0,2022,-340523.336901,5.75890177387728,13.56473164818747,4.736198448394496,5.003946305945459,5.888731864559213,12.739298356051282,0.0,-12.738241876029306
2022-05-07,wLUNA,595,310483.2649496089,180,204,16072.992729,2930.132153,0.0,2022,13142.860576,6.39024066706535,12.645888502580782,5.198497031265826,5.3230099791384085,9.684957886427158,7.983144027719023,0.0,9.483710052235404
2022-05-08,wLUNA,823,1043380.342114351,198,274,336850.78737,14174.039614,0.0,2022,322676.74775599997,6.714170529909472,13.857977287595665,5.293304824724492,5.616771097666572,12.727398312505054,9.559237923230496,0.0,12.684409419219932
2022-05-09,wLUNA,1502,2358270.344128072,347,441,643854.459399,56556.65910212017,0.0,2022,587297.8002968798,7.315218389752975,14.67343942730463,5.8522024797744745,6.091309882077698,13.375229537968613,10.94301591184479,0.0,13.283288998765258
2022-05-10,wLUNA,6483,28120987.61264024,814,1263,14424592.587235,48254.65282205531,0.0,2022,14376337.934412945,8.777092882855566,17.15202678121052,6.703188113240863,7.142036574706803,16.48444519576639,10.784268256838583,0.0,16.481094283573633
2022-05-11,wLUNA,16016,453580877.2824855,1624,3218,198443738.741106,3015181.704426635,107837524.490497,2022,195428557.03667936,9.681405937168297,19.932684154027356,7.393263094763838,8.076826031298808,19.10601619092155,14.919170984790538,18.496136258745725,19.090705438565692
2022-05-12,wLUNA,17123,2166188830.586487,1825,3992,577639706.0467985,1017383.281634,1598012208.211298,2022,576622322.7651645,9.748236267264836,21.49623516158976,7.509883061154913,8.292298107063221,20.174460888067184,13.832745461707521,21.192026324568754,20.172698058626484
2022-05-13,wLUNA,33115,2148849329100.071,1447,6011,982826712744.0088,13717778890.38276,2144217157052.249,2022,969108933853.626,10.407771828258696,28.395953619032802,7.277938572945661,8.701512750872865,27.613698657469286,23.341958557755632,28.393795639947044,27.599642861357278
2022-05-14,wLUNA,36375,1106530716473.274,2806,10693,2611790682.820273,14264215874.90128,1099777515277.105,2022,-11652425192.081007,10.501664495504846,27.73225075608319,7.939871576361883,9.277438115508676,21.68330190878667,23.38101985170998,27.72612901643771,-23.178780166373443
2022-05-15,wLUNA,21792,641960643485.8337,2652,8126,2833754380.049929,12639145388.41768,638232994549.3018,2022,-9805391008.367752,9.989344096295811,27.18779283577726,7.88344635413774,9.002947130753205,21.764868305810378,23.260064611782653,27.181969248843565,-23.00619817436846
2022-05-16,wLUNA,11073,660563258740.4796,1789,4032,4627681794.206465,4328610071.710911,658805620064.4332,2022,299071722.495554,9.312355297382913,27.216358730344673,7.489970898834801,8.302265794873367,22.255321887476338,22.18851232805556,27.21369436597464,19.516193980500407
2022-05-17,wLUNA,5803,1015167008579.466,1144,2274,7321122277.678764,6355481886.216249,1014222487890.181,2022,965640391.4625149,8.666302614004078,27.646074255360364,7.0431599159883405,7.729735331385051,22.714029469927212,22.572583566756496,27.64514341309561,20.68830205833759
2022-05-18,wLUNA,5732,701874789724.554,1157,2304,12081334226.2291,2711820818.017244,700925255765.8823,2022,9369513408.211855,8.653994232908383,27.27702086284948,7.05444965813294,7.742835955430749,23.21492747262794,21.720886135157954,27.2756670931419,22.96072700113451
2022-05-19,wLUNA,3870,406362413589.6919,925,1504,4026077118.027322,3556423763.965805,405759716532.7078,2022,469653354.06151676,8.261268150577648,26.73051124269019,6.8308742346461795,7.316548177182976,22.116058319228273,21.992021316498516,26.729026990149165,19.967505438127855
2022-05-20,wLUNA,3050,889447215318.4858,811,1374,2070547863.987281,1463129670.962484,888946486972.3987,2022,607418193.0247972,8.02322468471667,27.51386600032352,6.699500340161678,7.226209010100671,21.45107907828099,21.103843589344024,27.51330287601795,20.224728064070014
2022-05-21,wLUNA,3226,501460276406.1763,784,1406,3560683278.818082,5001728490.785794,500938433537.2522,2022,-1441045211.9677124,8.079308192051961,26.940790231654184,6.665683717782408,7.249215057114389,21.993218295926827,22.33304938799776,26.939749043330835,-21.088634529576858
2022-05-22,wLUNA,5728,922646492554.6042,1008,2441,11848899267.11713,21341957481.76549,921783816564.1582,2022,-9493058214.648361,8.653296274408579,27.550511999772056,6.9167150203536085,7.80057265467065,23.195500811446635,23.783940806952756,27.54957656073802,-22.973826654308926
2022-05-23,wLUNA,5845,2145300932225.466,1080,3051,5104214066.104729,22789020681.7542,2144589836404.878,2022,-17684806615.64947,8.673512945671192,28.394300953212415,6.985641817639208,8.023552392404348,22.353332323156565,23.849544707922842,28.39396943156515,-23.595971724664196
2022-05-24,wLUNA,4768,1505603240033.609,1102,2417,2434603030.321736,67185101276.68105,1504977722736.328,2022,-64750498246.359314,8.469891918298224,28.04021475776419,7.005789019253503,7.790696031174738,21.61304955403952,24.93071735271748,28.039799211851946,-24.893807232436366
2022-05-25,wLUNA,6457,1866424195272.093,1612,3277,4435026159.128935,108673752572.2261,1865494361707.704,2022,-104238726413.09717,8.77307495131822,28.255045521174992,7.385851078125209,8.094988759303774,22.212799351254016,25.411616135248153,28.25454720720086,-25.369949551865044
2022-05-26,wLUNA,10332,1218253996489.925,4880,3494,7213056698.141231,386301445290.8718,1216598561020.874,2022,-379088388592.7306,9.243097936214355,27.82843979918254,8.493105395887147,8.15908865466791,22.69915865112487,26.679883847983305,27.82708001604576,-26.661035230125268
2022-05-27,wLUNA,6287,533194966114.8188,1561,3208,669094682.0761452,24722628434.23035,532239554287.139,2022,-24053533752.154205,8.746398334109042,27.002152984313337,7.3537223303996315,8.073714641109857,20.321436137339983,23.93098479216947,27.000359514953228,-23.90354775630758
2022-05-28,wLUNA,8404,446172653097.6726,1695,3956,710351951.3138103,3478153968.271667,444927782829.3059,2022,-2767802016.9578567,9.036582045842716,26.823971828627975,7.4360278163518485,8.283241441385425,20.38127111266151,21.969767521384455,26.821177820168298,-21.741319346839536
2022-05-29,wLUNA,5084,21797154099.10506,1045,2364,536120094.7229188,3401080053.875608,21081613309.70966,2022,-2864959959.152689,8.53405030848266,23.805045252352862,6.952728644624869,7.768533300926033,20.099868753122117,21.947358881322963,23.771667090457203,-21.77582021150156
2022-05-30,wLUNA,6127,51184650753.69836,1230,2909,444890533.5610689,9137999864.460808,50297102570.78168,2022,-8693109330.899738,8.720623711420426,24.658705534098587,7.115582126184454,7.975908360165538,19.913338820119666,22.935707365364443,24.641213309446304,-22.885796517968704
2022-05-31,wLUNA,3119,16352960739.63592,762,1609,1534850634.130595,1141256695.734132,15845527673.81083,2022,393593938.3964629,8.045588280803528,23.517674802949937,6.637258031284457,7.383989457978509,21.15169890714718,20.855395857750327,23.486153131826413,19.790830325148985
2022-06-01,wLUNA,2408,10675784646.81726,762,1204,714873597.635889,764210138.1858201,10290599091.12866,2022,-49336540.54993105,7.786967002614872,23.09124389666827,6.637258031284457,7.094234845924755,20.387616299905318,20.454353360601463,23.054496605906998,-17.71417557236335
2022-06-02,wLUNA,1555,6914186553.93136,438,880,475473884.0297029,421816745.019022,6663335744.584356,2022,53657139.010680914,7.349873704738337,22.65684116028191,6.0844994130751715,6.78105762593618,19.979822517368323,19.860081526546196,22.619886058809207,17.79812510319399
2022-06-03,wLUNA,1312,7477438711.417471,372,704,109551415.07593,634823021.727446,7266183156.932664,2022,-525271606.65151596,7.180069874302796,22.73515615216832,5.921578419643816,6.558197802812269,18.51190455022006,20.26885681364546,22.706496977960427,-20.079426034685255
2022-06-04,wLUNA,1060,4487854617.197803,330,552,37703104.771782,423974373.2312419,4328094351.039175,2022,-386271268.4594599,6.966967138613983,22.22464061119244,5.802118375377063,6.315358001522335,17.44525303023947,19.86518357323591,22.188393178631703,-19.77205045122183
2022-06-05,wLUNA,1103,7900712997.580719,313,584,542288471.763872,365519188.96504,7731546019.09995,2022,176769282.798832,7.00669522683704,22.790218845331733,5.749392985908253,6.371611847231857,20.11130865538746,19.71682933910018,22.76857468214814,18.990355958904786
2022-06-06,wLUNA,1319,6314422262.374018,391,762,135719873.813559,380665020.8670981,6095749438.509659,2022,-244945147.0535391,7.1853870155804165,22.566102102162148,5.971261839790462,6.637258031284457,18.726103575492306,19.757430338663287,22.530857552043386,-19.316544857947143
2022-06-07,wLUNA,1664,10600037695.30419,507,772,1032553165.648484,287989022.11479,10356249340.67093,2022,744564143.533694,7.417580402414544,23.08412339431322,6.230481447578482,6.650279048587422,20.755300374595755,19.4784329231891,23.06085597557086,20.428309564246263
2022-06-08,wLUNA,1093,360933268811.6893,299,516,1167395852.224128,465511751.319715,360812347624.5526,2022,701884100.904413,6.9975959829819265,26.611958927257874,5.703782474656201,6.248042874508429,20.878041338581117,19.9586479010216,26.611623847458247,20.369278851357816
2022-06-09,wLUNA,1170,10103254785.1754,291,533,858680232.4424031,801854467.97834,9968201486.680202,2022,56825764.46406305,7.065613363597717,23.036123464937265,5.676753802268282,6.280395838960195,20.570907156212055,20.50243768923815,23.022666012238282,17.855500398163198
2022-06-10,wLUNA,931,20299216954.39175,253,409,1163733119.571078,273877187.501042,20187801890.28272,2022,889855932.070036,6.837332814685591,23.733848148624148,5.537334267018537,6.016157159698354,20.874898882107573,19.42819034672353,23.728344392184418,20.6065701346326
2022-06-11,wLUNA,786,5017845586.513925,275,381,386778174.691259,459740879.779134,4913041536.231077,2022,-72962705.08787495,6.668228248417403,22.336266512698156,5.62040086571715,5.945420608606575,19.773361897229925,19.946173586078814,22.315159044652663,-18.105458993062747
2022-06-12,wLUNA,798,5403615267.484312,255,348,492457188.653465,322302580.233851,5296694417.519293,2022,170154608.41961396,6.683360945766275,22.41033406066916,5.545177444479562,5.855071922202427,20.014918090236765,19.591001355546183,22.39034876830709,18.952218048874045
2022-06-13,wLUNA,643,4567848512.443216,198,324,328809956.553007,233986721.235424,4487338364.042451,2022,94823235.317583,6.467698726104354,22.242308146194016,5.293304824724492,5.783825182329737,19.610990505216343,19.270774929128397,22.224525571180067,18.367525046026252
2022-06-14,wLUNA,554,2773985973.337311,191,295,168646127.699194,210001214.420053,2696375890.397793,2022,-41355086.72085899,6.318968113746434,21.743551102711386,5.2574953720277815,5.69035945432406,18.943313164563907,19.16262387637953,21.71517444587028,-17.53770601227284
2022-06-15,wLUNA,531,2881627026.053593,198,272,76539420.341743,172130462.531321,2816646979.55234,2022,-95591042.18957798,6.2766434893416445,21.781620911524932,5.293304824724492,5.60947179518496,18.15331647772608,18.963763256158263,21.758813000469946,-18.375589683146817
2022-06-16,wLUNA,660,4636655951.747252,225,300,65225810.60561299,333934890.324475,4541285600.08608,2022,-268709079.718862,6.493753839851686,22.257259243516646,5.420534999272286,5.707110264748875,17.993365832077348,19.626456595784187,22.236475980959423,-19.409139868023473
2022-06-17,wLUNA,673,3923801573.001058,227,333,45109682.739002,157588497.509722,3821431922.37668,2022,-112478814.77072,6.513230110912307,22.090326810092943,5.429345628954441,5.811140992976701,17.62460749847554,18.875497753725732,22.063891038378028,-18.538275457617008
2022-06-18,wLUNA,609,3152993160.335479,197,297,74106025.046276,195053567.340571,3066023596.144538,2022,-120947542.29429498,6.413458957167357,21.871618048568028,5.288267030694535,5.697093486505405,18.121007410121386,19.088784788241117,21.84364731376059,-18.610867483067807
2022-06-19,wLUNA,725,5338173211.061943,246,352,30915727.808869,293134633.056829,5229824319.304819,2022,-262218905.24795997,6.587550014824796,22.398149336271146,5.5093883366279774,5.8664680569332965,17.246775635300487,19.496142563343113,22.377643523695163,-19.384690232903193
2022-06-20,wLUNA,626,2529837788.200109,216,319,177082.961851,173830547.01135,2411434647.761837,2022,-173653464.049499,6.440946540632921,21.65142102268972,5.37989735354046,5.768320995793772,12.08437925982259,18.97359152066337,21.603487697276876,-18.972572291170643
2022-06-21,wLUNA,614,2780898566.955981,221,326,29401043.975781,81203073.50262499,2678415628.568972,2022,-51802029.52684399,6.421622267806518,21.746039938306172,5.402677381872279,5.7899601708972535,17.19654077507117,18.21246366774793,21.708491273654953,-17.76293990582136
2022-06-22,wLUNA,404,2382695914.834382,164,214,87626460.386872,98291370.442429,2319486830.07419,2022,-10664910.055557013,6.003887067106539,21.591498421311993,5.10594547390058,5.3706380281276624,18.288593580918867,18.40344680346642,21.564611804655236,-16.18246957000818
2022-06-23,wLUNA,389,2741334038.857251,145,202,253687120.450291,103936885.326646,2680952830.382308,2022,149750235.123645,5.966146739123692,21.731710514721104,4.983606621708336,5.313205979041787,19.35161226037323,18.459294410646436,21.70943810237978,18.8244793717442
2022-06-24,wLUNA,491,2918100965.922147,184,244,35536964.949491,108370167.28142,2834837328.072315,2022,-72833202.331929,6.198478716492308,21.79419888786105,5.220355825078324,5.501258210544727,17.386084007026604,18.50106340873935,21.76525039296392,-18.10368249891391
2022-06-25,wLUNA,458,4375770881.279461,163,231,173920358.438504,86880892.477979,4299363814.756323,2022,87039465.960525,6.129050210060545,22.199348542898175,5.099866427824199,5.44673737166631,18.97410804802377,18.280048698143737,22.181732898876163,18.281872216978304
2022-06-26,wLUNA,626,3931968511.652521,182,294,213698160.485854,122203586.336469,3844268224.91598,2022,91494574.149385,6.440946540632921,22.092406031226865,5.209486152841421,5.68697535633982,19.18007511700414,18.621198960543133,22.069849103433828,18.331790240503285
2022-06-27,wLUNA,1478,11292380772.70756,425,671,578295318.3439949,278969625.145745,11108453779.72227,2022,299325693.1982499,7.2991214627108,23.14739406743044,6.054439346269371,6.51025834052315,20.175595229275867,19.446613466998084,23.130972257260037,19.517042816776886
2022-06-28,wLUNA,1609,22133848014.90854,421,657,406164650.588212,444532587.766451,21898303089.74751,2022,-38367937.17823899,7.383989457978509,23.820373858221135,6.045005314036012,6.489204931325317,19.822269181138314,19.91253392579085,23.80967498632604,-17.46273272552365
2022-06-29,wLUNA,6385,58448403792.9077,1379,3026,1050753392.072767,832735926.4592614,57431275221.04868,2022,218017465.6135056,8.761863373274727,24.791410215576413,7.22983877815125,8.01532730902172,20.772773261035596,20.540227136017176,24.77385485638279,19.20008573962406
2022-06-30,wLUNA,2836,14886949246.80183,754,1356,309623393.254568,334623764.0496271,14439162274.66153,2022,-25000370.795059144,7.950502434808851,23.423750776673288,6.626717749249025,7.213031659834869,19.55086725966287,19.628517369247746,23.39320995457734,-17.034401254524255
2022-07-01,wLUNA,1740,9391063872.13974,524,853,89035431.681156,62764839.35788801,9092317830.302666,2022,26270592.32326798,7.462214939768189,22.963024422272724,6.263398262591624,6.74993119378857,18.30454496848066,17.954905607741814,22.93069569957414,17.08396074698977
2022-07-02,wLUNA,1998,7662795741.422601,604,867,153205668.343335,100875346.825834,7355829820.201894,2022,52330321.517501,7.6004023345004,22.75964273353866,6.405228458030842,6.7661917146603505,18.847291820743592,18.429396132636015,22.718759008728366,17.77308654147675
2022-07-03,wLUNA,1510,7134801347.670759,414,691,287450241.915182,258377206.169261,6896412919.470213,2022,29073035.745920986,7.32052696227274,22.688250245675533,6.028278520230698,6.539585955617669,19.47656033510256,19.369931118432905,22.654267246773614,17.185321730303134
2022-07-04,wLUNA,1117,4570671493.563811,330,532,200216751.617016,138681601.946848,4371430783.71821,2022,61535149.67016798,7.0192966537150445,22.242925966411715,5.802118375377063,6.278521424165844,19.11491110075014,18.74769123731574,22.19835620315739,17.935119125113538
2022-07-05,wLUNA,1074,6823791120.116953,302,417,319935664.744622,126949654.438271,6667722046.712782,2022,192986010.306351,6.980075940561763,22.64368103721786,5.713732805509369,6.035481432524756,19.583630488997827,18.659301151958235,22.620544116459953,19.078128263964363
2022-07-06,wLUNA,921,4896278016.836399,255,374,19388392.27912,123655169.560858,4776591979.758497,2022,-104266777.281738,6.826545223556594,22.311741165233055,5.545177444479562,5.926926025970411,16.780185160408475,18.633007367158182,22.286993154425698,-18.462463348443773
2022-07-07,wLUNA,804,5404459868.081391,251,342,72820233.194266,79161943.464862,5264746937.131763,2022,-6341710.270595998,6.690842277418564,22.410490351329255,5.529429087511423,5.8377304471659395,18.103504416777056,18.187006242126895,22.384298916444955,-15.662659206490297
2022-07-08,wLUNA,716,2136785420.79989,238,324,7702663.042027,76076406.066688,2014385101.341057,2022,-68373743.024661,6.57507584059962,21.482568397291924,5.476463551931511,5.783825182329737,15.857076806470838,18.147248749359214,21.423579825645724,-18.04049944961136
2022-07-09,wLUNA,800,4955820618.686801,250,328,154288473.064123,155320916.168957,4834220613.109673,2022,-1032443.1048339903,6.68586094706836,22.323828605483367,5.5254529391317835,5.796057750765372,18.854334616319896,18.861003967838357,22.298985756189975,-13.847439466597928
2022-07-10,wLUNA,675,1702978794.270216,212,328,6391071.428571,45407955.020533,1586637051.371733,2022,-39016883.591962,6.516193076042964,21.255644787152036,5.3612921657094255,5.796057750765372,15.670412641469312,17.631197890401378,21.184882551875848,-17.47950504865863
2022-07-11,wLUNA,569,2110706940.700952,185,263,20903355.918781,102187206.008355,2014020112.141307,2022,-81283850.08957401,6.345636360828596,21.470288771780027,5.225746673713202,5.575949103146316,16.85542032216082,18.44231705185521,21.423398617856922,-18.2134579212032
2022-07-12,wLUNA,787,4972926929.533457,208,292,98478722.579304,77587817.082468,4868983663.918614,2022,20890905.49683599,6.669498089857879,22.327274423334277,5.342334251964811,5.680172609017068,18.40535107853901,18.166920989356903,22.306151059226295,16.85482452640821
2022-07-13,wLUNA,614,3360386610.273197,199,251,68556685.819039,29155321.177588,3276860395.013564,2022,39401364.641451,6.421622267806518,21.935321867181226,5.298317366548036,5.529429087511423,18.043171505809536,17.18814803308627,21.910151604600177,17.48931103461802
2022-07-14,wLUNA,532,3250568490.015078,164,243,122702702.273107,74066113.94457051,3163971856.583187,2022,48636588.328536496,6.278521424165844,21.902095738303615,5.10594547390058,5.497168225293202,18.62527494100411,18.120468697480753,21.875093992243105,17.69988667245096
2022-07-15,wLUNA,853,5251735235.076521,259,356,126112517.244429,158858701.155214,5100444508.000413,2022,-32746183.910785004,6.74993119378857,22.381824380097292,5.560681631015528,5.877735781779639,18.652685068366647,18.883525699396582,22.35259353150613,-17.30429702198616
2022-07-16,wLUNA,757,3158642090.084684,221,342,20012333.462221,162933499.671275,3026488684.811328,2022,-142921166.209054,6.630683385642372,21.873408054178814,5.402677381872279,5.8377304471659395,16.81185936453377,18.908852704186216,21.830668934915106,-18.77780375795609
2022-07-17,wLUNA,648,2186325049.892084,184,318,7368936.193426,49106195.58471701,2058664808.770583,2022,-41737259.391291015,6.47543271670409,21.50548791230345,5.220355825078324,5.765191102784844,15.812784046633157,17.709495788156502,21.44532345901069,-17.546904822367996
2022-07-18,wLUNA,856,5337111933.973184,243,371,60036640.320182,22039532.145444,5190592175.184608,2022,37997108.174738005,6.75343791859778,22.397950507466547,5.497168225293202,5.918893854273146,17.910465622461633,16.908348359876005,22.370113627072897,17.45302064044786
2022-07-19,wLUNA,648,3132926616.740296,230,336,32008201.347709,288253757.105602,3017608568.901165,2022,-256245555.75789303,6.47543271670409,21.865233426280298,5.442417710521793,5.820082930352362,17.281502751284684,19.479351754688825,21.82773049037193,-19.36164674878517
2022-07-20,wLUNA,787,3367425707.715203,252,338,116534079.059148,53137579.829515,3239810183.609744,2022,63396499.229632996,6.669498089857879,21.93741440474789,5.53338948872752,5.82600010738045,18.57369432088723,17.788394972786865,21.89878058003749,17.96491921645845
2022-07-21,wLUNA,701,3910732980.820848,210,288,45822296.491551,2802709.724917,3808891132.370678,2022,43019586.766633995,6.553933404025811,22.086990656755912,5.351858133476067,5.666426688112432,17.640281375407625,14.846097622865118,22.06060394261428,17.577166099392397
2022-07-22,wLUNA,804,5922390418.220223,245,279,44348967.51346,634716534.679198,5805234276.487692,2022,-590367567.165738,6.690842277418564,22.502005991372723,5.5053315359323625,5.634789603169249,17.60760000857927,20.2686890566854,22.482025809160927,-20.19625589777312
2022-07-23,wLUNA,595,2206493084.201846,217,243,19549009.326047,60341844.248538,2123234964.255405,2022,-40792834.922491,6.39024066706535,21.51467025283794,5.384495062789089,5.497168225293202,16.788435220405685,17.915536372078417,21.47620668959398,-17.524017033821615
2022-07-24,wLUNA,748,2799292037.838123,235,271,20013926.04,26250512.295675,2693578336.042181,2022,-6236586.255674999,6.618738983517219,21.75263237888522,5.4638318050256105,5.605802066295998,16.811938941177708,17.08319610093168,21.714136383397665,-15.645943676578865
2022-07-25,wLUNA,559,2579092527.466302,185,227,59758303.516488,152575659.97461,2492845586.542176,2022,-92817356.458122,6.327936783729195,21.670703440854727,5.225746673713202,5.429345628954441,17.905818726841645,18.843171168514633,21.63669070115889,-18.346144221840927
2022-07-26,wLUNA,593,4612363010.972417,162,231,267306188.465223,19435429.207337,4548520784.03072,2022,247870759.25788602,6.386879319362645,22.25200614657065,5.093750200806762,5.44673737166631,19.403905336341335,16.782608257723854,22.238067914861045,19.328418040302477
2022-07-27,wLUNA,738,5096846606.566702,214,284,73359798.659281,25999888.07326,4992763326.906798,2022,47359910.586021,6.6052979209482015,22.351887873201022,5.3706380281276624,5.652489180268651,18.110886654982924,17.07360282956358,22.3312553665617,17.673286681689063
2022-07-28,wLUNA,661,4837467533.84948,217,269,1989717.22365,104056229.967082,4749075658.387003,2022,-102066512.743432,6.495265555937008,22.299657184137565,5.384495062789089,5.598421958998375,14.503503590519214,18.460441993365386,22.28121583803252,-18.441135254250486
2022-07-29,wLUNA,726,5101456761.784834,194,241,11576606.966393,67667693.057771,5004827163.518551,2022,-56091086.091377996,6.588926477533519,22.352791975651154,5.272999558563747,5.488937726156687,16.264497065471453,18.03011943134246,22.333668716553607,-17.842487482494388
2022-07-30,wLUNA,760,3285496201.936815,214,275,31527579.010024,19099852.590554,3161888978.698189,2022,12427726.419470001,6.634633357861686,21.91278352859823,5.3706380281276624,5.62040086571715,17.26637327659418,16.765191227571457,21.874435464332407,16.335440616479364
2022-07-31,wLUNA,648,2261775498.412783,211,257,215.864822,43593236.2352,2138860708.316036,2022,-43593020.370378,6.47543271670409,21.539415961002565,5.356586274672012,5.552959584921617,5.379274219340498,17.59041258700417,21.483539145391966,-17.590407635195813
2022-08-01,wLUNA,931,6176341611.019265,223,300,128056362.75431,370639306.976216,6028553255.246372,2022,-242582944.221906,6.837332814685591,22.543991960966142,5.4116460518550396,5.707110264748875,18.667981066792425,19.73073993196596,22.519772894561804,-19.306854252010922
2022-08-02,wLUNA,608,2871191695.735015,159,236,71211535.054128,71577684.90588701,2757176387.245587,2022,-366149.8517590016,6.411818267709897,21.777993005878965,5.075173815233827,5.4680601411351315,18.081165386489992,18.086293933999002,21.737472945267836,-12.810800690743513
2022-08-03,wLUNA,600,4020422082.879636,210,238,40022240.568938,40063377.513874,3928152979.110004,2022,-41136.94493599981,6.398594934535208,22.114652730055607,5.351858133476067,5.476463551931511,17.504945896769133,17.505973220988174,22.09143517273677,-10.624686209018078
2022-08-04,wLUNA,514,5272897198.591979,157,233,15171.38094,68206359.81487301,5191015382.585907,2022,-68191188.433933,6.244166900663736,22.38584580168399,5.062595033026967,5.455321115357702,9.627232010587443,18.038048385544837,22.37019515729817,-18.037825927282576
2022-08-05,wLUNA,482,1863664501.083246,176,225,28306817.751693,142790406.736645,1761637800.6485,2022,-114483588.98495202,6.180016653652572,21.345810548857234,5.176149732573829,5.420534999272286,17.158613278880317,18.776888432901,21.28950978240392,-18.555942051778715
2022-08-06,wLUNA,539,3093421300.200161,177,227,49991726.60044,59006192.099957,3008994985.43897,2022,-9014465.499516994,6.29156913955832,21.852543532560045,5.181783550292085,5.429345628954441,17.727368101713193,17.893152964157142,21.824871968404487,-16.01434123366895
2022-08-07,wLUNA,622,3105161599.398618,224,242,38291453.238018,119137407.913082,3019963570.997547,2022,-80845954.675064,6.434546518787453,21.856331596194494,5.41610040220442,5.493061443340548,17.460737302309653,18.59578808167485,21.82851060600797,-18.208056120164347
2022-08-08,wLUNA,580,2661532011.298513,189,212,16261252.399829,82171711.627186,2563197150.476364,2022,-65910459.227357,6.364750756851911,21.70216773842078,5.247024072160486,5.3612921657094255,16.604295743973385,18.224321672177524,21.664521203522295,-18.00380771566811
2022-08-09,wLUNA,632,4389408103.595405,184,224,258563256.738425,254384843.61671,4301883226.598243,2022,4178413.1217149794,6.450470422144176,22.20246022683298,5.220355825078324,5.41610040220442,19.3706509327629,19.354358814608172,22.182318723676048,15.245442335792891
2022-08-10,wLUNA,486,1994996301.185023,158,205,56035373.76644599,23112964.016369,1915264156.603926,2022,32922409.750076987,6.18826412308259,21.413908033745177,5.0689042022202315,5.327876168789581,17.841493741523816,16.955904274166585,21.373121391373527,17.309664161653185
2022-08-11,wLUNA,565,2558700407.891956,172,225,5805127.298192,81717839.169115,2468939213.945839,2022,-75912711.87092301,6.338594078203183,21.662765313762005,5.153291594497779,5.420534999272286,15.574252274194963,18.21878289791581,21.627054427705396,-18.14509472334571
2022-08-12,wLUNA,547,3626614392.845929,174,234,86135619.248342,17126856.835348,3556072020.161346,2022,69008762.41299401,6.306275286948016,22.011565376140624,5.1647859739235145,5.459585514144159,18.271433591722985,16.65615842296395,21.991922407812922,18.049744060482375
2022-08-13,wLUNA,754,5807603318.229506,197,244,36261403.557304,191062853.652849,5700501905.501286,2022,-154801450.095545,6.626717749249025,22.48243381310569,5.288267030694535,5.501258210544727,17.40626449826344,19.068113013827404,22.463820061682565,-18.857653893078194
2022-08-14,wLUNA,816,8482789377.068154,271,290,61337197.41374,979732055.543918,8373657274.329987,2022,-918394858.130178,6.705639094860003,22.86130516875555,5.605802066295998,5.673323267171493,17.93189704253495,20.70278968055522,22.848356576470326,-20.63813798587691
2022-08-15,wLUNA,497,5277552767.614721,151,216,26735537.159629,112602623.9088,5202848429.684523,2022,-85867086.749171,6.210600077024653,22.386728336426856,5.0238805208462765,5.37989735354046,17.101504255566862,18.539375585199213,22.3724720876914,-18.26831116742549
2022-08-16,wLUNA,480,2456054217.02967,169,203,0.0,8387319.961607,2371098986.531726,2022,-8387319.961607,6.175867270105761,21.62182192273262,5.135798437050262,5.318119993844216,0.0,15.942231714175172,21.586619392433498,-15.942231714175172
2022-08-17,wLUNA,517,3097098870.769395,161,212,78079022.82000001,137957385.893922,3017307922.420465,2022,-59878363.07392199,6.249975242259483,21.853731662442218,5.087596335232384,5.3612921657094255,18.17323199768563,18.742455404812084,21.82763085469966,-17.90782579706772
2022-08-18,wLUNA,468,2173298382.078762,154,213,15744240.0,125353632.6146,2103836330.294882,2022,-109609392.6146,6.150602768446279,21.49951184268208,5.043425116919247,5.365976015021851,16.571985205575714,18.646649369899535,21.467028339487612,-18.512433636967863
2022-08-19,wLUNA,573,7161629026.373854,177,231,180060141.98472,230995248.516947,7064656554.475413,2022,-50935106.53222701,6.352629396319567,22.692003309830362,5.181783550292085,5.44673737166631,19.008801480739148,19.257907703412908,22.678370239795903,-17.746062979169817
2022-08-20,wLUNA,441,3436487373.33696,160,194,0.0,138660599.158361,3364626376.539111,2022,-138660599.158361,6.091309882077698,21.95771567453023,5.081404364984463,5.272999558563747,0.0,18.747539779742446,21.936582761943715,-18.747539779742446
2022-08-21,wLUNA,522,2584846067.736327,189,237,0.0,36620707.128415,2504888594.022829,2022,-36620707.128415,6.259581464064923,21.67293179525613,5.247024072160486,5.472270673671475,0.0,17.4161244342278,21.641510097449505,-17.4161244342278
2022-08-22,wLUNA,445,13022759217.77768,144,179,489018.229738,101692647.531274,12955822965.13157,2022,-101203629.30153601,6.100318952020064,23.289964372839737,4.976733742420574,5.19295685089021,13.100157092301403,18.43746557257786,23.28481117392407,-18.432645186719057
2022-08-23,wLUNA,668,4546640191.228322,195,281,0.0,176417752.531274,4451239497.061439,2022,-176417752.531274,6.505784060128229,22.237654377852984,5.278114659230517,5.641907070938114,0.0,18.988365340074065,22.216448433230017,-18.988365340074065
2022-08-24,wLUNA,790,4372455224.788857,209,320,240087.232355,205941967.048504,4239790977.053734,2022,-205701879.816149,6.673297967767654,22.198590524847795,5.3471075307174685,5.771441123130016,12.388761769575508,19.143104978564153,22.167779807346275,-19.14193849807263
2022-08-25,wLUNA,1233,8498398944.715776,268,477,122374736.467165,642106784.184198,8328543969.220374,2022,-519732047.717033,7.1180162044653335,22.86314362337328,5.594711379601839,6.169610732491456,18.622598513498367,20.280265179885205,22.84295448435605,-20.06882394580297
2022-08-26,wLUNA,1301,9800287703.628044,331,500,281482620.283385,521581393.5450211,9606073729.031944,2022,-240098773.26163614,7.171656822768514,23.005677579807116,5.805134968916488,6.2166061010848646,19.455581267522405,20.07237589797316,22.985661415574114,-19.2965609560624
2022-08-27,wLUNA,1565,8626603767.957445,383,538,0.0,443022939.207355,8441295672.529968,2022,-443022939.207355,7.356279876550748,22.8781167268053,5.950642552587727,6.289715570908998,0.0,19.90913211043246,22.856401649593014,-19.90913211043246
2022-08-28,wLUNA,1242,7057085458.313148,325,444,74269637.008609,123989935.268425,6878857202.145784,2022,-49720298.259816006,7.1252830915107115,22.67729797875619,5.786897381366708,6.09807428216624,18.12321278564153,18.635710961150124,22.65171837090091,-17.721923843490842
2022-08-29,wLUNA,825,4059341482.91514,263,331,157130621.757135,386635177.177679,3949505498.496404,2022,-229504555.420544,6.716594773520978,22.12428660132483,5.575949103146316,5.805134968916488,18.872588009482683,19.77299211433312,22.09685621802161,-19.25143344095208
2022-08-30,wLUNA,2102,11397551025.59476,480,816,363751632.9542419,353015265.816147,11095701142.35464,2022,10736367.138094842,7.6511201757027,23.15666434704073,6.175867270105761,6.705639094860003,19.711981868410312,19.682021862733325,23.12982358586827,16.189147427666704
2022-08-31,wLUNA,4017,14349517660.74707,1026,1654,553141023.2265799,870481203.4582,13666142657.07109,2022,-317340180.2316201,8.29853954537488,23.386982166165325,6.934397209928558,7.411556287811163,20.131123543659974,20.58455672527738,23.338187272155174,-19.5754848833661
2022-09-01,wLUNA,6310,34984189999.63376,1210,2214,1092780650.776135,446799470.0618229,34078203137.28107,2022,645981180.7143121,8.75004942158424,24.278162082114594,7.099201743553092,7.703007682479236,20.811991341441168,19.917620441322054,24.25192381270183,20.286280930849376
2022-09-02,wLUNA,3418,19708342289.03555,834,1232,83829323.904973,610665501.8540223,19217467127.08436,2022,-526836177.94904923,8.137103389639302,23.704307849552986,6.727431724850855,7.117205503164344,18.244293443438025,20.230059908721692,23.679085448666225,-20.082400202295773
2022-09-03,wLUNA,2902,11475922302.06321,857,1052,66079808.83834,1199076374.666694,11032897424.20916,2022,-1132996565.828354,7.97349996402463,23.163516964657738,6.754604099487962,6.959398512133975,18.006373809423764,20.90481741043487,23.124147321591646,-20.848131788827367
2022-09-04,wLUNA,2317,11859620146.227,659,883,33949128.9717,1120295448.876439,11504791671.56237,2022,-1086346319.9047391,7.748460023899697,23.19640520194465,6.492239835020471,6.784457062637643,17.34037378488656,20.83685828199829,23.16602945271329,-20.806085903482394
2022-09-05,wLUNA,5916,32560625435.52267,1240,2028,88647749.473666,908701917.1980532,31640332547.89039,2022,-820054167.7243873,8.685584842676693,24.206369586634676,7.123672785204607,7.615298339825815,18.30018121479497,20.627527675588905,24.177698490185396,-20.52488095546073
2022-09-06,wLUNA,7954,35210869179.97393,1698,3040,37205277.989818,831370833.64512,33961818236.80388,2022,-794165555.655302,8.981555940771887,24.28462065543703,7.4377951216719325,8.019941687677365,17.43196121750378,20.538586504356484,24.248502737527687,-20.492802507117734
2022-09-07,wLUNA,5989,43956536348.72952,1391,2279,501740413.7250989,1629422692.319661,43025860643.53664,2022,-1127682278.594562,8.697846691109495,24.506467172425193,7.238496840894365,7.731930721948486,20.033593441771345,21.211491613152486,24.485067182203313,-20.843430283320572
2022-09-08,wLUNA,9888,27096374202.15073,1834,3855,259448053.883733,789420726.3974453,25341272049.99899,2022,-529972672.5137123,9.19917830726999,24.02266576263928,7.51479976048867,8.257385655730436,19.37406706667431,20.486809978002405,23.955700209908542,-20.08833600377312
2022-09-09,wLUNA,6074,23181299608.38522,1332,2244,293825439.746454,650865622.0041633,22133298989.52733,2022,-357040182.25770926,8.711937268208748,23.866611739265032,7.195187320178709,7.716460800176355,19.498496410012542,20.293813762589824,23.820349053126684,-19.693358891554563
2022-09-10,wLUNA,4097,13405172800.16777,917,1487,395057339.005781,569334366.794058,12688425531.84804,2022,-174277027.78827697,8.318254328798846,23.318906499350785,6.822197390620491,7.305188215393037,19.794541476901635,20.159978460611516,23.263956039489628,-18.976156710573104
2022-09-11,wLUNA,3136,11659470768.12205,768,1123,58443002.142145,191923197.473675,11106926203.63615,2022,-133480195.33153,8.051022208190679,23.17938462825565,6.645090969505644,7.024649030453636,17.883562531995715,19.072605842017925,23.13083473306828,-18.709463682714887
2022-09-12,wLUNA,3600,22473048161.12144,799,1114,138135943.506121,596479894.2270352,21942571843.52951,2022,-458343950.7209141,8.188966863648876,23.835582568688434,6.684611727667927,7.016609683894219,18.743748863340677,20.20655609436933,23.811694506643235,-19.94313044651956
2022-09-13,wLUNA,2874,16473308796.99088,564,959,288525632.125256,618930131.275419,16057072570.34026,2022,-330404499.150163,7.963807953231451,23.5250072594401,6.336825731146441,6.866933284461882,19.480294489619798,20.2435029523485,23.499415248111408,-19.615828219827552
2022-09-14,wLUNA,2939,353436664790.4055,718,879,241103996.111436,402261222.671499,352914301732.2613,2022,-161157226.560063,7.986164860332727,26.59097014015282,6.577861357721047,6.779921907472252,19.3007389216595,19.812612245676217,26.58949109311211,-18.897891015111792
2022-09-15,wLUNA,2214,19869676242.29691,627,756,20026112.205607,255810199.920992,19491081676.38305,2022,-235784087.715385,7.703007682479236,23.712460599632898,6.4425401664681985,6.6293632534374485,16.812547640165448,19.359946324816594,23.693222848021964,-19.278427065908645
2022-09-16,wLUNA,3043,201805967402.9889,916,1063,110419882.261822,128725257.978847,201350717754.498,2022,-18305375.717024997,8.020927718981577,26.030572515310716,6.821107472256465,6.96979066990159,18.519800777600107,18.6731909157713,26.02831408895318,-16.722705384331537
2022-09-17,wLUNA,2078,8482149690.075375,492,650,317116113.480698,20632601.249019,8109875183.550407,2022,296483512.23167896,7.639642287858013,22.861229755930253,6.20050917404269,6.478509642208569,19.57477855651033,16.84238301616281,22.816348314640923,19.50750217024115
2022-09-18,wLUNA,1665,5982707350.804545,401,529,15079615.29,42114188.56607699,5663942814.25738,2022,-27034573.276076987,7.418180822726788,22.512139036871122,5.996452088619021,6.272877006546167,16.528854475260143,17.5558952861908,22.457386097110554,-17.11262713353451
2022-09-19,wLUNA,1850,12297610139.01646,393,592,53043482.01980801,4481720712.551445,11945721749.16532,2022,-4428677230.531637,7.523481312573497,23.23267078288693,5.976350909297934,6.385194398997726,17.786622569480116,22.223272897476754,23.203639038683676,-22.211366783081875
2022-09-20,wLUNA,1593,7394805277.520676,356,543,102604380.677794,332987872.6805539,7085763226.671099,2022,-230383492.00275993,7.374001859350161,22.724043601257513,5.877735781779639,6.298949246855942,18.4463911962003,19.62361663190795,22.68135342872913,-19.255255839266088
2022-09-21,wLUNA,1474,5275799259.136337,371,546,19769197.818638,65046887.296913,4992140660.231344,2022,-45277689.478275,7.29641326877392,22.38639602334003,5.918893854273146,6.304448802421981,16.799635669218805,17.99061892622003,22.331130644946562,-17.628324985219937
2022-09-22,wLUNA,1189,4237252118.259784,347,441,0.0,0.0,4004498062.050388,2022,0.0,7.081708586105575,22.167180811012123,5.8522024797744745,6.091309882077698,0.0,0.0,22.110684082034645,0.0
2022-09-23,wLUNA,1688,9071237641.399591,397,465,0.0,14671209.414725,8759752191.064907,2022,-14671209.414725,7.4318919168078,22.928374546273712,5.986452005284438,6.144185634125646,0.0,16.50139765623998,22.893433452917517,-16.50139765623998
2022-09-24,wLUNA,1432,7099952187.641004,382,400,0.0,70612341.819426,6807820532.70171,2022,-70612341.819426,7.267525427828172,22.683353886976782,5.948034989180646,5.993961427306569,0.0,18.072715514653552,22.641337866780383,-18.072715514653552
2022-09-25,wLUNA,1559,11366818711.61885,369,424,0.0,153408203.409266,11114806569.75077,2022,-153408203.409266,7.352441100243583,23.15396430895504,5.91350300563827,6.052089168924417,0.0,18.848612929230367,23.131543981669605,-18.848612929230367
2022-09-26,wLUNA,3358,20204381280.17598,591,892,0.0,30394673.663964,19647285005.67801,2022,-30394673.663964,8.119398589612294,23.72916531294295,6.3835066348840055,6.794586580876499,0.0,17.229777975503925,23.701204998116577,-17.229777975503925
2022-09-27,wLUNA,1623,8314959951.414244,450,557,0.0,69208917.167524,8038372098.459077,2022,-69208917.167524,7.392647520721623,22.84132213327354,6.111467339502679,6.324358962381311,0.0,18.052640287537432,22.80749242444476,-18.052640287537432
2022-09-28,wLUNA,1156,5700269568.285578,274,390,0.0,26714068.875315,5510298104.729609,2022,-26714068.875315,7.053585727193677,22.46377930352576,5.616771097666572,5.968707559985366,0.0,17.100700946197243,22.42988456132099,-17.100700946197243
2022-09-29,wLUNA,892,3284856945.074553,262,354,0.0,150675948.371301,3129820214.274672,2022,-150675948.371301,6.794586580876499,21.912588940316663,5.572154032177765,5.872117789475416,0.0,18.83064205810199,21.864241400639408,-18.83064205810199
2022-09-30,wLUNA,1244,5238365560.38058,325,490,0.0,58485904.91392499,5018215761.305984,2022,-58485904.91392499,7.126890808898808,22.379275370856455,5.786897381366708,6.19644412779452,0.0,17.884296358626813,22.336340281635856,-17.884296358626813
2022-10-01,wLUNA,1653,4770703572.432107,409,591,1380903.647012,13822749.051727,4482705939.893566,2022,-12441845.404715002,7.4109518755836366,22.285759630640957,6.016157159698354,6.3835066348840055,14.138249383673081,16.441826347226076,22.22349270569965,-16.336576059077753
2022-10-02,wLUNA,3028,12157469760.31787,669,953,285392.532184,17148562.756216,11618987450.59144,2022,-16863170.224032,8.015987811027237,23.221209612994034,6.507277712385012,6.860663671448287,12.561624321483567,16.657424982076094,23.175906446156144,-16.640642584430577
2022-10-03,wLUNA,2031,7578295727.778431,495,657,451521973.019227,40215818.490165,7220473823.215305,2022,411306154.52906203,7.616775808698373,22.748554173428836,6.206575926724928,6.489204931325317,19.928134598561112,17.509770995836544,22.70018641432043,19.834848399120908
2022-10-04,wLUNA,1404,5435082359.891867,433,445,429547667.88352,67895422.91227499,5179083789.375256,2022,361652244.97124505,7.247792581767846,22.416140511202716,6.073044534100405,6.100318952020064,19.878243280153203,18.033479195740508,22.367894003128743,19.706193661585214
2022-10-05,wLUNA,1205,6573667482.153276,364,376,158505.594067,73129328.45398,6386087351.548818,2022,-72970822.85991299,7.095064377287131,22.606337730311886,5.8998973535824915,5.932245187448011,11.973551474380466,18.10774006797195,22.577387609903482,-18.105570246070187
2022-10-06,wLUNA,1426,4164787901.293045,281,346,156198.636801,1608908.420683,3827118944.348234,2022,-1452709.783882,7.2633296174768365,22.149931187449358,5.641907070938114,5.849324779946859,11.958890191167349,14.291067128978439,22.065378123478773,-14.188941875170656
2022-10-07,wLUNA,1296,3322486318.464417,280,342,164698.123013,7673474.478457,3019750325.706612,2022,-7508776.355444,7.167809184316444,21.92397923100051,5.638354669333745,5.8377304471659395,12.011875591397457,15.853280196978314,21.82843999163961,-15.831583208282073
2022-10-08,wLUNA,749,2912619817.506734,223,277,0.0,180572902.762558,2762209768.506433,2022,-180572902.762558,6.620073206530356,21.79231879439348,5.4116460518550396,5.627621113690637,0.0,19.01164515315352,21.73929683745886,-19.01164515315352
2022-10-09,wLUNA,566,2435604402.855449,184,223,0.0,51162814.644538,2330906740.540882,2022,-51162814.644538,6.340359303727752,21.613460777816393,5.220355825078324,5.4116460518550396,0.0,17.75052356921479,21.569523188280723,-17.75052356921479
2022-10-10,wLUNA,729,5054970674.170125,239,280,0.0,24758461.885035,4921459558.505992,2022,-24758461.885035,6.593044534142437,22.34363788824873,5.480638923341991,5.638354669333745,0.0,17.024677923281498,22.316870981892393,-17.024677923281498
2022-10-11,wLUNA,837,3928473562.374223,272,324,171032.597796,98532130.60248698,3772242271.578631,2022,-98361098.00469099,6.731018100482083,22.09151678111223,5.60947179518496,5.783825182329737,12.049615294524637,18.40589326210998,22.05093542886462,-18.40415594853869
2022-10-12,wLUNA,732,2915004013.323221,265,254,663783.555065,16933130.8861,2795823241.496021,2022,-16269347.331035001,6.597145701886651,21.79313703387424,5.583496308781699,5.541263545158426,13.405712910544773,16.64478272731968,21.751392441328225,-16.604793424984027
2022-10-13,wLUNA,862,3513923763.69848,310,328,0.0,57469345.65230399,3369427250.538033,2022,-57469345.65230399,6.760414691083428,21.979999131740204,5.739792912179234,5.796057750765372,0.0,17.866762261919284,21.938008611833464,-17.866762261919284
2022-10-14,wLUNA,893,1621607435.846335,175,231,0.0,13122188.621001,1427531200.500629,2022,-13122188.621001,6.795705775173514,21.206683739207936,5.170483995038151,5.44673737166631,0.0,16.38981521939991,21.07921235669909,-16.38981521939991
2022-10-15,wLUNA,663,3352195111.611991,228,220,0.0,8054287.258692,3236164625.147581,2022,-8054287.258692,6.498282149476434,21.932881225692046,5.43372200355424,5.3981627015177525,0.0,15.901715210502008,21.89765470819463,-15.901715210502008
2022-10-16,wLUNA,660,2083233489.495297,228,236,0.0,14042192.872865,1963041458.830704,2022,-14042192.872865,6.493753839851686,21.457187086315937,5.43372200355424,5.4680601411351315,0.0,16.45757720310588,21.397760872665025,-16.45757720310588
2022-10-17,wLUNA,547,2653105270.840575,204,213,0.0,84998970.832631,2554658378.525556,2022,-84998970.832631,6.306275286948016,21.698996591616535,5.3230099791384085,5.365976015021851,0.0,18.25814971829474,21.66118434501893,-18.25814971829474
2022-10-18,wLUNA,610,3059592453.640642,212,204,0.0,7116285.835701,2962286614.523391,2022,-7116285.835701,6.415096959171596,21.841547559282862,5.3612921657094255,5.3230099791384085,0.0,15.777896635513814,21.809227312298173,-15.777896635513814
2022-10-19,wLUNA,598,3593144678.831037,197,215,0.0,14567724.273422,3497351249.514455,2022,-14567724.273422,6.395261598115449,22.002293611406262,5.288267030694535,5.375278407684165,0.0,16.49431904198977,21.975271733367723,-16.49431904198977
2022-10-20,wLUNA,472,2357387373.844955,179,192,0.0,57737270.068486,2265444567.353549,2022,-57737270.068486,6.159095388491933,21.58081979820026,5.19295685089021,5.262690188904886,0.0,17.87141346867284,21.5410368540403,-17.87141346867284
2022-10-21,wLUNA,525,4957789265.148163,185,191,0.0,113275803.465103,4865366783.788936,2022,-113275803.465103,6.26530121273771,22.32422576585379,5.225746673713202,5.2574953720277815,0.0,18.54533615036913,22.305407942299325,-18.54533615036913
2022-10-22,wLUNA,484,4212197491.284782,179,173,0.0,17457249.749254,4131954374.92231,2022,-17457249.749254,6.184148890937483,22.161250318125767,5.19295685089021,5.159055299214529,0.0,16.675265636026523,22.142016346497712,-16.675265636026523
2022-10-23,wLUNA,542,2645736361.867964,187,194,362592092.017388,30241102.946209,2551089884.839365,2022,332350989.071179,6.297109319933935,21.696215261570845,5.236441962829949,5.272999558563747,19.708789049696982,17.22471261476698,21.659786511016243,19.62170216744902
2022-10-24,wLUNA,542,2177852113.684342,187,185,413073.023692,11657236.925195,2085543946.335633,2022,-11244163.901502999,6.297109319933935,21.50160495955793,5.236441962829949,5.225746673713202,12.93138209000372,16.271437826193377,21.458295544184633,-16.23535987663412
2022-10-25,wLUNA,430,1963026369.214202,161,195,45924427.16462199,1777818.004524,1873047368.277453,2022,44146609.16009799,6.066108090103747,21.397753185779745,5.087596335232384,5.278114659230517,17.642507737482706,14.390897892643702,21.350832550679833,17.603026702000772
2022-10-26,wLUNA,549,21772467455.396,176,195,317627.316734,78077977.027922,21684699622.10339,2022,-77760349.711188,6.309918278226516,23.80391204781865,5.176149732573829,5.278114659230517,12.668637162863105,18.173218603575013,23.799872762309505,-18.16914222828103
2022-10-27,wLUNA,522,2841852487.361626,188,206,483413.256783,230356031.955389,2762857734.204509,2022,-229872618.69860598,6.259581464064923,21.767721961108744,5.241747015059643,5.332718793265369,13.088629239541069,19.255136639389125,21.73953139231289,-19.253035886071064
2022-10-28,wLUNA,475,2187321971.577204,172,180,9697088.066607,108993365.685963,2095728349.190754,2022,-99296277.619356,6.16541785423142,21.50594378891948,5.153291594497779,5.198497031265826,16.087336302209646,18.50679758224953,21.463166991089267,-18.41361865217374
2022-10-29,wLUNA,801,9792622598.062672,270,282,9966839.472165,151425722.94355,9670252639.856634,2022,-141458883.471385,6.687108607866515,23.00489514311572,5.602118820879701,5.645446897643238,16.114774188219517,18.835605791691904,22.99232027232231,-18.767519663717366
2022-10-30,wLUNA,752,6097233435.557865,215,264,681742.213913,170245982.417741,5978624342.509546,2022,-169564240.203828,6.6240652277998935,22.53110097025706,5.375278407684165,5.579729825986222,13.432408346735302,18.952754910455628,22.511456335553646,-18.948742417133225
2022-10-31,wLUNA,505,4905416029.965219,164,214,0.0,1117464063.473775,4806604274.412365,2022,-1117464063.473775,6.226536669287466,22.31360574409683,5.10594547390058,5.3706380281276624,0.0,20.8343277268645,22.29325669990087,-20.8343277268645
2022-11-01,wLUNA,117,508308567.0064892,49,54,0.0,300000.0,487512846.9380589,2022,-300000.0,4.770684624465665,20.046599238475125,3.912023005428146,4.007333185232471,0.0,12.611541086966115,20.004827202799632,-12.611541086966115
